solid OpenSCAD_Model
  facet normal -0.997866 -0.0652949 0
    outer loop
      vertex -59.053 -51.6998 0.799999
      vertex -59.0399 -51.9 1.3
      vertex -59.053 -51.6998 1.3
    endloop
  endfacet
  facet normal -0.997854 -0.0654821 -7.52544e-05
    outer loop
      vertex -59.0333 -52 0.799999
      vertex -59.0399 -51.9 1.3
      vertex -59.053 -51.6998 0.799999
    endloop
  endfacet
  facet normal -0.997829 -0.0658567 -0
    outer loop
      vertex -59.0333 -52 3
      vertex -59.0399 -51.9 1.3
      vertex -59.0333 -52 0.799999
    endloop
  endfacet
  facet normal -0.997829 -0.0658567 0
    outer loop
      vertex -59.0399 -51.9 1.3
      vertex -59.0333 -52 3
      vertex -59.0399 -51.9 3
    endloop
  endfacet
  facet normal 0.997894 -0.0648631 0
    outer loop
      vertex -63.6268 -51.9 3
      vertex -63.6333 -52 3
      vertex -63.6268 -51.9 1.3
    endloop
  endfacet
  facet normal 0.997866 -0.0652949 0
    outer loop
      vertex -63.6268 -51.9 1.3
      vertex -63.6137 -51.6998 0.799999
      vertex -63.6137 -51.6998 1.3
    endloop
  endfacet
  facet normal 0.997875 -0.0651511 5.78381e-05
    outer loop
      vertex -63.6268 -51.9 1.3
      vertex -63.6333 -52 0.799999
      vertex -63.6137 -51.6998 0.799999
    endloop
  endfacet
  facet normal 0.997894 -0.0648631 0
    outer loop
      vertex -63.6333 -52 0.799999
      vertex -63.6268 -51.9 1.3
      vertex -63.6333 -52 3
    endloop
  endfacet
  facet normal 0.0654821 -0.997854 0
    outer loop
      vertex -61.6335 -49.7197 0.799999
      vertex -61.3333 -49.7 1.3
      vertex -61.6335 -49.7197 1.3
    endloop
  endfacet
  facet normal 0.0654821 -0.997854 0
    outer loop
      vertex -61.3333 -49.7 1.3
      vertex -61.6335 -49.7197 0.799999
      vertex -61.3333 -49.7 0.799999
    endloop
  endfacet
  facet normal -0.0654821 0.997854 0
    outer loop
      vertex -61.0331 -54.2803 0.799999
      vertex -61.3333 -54.3 3
      vertex -61.0331 -54.2803 3
    endloop
  endfacet
  facet normal -0.0654821 0.997854 0
    outer loop
      vertex -61.3333 -54.3 3
      vertex -61.0331 -54.2803 0.799999
      vertex -61.3333 -54.3 0.799999
    endloop
  endfacet
  facet normal -0.659398 -0.751794 0
    outer loop
      vertex -59.9332 -50.1753 0.799999
      vertex -59.707 -50.3737 1.3
      vertex -59.9332 -50.1753 1.3
    endloop
  endfacet
  facet normal -0.659398 -0.751794 -0
    outer loop
      vertex -59.707 -50.3737 1.3
      vertex -59.9332 -50.1753 0.799999
      vertex -59.707 -50.3737 0.799999
    endloop
  endfacet
  facet normal 0.751814 -0.659375 0
    outer loop
      vertex -63.158 -50.5998 1.3
      vertex -62.9597 -50.3737 0.799999
      vertex -62.9597 -50.3737 1.3
    endloop
  endfacet
  facet normal 0.751814 -0.659375 0
    outer loop
      vertex -62.9597 -50.3737 0.799999
      vertex -63.158 -50.5998 1.3
      vertex -63.158 -50.5998 0.799999
    endloop
  endfacet
  facet normal 0.442153 -0.89694 0
    outer loop
      vertex -62.4833 -50.0081 0.799999
      vertex -62.2135 -49.8751 1.3
      vertex -62.4833 -50.0081 1.3
    endloop
  endfacet
  facet normal 0.442153 -0.89694 0
    outer loop
      vertex -62.2135 -49.8751 1.3
      vertex -62.4833 -50.0081 0.799999
      vertex -62.2135 -49.8751 0.799999
    endloop
  endfacet
  facet normal -0.896808 -0.442421 0
    outer loop
      vertex -59.2084 -51.1198 0.799999
      vertex -59.3415 -50.85 1.3
      vertex -59.3415 -50.85 0.799999
    endloop
  endfacet
  facet normal -0.896808 -0.442421 0
    outer loop
      vertex -59.3415 -50.85 1.3
      vertex -59.2084 -51.1198 0.799999
      vertex -59.2084 -51.1198 1.3
    endloop
  endfacet
  facet normal -0.83159 -0.55539 0
    outer loop
      vertex -59.3415 -50.85 0.799999
      vertex -59.5086 -50.5998 1.3
      vertex -59.5086 -50.5998 0.799999
    endloop
  endfacet
  facet normal -0.83159 -0.55539 0
    outer loop
      vertex -59.5086 -50.5998 1.3
      vertex -59.3415 -50.85 0.799999
      vertex -59.3415 -50.85 1.3
    endloop
  endfacet
  facet normal -0.321509 -0.946906 0
    outer loop
      vertex -60.738 -49.7784 0.799999
      vertex -60.4532 -49.8751 1.3
      vertex -60.738 -49.7784 1.3
    endloop
  endfacet
  facet normal -0.321509 -0.946906 -0
    outer loop
      vertex -60.4532 -49.8751 1.3
      vertex -60.738 -49.7784 0.799999
      vertex -60.4532 -49.8751 0.799999
    endloop
  endfacet
  facet normal -0.195093 -0.980785 0
    outer loop
      vertex -61.0331 -49.7197 0.799999
      vertex -60.738 -49.7784 1.3
      vertex -61.0331 -49.7197 1.3
    endloop
  endfacet
  facet normal -0.195093 -0.980785 -0
    outer loop
      vertex -60.738 -49.7784 1.3
      vertex -61.0331 -49.7197 0.799999
      vertex -60.738 -49.7784 0.799999
    endloop
  endfacet
  facet normal -0.442021 -0.897004 0
    outer loop
      vertex -60.4532 -49.8751 0.799999
      vertex -60.1833 -50.0081 1.3
      vertex -60.4532 -49.8751 1.3
    endloop
  endfacet
  facet normal -0.442021 -0.897004 -0
    outer loop
      vertex -60.1833 -50.0081 1.3
      vertex -60.4532 -49.8751 0.799999
      vertex -60.1833 -50.0081 0.799999
    endloop
  endfacet
  facet normal 0.896808 -0.442421 0
    outer loop
      vertex -63.4583 -51.1198 1.3
      vertex -63.3252 -50.85 0.799999
      vertex -63.3252 -50.85 1.3
    endloop
  endfacet
  facet normal 0.896808 -0.442421 0
    outer loop
      vertex -63.3252 -50.85 0.799999
      vertex -63.4583 -51.1198 1.3
      vertex -63.4583 -51.1198 0.799999
    endloop
  endfacet
  facet normal 0.831436 -0.55562 0
    outer loop
      vertex -63.3252 -50.85 1.3
      vertex -63.158 -50.5998 0.799999
      vertex -63.158 -50.5998 1.3
    endloop
  endfacet
  facet normal 0.831436 -0.55562 0
    outer loop
      vertex -63.158 -50.5998 0.799999
      vertex -63.3252 -50.85 1.3
      vertex -63.3252 -50.85 0.799999
    endloop
  endfacet
  facet normal 0.55562 -0.831436 0
    outer loop
      vertex -62.7335 -50.1753 0.799999
      vertex -62.4833 -50.0081 1.3
      vertex -62.7335 -50.1753 1.3
    endloop
  endfacet
  facet normal 0.55562 -0.831436 0
    outer loop
      vertex -62.4833 -50.0081 1.3
      vertex -62.7335 -50.1753 0.799999
      vertex -62.4833 -50.0081 0.799999
    endloop
  endfacet
  facet normal 0.321408 -0.946941 0
    outer loop
      vertex -62.2135 -49.8751 0.799999
      vertex -61.9286 -49.7784 1.3
      vertex -62.2135 -49.8751 1.3
    endloop
  endfacet
  facet normal 0.321408 -0.946941 0
    outer loop
      vertex -61.9286 -49.7784 1.3
      vertex -62.2135 -49.8751 0.799999
      vertex -61.9286 -49.7784 0.799999
    endloop
  endfacet
  facet normal -0.195093 0.980785 0
    outer loop
      vertex -60.738 -54.2216 0.799999
      vertex -61.0331 -54.2803 3
      vertex -60.738 -54.2216 3
    endloop
  endfacet
  facet normal -0.195093 0.980785 0
    outer loop
      vertex -61.0331 -54.2803 3
      vertex -60.738 -54.2216 0.799999
      vertex -61.0331 -54.2803 0.799999
    endloop
  endfacet
  facet normal -0.442021 0.897004 0
    outer loop
      vertex -60.1833 -53.9919 0.799999
      vertex -60.4532 -54.1249 3
      vertex -60.1833 -53.9919 3
    endloop
  endfacet
  facet normal -0.442021 0.897004 0
    outer loop
      vertex -60.4532 -54.1249 3
      vertex -60.1833 -53.9919 0.799999
      vertex -60.4532 -54.1249 0.799999
    endloop
  endfacet
  facet normal -0.946941 -0.321408 0
    outer loop
      vertex -59.1117 -51.4047 0.799999
      vertex -59.2084 -51.1198 1.3
      vertex -59.2084 -51.1198 0.799999
    endloop
  endfacet
  facet normal -0.946941 -0.321408 0
    outer loop
      vertex -59.2084 -51.1198 1.3
      vertex -59.1117 -51.4047 0.799999
      vertex -59.1117 -51.4047 1.3
    endloop
  endfacet
  facet normal -0.980785 -0.195093 0
    outer loop
      vertex -59.053 -51.6998 0.799999
      vertex -59.1117 -51.4047 1.3
      vertex -59.1117 -51.4047 0.799999
    endloop
  endfacet
  facet normal -0.980785 -0.195093 0
    outer loop
      vertex -59.1117 -51.4047 1.3
      vertex -59.053 -51.6998 0.799999
      vertex -59.053 -51.6998 1.3
    endloop
  endfacet
  facet normal -0.751649 -0.659563 0
    outer loop
      vertex -59.5086 -50.5998 0.799999
      vertex -59.707 -50.3737 1.3
      vertex -59.707 -50.3737 0.799999
    endloop
  endfacet
  facet normal -0.751649 -0.659563 0
    outer loop
      vertex -59.707 -50.3737 1.3
      vertex -59.5086 -50.5998 0.799999
      vertex -59.5086 -50.5998 1.3
    endloop
  endfacet
  facet normal -0.0654821 -0.997854 0
    outer loop
      vertex -61.3333 -49.7 0.799999
      vertex -61.0331 -49.7197 1.3
      vertex -61.3333 -49.7 1.3
    endloop
  endfacet
  facet normal -0.0654821 -0.997854 -0
    outer loop
      vertex -61.0331 -49.7197 1.3
      vertex -61.3333 -49.7 0.799999
      vertex -61.0331 -49.7197 0.799999
    endloop
  endfacet
  facet normal -0.555774 -0.831334 0
    outer loop
      vertex -60.1833 -50.0081 0.799999
      vertex -59.9332 -50.1753 1.3
      vertex -60.1833 -50.0081 1.3
    endloop
  endfacet
  facet normal -0.555774 -0.831334 -0
    outer loop
      vertex -59.9332 -50.1753 1.3
      vertex -60.1833 -50.0081 0.799999
      vertex -59.9332 -50.1753 0.799999
    endloop
  endfacet
  facet normal 0.946941 -0.321408 0
    outer loop
      vertex -63.555 -51.4047 1.3
      vertex -63.4583 -51.1198 0.799999
      vertex -63.4583 -51.1198 1.3
    endloop
  endfacet
  facet normal 0.946941 -0.321408 0
    outer loop
      vertex -63.4583 -51.1198 0.799999
      vertex -63.555 -51.4047 1.3
      vertex -63.555 -51.4047 0.799999
    endloop
  endfacet
  facet normal 0.980785 -0.195093 0
    outer loop
      vertex -63.6137 -51.6998 1.3
      vertex -63.555 -51.4047 0.799999
      vertex -63.555 -51.4047 1.3
    endloop
  endfacet
  facet normal 0.980785 -0.195093 0
    outer loop
      vertex -63.555 -51.4047 0.799999
      vertex -63.6137 -51.6998 1.3
      vertex -63.6137 -51.6998 0.799999
    endloop
  endfacet
  facet normal 0.659398 -0.751794 0
    outer loop
      vertex -62.9597 -50.3737 0.799999
      vertex -62.7335 -50.1753 1.3
      vertex -62.9597 -50.3737 1.3
    endloop
  endfacet
  facet normal 0.659398 -0.751794 0
    outer loop
      vertex -62.7335 -50.1753 1.3
      vertex -62.9597 -50.3737 0.799999
      vertex -62.7335 -50.1753 0.799999
    endloop
  endfacet
  facet normal 0.195093 -0.980785 0
    outer loop
      vertex -61.9286 -49.7784 0.799999
      vertex -61.6335 -49.7197 1.3
      vertex -61.9286 -49.7784 1.3
    endloop
  endfacet
  facet normal 0.195093 -0.980785 0
    outer loop
      vertex -61.6335 -49.7197 1.3
      vertex -61.9286 -49.7784 0.799999
      vertex -61.6335 -49.7197 0.799999
    endloop
  endfacet
  facet normal -0.997854 0.0654821 0
    outer loop
      vertex -59.053 -52.3002 0.799999
      vertex -59.0333 -52 3
      vertex -59.0333 -52 0.799999
    endloop
  endfacet
  facet normal -0.997854 0.0654821 0
    outer loop
      vertex -59.0333 -52 3
      vertex -59.053 -52.3002 0.799999
      vertex -59.053 -52.3002 3
    endloop
  endfacet
  facet normal -0.946941 0.321408 0
    outer loop
      vertex -59.2084 -52.8802 0.799999
      vertex -59.1117 -52.5953 3
      vertex -59.1117 -52.5953 0.799999
    endloop
  endfacet
  facet normal -0.946941 0.321408 0
    outer loop
      vertex -59.1117 -52.5953 3
      vertex -59.2084 -52.8802 0.799999
      vertex -59.2084 -52.8802 3
    endloop
  endfacet
  facet normal -0.980785 0.195093 0
    outer loop
      vertex -59.1117 -52.5953 0.799999
      vertex -59.053 -52.3002 3
      vertex -59.053 -52.3002 0.799999
    endloop
  endfacet
  facet normal -0.980785 0.195093 0
    outer loop
      vertex -59.053 -52.3002 3
      vertex -59.1117 -52.5953 0.799999
      vertex -59.1117 -52.5953 3
    endloop
  endfacet
  facet normal 0.659398 0.751794 -0
    outer loop
      vertex -62.7335 -53.8247 0.799999
      vertex -62.9597 -53.6263 3
      vertex -62.7335 -53.8247 3
    endloop
  endfacet
  facet normal 0.659398 0.751794 0
    outer loop
      vertex -62.9597 -53.6263 3
      vertex -62.7335 -53.8247 0.799999
      vertex -62.9597 -53.6263 0.799999
    endloop
  endfacet
  facet normal 0.896808 0.442421 0
    outer loop
      vertex -63.3252 -53.15 3
      vertex -63.4583 -52.8802 0.799999
      vertex -63.4583 -52.8802 3
    endloop
  endfacet
  facet normal 0.896808 0.442421 0
    outer loop
      vertex -63.4583 -52.8802 0.799999
      vertex -63.3252 -53.15 3
      vertex -63.3252 -53.15 0.799999
    endloop
  endfacet
  facet normal 0.751814 0.659375 0
    outer loop
      vertex -62.9597 -53.6263 3
      vertex -63.158 -53.4002 0.799999
      vertex -63.158 -53.4002 3
    endloop
  endfacet
  facet normal 0.751814 0.659375 0
    outer loop
      vertex -63.158 -53.4002 0.799999
      vertex -62.9597 -53.6263 3
      vertex -62.9597 -53.6263 0.799999
    endloop
  endfacet
  facet normal 0 0 1
    outer loop
      vertex -59.053 -51.6998 0.799999
      vertex -59.053 -52.3002 0.799999
      vertex -59.0333 -52 0.799999
    endloop
  endfacet
  facet normal 0 0 1
    outer loop
      vertex -59.1117 -51.4047 0.799999
      vertex -59.053 -52.3002 0.799999
      vertex -59.053 -51.6998 0.799999
    endloop
  endfacet
  facet normal 0 0 1
    outer loop
      vertex -59.1117 -51.4047 0.799999
      vertex -59.1117 -52.5953 0.799999
      vertex -59.053 -52.3002 0.799999
    endloop
  endfacet
  facet normal 0 0 1
    outer loop
      vertex -59.2084 -51.1198 0.799999
      vertex -59.1117 -52.5953 0.799999
      vertex -59.1117 -51.4047 0.799999
    endloop
  endfacet
  facet normal 0 0 1
    outer loop
      vertex -59.2084 -51.1198 0.799999
      vertex -59.2084 -52.8802 0.799999
      vertex -59.1117 -52.5953 0.799999
    endloop
  endfacet
  facet normal 0 0 1
    outer loop
      vertex -59.3415 -50.85 0.799999
      vertex -59.2084 -52.8802 0.799999
      vertex -59.2084 -51.1198 0.799999
    endloop
  endfacet
  facet normal 0 0 1
    outer loop
      vertex -59.3415 -50.85 0.799999
      vertex -59.3415 -53.15 0.799999
      vertex -59.2084 -52.8802 0.799999
    endloop
  endfacet
  facet normal 0 0 1
    outer loop
      vertex -59.5086 -50.5998 0.799999
      vertex -59.3415 -53.15 0.799999
      vertex -59.3415 -50.85 0.799999
    endloop
  endfacet
  facet normal 0 0 1
    outer loop
      vertex -59.5086 -50.5998 0.799999
      vertex -59.5086 -53.4002 0.799999
      vertex -59.3415 -53.15 0.799999
    endloop
  endfacet
  facet normal 0 0 1
    outer loop
      vertex -59.707 -50.3737 0.799999
      vertex -59.5086 -53.4002 0.799999
      vertex -59.5086 -50.5998 0.799999
    endloop
  endfacet
  facet normal 0 0 1
    outer loop
      vertex -59.707 -50.3737 0.799999
      vertex -59.707 -53.6263 0.799999
      vertex -59.5086 -53.4002 0.799999
    endloop
  endfacet
  facet normal 0 0 1
    outer loop
      vertex -59.9332 -50.1753 0.799999
      vertex -59.707 -53.6263 0.799999
      vertex -59.707 -50.3737 0.799999
    endloop
  endfacet
  facet normal 0 0 1
    outer loop
      vertex -59.9332 -50.1753 0.799999
      vertex -59.9332 -53.8247 0.799999
      vertex -59.707 -53.6263 0.799999
    endloop
  endfacet
  facet normal 0 0 1
    outer loop
      vertex -60.1833 -50.0081 0.799999
      vertex -59.9332 -53.8247 0.799999
      vertex -59.9332 -50.1753 0.799999
    endloop
  endfacet
  facet normal 0 0 1
    outer loop
      vertex -60.1833 -50.0081 0.799999
      vertex -60.1833 -53.9919 0.799999
      vertex -59.9332 -53.8247 0.799999
    endloop
  endfacet
  facet normal 0 0 1
    outer loop
      vertex -60.4532 -49.8751 0.799999
      vertex -60.1833 -53.9919 0.799999
      vertex -60.1833 -50.0081 0.799999
    endloop
  endfacet
  facet normal 0 0 1
    outer loop
      vertex -60.4532 -49.8751 0.799999
      vertex -60.4532 -54.1249 0.799999
      vertex -60.1833 -53.9919 0.799999
    endloop
  endfacet
  facet normal 0 0 1
    outer loop
      vertex -60.738 -49.7784 0.799999
      vertex -60.4532 -54.1249 0.799999
      vertex -60.4532 -49.8751 0.799999
    endloop
  endfacet
  facet normal 0 0 1
    outer loop
      vertex -60.738 -49.7784 0.799999
      vertex -60.738 -54.2216 0.799999
      vertex -60.4532 -54.1249 0.799999
    endloop
  endfacet
  facet normal 0 0 1
    outer loop
      vertex -61.0331 -49.7197 0.799999
      vertex -60.738 -54.2216 0.799999
      vertex -60.738 -49.7784 0.799999
    endloop
  endfacet
  facet normal 0 0 1
    outer loop
      vertex -61.0331 -49.7197 0.799999
      vertex -61.0331 -54.2803 0.799999
      vertex -60.738 -54.2216 0.799999
    endloop
  endfacet
  facet normal 0 0 1
    outer loop
      vertex -61.3333 -49.7 0.799999
      vertex -61.0331 -54.2803 0.799999
      vertex -61.0331 -49.7197 0.799999
    endloop
  endfacet
  facet normal 0 0 1
    outer loop
      vertex -61.3333 -49.7 0.799999
      vertex -61.3333 -54.3 0.799999
      vertex -61.0331 -54.2803 0.799999
    endloop
  endfacet
  facet normal -0 0 1
    outer loop
      vertex -61.6335 -49.7197 0.799999
      vertex -61.3333 -54.3 0.799999
      vertex -61.3333 -49.7 0.799999
    endloop
  endfacet
  facet normal 0 0 1
    outer loop
      vertex -61.6335 -49.7197 0.799999
      vertex -61.6335 -54.2803 0.799999
      vertex -61.3333 -54.3 0.799999
    endloop
  endfacet
  facet normal -0 0 1
    outer loop
      vertex -61.9286 -49.7784 0.799999
      vertex -61.6335 -54.2803 0.799999
      vertex -61.6335 -49.7197 0.799999
    endloop
  endfacet
  facet normal 0 0 1
    outer loop
      vertex -61.9286 -49.7784 0.799999
      vertex -61.9286 -54.2216 0.799999
      vertex -61.6335 -54.2803 0.799999
    endloop
  endfacet
  facet normal -0 0 1
    outer loop
      vertex -62.2135 -49.8751 0.799999
      vertex -61.9286 -54.2216 0.799999
      vertex -61.9286 -49.7784 0.799999
    endloop
  endfacet
  facet normal 0 0 1
    outer loop
      vertex -62.2135 -49.8751 0.799999
      vertex -62.2135 -54.1249 0.799999
      vertex -61.9286 -54.2216 0.799999
    endloop
  endfacet
  facet normal -0 0 1
    outer loop
      vertex -62.4833 -50.0081 0.799999
      vertex -62.2135 -54.1249 0.799999
      vertex -62.2135 -49.8751 0.799999
    endloop
  endfacet
  facet normal 0 0 1
    outer loop
      vertex -62.4833 -50.0081 0.799999
      vertex -62.4833 -53.9919 0.799999
      vertex -62.2135 -54.1249 0.799999
    endloop
  endfacet
  facet normal -0 0 1
    outer loop
      vertex -62.7335 -50.1753 0.799999
      vertex -62.4833 -53.9919 0.799999
      vertex -62.4833 -50.0081 0.799999
    endloop
  endfacet
  facet normal 0 0 1
    outer loop
      vertex -62.7335 -50.1753 0.799999
      vertex -62.7335 -53.8247 0.799999
      vertex -62.4833 -53.9919 0.799999
    endloop
  endfacet
  facet normal -0 0 1
    outer loop
      vertex -62.9597 -50.3737 0.799999
      vertex -62.7335 -53.8247 0.799999
      vertex -62.7335 -50.1753 0.799999
    endloop
  endfacet
  facet normal 0 0 1
    outer loop
      vertex -62.9597 -50.3737 0.799999
      vertex -62.9597 -53.6263 0.799999
      vertex -62.7335 -53.8247 0.799999
    endloop
  endfacet
  facet normal -0 0 1
    outer loop
      vertex -63.158 -50.5998 0.799999
      vertex -62.9597 -53.6263 0.799999
      vertex -62.9597 -50.3737 0.799999
    endloop
  endfacet
  facet normal 0 0 1
    outer loop
      vertex -63.158 -50.5998 0.799999
      vertex -63.158 -53.4002 0.799999
      vertex -62.9597 -53.6263 0.799999
    endloop
  endfacet
  facet normal -0 0 1
    outer loop
      vertex -63.3252 -50.85 0.799999
      vertex -63.158 -53.4002 0.799999
      vertex -63.158 -50.5998 0.799999
    endloop
  endfacet
  facet normal 0 0 1
    outer loop
      vertex -63.3252 -50.85 0.799999
      vertex -63.3252 -53.15 0.799999
      vertex -63.158 -53.4002 0.799999
    endloop
  endfacet
  facet normal -0 0 1
    outer loop
      vertex -63.4583 -51.1198 0.799999
      vertex -63.3252 -53.15 0.799999
      vertex -63.3252 -50.85 0.799999
    endloop
  endfacet
  facet normal 0 0 1
    outer loop
      vertex -63.4583 -51.1198 0.799999
      vertex -63.4583 -52.8802 0.799999
      vertex -63.3252 -53.15 0.799999
    endloop
  endfacet
  facet normal -0 0 1
    outer loop
      vertex -63.555 -51.4047 0.799999
      vertex -63.4583 -52.8802 0.799999
      vertex -63.4583 -51.1198 0.799999
    endloop
  endfacet
  facet normal 0 0 1
    outer loop
      vertex -63.555 -51.4047 0.799999
      vertex -63.555 -52.5953 0.799999
      vertex -63.4583 -52.8802 0.799999
    endloop
  endfacet
  facet normal -0 0 1
    outer loop
      vertex -63.6137 -51.6998 0.799999
      vertex -63.555 -52.5953 0.799999
      vertex -63.555 -51.4047 0.799999
    endloop
  endfacet
  facet normal 0 0 1
    outer loop
      vertex -63.6137 -51.6998 0.799999
      vertex -63.6137 -52.3002 0.799999
      vertex -63.555 -52.5953 0.799999
    endloop
  endfacet
  facet normal 0 -0 1
    outer loop
      vertex -63.6137 -52.3002 0.799999
      vertex -63.6137 -51.6998 0.799999
      vertex -63.6333 -52 0.799999
    endloop
  endfacet
  facet normal -0.555774 0.831334 0
    outer loop
      vertex -59.9332 -53.8247 0.799999
      vertex -60.1833 -53.9919 3
      vertex -59.9332 -53.8247 3
    endloop
  endfacet
  facet normal -0.555774 0.831334 0
    outer loop
      vertex -60.1833 -53.9919 3
      vertex -59.9332 -53.8247 0.799999
      vertex -60.1833 -53.9919 0.799999
    endloop
  endfacet
  facet normal 0.946941 0.321408 0
    outer loop
      vertex -63.4583 -52.8802 3
      vertex -63.555 -52.5953 0.799999
      vertex -63.555 -52.5953 3
    endloop
  endfacet
  facet normal 0.946941 0.321408 0
    outer loop
      vertex -63.555 -52.5953 0.799999
      vertex -63.4583 -52.8802 3
      vertex -63.4583 -52.8802 0.799999
    endloop
  endfacet
  facet normal -0.659398 0.751794 0
    outer loop
      vertex -59.707 -53.6263 0.799999
      vertex -59.9332 -53.8247 3
      vertex -59.707 -53.6263 3
    endloop
  endfacet
  facet normal -0.659398 0.751794 0
    outer loop
      vertex -59.9332 -53.8247 3
      vertex -59.707 -53.6263 0.799999
      vertex -59.9332 -53.8247 0.799999
    endloop
  endfacet
  facet normal -0.321509 0.946906 0
    outer loop
      vertex -60.4532 -54.1249 0.799999
      vertex -60.738 -54.2216 3
      vertex -60.4532 -54.1249 3
    endloop
  endfacet
  facet normal -0.321509 0.946906 0
    outer loop
      vertex -60.738 -54.2216 3
      vertex -60.4532 -54.1249 0.799999
      vertex -60.738 -54.2216 0.799999
    endloop
  endfacet
  facet normal -0.896808 0.442421 0
    outer loop
      vertex -59.3415 -53.15 0.799999
      vertex -59.2084 -52.8802 3
      vertex -59.2084 -52.8802 0.799999
    endloop
  endfacet
  facet normal -0.896808 0.442421 0
    outer loop
      vertex -59.2084 -52.8802 3
      vertex -59.3415 -53.15 0.799999
      vertex -59.3415 -53.15 3
    endloop
  endfacet
  facet normal -0.83159 0.55539 0
    outer loop
      vertex -59.5086 -53.4002 0.799999
      vertex -59.3415 -53.15 3
      vertex -59.3415 -53.15 0.799999
    endloop
  endfacet
  facet normal -0.83159 0.55539 0
    outer loop
      vertex -59.3415 -53.15 3
      vertex -59.5086 -53.4002 0.799999
      vertex -59.5086 -53.4002 3
    endloop
  endfacet
  facet normal 0.0654821 0.997854 -0
    outer loop
      vertex -61.3333 -54.3 0.799999
      vertex -61.6335 -54.2803 3
      vertex -61.3333 -54.3 3
    endloop
  endfacet
  facet normal 0.0654821 0.997854 0
    outer loop
      vertex -61.6335 -54.2803 3
      vertex -61.3333 -54.3 0.799999
      vertex -61.6335 -54.2803 0.799999
    endloop
  endfacet
  facet normal 0.321408 0.946941 -0
    outer loop
      vertex -61.9286 -54.2216 0.799999
      vertex -62.2135 -54.1249 3
      vertex -61.9286 -54.2216 3
    endloop
  endfacet
  facet normal 0.321408 0.946941 0
    outer loop
      vertex -62.2135 -54.1249 3
      vertex -61.9286 -54.2216 0.799999
      vertex -62.2135 -54.1249 0.799999
    endloop
  endfacet
  facet normal 0.55562 0.831436 -0
    outer loop
      vertex -62.4833 -53.9919 0.799999
      vertex -62.7335 -53.8247 3
      vertex -62.4833 -53.9919 3
    endloop
  endfacet
  facet normal 0.55562 0.831436 0
    outer loop
      vertex -62.7335 -53.8247 3
      vertex -62.4833 -53.9919 0.799999
      vertex -62.7335 -53.8247 0.799999
    endloop
  endfacet
  facet normal 0.831436 0.55562 0
    outer loop
      vertex -63.158 -53.4002 3
      vertex -63.3252 -53.15 0.799999
      vertex -63.3252 -53.15 3
    endloop
  endfacet
  facet normal 0.831436 0.55562 0
    outer loop
      vertex -63.3252 -53.15 0.799999
      vertex -63.158 -53.4002 3
      vertex -63.158 -53.4002 0.799999
    endloop
  endfacet
  facet normal 0.980785 0.195093 0
    outer loop
      vertex -63.555 -52.5953 3
      vertex -63.6137 -52.3002 0.799999
      vertex -63.6137 -52.3002 3
    endloop
  endfacet
  facet normal 0.980785 0.195093 0
    outer loop
      vertex -63.6137 -52.3002 0.799999
      vertex -63.555 -52.5953 3
      vertex -63.555 -52.5953 0.799999
    endloop
  endfacet
  facet normal 0.997875 0.0651511 0
    outer loop
      vertex -63.6137 -52.3002 3
      vertex -63.6333 -52 0.799999
      vertex -63.6333 -52 3
    endloop
  endfacet
  facet normal 0.997875 0.0651511 0
    outer loop
      vertex -63.6333 -52 0.799999
      vertex -63.6137 -52.3002 3
      vertex -63.6137 -52.3002 0.799999
    endloop
  endfacet
  facet normal -0.751649 0.659563 0
    outer loop
      vertex -59.707 -53.6263 0.799999
      vertex -59.5086 -53.4002 3
      vertex -59.5086 -53.4002 0.799999
    endloop
  endfacet
  facet normal -0.751649 0.659563 0
    outer loop
      vertex -59.5086 -53.4002 3
      vertex -59.707 -53.6263 0.799999
      vertex -59.707 -53.6263 3
    endloop
  endfacet
  facet normal 0.195093 0.980785 -0
    outer loop
      vertex -61.6335 -54.2803 0.799999
      vertex -61.9286 -54.2216 3
      vertex -61.6335 -54.2803 3
    endloop
  endfacet
  facet normal 0.195093 0.980785 0
    outer loop
      vertex -61.9286 -54.2216 3
      vertex -61.6335 -54.2803 0.799999
      vertex -61.9286 -54.2216 0.799999
    endloop
  endfacet
  facet normal 0.442153 0.89694 -0
    outer loop
      vertex -62.2135 -54.1249 0.799999
      vertex -62.4833 -53.9919 3
      vertex -62.2135 -54.1249 3
    endloop
  endfacet
  facet normal 0.442153 0.89694 0
    outer loop
      vertex -62.4833 -53.9919 3
      vertex -62.2135 -54.1249 0.799999
      vertex -62.4833 -53.9919 0.799999
    endloop
  endfacet
  facet normal -0.997866 -0.0652949 0
    outer loop
      vertex 63.6137 -51.6998 0.799999
      vertex 63.6268 -51.9 1.3
      vertex 63.6137 -51.6998 1.3
    endloop
  endfacet
  facet normal -0.997875 -0.0651511 5.78381e-05
    outer loop
      vertex 63.6333 -52 0.799999
      vertex 63.6268 -51.9 1.3
      vertex 63.6137 -51.6998 0.799999
    endloop
  endfacet
  facet normal -0.997894 -0.0648631 -0
    outer loop
      vertex 63.6333 -52 3
      vertex 63.6268 -51.9 1.3
      vertex 63.6333 -52 0.799999
    endloop
  endfacet
  facet normal -0.997894 -0.0648631 0
    outer loop
      vertex 63.6268 -51.9 1.3
      vertex 63.6333 -52 3
      vertex 63.6268 -51.9 3
    endloop
  endfacet
  facet normal 0.997829 -0.0658567 0
    outer loop
      vertex 59.0399 -51.9 3
      vertex 59.0333 -52 3
      vertex 59.0399 -51.9 1.3
    endloop
  endfacet
  facet normal 0.997866 -0.0652949 0
    outer loop
      vertex 59.0399 -51.9 1.3
      vertex 59.053 -51.6998 0.799999
      vertex 59.053 -51.6998 1.3
    endloop
  endfacet
  facet normal 0.997854 -0.0654821 -7.52544e-05
    outer loop
      vertex 59.0399 -51.9 1.3
      vertex 59.0333 -52 0.799999
      vertex 59.053 -51.6998 0.799999
    endloop
  endfacet
  facet normal 0.997829 -0.0658567 0
    outer loop
      vertex 59.0333 -52 0.799999
      vertex 59.0399 -51.9 1.3
      vertex 59.0333 -52 3
    endloop
  endfacet
  facet normal 0.0654821 -0.997854 0
    outer loop
      vertex 61.0331 -49.7197 0.799999
      vertex 61.3333 -49.7 1.3
      vertex 61.0331 -49.7197 1.3
    endloop
  endfacet
  facet normal 0.0654821 -0.997854 0
    outer loop
      vertex 61.3333 -49.7 1.3
      vertex 61.0331 -49.7197 0.799999
      vertex 61.3333 -49.7 0.799999
    endloop
  endfacet
  facet normal -0.0654821 0.997854 0
    outer loop
      vertex 61.6335 -54.2803 0.799999
      vertex 61.3333 -54.3 3
      vertex 61.6335 -54.2803 3
    endloop
  endfacet
  facet normal -0.0654821 0.997854 0
    outer loop
      vertex 61.3333 -54.3 3
      vertex 61.6335 -54.2803 0.799999
      vertex 61.3333 -54.3 0.799999
    endloop
  endfacet
  facet normal -0.751814 0.659375 0
    outer loop
      vertex 62.9597 -53.6263 0.799999
      vertex 63.158 -53.4002 3
      vertex 63.158 -53.4002 0.799999
    endloop
  endfacet
  facet normal -0.751814 0.659375 0
    outer loop
      vertex 63.158 -53.4002 3
      vertex 62.9597 -53.6263 0.799999
      vertex 62.9597 -53.6263 3
    endloop
  endfacet
  facet normal -0.659398 -0.751794 0
    outer loop
      vertex 62.7335 -50.1753 0.799999
      vertex 62.9597 -50.3737 1.3
      vertex 62.7335 -50.1753 1.3
    endloop
  endfacet
  facet normal -0.659398 -0.751794 -0
    outer loop
      vertex 62.9597 -50.3737 1.3
      vertex 62.7335 -50.1753 0.799999
      vertex 62.9597 -50.3737 0.799999
    endloop
  endfacet
  facet normal 0.751649 -0.659563 0
    outer loop
      vertex 59.5086 -50.5998 1.3
      vertex 59.707 -50.3737 0.799999
      vertex 59.707 -50.3737 1.3
    endloop
  endfacet
  facet normal 0.751649 -0.659563 0
    outer loop
      vertex 59.707 -50.3737 0.799999
      vertex 59.5086 -50.5998 1.3
      vertex 59.5086 -50.5998 0.799999
    endloop
  endfacet
  facet normal 0.442021 -0.897004 0
    outer loop
      vertex 60.1833 -50.0081 0.799999
      vertex 60.4532 -49.8751 1.3
      vertex 60.1833 -50.0081 1.3
    endloop
  endfacet
  facet normal 0.442021 -0.897004 0
    outer loop
      vertex 60.4532 -49.8751 1.3
      vertex 60.1833 -50.0081 0.799999
      vertex 60.4532 -49.8751 0.799999
    endloop
  endfacet
  facet normal -0.896808 -0.442421 0
    outer loop
      vertex 63.4583 -51.1198 0.799999
      vertex 63.3252 -50.85 1.3
      vertex 63.3252 -50.85 0.799999
    endloop
  endfacet
  facet normal -0.896808 -0.442421 0
    outer loop
      vertex 63.3252 -50.85 1.3
      vertex 63.4583 -51.1198 0.799999
      vertex 63.4583 -51.1198 1.3
    endloop
  endfacet
  facet normal -0.831436 -0.55562 0
    outer loop
      vertex 63.3252 -50.85 0.799999
      vertex 63.158 -50.5998 1.3
      vertex 63.158 -50.5998 0.799999
    endloop
  endfacet
  facet normal -0.831436 -0.55562 0
    outer loop
      vertex 63.158 -50.5998 1.3
      vertex 63.3252 -50.85 0.799999
      vertex 63.3252 -50.85 1.3
    endloop
  endfacet
  facet normal -0.321408 -0.946941 0
    outer loop
      vertex 61.9286 -49.7784 0.799999
      vertex 62.2135 -49.8751 1.3
      vertex 61.9286 -49.7784 1.3
    endloop
  endfacet
  facet normal -0.321408 -0.946941 -0
    outer loop
      vertex 62.2135 -49.8751 1.3
      vertex 61.9286 -49.7784 0.799999
      vertex 62.2135 -49.8751 0.799999
    endloop
  endfacet
  facet normal -0.195093 -0.980785 0
    outer loop
      vertex 61.6335 -49.7197 0.799999
      vertex 61.9286 -49.7784 1.3
      vertex 61.6335 -49.7197 1.3
    endloop
  endfacet
  facet normal -0.195093 -0.980785 -0
    outer loop
      vertex 61.9286 -49.7784 1.3
      vertex 61.6335 -49.7197 0.799999
      vertex 61.9286 -49.7784 0.799999
    endloop
  endfacet
  facet normal -0.442153 -0.89694 0
    outer loop
      vertex 62.2135 -49.8751 0.799999
      vertex 62.4833 -50.0081 1.3
      vertex 62.2135 -49.8751 1.3
    endloop
  endfacet
  facet normal -0.442153 -0.89694 -0
    outer loop
      vertex 62.4833 -50.0081 1.3
      vertex 62.2135 -49.8751 0.799999
      vertex 62.4833 -50.0081 0.799999
    endloop
  endfacet
  facet normal 0.896808 -0.442421 0
    outer loop
      vertex 59.2084 -51.1198 1.3
      vertex 59.3415 -50.85 0.799999
      vertex 59.3415 -50.85 1.3
    endloop
  endfacet
  facet normal 0.896808 -0.442421 0
    outer loop
      vertex 59.3415 -50.85 0.799999
      vertex 59.2084 -51.1198 1.3
      vertex 59.2084 -51.1198 0.799999
    endloop
  endfacet
  facet normal 0.83159 -0.55539 0
    outer loop
      vertex 59.3415 -50.85 1.3
      vertex 59.5086 -50.5998 0.799999
      vertex 59.5086 -50.5998 1.3
    endloop
  endfacet
  facet normal 0.83159 -0.55539 0
    outer loop
      vertex 59.5086 -50.5998 0.799999
      vertex 59.3415 -50.85 1.3
      vertex 59.3415 -50.85 0.799999
    endloop
  endfacet
  facet normal 0.555774 -0.831334 0
    outer loop
      vertex 59.9332 -50.1753 0.799999
      vertex 60.1833 -50.0081 1.3
      vertex 59.9332 -50.1753 1.3
    endloop
  endfacet
  facet normal 0.555774 -0.831334 0
    outer loop
      vertex 60.1833 -50.0081 1.3
      vertex 59.9332 -50.1753 0.799999
      vertex 60.1833 -50.0081 0.799999
    endloop
  endfacet
  facet normal 0.321509 -0.946906 0
    outer loop
      vertex 60.4532 -49.8751 0.799999
      vertex 60.738 -49.7784 1.3
      vertex 60.4532 -49.8751 1.3
    endloop
  endfacet
  facet normal 0.321509 -0.946906 0
    outer loop
      vertex 60.738 -49.7784 1.3
      vertex 60.4532 -49.8751 0.799999
      vertex 60.738 -49.7784 0.799999
    endloop
  endfacet
  facet normal -0.195093 0.980785 0
    outer loop
      vertex 61.9286 -54.2216 0.799999
      vertex 61.6335 -54.2803 3
      vertex 61.9286 -54.2216 3
    endloop
  endfacet
  facet normal -0.195093 0.980785 0
    outer loop
      vertex 61.6335 -54.2803 3
      vertex 61.9286 -54.2216 0.799999
      vertex 61.6335 -54.2803 0.799999
    endloop
  endfacet
  facet normal -0.946941 -0.321408 0
    outer loop
      vertex 63.555 -51.4047 0.799999
      vertex 63.4583 -51.1198 1.3
      vertex 63.4583 -51.1198 0.799999
    endloop
  endfacet
  facet normal -0.946941 -0.321408 0
    outer loop
      vertex 63.4583 -51.1198 1.3
      vertex 63.555 -51.4047 0.799999
      vertex 63.555 -51.4047 1.3
    endloop
  endfacet
  facet normal -0.980785 -0.195093 0
    outer loop
      vertex 63.6137 -51.6998 0.799999
      vertex 63.555 -51.4047 1.3
      vertex 63.555 -51.4047 0.799999
    endloop
  endfacet
  facet normal -0.980785 -0.195093 0
    outer loop
      vertex 63.555 -51.4047 1.3
      vertex 63.6137 -51.6998 0.799999
      vertex 63.6137 -51.6998 1.3
    endloop
  endfacet
  facet normal -0.751814 -0.659375 0
    outer loop
      vertex 63.158 -50.5998 0.799999
      vertex 62.9597 -50.3737 1.3
      vertex 62.9597 -50.3737 0.799999
    endloop
  endfacet
  facet normal -0.751814 -0.659375 0
    outer loop
      vertex 62.9597 -50.3737 1.3
      vertex 63.158 -50.5998 0.799999
      vertex 63.158 -50.5998 1.3
    endloop
  endfacet
  facet normal -0.0654821 -0.997854 0
    outer loop
      vertex 61.3333 -49.7 0.799999
      vertex 61.6335 -49.7197 1.3
      vertex 61.3333 -49.7 1.3
    endloop
  endfacet
  facet normal -0.0654821 -0.997854 -0
    outer loop
      vertex 61.6335 -49.7197 1.3
      vertex 61.3333 -49.7 0.799999
      vertex 61.6335 -49.7197 0.799999
    endloop
  endfacet
  facet normal -0.55562 -0.831436 0
    outer loop
      vertex 62.4833 -50.0081 0.799999
      vertex 62.7335 -50.1753 1.3
      vertex 62.4833 -50.0081 1.3
    endloop
  endfacet
  facet normal -0.55562 -0.831436 -0
    outer loop
      vertex 62.7335 -50.1753 1.3
      vertex 62.4833 -50.0081 0.799999
      vertex 62.7335 -50.1753 0.799999
    endloop
  endfacet
  facet normal 0.980785 -0.195093 0
    outer loop
      vertex 59.053 -51.6998 1.3
      vertex 59.1117 -51.4047 0.799999
      vertex 59.1117 -51.4047 1.3
    endloop
  endfacet
  facet normal 0.980785 -0.195093 0
    outer loop
      vertex 59.1117 -51.4047 0.799999
      vertex 59.053 -51.6998 1.3
      vertex 59.053 -51.6998 0.799999
    endloop
  endfacet
  facet normal 0.659398 -0.751794 0
    outer loop
      vertex 59.707 -50.3737 0.799999
      vertex 59.9332 -50.1753 1.3
      vertex 59.707 -50.3737 1.3
    endloop
  endfacet
  facet normal 0.659398 -0.751794 0
    outer loop
      vertex 59.9332 -50.1753 1.3
      vertex 59.707 -50.3737 0.799999
      vertex 59.9332 -50.1753 0.799999
    endloop
  endfacet
  facet normal 0.195093 -0.980785 0
    outer loop
      vertex 60.738 -49.7784 0.799999
      vertex 61.0331 -49.7197 1.3
      vertex 60.738 -49.7784 1.3
    endloop
  endfacet
  facet normal 0.195093 -0.980785 0
    outer loop
      vertex 61.0331 -49.7197 1.3
      vertex 60.738 -49.7784 0.799999
      vertex 61.0331 -49.7197 0.799999
    endloop
  endfacet
  facet normal -0.946941 0.321408 0
    outer loop
      vertex 63.4583 -52.8802 0.799999
      vertex 63.555 -52.5953 3
      vertex 63.555 -52.5953 0.799999
    endloop
  endfacet
  facet normal -0.946941 0.321408 0
    outer loop
      vertex 63.555 -52.5953 3
      vertex 63.4583 -52.8802 0.799999
      vertex 63.4583 -52.8802 3
    endloop
  endfacet
  facet normal -0.980785 0.195093 0
    outer loop
      vertex 63.555 -52.5953 0.799999
      vertex 63.6137 -52.3002 3
      vertex 63.6137 -52.3002 0.799999
    endloop
  endfacet
  facet normal -0.980785 0.195093 0
    outer loop
      vertex 63.6137 -52.3002 3
      vertex 63.555 -52.5953 0.799999
      vertex 63.555 -52.5953 3
    endloop
  endfacet
  facet normal 0 0 1
    outer loop
      vertex 63.6137 -51.6998 0.799999
      vertex 63.6137 -52.3002 0.799999
      vertex 63.6333 -52 0.799999
    endloop
  endfacet
  facet normal 0 0 1
    outer loop
      vertex 63.555 -51.4047 0.799999
      vertex 63.6137 -52.3002 0.799999
      vertex 63.6137 -51.6998 0.799999
    endloop
  endfacet
  facet normal 0 0 1
    outer loop
      vertex 63.555 -51.4047 0.799999
      vertex 63.555 -52.5953 0.799999
      vertex 63.6137 -52.3002 0.799999
    endloop
  endfacet
  facet normal 0 0 1
    outer loop
      vertex 63.4583 -51.1198 0.799999
      vertex 63.555 -52.5953 0.799999
      vertex 63.555 -51.4047 0.799999
    endloop
  endfacet
  facet normal 0 0 1
    outer loop
      vertex 63.4583 -51.1198 0.799999
      vertex 63.4583 -52.8802 0.799999
      vertex 63.555 -52.5953 0.799999
    endloop
  endfacet
  facet normal 0 0 1
    outer loop
      vertex 63.3252 -50.85 0.799999
      vertex 63.4583 -52.8802 0.799999
      vertex 63.4583 -51.1198 0.799999
    endloop
  endfacet
  facet normal 0 0 1
    outer loop
      vertex 63.3252 -50.85 0.799999
      vertex 63.3252 -53.15 0.799999
      vertex 63.4583 -52.8802 0.799999
    endloop
  endfacet
  facet normal 0 0 1
    outer loop
      vertex 63.158 -50.5998 0.799999
      vertex 63.3252 -53.15 0.799999
      vertex 63.3252 -50.85 0.799999
    endloop
  endfacet
  facet normal 0 0 1
    outer loop
      vertex 63.158 -50.5998 0.799999
      vertex 63.158 -53.4002 0.799999
      vertex 63.3252 -53.15 0.799999
    endloop
  endfacet
  facet normal 0 0 1
    outer loop
      vertex 62.9597 -50.3737 0.799999
      vertex 63.158 -53.4002 0.799999
      vertex 63.158 -50.5998 0.799999
    endloop
  endfacet
  facet normal 0 0 1
    outer loop
      vertex 62.9597 -50.3737 0.799999
      vertex 62.9597 -53.6263 0.799999
      vertex 63.158 -53.4002 0.799999
    endloop
  endfacet
  facet normal 0 0 1
    outer loop
      vertex 62.7335 -50.1753 0.799999
      vertex 62.9597 -53.6263 0.799999
      vertex 62.9597 -50.3737 0.799999
    endloop
  endfacet
  facet normal 0 0 1
    outer loop
      vertex 62.7335 -50.1753 0.799999
      vertex 62.7335 -53.8247 0.799999
      vertex 62.9597 -53.6263 0.799999
    endloop
  endfacet
  facet normal 0 0 1
    outer loop
      vertex 62.4833 -50.0081 0.799999
      vertex 62.7335 -53.8247 0.799999
      vertex 62.7335 -50.1753 0.799999
    endloop
  endfacet
  facet normal 0 0 1
    outer loop
      vertex 62.4833 -50.0081 0.799999
      vertex 62.4833 -53.9919 0.799999
      vertex 62.7335 -53.8247 0.799999
    endloop
  endfacet
  facet normal 0 0 1
    outer loop
      vertex 62.2135 -49.8751 0.799999
      vertex 62.4833 -53.9919 0.799999
      vertex 62.4833 -50.0081 0.799999
    endloop
  endfacet
  facet normal 0 0 1
    outer loop
      vertex 62.2135 -49.8751 0.799999
      vertex 62.2135 -54.1249 0.799999
      vertex 62.4833 -53.9919 0.799999
    endloop
  endfacet
  facet normal 0 0 1
    outer loop
      vertex 61.9286 -49.7784 0.799999
      vertex 62.2135 -54.1249 0.799999
      vertex 62.2135 -49.8751 0.799999
    endloop
  endfacet
  facet normal 0 0 1
    outer loop
      vertex 61.9286 -49.7784 0.799999
      vertex 61.9286 -54.2216 0.799999
      vertex 62.2135 -54.1249 0.799999
    endloop
  endfacet
  facet normal 0 0 1
    outer loop
      vertex 61.6335 -49.7197 0.799999
      vertex 61.9286 -54.2216 0.799999
      vertex 61.9286 -49.7784 0.799999
    endloop
  endfacet
  facet normal 0 0 1
    outer loop
      vertex 61.6335 -49.7197 0.799999
      vertex 61.6335 -54.2803 0.799999
      vertex 61.9286 -54.2216 0.799999
    endloop
  endfacet
  facet normal 0 0 1
    outer loop
      vertex 61.3333 -49.7 0.799999
      vertex 61.6335 -54.2803 0.799999
      vertex 61.6335 -49.7197 0.799999
    endloop
  endfacet
  facet normal 0 0 1
    outer loop
      vertex 61.3333 -49.7 0.799999
      vertex 61.3333 -54.3 0.799999
      vertex 61.6335 -54.2803 0.799999
    endloop
  endfacet
  facet normal -0 0 1
    outer loop
      vertex 61.0331 -49.7197 0.799999
      vertex 61.3333 -54.3 0.799999
      vertex 61.3333 -49.7 0.799999
    endloop
  endfacet
  facet normal 0 0 1
    outer loop
      vertex 61.0331 -49.7197 0.799999
      vertex 61.0331 -54.2803 0.799999
      vertex 61.3333 -54.3 0.799999
    endloop
  endfacet
  facet normal -0 0 1
    outer loop
      vertex 60.738 -49.7784 0.799999
      vertex 61.0331 -54.2803 0.799999
      vertex 61.0331 -49.7197 0.799999
    endloop
  endfacet
  facet normal 0 0 1
    outer loop
      vertex 60.738 -49.7784 0.799999
      vertex 60.738 -54.2216 0.799999
      vertex 61.0331 -54.2803 0.799999
    endloop
  endfacet
  facet normal -0 0 1
    outer loop
      vertex 60.4532 -49.8751 0.799999
      vertex 60.738 -54.2216 0.799999
      vertex 60.738 -49.7784 0.799999
    endloop
  endfacet
  facet normal 0 0 1
    outer loop
      vertex 60.4532 -49.8751 0.799999
      vertex 60.4532 -54.1249 0.799999
      vertex 60.738 -54.2216 0.799999
    endloop
  endfacet
  facet normal -0 0 1
    outer loop
      vertex 60.1833 -50.0081 0.799999
      vertex 60.4532 -54.1249 0.799999
      vertex 60.4532 -49.8751 0.799999
    endloop
  endfacet
  facet normal 0 0 1
    outer loop
      vertex 60.1833 -50.0081 0.799999
      vertex 60.1833 -53.9919 0.799999
      vertex 60.4532 -54.1249 0.799999
    endloop
  endfacet
  facet normal -0 0 1
    outer loop
      vertex 59.9332 -50.1753 0.799999
      vertex 60.1833 -53.9919 0.799999
      vertex 60.1833 -50.0081 0.799999
    endloop
  endfacet
  facet normal 0 0 1
    outer loop
      vertex 59.9332 -50.1753 0.799999
      vertex 59.9332 -53.8247 0.799999
      vertex 60.1833 -53.9919 0.799999
    endloop
  endfacet
  facet normal -0 0 1
    outer loop
      vertex 59.707 -50.3737 0.799999
      vertex 59.9332 -53.8247 0.799999
      vertex 59.9332 -50.1753 0.799999
    endloop
  endfacet
  facet normal 0 0 1
    outer loop
      vertex 59.707 -50.3737 0.799999
      vertex 59.707 -53.6263 0.799999
      vertex 59.9332 -53.8247 0.799999
    endloop
  endfacet
  facet normal -0 0 1
    outer loop
      vertex 59.5086 -50.5998 0.799999
      vertex 59.707 -53.6263 0.799999
      vertex 59.707 -50.3737 0.799999
    endloop
  endfacet
  facet normal 0 0 1
    outer loop
      vertex 59.5086 -50.5998 0.799999
      vertex 59.5086 -53.4002 0.799999
      vertex 59.707 -53.6263 0.799999
    endloop
  endfacet
  facet normal -0 0 1
    outer loop
      vertex 59.3415 -50.85 0.799999
      vertex 59.5086 -53.4002 0.799999
      vertex 59.5086 -50.5998 0.799999
    endloop
  endfacet
  facet normal 0 0 1
    outer loop
      vertex 59.3415 -50.85 0.799999
      vertex 59.3415 -53.15 0.799999
      vertex 59.5086 -53.4002 0.799999
    endloop
  endfacet
  facet normal -0 0 1
    outer loop
      vertex 59.2084 -51.1198 0.799999
      vertex 59.3415 -53.15 0.799999
      vertex 59.3415 -50.85 0.799999
    endloop
  endfacet
  facet normal 0 0 1
    outer loop
      vertex 59.2084 -51.1198 0.799999
      vertex 59.2084 -52.8802 0.799999
      vertex 59.3415 -53.15 0.799999
    endloop
  endfacet
  facet normal -0 0 1
    outer loop
      vertex 59.1117 -51.4047 0.799999
      vertex 59.2084 -52.8802 0.799999
      vertex 59.2084 -51.1198 0.799999
    endloop
  endfacet
  facet normal 0 0 1
    outer loop
      vertex 59.1117 -51.4047 0.799999
      vertex 59.1117 -52.5953 0.799999
      vertex 59.2084 -52.8802 0.799999
    endloop
  endfacet
  facet normal -0 0 1
    outer loop
      vertex 59.053 -51.6998 0.799999
      vertex 59.1117 -52.5953 0.799999
      vertex 59.1117 -51.4047 0.799999
    endloop
  endfacet
  facet normal 0 0 1
    outer loop
      vertex 59.053 -51.6998 0.799999
      vertex 59.053 -52.3002 0.799999
      vertex 59.1117 -52.5953 0.799999
    endloop
  endfacet
  facet normal 0 -0 1
    outer loop
      vertex 59.053 -52.3002 0.799999
      vertex 59.053 -51.6998 0.799999
      vertex 59.0333 -52 0.799999
    endloop
  endfacet
  facet normal -0.55562 0.831436 0
    outer loop
      vertex 62.7335 -53.8247 0.799999
      vertex 62.4833 -53.9919 3
      vertex 62.7335 -53.8247 3
    endloop
  endfacet
  facet normal -0.55562 0.831436 0
    outer loop
      vertex 62.4833 -53.9919 3
      vertex 62.7335 -53.8247 0.799999
      vertex 62.4833 -53.9919 0.799999
    endloop
  endfacet
  facet normal -0.442153 0.89694 0
    outer loop
      vertex 62.4833 -53.9919 0.799999
      vertex 62.2135 -54.1249 3
      vertex 62.4833 -53.9919 3
    endloop
  endfacet
  facet normal -0.442153 0.89694 0
    outer loop
      vertex 62.2135 -54.1249 3
      vertex 62.4833 -53.9919 0.799999
      vertex 62.2135 -54.1249 0.799999
    endloop
  endfacet
  facet normal 0.946941 -0.321408 0
    outer loop
      vertex 59.1117 -51.4047 1.3
      vertex 59.2084 -51.1198 0.799999
      vertex 59.2084 -51.1198 1.3
    endloop
  endfacet
  facet normal 0.946941 -0.321408 0
    outer loop
      vertex 59.2084 -51.1198 0.799999
      vertex 59.1117 -51.4047 1.3
      vertex 59.1117 -51.4047 0.799999
    endloop
  endfacet
  facet normal -0.831436 0.55562 0
    outer loop
      vertex 63.158 -53.4002 0.799999
      vertex 63.3252 -53.15 3
      vertex 63.3252 -53.15 0.799999
    endloop
  endfacet
  facet normal -0.831436 0.55562 0
    outer loop
      vertex 63.3252 -53.15 3
      vertex 63.158 -53.4002 0.799999
      vertex 63.158 -53.4002 3
    endloop
  endfacet
  facet normal -0.997875 0.0651511 0
    outer loop
      vertex 63.6137 -52.3002 0.799999
      vertex 63.6333 -52 3
      vertex 63.6333 -52 0.799999
    endloop
  endfacet
  facet normal -0.997875 0.0651511 0
    outer loop
      vertex 63.6333 -52 3
      vertex 63.6137 -52.3002 0.799999
      vertex 63.6137 -52.3002 3
    endloop
  endfacet
  facet normal 0.555774 0.831334 -0
    outer loop
      vertex 60.1833 -53.9919 0.799999
      vertex 59.9332 -53.8247 3
      vertex 60.1833 -53.9919 3
    endloop
  endfacet
  facet normal 0.555774 0.831334 0
    outer loop
      vertex 59.9332 -53.8247 3
      vertex 60.1833 -53.9919 0.799999
      vertex 59.9332 -53.8247 0.799999
    endloop
  endfacet
  facet normal 0.751649 0.659563 0
    outer loop
      vertex 59.707 -53.6263 3
      vertex 59.5086 -53.4002 0.799999
      vertex 59.5086 -53.4002 3
    endloop
  endfacet
  facet normal 0.751649 0.659563 0
    outer loop
      vertex 59.5086 -53.4002 0.799999
      vertex 59.707 -53.6263 3
      vertex 59.707 -53.6263 0.799999
    endloop
  endfacet
  facet normal 0.946941 0.321408 0
    outer loop
      vertex 59.2084 -52.8802 3
      vertex 59.1117 -52.5953 0.799999
      vertex 59.1117 -52.5953 3
    endloop
  endfacet
  facet normal 0.946941 0.321408 0
    outer loop
      vertex 59.1117 -52.5953 0.799999
      vertex 59.2084 -52.8802 3
      vertex 59.2084 -52.8802 0.799999
    endloop
  endfacet
  facet normal 0.997854 0.0654821 0
    outer loop
      vertex 59.053 -52.3002 3
      vertex 59.0333 -52 0.799999
      vertex 59.0333 -52 3
    endloop
  endfacet
  facet normal 0.997854 0.0654821 0
    outer loop
      vertex 59.0333 -52 0.799999
      vertex 59.053 -52.3002 3
      vertex 59.053 -52.3002 0.799999
    endloop
  endfacet
  facet normal -0.659398 0.751794 0
    outer loop
      vertex 62.9597 -53.6263 0.799999
      vertex 62.7335 -53.8247 3
      vertex 62.9597 -53.6263 3
    endloop
  endfacet
  facet normal -0.659398 0.751794 0
    outer loop
      vertex 62.7335 -53.8247 3
      vertex 62.9597 -53.6263 0.799999
      vertex 62.7335 -53.8247 0.799999
    endloop
  endfacet
  facet normal -0.321408 0.946941 0
    outer loop
      vertex 62.2135 -54.1249 0.799999
      vertex 61.9286 -54.2216 3
      vertex 62.2135 -54.1249 3
    endloop
  endfacet
  facet normal -0.321408 0.946941 0
    outer loop
      vertex 61.9286 -54.2216 3
      vertex 62.2135 -54.1249 0.799999
      vertex 61.9286 -54.2216 0.799999
    endloop
  endfacet
  facet normal -0.896808 0.442421 0
    outer loop
      vertex 63.3252 -53.15 0.799999
      vertex 63.4583 -52.8802 3
      vertex 63.4583 -52.8802 0.799999
    endloop
  endfacet
  facet normal -0.896808 0.442421 0
    outer loop
      vertex 63.4583 -52.8802 3
      vertex 63.3252 -53.15 0.799999
      vertex 63.3252 -53.15 3
    endloop
  endfacet
  facet normal 0.321509 0.946906 -0
    outer loop
      vertex 60.738 -54.2216 0.799999
      vertex 60.4532 -54.1249 3
      vertex 60.738 -54.2216 3
    endloop
  endfacet
  facet normal 0.321509 0.946906 0
    outer loop
      vertex 60.4532 -54.1249 3
      vertex 60.738 -54.2216 0.799999
      vertex 60.4532 -54.1249 0.799999
    endloop
  endfacet
  facet normal 0.0654821 0.997854 -0
    outer loop
      vertex 61.3333 -54.3 0.799999
      vertex 61.0331 -54.2803 3
      vertex 61.3333 -54.3 3
    endloop
  endfacet
  facet normal 0.0654821 0.997854 0
    outer loop
      vertex 61.0331 -54.2803 3
      vertex 61.3333 -54.3 0.799999
      vertex 61.0331 -54.2803 0.799999
    endloop
  endfacet
  facet normal 0.442021 0.897004 -0
    outer loop
      vertex 60.4532 -54.1249 0.799999
      vertex 60.1833 -53.9919 3
      vertex 60.4532 -54.1249 3
    endloop
  endfacet
  facet normal 0.442021 0.897004 0
    outer loop
      vertex 60.1833 -53.9919 3
      vertex 60.4532 -54.1249 0.799999
      vertex 60.1833 -53.9919 0.799999
    endloop
  endfacet
  facet normal 0.659398 0.751794 -0
    outer loop
      vertex 59.9332 -53.8247 0.799999
      vertex 59.707 -53.6263 3
      vertex 59.9332 -53.8247 3
    endloop
  endfacet
  facet normal 0.659398 0.751794 0
    outer loop
      vertex 59.707 -53.6263 3
      vertex 59.9332 -53.8247 0.799999
      vertex 59.707 -53.6263 0.799999
    endloop
  endfacet
  facet normal 0.83159 0.55539 0
    outer loop
      vertex 59.5086 -53.4002 3
      vertex 59.3415 -53.15 0.799999
      vertex 59.3415 -53.15 3
    endloop
  endfacet
  facet normal 0.83159 0.55539 0
    outer loop
      vertex 59.3415 -53.15 0.799999
      vertex 59.5086 -53.4002 3
      vertex 59.5086 -53.4002 0.799999
    endloop
  endfacet
  facet normal 0.896808 0.442421 0
    outer loop
      vertex 59.3415 -53.15 3
      vertex 59.2084 -52.8802 0.799999
      vertex 59.2084 -52.8802 3
    endloop
  endfacet
  facet normal 0.896808 0.442421 0
    outer loop
      vertex 59.2084 -52.8802 0.799999
      vertex 59.3415 -53.15 3
      vertex 59.3415 -53.15 0.799999
    endloop
  endfacet
  facet normal 0.980785 0.195093 0
    outer loop
      vertex 59.1117 -52.5953 3
      vertex 59.053 -52.3002 0.799999
      vertex 59.053 -52.3002 3
    endloop
  endfacet
  facet normal 0.980785 0.195093 0
    outer loop
      vertex 59.053 -52.3002 0.799999
      vertex 59.1117 -52.5953 3
      vertex 59.1117 -52.5953 0.799999
    endloop
  endfacet
  facet normal 0.195093 0.980785 -0
    outer loop
      vertex 61.0331 -54.2803 0.799999
      vertex 60.738 -54.2216 3
      vertex 61.0331 -54.2803 3
    endloop
  endfacet
  facet normal 0.195093 0.980785 0
    outer loop
      vertex 60.738 -54.2216 3
      vertex 61.0331 -54.2803 0.799999
      vertex 60.738 -54.2216 0.799999
    endloop
  endfacet
  facet normal -0.997854 -0.0654821 0
    outer loop
      vertex -59.0333 52 0.799999
      vertex -59.053 52.3002 1.3
      vertex -59.053 52.3002 0.799999
    endloop
  endfacet
  facet normal -0.997854 -0.0654821 0
    outer loop
      vertex -59.053 52.3002 1.3
      vertex -59.0333 52 0.799999
      vertex -59.0333 52 1.3
    endloop
  endfacet
  facet normal 0.0654821 -0.997854 0
    outer loop
      vertex -61.6335 54.2803 0.799999
      vertex -61.3333 54.3 1.3
      vertex -61.6335 54.2803 1.3
    endloop
  endfacet
  facet normal 0.0654821 -0.997854 0
    outer loop
      vertex -61.3333 54.3 1.3
      vertex -61.6335 54.2803 0.799999
      vertex -61.3333 54.3 0.799999
    endloop
  endfacet
  facet normal -0.0654821 0.997854 0
    outer loop
      vertex -61.0331 49.7197 0.799999
      vertex -61.3333 49.7 1.3
      vertex -61.0331 49.7197 1.3
    endloop
  endfacet
  facet normal -0.0654821 0.997854 0
    outer loop
      vertex -61.3333 49.7 1.3
      vertex -61.0331 49.7197 0.799999
      vertex -61.3333 49.7 0.799999
    endloop
  endfacet
  facet normal -0.659398 -0.751794 0
    outer loop
      vertex -59.9332 53.8247 0.799999
      vertex -59.707 53.6263 1.3
      vertex -59.9332 53.8247 1.3
    endloop
  endfacet
  facet normal -0.659398 -0.751794 -0
    outer loop
      vertex -59.707 53.6263 1.3
      vertex -59.9332 53.8247 0.799999
      vertex -59.707 53.6263 0.799999
    endloop
  endfacet
  facet normal 0.751814 -0.659375 0
    outer loop
      vertex -63.158 53.4002 1.3
      vertex -62.9597 53.6263 0.799999
      vertex -62.9597 53.6263 1.3
    endloop
  endfacet
  facet normal 0.751814 -0.659375 0
    outer loop
      vertex -62.9597 53.6263 0.799999
      vertex -63.158 53.4002 1.3
      vertex -63.158 53.4002 0.799999
    endloop
  endfacet
  facet normal 0.442153 -0.89694 0
    outer loop
      vertex -62.4833 53.9919 0.799999
      vertex -62.2135 54.1249 1.3
      vertex -62.4833 53.9919 1.3
    endloop
  endfacet
  facet normal 0.442153 -0.89694 0
    outer loop
      vertex -62.2135 54.1249 1.3
      vertex -62.4833 53.9919 0.799999
      vertex -62.2135 54.1249 0.799999
    endloop
  endfacet
  facet normal -0.896808 -0.442421 0
    outer loop
      vertex -59.2084 52.8802 0.799999
      vertex -59.3415 53.15 1.3
      vertex -59.3415 53.15 0.799999
    endloop
  endfacet
  facet normal -0.896808 -0.442421 0
    outer loop
      vertex -59.3415 53.15 1.3
      vertex -59.2084 52.8802 0.799999
      vertex -59.2084 52.8802 1.3
    endloop
  endfacet
  facet normal -0.83159 -0.55539 0
    outer loop
      vertex -59.3415 53.15 0.799999
      vertex -59.5086 53.4002 1.3
      vertex -59.5086 53.4002 0.799999
    endloop
  endfacet
  facet normal -0.83159 -0.55539 0
    outer loop
      vertex -59.5086 53.4002 1.3
      vertex -59.3415 53.15 0.799999
      vertex -59.3415 53.15 1.3
    endloop
  endfacet
  facet normal -0.321509 -0.946906 0
    outer loop
      vertex -60.738 54.2216 0.799999
      vertex -60.4532 54.1249 1.3
      vertex -60.738 54.2216 1.3
    endloop
  endfacet
  facet normal -0.321509 -0.946906 -0
    outer loop
      vertex -60.4532 54.1249 1.3
      vertex -60.738 54.2216 0.799999
      vertex -60.4532 54.1249 0.799999
    endloop
  endfacet
  facet normal -0.195093 -0.980785 0
    outer loop
      vertex -61.0331 54.2803 0.799999
      vertex -60.738 54.2216 1.3
      vertex -61.0331 54.2803 1.3
    endloop
  endfacet
  facet normal -0.195093 -0.980785 -0
    outer loop
      vertex -60.738 54.2216 1.3
      vertex -61.0331 54.2803 0.799999
      vertex -60.738 54.2216 0.799999
    endloop
  endfacet
  facet normal -0.442021 -0.897004 0
    outer loop
      vertex -60.4532 54.1249 0.799999
      vertex -60.1833 53.9919 1.3
      vertex -60.4532 54.1249 1.3
    endloop
  endfacet
  facet normal -0.442021 -0.897004 -0
    outer loop
      vertex -60.1833 53.9919 1.3
      vertex -60.4532 54.1249 0.799999
      vertex -60.1833 53.9919 0.799999
    endloop
  endfacet
  facet normal 0.946941 -0.321408 0
    outer loop
      vertex -63.555 52.5953 1.3
      vertex -63.4583 52.8802 0.799999
      vertex -63.4583 52.8802 1.3
    endloop
  endfacet
  facet normal 0.946941 -0.321408 0
    outer loop
      vertex -63.4583 52.8802 0.799999
      vertex -63.555 52.5953 1.3
      vertex -63.555 52.5953 0.799999
    endloop
  endfacet
  facet normal 0 0 1
    outer loop
      vertex -59.053 52.3002 0.799999
      vertex -59.053 51.6998 0.799999
      vertex -59.0333 52 0.799999
    endloop
  endfacet
  facet normal 0 0 1
    outer loop
      vertex -59.1117 52.5953 0.799999
      vertex -59.053 51.6998 0.799999
      vertex -59.053 52.3002 0.799999
    endloop
  endfacet
  facet normal 0 0 1
    outer loop
      vertex -59.1117 52.5953 0.799999
      vertex -59.1117 51.4047 0.799999
      vertex -59.053 51.6998 0.799999
    endloop
  endfacet
  facet normal 0 0 1
    outer loop
      vertex -59.2084 52.8802 0.799999
      vertex -59.1117 51.4047 0.799999
      vertex -59.1117 52.5953 0.799999
    endloop
  endfacet
  facet normal 0 0 1
    outer loop
      vertex -59.2084 52.8802 0.799999
      vertex -59.2084 51.1198 0.799999
      vertex -59.1117 51.4047 0.799999
    endloop
  endfacet
  facet normal 0 0 1
    outer loop
      vertex -59.3415 53.15 0.799999
      vertex -59.2084 51.1198 0.799999
      vertex -59.2084 52.8802 0.799999
    endloop
  endfacet
  facet normal 0 0 1
    outer loop
      vertex -59.3415 53.15 0.799999
      vertex -59.3415 50.85 0.799999
      vertex -59.2084 51.1198 0.799999
    endloop
  endfacet
  facet normal 0 0 1
    outer loop
      vertex -59.5086 53.4002 0.799999
      vertex -59.3415 50.85 0.799999
      vertex -59.3415 53.15 0.799999
    endloop
  endfacet
  facet normal 0 0 1
    outer loop
      vertex -59.5086 53.4002 0.799999
      vertex -59.5086 50.5998 0.799999
      vertex -59.3415 50.85 0.799999
    endloop
  endfacet
  facet normal 0 0 1
    outer loop
      vertex -59.707 53.6263 0.799999
      vertex -59.5086 50.5998 0.799999
      vertex -59.5086 53.4002 0.799999
    endloop
  endfacet
  facet normal 0 0 1
    outer loop
      vertex -59.707 53.6263 0.799999
      vertex -59.707 50.3737 0.799999
      vertex -59.5086 50.5998 0.799999
    endloop
  endfacet
  facet normal 0 0 1
    outer loop
      vertex -59.9332 53.8247 0.799999
      vertex -59.707 50.3737 0.799999
      vertex -59.707 53.6263 0.799999
    endloop
  endfacet
  facet normal 0 0 1
    outer loop
      vertex -59.9332 53.8247 0.799999
      vertex -59.9332 50.1753 0.799999
      vertex -59.707 50.3737 0.799999
    endloop
  endfacet
  facet normal 0 0 1
    outer loop
      vertex -60.1833 53.9919 0.799999
      vertex -59.9332 50.1753 0.799999
      vertex -59.9332 53.8247 0.799999
    endloop
  endfacet
  facet normal 0 0 1
    outer loop
      vertex -60.1833 53.9919 0.799999
      vertex -60.1833 50.0081 0.799999
      vertex -59.9332 50.1753 0.799999
    endloop
  endfacet
  facet normal 0 0 1
    outer loop
      vertex -60.4532 54.1249 0.799999
      vertex -60.1833 50.0081 0.799999
      vertex -60.1833 53.9919 0.799999
    endloop
  endfacet
  facet normal 0 0 1
    outer loop
      vertex -60.4532 54.1249 0.799999
      vertex -60.4532 49.8751 0.799999
      vertex -60.1833 50.0081 0.799999
    endloop
  endfacet
  facet normal 0 0 1
    outer loop
      vertex -60.738 54.2216 0.799999
      vertex -60.4532 49.8751 0.799999
      vertex -60.4532 54.1249 0.799999
    endloop
  endfacet
  facet normal 0 0 1
    outer loop
      vertex -60.738 54.2216 0.799999
      vertex -60.738 49.7784 0.799999
      vertex -60.4532 49.8751 0.799999
    endloop
  endfacet
  facet normal 0 0 1
    outer loop
      vertex -61.0331 54.2803 0.799999
      vertex -60.738 49.7784 0.799999
      vertex -60.738 54.2216 0.799999
    endloop
  endfacet
  facet normal 0 0 1
    outer loop
      vertex -61.0331 54.2803 0.799999
      vertex -61.0331 49.7197 0.799999
      vertex -60.738 49.7784 0.799999
    endloop
  endfacet
  facet normal 0 0 1
    outer loop
      vertex -61.3333 54.3 0.799999
      vertex -61.0331 49.7197 0.799999
      vertex -61.0331 54.2803 0.799999
    endloop
  endfacet
  facet normal 0 0 1
    outer loop
      vertex -61.3333 54.3 0.799999
      vertex -61.3333 49.7 0.799999
      vertex -61.0331 49.7197 0.799999
    endloop
  endfacet
  facet normal -0 0 1
    outer loop
      vertex -61.6335 54.2803 0.799999
      vertex -61.3333 49.7 0.799999
      vertex -61.3333 54.3 0.799999
    endloop
  endfacet
  facet normal 0 0 1
    outer loop
      vertex -61.6335 54.2803 0.799999
      vertex -61.6335 49.7197 0.799999
      vertex -61.3333 49.7 0.799999
    endloop
  endfacet
  facet normal -0 0 1
    outer loop
      vertex -61.9286 54.2216 0.799999
      vertex -61.6335 49.7197 0.799999
      vertex -61.6335 54.2803 0.799999
    endloop
  endfacet
  facet normal 0 0 1
    outer loop
      vertex -61.9286 54.2216 0.799999
      vertex -61.9286 49.7784 0.799999
      vertex -61.6335 49.7197 0.799999
    endloop
  endfacet
  facet normal -0 0 1
    outer loop
      vertex -62.2135 54.1249 0.799999
      vertex -61.9286 49.7784 0.799999
      vertex -61.9286 54.2216 0.799999
    endloop
  endfacet
  facet normal 0 0 1
    outer loop
      vertex -62.2135 54.1249 0.799999
      vertex -62.2135 49.8751 0.799999
      vertex -61.9286 49.7784 0.799999
    endloop
  endfacet
  facet normal -0 0 1
    outer loop
      vertex -62.4833 53.9919 0.799999
      vertex -62.2135 49.8751 0.799999
      vertex -62.2135 54.1249 0.799999
    endloop
  endfacet
  facet normal 0 0 1
    outer loop
      vertex -62.4833 53.9919 0.799999
      vertex -62.4833 50.0081 0.799999
      vertex -62.2135 49.8751 0.799999
    endloop
  endfacet
  facet normal -0 0 1
    outer loop
      vertex -62.7335 53.8247 0.799999
      vertex -62.4833 50.0081 0.799999
      vertex -62.4833 53.9919 0.799999
    endloop
  endfacet
  facet normal 0 0 1
    outer loop
      vertex -62.7335 53.8247 0.799999
      vertex -62.7335 50.1753 0.799999
      vertex -62.4833 50.0081 0.799999
    endloop
  endfacet
  facet normal -0 0 1
    outer loop
      vertex -62.9597 53.6263 0.799999
      vertex -62.7335 50.1753 0.799999
      vertex -62.7335 53.8247 0.799999
    endloop
  endfacet
  facet normal 0 0 1
    outer loop
      vertex -62.9597 53.6263 0.799999
      vertex -62.9597 50.3737 0.799999
      vertex -62.7335 50.1753 0.799999
    endloop
  endfacet
  facet normal -0 0 1
    outer loop
      vertex -63.158 53.4002 0.799999
      vertex -62.9597 50.3737 0.799999
      vertex -62.9597 53.6263 0.799999
    endloop
  endfacet
  facet normal 0 0 1
    outer loop
      vertex -63.158 53.4002 0.799999
      vertex -63.158 50.5998 0.799999
      vertex -62.9597 50.3737 0.799999
    endloop
  endfacet
  facet normal -0 0 1
    outer loop
      vertex -63.3252 53.15 0.799999
      vertex -63.158 50.5998 0.799999
      vertex -63.158 53.4002 0.799999
    endloop
  endfacet
  facet normal 0 0 1
    outer loop
      vertex -63.3252 53.15 0.799999
      vertex -63.3252 50.85 0.799999
      vertex -63.158 50.5998 0.799999
    endloop
  endfacet
  facet normal -0 0 1
    outer loop
      vertex -63.4583 52.8802 0.799999
      vertex -63.3252 50.85 0.799999
      vertex -63.3252 53.15 0.799999
    endloop
  endfacet
  facet normal 0 0 1
    outer loop
      vertex -63.4583 52.8802 0.799999
      vertex -63.4583 51.1198 0.799999
      vertex -63.3252 50.85 0.799999
    endloop
  endfacet
  facet normal -0 0 1
    outer loop
      vertex -63.555 52.5953 0.799999
      vertex -63.4583 51.1198 0.799999
      vertex -63.4583 52.8802 0.799999
    endloop
  endfacet
  facet normal 0 0 1
    outer loop
      vertex -63.555 52.5953 0.799999
      vertex -63.555 51.4047 0.799999
      vertex -63.4583 51.1198 0.799999
    endloop
  endfacet
  facet normal -0 0 1
    outer loop
      vertex -63.6137 52.3002 0.799999
      vertex -63.555 51.4047 0.799999
      vertex -63.555 52.5953 0.799999
    endloop
  endfacet
  facet normal 0 0 1
    outer loop
      vertex -63.6137 52.3002 0.799999
      vertex -63.6137 51.6998 0.799999
      vertex -63.555 51.4047 0.799999
    endloop
  endfacet
  facet normal 0 -0 1
    outer loop
      vertex -63.6137 51.6998 0.799999
      vertex -63.6137 52.3002 0.799999
      vertex -63.6333 52 0.799999
    endloop
  endfacet
  facet normal 0.896808 -0.442421 0
    outer loop
      vertex -63.4583 52.8802 1.3
      vertex -63.3252 53.15 0.799999
      vertex -63.3252 53.15 1.3
    endloop
  endfacet
  facet normal 0.896808 -0.442421 0
    outer loop
      vertex -63.3252 53.15 0.799999
      vertex -63.4583 52.8802 1.3
      vertex -63.4583 52.8802 0.799999
    endloop
  endfacet
  facet normal 0.55562 -0.831436 0
    outer loop
      vertex -62.7335 53.8247 0.799999
      vertex -62.4833 53.9919 1.3
      vertex -62.7335 53.8247 1.3
    endloop
  endfacet
  facet normal 0.55562 -0.831436 0
    outer loop
      vertex -62.4833 53.9919 1.3
      vertex -62.7335 53.8247 0.799999
      vertex -62.4833 53.9919 0.799999
    endloop
  endfacet
  facet normal 0.321408 -0.946941 0
    outer loop
      vertex -62.2135 54.1249 0.799999
      vertex -61.9286 54.2216 1.3
      vertex -62.2135 54.1249 1.3
    endloop
  endfacet
  facet normal 0.321408 -0.946941 0
    outer loop
      vertex -61.9286 54.2216 1.3
      vertex -62.2135 54.1249 0.799999
      vertex -61.9286 54.2216 0.799999
    endloop
  endfacet
  facet normal -0.946941 0.321408 0
    outer loop
      vertex -59.2084 51.1198 0.799999
      vertex -59.1117 51.4047 1.3
      vertex -59.1117 51.4047 0.799999
    endloop
  endfacet
  facet normal -0.946941 0.321408 0
    outer loop
      vertex -59.1117 51.4047 1.3
      vertex -59.2084 51.1198 0.799999
      vertex -59.2084 51.1198 1.3
    endloop
  endfacet
  facet normal -0.751649 0.659563 0
    outer loop
      vertex -59.707 50.3737 0.799999
      vertex -59.5086 50.5998 1.3
      vertex -59.5086 50.5998 0.799999
    endloop
  endfacet
  facet normal -0.751649 0.659563 0
    outer loop
      vertex -59.5086 50.5998 1.3
      vertex -59.707 50.3737 0.799999
      vertex -59.707 50.3737 1.3
    endloop
  endfacet
  facet normal -0.555774 0.831334 0
    outer loop
      vertex -59.9332 50.1753 0.799999
      vertex -60.1833 50.0081 1.3
      vertex -59.9332 50.1753 1.3
    endloop
  endfacet
  facet normal -0.555774 0.831334 0
    outer loop
      vertex -60.1833 50.0081 1.3
      vertex -59.9332 50.1753 0.799999
      vertex -60.1833 50.0081 0.799999
    endloop
  endfacet
  facet normal -0.896808 0.442421 0
    outer loop
      vertex -59.3415 50.85 0.799999
      vertex -59.2084 51.1198 1.3
      vertex -59.2084 51.1198 0.799999
    endloop
  endfacet
  facet normal -0.896808 0.442421 0
    outer loop
      vertex -59.2084 51.1198 1.3
      vertex -59.3415 50.85 0.799999
      vertex -59.3415 50.85 1.3
    endloop
  endfacet
  facet normal 0.321408 0.946941 -0
    outer loop
      vertex -61.9286 49.7784 0.799999
      vertex -62.2135 49.8751 1.3
      vertex -61.9286 49.7784 1.3
    endloop
  endfacet
  facet normal 0.321408 0.946941 0
    outer loop
      vertex -62.2135 49.8751 1.3
      vertex -61.9286 49.7784 0.799999
      vertex -62.2135 49.8751 0.799999
    endloop
  endfacet
  facet normal 0.195093 0.980785 -0
    outer loop
      vertex -61.6335 49.7197 0.799999
      vertex -61.9286 49.7784 1.3
      vertex -61.6335 49.7197 1.3
    endloop
  endfacet
  facet normal 0.195093 0.980785 0
    outer loop
      vertex -61.9286 49.7784 1.3
      vertex -61.6335 49.7197 0.799999
      vertex -61.9286 49.7784 0.799999
    endloop
  endfacet
  facet normal 0.831436 0.55562 0
    outer loop
      vertex -63.158 50.5998 1.3
      vertex -63.3252 50.85 0.799999
      vertex -63.3252 50.85 1.3
    endloop
  endfacet
  facet normal 0.831436 0.55562 0
    outer loop
      vertex -63.3252 50.85 0.799999
      vertex -63.158 50.5998 1.3
      vertex -63.158 50.5998 0.799999
    endloop
  endfacet
  facet normal 0.751814 0.659375 0
    outer loop
      vertex -62.9597 50.3737 1.3
      vertex -63.158 50.5998 0.799999
      vertex -63.158 50.5998 1.3
    endloop
  endfacet
  facet normal 0.751814 0.659375 0
    outer loop
      vertex -63.158 50.5998 0.799999
      vertex -62.9597 50.3737 1.3
      vertex -62.9597 50.3737 0.799999
    endloop
  endfacet
  facet normal -0.946941 -0.321408 0
    outer loop
      vertex -59.1117 52.5953 0.799999
      vertex -59.2084 52.8802 1.3
      vertex -59.2084 52.8802 0.799999
    endloop
  endfacet
  facet normal -0.946941 -0.321408 0
    outer loop
      vertex -59.2084 52.8802 1.3
      vertex -59.1117 52.5953 0.799999
      vertex -59.1117 52.5953 1.3
    endloop
  endfacet
  facet normal -0.980785 -0.195093 0
    outer loop
      vertex -59.053 52.3002 0.799999
      vertex -59.1117 52.5953 1.3
      vertex -59.1117 52.5953 0.799999
    endloop
  endfacet
  facet normal -0.980785 -0.195093 0
    outer loop
      vertex -59.1117 52.5953 1.3
      vertex -59.053 52.3002 0.799999
      vertex -59.053 52.3002 1.3
    endloop
  endfacet
  facet normal -0.0654821 -0.997854 0
    outer loop
      vertex -61.3333 54.3 0.799999
      vertex -61.0331 54.2803 1.3
      vertex -61.3333 54.3 1.3
    endloop
  endfacet
  facet normal -0.0654821 -0.997854 -0
    outer loop
      vertex -61.0331 54.2803 1.3
      vertex -61.3333 54.3 0.799999
      vertex -61.0331 54.2803 0.799999
    endloop
  endfacet
  facet normal -0.555774 -0.831334 0
    outer loop
      vertex -60.1833 53.9919 0.799999
      vertex -59.9332 53.8247 1.3
      vertex -60.1833 53.9919 1.3
    endloop
  endfacet
  facet normal -0.555774 -0.831334 -0
    outer loop
      vertex -59.9332 53.8247 1.3
      vertex -60.1833 53.9919 0.799999
      vertex -59.9332 53.8247 0.799999
    endloop
  endfacet
  facet normal 0.997875 -0.0651511 0
    outer loop
      vertex -63.6333 52 1.3
      vertex -63.6137 52.3002 0.799999
      vertex -63.6137 52.3002 1.3
    endloop
  endfacet
  facet normal 0.997875 -0.0651511 0
    outer loop
      vertex -63.6137 52.3002 0.799999
      vertex -63.6333 52 1.3
      vertex -63.6333 52 0.799999
    endloop
  endfacet
  facet normal 0.997875 0.0651511 0
    outer loop
      vertex -63.6137 51.6998 1.3
      vertex -63.6333 52 0.799999
      vertex -63.6333 52 1.3
    endloop
  endfacet
  facet normal 0.997875 0.0651511 0
    outer loop
      vertex -63.6333 52 0.799999
      vertex -63.6137 51.6998 1.3
      vertex -63.6137 51.6998 0.799999
    endloop
  endfacet
  facet normal 0.195093 -0.980785 0
    outer loop
      vertex -61.9286 54.2216 0.799999
      vertex -61.6335 54.2803 1.3
      vertex -61.9286 54.2216 1.3
    endloop
  endfacet
  facet normal 0.195093 -0.980785 0
    outer loop
      vertex -61.6335 54.2803 1.3
      vertex -61.9286 54.2216 0.799999
      vertex -61.6335 54.2803 0.799999
    endloop
  endfacet
  facet normal -0.997854 0.0654821 0
    outer loop
      vertex -59.053 51.6998 0.799999
      vertex -59.0333 52 1.3
      vertex -59.0333 52 0.799999
    endloop
  endfacet
  facet normal -0.997854 0.0654821 0
    outer loop
      vertex -59.0333 52 1.3
      vertex -59.053 51.6998 0.799999
      vertex -59.053 51.6998 1.3
    endloop
  endfacet
  facet normal -0.195093 0.980785 0
    outer loop
      vertex -60.738 49.7784 0.799999
      vertex -61.0331 49.7197 1.3
      vertex -60.738 49.7784 1.3
    endloop
  endfacet
  facet normal -0.195093 0.980785 0
    outer loop
      vertex -61.0331 49.7197 1.3
      vertex -60.738 49.7784 0.799999
      vertex -61.0331 49.7197 0.799999
    endloop
  endfacet
  facet normal -0.442021 0.897004 0
    outer loop
      vertex -60.1833 50.0081 0.799999
      vertex -60.4532 49.8751 1.3
      vertex -60.1833 50.0081 1.3
    endloop
  endfacet
  facet normal -0.442021 0.897004 0
    outer loop
      vertex -60.4532 49.8751 1.3
      vertex -60.1833 50.0081 0.799999
      vertex -60.4532 49.8751 0.799999
    endloop
  endfacet
  facet normal -0.659398 0.751794 0
    outer loop
      vertex -59.707 50.3737 0.799999
      vertex -59.9332 50.1753 1.3
      vertex -59.707 50.3737 1.3
    endloop
  endfacet
  facet normal -0.659398 0.751794 0
    outer loop
      vertex -59.9332 50.1753 1.3
      vertex -59.707 50.3737 0.799999
      vertex -59.9332 50.1753 0.799999
    endloop
  endfacet
  facet normal -0.83159 0.55539 0
    outer loop
      vertex -59.5086 50.5998 0.799999
      vertex -59.3415 50.85 1.3
      vertex -59.3415 50.85 0.799999
    endloop
  endfacet
  facet normal -0.83159 0.55539 0
    outer loop
      vertex -59.3415 50.85 1.3
      vertex -59.5086 50.5998 0.799999
      vertex -59.5086 50.5998 1.3
    endloop
  endfacet
  facet normal 0.442153 0.89694 -0
    outer loop
      vertex -62.2135 49.8751 0.799999
      vertex -62.4833 50.0081 1.3
      vertex -62.2135 49.8751 1.3
    endloop
  endfacet
  facet normal 0.442153 0.89694 0
    outer loop
      vertex -62.4833 50.0081 1.3
      vertex -62.2135 49.8751 0.799999
      vertex -62.4833 50.0081 0.799999
    endloop
  endfacet
  facet normal 0.55562 0.831436 -0
    outer loop
      vertex -62.4833 50.0081 0.799999
      vertex -62.7335 50.1753 1.3
      vertex -62.4833 50.0081 1.3
    endloop
  endfacet
  facet normal 0.55562 0.831436 0
    outer loop
      vertex -62.7335 50.1753 1.3
      vertex -62.4833 50.0081 0.799999
      vertex -62.7335 50.1753 0.799999
    endloop
  endfacet
  facet normal 0.0654821 0.997854 -0
    outer loop
      vertex -61.3333 49.7 0.799999
      vertex -61.6335 49.7197 1.3
      vertex -61.3333 49.7 1.3
    endloop
  endfacet
  facet normal 0.0654821 0.997854 0
    outer loop
      vertex -61.6335 49.7197 1.3
      vertex -61.3333 49.7 0.799999
      vertex -61.6335 49.7197 0.799999
    endloop
  endfacet
  facet normal 0.659398 0.751794 -0
    outer loop
      vertex -62.7335 50.1753 0.799999
      vertex -62.9597 50.3737 1.3
      vertex -62.7335 50.1753 1.3
    endloop
  endfacet
  facet normal 0.659398 0.751794 0
    outer loop
      vertex -62.9597 50.3737 1.3
      vertex -62.7335 50.1753 0.799999
      vertex -62.9597 50.3737 0.799999
    endloop
  endfacet
  facet normal 0.896808 0.442421 0
    outer loop
      vertex -63.3252 50.85 1.3
      vertex -63.4583 51.1198 0.799999
      vertex -63.4583 51.1198 1.3
    endloop
  endfacet
  facet normal 0.896808 0.442421 0
    outer loop
      vertex -63.4583 51.1198 0.799999
      vertex -63.3252 50.85 1.3
      vertex -63.3252 50.85 0.799999
    endloop
  endfacet
  facet normal 0.980785 0.195093 0
    outer loop
      vertex -63.555 51.4047 1.3
      vertex -63.6137 51.6998 0.799999
      vertex -63.6137 51.6998 1.3
    endloop
  endfacet
  facet normal 0.980785 0.195093 0
    outer loop
      vertex -63.6137 51.6998 0.799999
      vertex -63.555 51.4047 1.3
      vertex -63.555 51.4047 0.799999
    endloop
  endfacet
  facet normal -0.751649 -0.659563 0
    outer loop
      vertex -59.5086 53.4002 0.799999
      vertex -59.707 53.6263 1.3
      vertex -59.707 53.6263 0.799999
    endloop
  endfacet
  facet normal -0.751649 -0.659563 0
    outer loop
      vertex -59.707 53.6263 1.3
      vertex -59.5086 53.4002 0.799999
      vertex -59.5086 53.4002 1.3
    endloop
  endfacet
  facet normal 0.831436 -0.55562 0
    outer loop
      vertex -63.3252 53.15 1.3
      vertex -63.158 53.4002 0.799999
      vertex -63.158 53.4002 1.3
    endloop
  endfacet
  facet normal 0.831436 -0.55562 0
    outer loop
      vertex -63.158 53.4002 0.799999
      vertex -63.3252 53.15 1.3
      vertex -63.3252 53.15 0.799999
    endloop
  endfacet
  facet normal 0.980785 -0.195093 0
    outer loop
      vertex -63.6137 52.3002 1.3
      vertex -63.555 52.5953 0.799999
      vertex -63.555 52.5953 1.3
    endloop
  endfacet
  facet normal 0.980785 -0.195093 0
    outer loop
      vertex -63.555 52.5953 0.799999
      vertex -63.6137 52.3002 1.3
      vertex -63.6137 52.3002 0.799999
    endloop
  endfacet
  facet normal 0.659398 -0.751794 0
    outer loop
      vertex -62.9597 53.6263 0.799999
      vertex -62.7335 53.8247 1.3
      vertex -62.9597 53.6263 1.3
    endloop
  endfacet
  facet normal 0.659398 -0.751794 0
    outer loop
      vertex -62.7335 53.8247 1.3
      vertex -62.9597 53.6263 0.799999
      vertex -62.7335 53.8247 0.799999
    endloop
  endfacet
  facet normal -0.321509 0.946906 0
    outer loop
      vertex -60.4532 49.8751 0.799999
      vertex -60.738 49.7784 1.3
      vertex -60.4532 49.8751 1.3
    endloop
  endfacet
  facet normal -0.321509 0.946906 0
    outer loop
      vertex -60.738 49.7784 1.3
      vertex -60.4532 49.8751 0.799999
      vertex -60.738 49.7784 0.799999
    endloop
  endfacet
  facet normal -0.980785 0.195093 0
    outer loop
      vertex -59.1117 51.4047 0.799999
      vertex -59.053 51.6998 1.3
      vertex -59.053 51.6998 0.799999
    endloop
  endfacet
  facet normal -0.980785 0.195093 0
    outer loop
      vertex -59.053 51.6998 1.3
      vertex -59.1117 51.4047 0.799999
      vertex -59.1117 51.4047 1.3
    endloop
  endfacet
  facet normal 0.946941 0.321408 0
    outer loop
      vertex -63.4583 51.1198 1.3
      vertex -63.555 51.4047 0.799999
      vertex -63.555 51.4047 1.3
    endloop
  endfacet
  facet normal 0.946941 0.321408 0
    outer loop
      vertex -63.555 51.4047 0.799999
      vertex -63.4583 51.1198 1.3
      vertex -63.4583 51.1198 0.799999
    endloop
  endfacet
  facet normal -0.997875 -0.0651511 0
    outer loop
      vertex 63.6333 52 0.799999
      vertex 63.6137 52.3002 1.3
      vertex 63.6137 52.3002 0.799999
    endloop
  endfacet
  facet normal -0.997875 -0.0651511 0
    outer loop
      vertex 63.6137 52.3002 1.3
      vertex 63.6333 52 0.799999
      vertex 63.6333 52 1.3
    endloop
  endfacet
  facet normal 0.0654821 -0.997854 0
    outer loop
      vertex 61.0331 54.2803 0.799999
      vertex 61.3333 54.3 1.3
      vertex 61.0331 54.2803 1.3
    endloop
  endfacet
  facet normal 0.0654821 -0.997854 0
    outer loop
      vertex 61.3333 54.3 1.3
      vertex 61.0331 54.2803 0.799999
      vertex 61.3333 54.3 0.799999
    endloop
  endfacet
  facet normal -0.659398 -0.751794 0
    outer loop
      vertex 62.7335 53.8247 0.799999
      vertex 62.9597 53.6263 1.3
      vertex 62.7335 53.8247 1.3
    endloop
  endfacet
  facet normal -0.659398 -0.751794 -0
    outer loop
      vertex 62.9597 53.6263 1.3
      vertex 62.7335 53.8247 0.799999
      vertex 62.9597 53.6263 0.799999
    endloop
  endfacet
  facet normal 0.751649 -0.659563 0
    outer loop
      vertex 59.5086 53.4002 1.3
      vertex 59.707 53.6263 0.799999
      vertex 59.707 53.6263 1.3
    endloop
  endfacet
  facet normal 0.751649 -0.659563 0
    outer loop
      vertex 59.707 53.6263 0.799999
      vertex 59.5086 53.4002 1.3
      vertex 59.5086 53.4002 0.799999
    endloop
  endfacet
  facet normal 0.442021 -0.897004 0
    outer loop
      vertex 60.1833 53.9919 0.799999
      vertex 60.4532 54.1249 1.3
      vertex 60.1833 53.9919 1.3
    endloop
  endfacet
  facet normal 0.442021 -0.897004 0
    outer loop
      vertex 60.4532 54.1249 1.3
      vertex 60.1833 53.9919 0.799999
      vertex 60.4532 54.1249 0.799999
    endloop
  endfacet
  facet normal -0.896808 -0.442421 0
    outer loop
      vertex 63.4583 52.8802 0.799999
      vertex 63.3252 53.15 1.3
      vertex 63.3252 53.15 0.799999
    endloop
  endfacet
  facet normal -0.896808 -0.442421 0
    outer loop
      vertex 63.3252 53.15 1.3
      vertex 63.4583 52.8802 0.799999
      vertex 63.4583 52.8802 1.3
    endloop
  endfacet
  facet normal -0.831436 -0.55562 0
    outer loop
      vertex 63.3252 53.15 0.799999
      vertex 63.158 53.4002 1.3
      vertex 63.158 53.4002 0.799999
    endloop
  endfacet
  facet normal -0.831436 -0.55562 0
    outer loop
      vertex 63.158 53.4002 1.3
      vertex 63.3252 53.15 0.799999
      vertex 63.3252 53.15 1.3
    endloop
  endfacet
  facet normal -0.321408 -0.946941 0
    outer loop
      vertex 61.9286 54.2216 0.799999
      vertex 62.2135 54.1249 1.3
      vertex 61.9286 54.2216 1.3
    endloop
  endfacet
  facet normal -0.321408 -0.946941 -0
    outer loop
      vertex 62.2135 54.1249 1.3
      vertex 61.9286 54.2216 0.799999
      vertex 62.2135 54.1249 0.799999
    endloop
  endfacet
  facet normal -0.195093 -0.980785 0
    outer loop
      vertex 61.6335 54.2803 0.799999
      vertex 61.9286 54.2216 1.3
      vertex 61.6335 54.2803 1.3
    endloop
  endfacet
  facet normal -0.195093 -0.980785 -0
    outer loop
      vertex 61.9286 54.2216 1.3
      vertex 61.6335 54.2803 0.799999
      vertex 61.9286 54.2216 0.799999
    endloop
  endfacet
  facet normal -0.442153 -0.89694 0
    outer loop
      vertex 62.2135 54.1249 0.799999
      vertex 62.4833 53.9919 1.3
      vertex 62.2135 54.1249 1.3
    endloop
  endfacet
  facet normal -0.442153 -0.89694 -0
    outer loop
      vertex 62.4833 53.9919 1.3
      vertex 62.2135 54.1249 0.799999
      vertex 62.4833 53.9919 0.799999
    endloop
  endfacet
  facet normal 0.946941 -0.321408 0
    outer loop
      vertex 59.1117 52.5953 1.3
      vertex 59.2084 52.8802 0.799999
      vertex 59.2084 52.8802 1.3
    endloop
  endfacet
  facet normal 0.946941 -0.321408 0
    outer loop
      vertex 59.2084 52.8802 0.799999
      vertex 59.1117 52.5953 1.3
      vertex 59.1117 52.5953 0.799999
    endloop
  endfacet
  facet normal 0 0 1
    outer loop
      vertex 63.6137 52.3002 0.799999
      vertex 63.6137 51.6998 0.799999
      vertex 63.6333 52 0.799999
    endloop
  endfacet
  facet normal 0 0 1
    outer loop
      vertex 63.555 52.5953 0.799999
      vertex 63.6137 51.6998 0.799999
      vertex 63.6137 52.3002 0.799999
    endloop
  endfacet
  facet normal 0 0 1
    outer loop
      vertex 63.555 52.5953 0.799999
      vertex 63.555 51.4047 0.799999
      vertex 63.6137 51.6998 0.799999
    endloop
  endfacet
  facet normal 0 0 1
    outer loop
      vertex 63.4583 52.8802 0.799999
      vertex 63.555 51.4047 0.799999
      vertex 63.555 52.5953 0.799999
    endloop
  endfacet
  facet normal 0 0 1
    outer loop
      vertex 63.4583 52.8802 0.799999
      vertex 63.4583 51.1198 0.799999
      vertex 63.555 51.4047 0.799999
    endloop
  endfacet
  facet normal 0 0 1
    outer loop
      vertex 63.3252 53.15 0.799999
      vertex 63.4583 51.1198 0.799999
      vertex 63.4583 52.8802 0.799999
    endloop
  endfacet
  facet normal 0 0 1
    outer loop
      vertex 63.3252 53.15 0.799999
      vertex 63.3252 50.85 0.799999
      vertex 63.4583 51.1198 0.799999
    endloop
  endfacet
  facet normal 0 0 1
    outer loop
      vertex 63.158 53.4002 0.799999
      vertex 63.3252 50.85 0.799999
      vertex 63.3252 53.15 0.799999
    endloop
  endfacet
  facet normal 0 0 1
    outer loop
      vertex 63.158 53.4002 0.799999
      vertex 63.158 50.5998 0.799999
      vertex 63.3252 50.85 0.799999
    endloop
  endfacet
  facet normal 0 0 1
    outer loop
      vertex 62.9597 53.6263 0.799999
      vertex 63.158 50.5998 0.799999
      vertex 63.158 53.4002 0.799999
    endloop
  endfacet
  facet normal 0 0 1
    outer loop
      vertex 62.9597 53.6263 0.799999
      vertex 62.9597 50.3737 0.799999
      vertex 63.158 50.5998 0.799999
    endloop
  endfacet
  facet normal 0 0 1
    outer loop
      vertex 62.7335 53.8247 0.799999
      vertex 62.9597 50.3737 0.799999
      vertex 62.9597 53.6263 0.799999
    endloop
  endfacet
  facet normal 0 0 1
    outer loop
      vertex 62.7335 53.8247 0.799999
      vertex 62.7335 50.1753 0.799999
      vertex 62.9597 50.3737 0.799999
    endloop
  endfacet
  facet normal 0 0 1
    outer loop
      vertex 62.4833 53.9919 0.799999
      vertex 62.7335 50.1753 0.799999
      vertex 62.7335 53.8247 0.799999
    endloop
  endfacet
  facet normal 0 0 1
    outer loop
      vertex 62.4833 53.9919 0.799999
      vertex 62.4833 50.0081 0.799999
      vertex 62.7335 50.1753 0.799999
    endloop
  endfacet
  facet normal 0 0 1
    outer loop
      vertex 62.2135 54.1249 0.799999
      vertex 62.4833 50.0081 0.799999
      vertex 62.4833 53.9919 0.799999
    endloop
  endfacet
  facet normal 0 0 1
    outer loop
      vertex 62.2135 54.1249 0.799999
      vertex 62.2135 49.8751 0.799999
      vertex 62.4833 50.0081 0.799999
    endloop
  endfacet
  facet normal 0 0 1
    outer loop
      vertex 61.9286 54.2216 0.799999
      vertex 62.2135 49.8751 0.799999
      vertex 62.2135 54.1249 0.799999
    endloop
  endfacet
  facet normal 0 0 1
    outer loop
      vertex 61.9286 54.2216 0.799999
      vertex 61.9286 49.7784 0.799999
      vertex 62.2135 49.8751 0.799999
    endloop
  endfacet
  facet normal 0 0 1
    outer loop
      vertex 61.6335 54.2803 0.799999
      vertex 61.9286 49.7784 0.799999
      vertex 61.9286 54.2216 0.799999
    endloop
  endfacet
  facet normal 0 0 1
    outer loop
      vertex 61.6335 54.2803 0.799999
      vertex 61.6335 49.7197 0.799999
      vertex 61.9286 49.7784 0.799999
    endloop
  endfacet
  facet normal 0 0 1
    outer loop
      vertex 61.3333 54.3 0.799999
      vertex 61.6335 49.7197 0.799999
      vertex 61.6335 54.2803 0.799999
    endloop
  endfacet
  facet normal 0 0 1
    outer loop
      vertex 61.3333 54.3 0.799999
      vertex 61.3333 49.7 0.799999
      vertex 61.6335 49.7197 0.799999
    endloop
  endfacet
  facet normal -0 0 1
    outer loop
      vertex 61.0331 54.2803 0.799999
      vertex 61.3333 49.7 0.799999
      vertex 61.3333 54.3 0.799999
    endloop
  endfacet
  facet normal 0 0 1
    outer loop
      vertex 61.0331 54.2803 0.799999
      vertex 61.0331 49.7197 0.799999
      vertex 61.3333 49.7 0.799999
    endloop
  endfacet
  facet normal -0 0 1
    outer loop
      vertex 60.738 54.2216 0.799999
      vertex 61.0331 49.7197 0.799999
      vertex 61.0331 54.2803 0.799999
    endloop
  endfacet
  facet normal 0 0 1
    outer loop
      vertex 60.738 54.2216 0.799999
      vertex 60.738 49.7784 0.799999
      vertex 61.0331 49.7197 0.799999
    endloop
  endfacet
  facet normal -0 0 1
    outer loop
      vertex 60.4532 54.1249 0.799999
      vertex 60.738 49.7784 0.799999
      vertex 60.738 54.2216 0.799999
    endloop
  endfacet
  facet normal 0 0 1
    outer loop
      vertex 60.4532 54.1249 0.799999
      vertex 60.4532 49.8751 0.799999
      vertex 60.738 49.7784 0.799999
    endloop
  endfacet
  facet normal -0 0 1
    outer loop
      vertex 60.1833 53.9919 0.799999
      vertex 60.4532 49.8751 0.799999
      vertex 60.4532 54.1249 0.799999
    endloop
  endfacet
  facet normal 0 0 1
    outer loop
      vertex 60.1833 53.9919 0.799999
      vertex 60.1833 50.0081 0.799999
      vertex 60.4532 49.8751 0.799999
    endloop
  endfacet
  facet normal -0 0 1
    outer loop
      vertex 59.9332 53.8247 0.799999
      vertex 60.1833 50.0081 0.799999
      vertex 60.1833 53.9919 0.799999
    endloop
  endfacet
  facet normal 0 0 1
    outer loop
      vertex 59.9332 53.8247 0.799999
      vertex 59.9332 50.1753 0.799999
      vertex 60.1833 50.0081 0.799999
    endloop
  endfacet
  facet normal -0 0 1
    outer loop
      vertex 59.707 53.6263 0.799999
      vertex 59.9332 50.1753 0.799999
      vertex 59.9332 53.8247 0.799999
    endloop
  endfacet
  facet normal 0 0 1
    outer loop
      vertex 59.707 53.6263 0.799999
      vertex 59.707 50.3737 0.799999
      vertex 59.9332 50.1753 0.799999
    endloop
  endfacet
  facet normal -0 0 1
    outer loop
      vertex 59.5086 53.4002 0.799999
      vertex 59.707 50.3737 0.799999
      vertex 59.707 53.6263 0.799999
    endloop
  endfacet
  facet normal 0 0 1
    outer loop
      vertex 59.5086 53.4002 0.799999
      vertex 59.5086 50.5998 0.799999
      vertex 59.707 50.3737 0.799999
    endloop
  endfacet
  facet normal -0 0 1
    outer loop
      vertex 59.3415 53.15 0.799999
      vertex 59.5086 50.5998 0.799999
      vertex 59.5086 53.4002 0.799999
    endloop
  endfacet
  facet normal 0 0 1
    outer loop
      vertex 59.3415 53.15 0.799999
      vertex 59.3415 50.85 0.799999
      vertex 59.5086 50.5998 0.799999
    endloop
  endfacet
  facet normal -0 0 1
    outer loop
      vertex 59.2084 52.8802 0.799999
      vertex 59.3415 50.85 0.799999
      vertex 59.3415 53.15 0.799999
    endloop
  endfacet
  facet normal 0 0 1
    outer loop
      vertex 59.2084 52.8802 0.799999
      vertex 59.2084 51.1198 0.799999
      vertex 59.3415 50.85 0.799999
    endloop
  endfacet
  facet normal -0 0 1
    outer loop
      vertex 59.1117 52.5953 0.799999
      vertex 59.2084 51.1198 0.799999
      vertex 59.2084 52.8802 0.799999
    endloop
  endfacet
  facet normal 0 0 1
    outer loop
      vertex 59.1117 52.5953 0.799999
      vertex 59.1117 51.4047 0.799999
      vertex 59.2084 51.1198 0.799999
    endloop
  endfacet
  facet normal -0 0 1
    outer loop
      vertex 59.053 52.3002 0.799999
      vertex 59.1117 51.4047 0.799999
      vertex 59.1117 52.5953 0.799999
    endloop
  endfacet
  facet normal 0 0 1
    outer loop
      vertex 59.053 52.3002 0.799999
      vertex 59.053 51.6998 0.799999
      vertex 59.1117 51.4047 0.799999
    endloop
  endfacet
  facet normal 0 -0 1
    outer loop
      vertex 59.053 51.6998 0.799999
      vertex 59.053 52.3002 0.799999
      vertex 59.0333 52 0.799999
    endloop
  endfacet
  facet normal 0.555774 -0.831334 0
    outer loop
      vertex 59.9332 53.8247 0.799999
      vertex 60.1833 53.9919 1.3
      vertex 59.9332 53.8247 1.3
    endloop
  endfacet
  facet normal 0.555774 -0.831334 0
    outer loop
      vertex 60.1833 53.9919 1.3
      vertex 59.9332 53.8247 0.799999
      vertex 60.1833 53.9919 0.799999
    endloop
  endfacet
  facet normal 0.321509 -0.946906 0
    outer loop
      vertex 60.4532 54.1249 0.799999
      vertex 60.738 54.2216 1.3
      vertex 60.4532 54.1249 1.3
    endloop
  endfacet
  facet normal 0.321509 -0.946906 0
    outer loop
      vertex 60.738 54.2216 1.3
      vertex 60.4532 54.1249 0.799999
      vertex 60.738 54.2216 0.799999
    endloop
  endfacet
  facet normal -0.946941 0.321408 0
    outer loop
      vertex 63.4583 51.1198 0.799999
      vertex 63.555 51.4047 1.3
      vertex 63.555 51.4047 0.799999
    endloop
  endfacet
  facet normal -0.946941 0.321408 0
    outer loop
      vertex 63.555 51.4047 1.3
      vertex 63.4583 51.1198 0.799999
      vertex 63.4583 51.1198 1.3
    endloop
  endfacet
  facet normal -0.55562 0.831436 0
    outer loop
      vertex 62.7335 50.1753 0.799999
      vertex 62.4833 50.0081 1.3
      vertex 62.7335 50.1753 1.3
    endloop
  endfacet
  facet normal -0.55562 0.831436 0
    outer loop
      vertex 62.4833 50.0081 1.3
      vertex 62.7335 50.1753 0.799999
      vertex 62.4833 50.0081 0.799999
    endloop
  endfacet
  facet normal 0.195093 0.980785 -0
    outer loop
      vertex 61.0331 49.7197 0.799999
      vertex 60.738 49.7784 1.3
      vertex 61.0331 49.7197 1.3
    endloop
  endfacet
  facet normal 0.195093 0.980785 0
    outer loop
      vertex 60.738 49.7784 1.3
      vertex 61.0331 49.7197 0.799999
      vertex 60.738 49.7784 0.799999
    endloop
  endfacet
  facet normal 0.83159 0.55539 0
    outer loop
      vertex 59.5086 50.5998 1.3
      vertex 59.3415 50.85 0.799999
      vertex 59.3415 50.85 1.3
    endloop
  endfacet
  facet normal 0.83159 0.55539 0
    outer loop
      vertex 59.3415 50.85 0.799999
      vertex 59.5086 50.5998 1.3
      vertex 59.5086 50.5998 0.799999
    endloop
  endfacet
  facet normal -0.946941 -0.321408 0
    outer loop
      vertex 63.555 52.5953 0.799999
      vertex 63.4583 52.8802 1.3
      vertex 63.4583 52.8802 0.799999
    endloop
  endfacet
  facet normal -0.946941 -0.321408 0
    outer loop
      vertex 63.4583 52.8802 1.3
      vertex 63.555 52.5953 0.799999
      vertex 63.555 52.5953 1.3
    endloop
  endfacet
  facet normal -0.980785 -0.195093 0
    outer loop
      vertex 63.6137 52.3002 0.799999
      vertex 63.555 52.5953 1.3
      vertex 63.555 52.5953 0.799999
    endloop
  endfacet
  facet normal -0.980785 -0.195093 0
    outer loop
      vertex 63.555 52.5953 1.3
      vertex 63.6137 52.3002 0.799999
      vertex 63.6137 52.3002 1.3
    endloop
  endfacet
  facet normal -0.751814 -0.659375 0
    outer loop
      vertex 63.158 53.4002 0.799999
      vertex 62.9597 53.6263 1.3
      vertex 62.9597 53.6263 0.799999
    endloop
  endfacet
  facet normal -0.751814 -0.659375 0
    outer loop
      vertex 62.9597 53.6263 1.3
      vertex 63.158 53.4002 0.799999
      vertex 63.158 53.4002 1.3
    endloop
  endfacet
  facet normal -0.0654821 -0.997854 0
    outer loop
      vertex 61.3333 54.3 0.799999
      vertex 61.6335 54.2803 1.3
      vertex 61.3333 54.3 1.3
    endloop
  endfacet
  facet normal -0.0654821 -0.997854 -0
    outer loop
      vertex 61.6335 54.2803 1.3
      vertex 61.3333 54.3 0.799999
      vertex 61.6335 54.2803 0.799999
    endloop
  endfacet
  facet normal -0.55562 -0.831436 0
    outer loop
      vertex 62.4833 53.9919 0.799999
      vertex 62.7335 53.8247 1.3
      vertex 62.4833 53.9919 1.3
    endloop
  endfacet
  facet normal -0.55562 -0.831436 -0
    outer loop
      vertex 62.7335 53.8247 1.3
      vertex 62.4833 53.9919 0.799999
      vertex 62.7335 53.8247 0.799999
    endloop
  endfacet
  facet normal 0.896808 -0.442421 0
    outer loop
      vertex 59.2084 52.8802 1.3
      vertex 59.3415 53.15 0.799999
      vertex 59.3415 53.15 1.3
    endloop
  endfacet
  facet normal 0.896808 -0.442421 0
    outer loop
      vertex 59.3415 53.15 0.799999
      vertex 59.2084 52.8802 1.3
      vertex 59.2084 52.8802 0.799999
    endloop
  endfacet
  facet normal 0.83159 -0.55539 0
    outer loop
      vertex 59.3415 53.15 1.3
      vertex 59.5086 53.4002 0.799999
      vertex 59.5086 53.4002 1.3
    endloop
  endfacet
  facet normal 0.83159 -0.55539 0
    outer loop
      vertex 59.5086 53.4002 0.799999
      vertex 59.3415 53.15 1.3
      vertex 59.3415 53.15 0.799999
    endloop
  endfacet
  facet normal 0.980785 -0.195093 0
    outer loop
      vertex 59.053 52.3002 1.3
      vertex 59.1117 52.5953 0.799999
      vertex 59.1117 52.5953 1.3
    endloop
  endfacet
  facet normal 0.980785 -0.195093 0
    outer loop
      vertex 59.1117 52.5953 0.799999
      vertex 59.053 52.3002 1.3
      vertex 59.053 52.3002 0.799999
    endloop
  endfacet
  facet normal 0.997854 -0.0654821 0
    outer loop
      vertex 59.0333 52 1.3
      vertex 59.053 52.3002 0.799999
      vertex 59.053 52.3002 1.3
    endloop
  endfacet
  facet normal 0.997854 -0.0654821 0
    outer loop
      vertex 59.053 52.3002 0.799999
      vertex 59.0333 52 1.3
      vertex 59.0333 52 0.799999
    endloop
  endfacet
  facet normal 0.997854 0.0654821 0
    outer loop
      vertex 59.053 51.6998 1.3
      vertex 59.0333 52 0.799999
      vertex 59.0333 52 1.3
    endloop
  endfacet
  facet normal 0.997854 0.0654821 0
    outer loop
      vertex 59.0333 52 0.799999
      vertex 59.053 51.6998 1.3
      vertex 59.053 51.6998 0.799999
    endloop
  endfacet
  facet normal 0.659398 -0.751794 0
    outer loop
      vertex 59.707 53.6263 0.799999
      vertex 59.9332 53.8247 1.3
      vertex 59.707 53.6263 1.3
    endloop
  endfacet
  facet normal 0.659398 -0.751794 0
    outer loop
      vertex 59.9332 53.8247 1.3
      vertex 59.707 53.6263 0.799999
      vertex 59.9332 53.8247 0.799999
    endloop
  endfacet
  facet normal 0.195093 -0.980785 0
    outer loop
      vertex 60.738 54.2216 0.799999
      vertex 61.0331 54.2803 1.3
      vertex 60.738 54.2216 1.3
    endloop
  endfacet
  facet normal 0.195093 -0.980785 0
    outer loop
      vertex 61.0331 54.2803 1.3
      vertex 60.738 54.2216 0.799999
      vertex 61.0331 54.2803 0.799999
    endloop
  endfacet
  facet normal -0.997875 0.0651511 0
    outer loop
      vertex 63.6137 51.6998 0.799999
      vertex 63.6333 52 1.3
      vertex 63.6333 52 0.799999
    endloop
  endfacet
  facet normal -0.997875 0.0651511 0
    outer loop
      vertex 63.6333 52 1.3
      vertex 63.6137 51.6998 0.799999
      vertex 63.6137 51.6998 1.3
    endloop
  endfacet
  facet normal -0.195093 0.980785 0
    outer loop
      vertex 61.9286 49.7784 0.799999
      vertex 61.6335 49.7197 1.3
      vertex 61.9286 49.7784 1.3
    endloop
  endfacet
  facet normal -0.195093 0.980785 0
    outer loop
      vertex 61.6335 49.7197 1.3
      vertex 61.9286 49.7784 0.799999
      vertex 61.6335 49.7197 0.799999
    endloop
  endfacet
  facet normal -0.442153 0.89694 0
    outer loop
      vertex 62.4833 50.0081 0.799999
      vertex 62.2135 49.8751 1.3
      vertex 62.4833 50.0081 1.3
    endloop
  endfacet
  facet normal -0.442153 0.89694 0
    outer loop
      vertex 62.2135 49.8751 1.3
      vertex 62.4833 50.0081 0.799999
      vertex 62.2135 49.8751 0.799999
    endloop
  endfacet
  facet normal -0.659398 0.751794 0
    outer loop
      vertex 62.9597 50.3737 0.799999
      vertex 62.7335 50.1753 1.3
      vertex 62.9597 50.3737 1.3
    endloop
  endfacet
  facet normal -0.659398 0.751794 0
    outer loop
      vertex 62.7335 50.1753 1.3
      vertex 62.9597 50.3737 0.799999
      vertex 62.7335 50.1753 0.799999
    endloop
  endfacet
  facet normal -0.831436 0.55562 0
    outer loop
      vertex 63.158 50.5998 0.799999
      vertex 63.3252 50.85 1.3
      vertex 63.3252 50.85 0.799999
    endloop
  endfacet
  facet normal -0.831436 0.55562 0
    outer loop
      vertex 63.3252 50.85 1.3
      vertex 63.158 50.5998 0.799999
      vertex 63.158 50.5998 1.3
    endloop
  endfacet
  facet normal 0.555774 0.831334 -0
    outer loop
      vertex 60.1833 50.0081 0.799999
      vertex 59.9332 50.1753 1.3
      vertex 60.1833 50.0081 1.3
    endloop
  endfacet
  facet normal 0.555774 0.831334 0
    outer loop
      vertex 59.9332 50.1753 1.3
      vertex 60.1833 50.0081 0.799999
      vertex 59.9332 50.1753 0.799999
    endloop
  endfacet
  facet normal 0.321509 0.946906 -0
    outer loop
      vertex 60.738 49.7784 0.799999
      vertex 60.4532 49.8751 1.3
      vertex 60.738 49.7784 1.3
    endloop
  endfacet
  facet normal 0.321509 0.946906 0
    outer loop
      vertex 60.4532 49.8751 1.3
      vertex 60.738 49.7784 0.799999
      vertex 60.4532 49.8751 0.799999
    endloop
  endfacet
  facet normal 0.0654821 0.997854 -0
    outer loop
      vertex 61.3333 49.7 0.799999
      vertex 61.0331 49.7197 1.3
      vertex 61.3333 49.7 1.3
    endloop
  endfacet
  facet normal 0.0654821 0.997854 0
    outer loop
      vertex 61.0331 49.7197 1.3
      vertex 61.3333 49.7 0.799999
      vertex 61.0331 49.7197 0.799999
    endloop
  endfacet
  facet normal 0.751649 0.659563 0
    outer loop
      vertex 59.707 50.3737 1.3
      vertex 59.5086 50.5998 0.799999
      vertex 59.5086 50.5998 1.3
    endloop
  endfacet
  facet normal 0.751649 0.659563 0
    outer loop
      vertex 59.5086 50.5998 0.799999
      vertex 59.707 50.3737 1.3
      vertex 59.707 50.3737 0.799999
    endloop
  endfacet
  facet normal 0.896808 0.442421 0
    outer loop
      vertex 59.3415 50.85 1.3
      vertex 59.2084 51.1198 0.799999
      vertex 59.2084 51.1198 1.3
    endloop
  endfacet
  facet normal 0.896808 0.442421 0
    outer loop
      vertex 59.2084 51.1198 0.799999
      vertex 59.3415 50.85 1.3
      vertex 59.3415 50.85 0.799999
    endloop
  endfacet
  facet normal 0.980785 0.195093 0
    outer loop
      vertex 59.1117 51.4047 1.3
      vertex 59.053 51.6998 0.799999
      vertex 59.053 51.6998 1.3
    endloop
  endfacet
  facet normal 0.980785 0.195093 0
    outer loop
      vertex 59.053 51.6998 0.799999
      vertex 59.1117 51.4047 1.3
      vertex 59.1117 51.4047 0.799999
    endloop
  endfacet
  facet normal -0.321408 0.946941 0
    outer loop
      vertex 62.2135 49.8751 0.799999
      vertex 61.9286 49.7784 1.3
      vertex 62.2135 49.8751 1.3
    endloop
  endfacet
  facet normal -0.321408 0.946941 0
    outer loop
      vertex 61.9286 49.7784 1.3
      vertex 62.2135 49.8751 0.799999
      vertex 61.9286 49.7784 0.799999
    endloop
  endfacet
  facet normal -0.751814 0.659375 0
    outer loop
      vertex 62.9597 50.3737 0.799999
      vertex 63.158 50.5998 1.3
      vertex 63.158 50.5998 0.799999
    endloop
  endfacet
  facet normal -0.751814 0.659375 0
    outer loop
      vertex 63.158 50.5998 1.3
      vertex 62.9597 50.3737 0.799999
      vertex 62.9597 50.3737 1.3
    endloop
  endfacet
  facet normal -0.980785 0.195093 0
    outer loop
      vertex 63.555 51.4047 0.799999
      vertex 63.6137 51.6998 1.3
      vertex 63.6137 51.6998 0.799999
    endloop
  endfacet
  facet normal -0.980785 0.195093 0
    outer loop
      vertex 63.6137 51.6998 1.3
      vertex 63.555 51.4047 0.799999
      vertex 63.555 51.4047 1.3
    endloop
  endfacet
  facet normal -0.896808 0.442421 0
    outer loop
      vertex 63.3252 50.85 0.799999
      vertex 63.4583 51.1198 1.3
      vertex 63.4583 51.1198 0.799999
    endloop
  endfacet
  facet normal -0.896808 0.442421 0
    outer loop
      vertex 63.4583 51.1198 1.3
      vertex 63.3252 50.85 0.799999
      vertex 63.3252 50.85 1.3
    endloop
  endfacet
  facet normal 0.442021 0.897004 -0
    outer loop
      vertex 60.4532 49.8751 0.799999
      vertex 60.1833 50.0081 1.3
      vertex 60.4532 49.8751 1.3
    endloop
  endfacet
  facet normal 0.442021 0.897004 0
    outer loop
      vertex 60.1833 50.0081 1.3
      vertex 60.4532 49.8751 0.799999
      vertex 60.1833 50.0081 0.799999
    endloop
  endfacet
  facet normal -0.0654821 0.997854 0
    outer loop
      vertex 61.6335 49.7197 0.799999
      vertex 61.3333 49.7 1.3
      vertex 61.6335 49.7197 1.3
    endloop
  endfacet
  facet normal -0.0654821 0.997854 0
    outer loop
      vertex 61.3333 49.7 1.3
      vertex 61.6335 49.7197 0.799999
      vertex 61.3333 49.7 0.799999
    endloop
  endfacet
  facet normal 0.659398 0.751794 -0
    outer loop
      vertex 59.9332 50.1753 0.799999
      vertex 59.707 50.3737 1.3
      vertex 59.9332 50.1753 1.3
    endloop
  endfacet
  facet normal 0.659398 0.751794 0
    outer loop
      vertex 59.707 50.3737 1.3
      vertex 59.9332 50.1753 0.799999
      vertex 59.707 50.3737 0.799999
    endloop
  endfacet
  facet normal 0.946941 0.321408 0
    outer loop
      vertex 59.2084 51.1198 1.3
      vertex 59.1117 51.4047 0.799999
      vertex 59.1117 51.4047 1.3
    endloop
  endfacet
  facet normal 0.946941 0.321408 0
    outer loop
      vertex 59.1117 51.4047 0.799999
      vertex 59.2084 51.1198 1.3
      vertex 59.2084 51.1198 0.799999
    endloop
  endfacet
  facet normal -0.997854 -0.0654799 0
    outer loop
      vertex -80.7 0 0.799999
      vertex -80.7197 0.30021 1.3
      vertex -80.7197 0.30021 0.799999
    endloop
  endfacet
  facet normal -0.997854 -0.0654799 0
    outer loop
      vertex -80.7197 0.30021 1.3
      vertex -80.7 0 0.799999
      vertex -80.7 0 1.3
    endloop
  endfacet
  facet normal 0.997854 -0.0654799 0
    outer loop
      vertex -85.3 0 1.3
      vertex -85.2803 0.30021 0.799999
      vertex -85.2803 0.30021 1.3
    endloop
  endfacet
  facet normal 0.997854 -0.0654799 0
    outer loop
      vertex -85.2803 0.30021 0.799999
      vertex -85.3 0 1.3
      vertex -85.3 0 0.799999
    endloop
  endfacet
  facet normal 0.0654159 -0.997858 0
    outer loop
      vertex -83.3002 2.28032 0.799999
      vertex -83 2.3 1.3
      vertex -83.3002 2.28032 1.3
    endloop
  endfacet
  facet normal 0.0654159 -0.997858 0
    outer loop
      vertex -83 2.3 1.3
      vertex -83.3002 2.28032 0.799999
      vertex -83 2.3 0.799999
    endloop
  endfacet
  facet normal -0.0654159 0.997858 0
    outer loop
      vertex -82.6998 -2.28032 0.799999
      vertex -83 -2.3 1.3
      vertex -82.6998 -2.28032 1.3
    endloop
  endfacet
  facet normal -0.0654159 0.997858 0
    outer loop
      vertex -83 -2.3 1.3
      vertex -82.6998 -2.28032 0.799999
      vertex -83 -2.3 0.799999
    endloop
  endfacet
  facet normal -0.659507 -0.751699 0
    outer loop
      vertex -81.5998 1.82471 0.799999
      vertex -81.3737 1.62634 1.3
      vertex -81.5998 1.82471 1.3
    endloop
  endfacet
  facet normal -0.659507 -0.751699 -0
    outer loop
      vertex -81.3737 1.62634 1.3
      vertex -81.5998 1.82471 0.799999
      vertex -81.3737 1.62634 0.799999
    endloop
  endfacet
  facet normal 0.751779 -0.659415 0
    outer loop
      vertex -84.8247 1.40015 1.3
      vertex -84.6263 1.62634 0.799999
      vertex -84.6263 1.62634 1.3
    endloop
  endfacet
  facet normal 0.751779 -0.659415 0
    outer loop
      vertex -84.6263 1.62634 0.799999
      vertex -84.8247 1.40015 1.3
      vertex -84.8247 1.40015 0.799999
    endloop
  endfacet
  facet normal 0.442314 -0.89686 0
    outer loop
      vertex -84.15 1.99186 0.799999
      vertex -83.8802 2.12492 1.3
      vertex -84.15 1.99186 1.3
    endloop
  endfacet
  facet normal 0.442314 -0.89686 0
    outer loop
      vertex -83.8802 2.12492 1.3
      vertex -84.15 1.99186 0.799999
      vertex -83.8802 2.12492 0.799999
    endloop
  endfacet
  facet normal -0.896958 -0.442116 0
    outer loop
      vertex -80.8751 0.880172 0.799999
      vertex -81.0081 1.15 1.3
      vertex -81.0081 1.15 0.799999
    endloop
  endfacet
  facet normal -0.896958 -0.442116 0
    outer loop
      vertex -81.0081 1.15 1.3
      vertex -80.8751 0.880172 0.799999
      vertex -80.8751 0.880172 1.3
    endloop
  endfacet
  facet normal -0.831385 -0.555697 0
    outer loop
      vertex -81.0081 1.15 0.799999
      vertex -81.1753 1.40015 1.3
      vertex -81.1753 1.40015 0.799999
    endloop
  endfacet
  facet normal -0.831385 -0.555697 0
    outer loop
      vertex -81.1753 1.40015 1.3
      vertex -81.0081 1.15 0.799999
      vertex -81.0081 1.15 1.3
    endloop
  endfacet
  facet normal -0.321438 -0.946931 0
    outer loop
      vertex -82.4047 2.22163 0.799999
      vertex -82.1198 2.12492 1.3
      vertex -82.4047 2.22163 1.3
    endloop
  endfacet
  facet normal -0.321438 -0.946931 -0
    outer loop
      vertex -82.1198 2.12492 1.3
      vertex -82.4047 2.22163 0.799999
      vertex -82.1198 2.12492 0.799999
    endloop
  endfacet
  facet normal -0.195061 -0.980791 0
    outer loop
      vertex -82.6998 2.28032 0.799999
      vertex -82.4047 2.22163 1.3
      vertex -82.6998 2.28032 1.3
    endloop
  endfacet
  facet normal -0.195061 -0.980791 -0
    outer loop
      vertex -82.4047 2.22163 1.3
      vertex -82.6998 2.28032 0.799999
      vertex -82.4047 2.22163 0.799999
    endloop
  endfacet
  facet normal -0.442314 -0.89686 0
    outer loop
      vertex -82.1198 2.12492 0.799999
      vertex -81.85 1.99186 1.3
      vertex -82.1198 2.12492 1.3
    endloop
  endfacet
  facet normal -0.442314 -0.89686 -0
    outer loop
      vertex -81.85 1.99186 1.3
      vertex -82.1198 2.12492 0.799999
      vertex -81.85 1.99186 0.799999
    endloop
  endfacet
  facet normal 0.896958 -0.442116 0
    outer loop
      vertex -85.1249 0.880172 1.3
      vertex -84.9919 1.15 0.799999
      vertex -84.9919 1.15 1.3
    endloop
  endfacet
  facet normal 0.896958 -0.442116 0
    outer loop
      vertex -84.9919 1.15 0.799999
      vertex -85.1249 0.880172 1.3
      vertex -85.1249 0.880172 0.799999
    endloop
  endfacet
  facet normal 0.831385 -0.555697 0
    outer loop
      vertex -84.9919 1.15 1.3
      vertex -84.8247 1.40015 0.799999
      vertex -84.8247 1.40015 1.3
    endloop
  endfacet
  facet normal 0.831385 -0.555697 0
    outer loop
      vertex -84.8247 1.40015 0.799999
      vertex -84.9919 1.15 1.3
      vertex -84.9919 1.15 0.799999
    endloop
  endfacet
  facet normal 0.555505 -0.831513 0
    outer loop
      vertex -84.4002 1.82471 0.799999
      vertex -84.15 1.99186 1.3
      vertex -84.4002 1.82471 1.3
    endloop
  endfacet
  facet normal 0.555505 -0.831513 0
    outer loop
      vertex -84.15 1.99186 1.3
      vertex -84.4002 1.82471 0.799999
      vertex -84.15 1.99186 0.799999
    endloop
  endfacet
  facet normal 0.321438 -0.946931 0
    outer loop
      vertex -83.8802 2.12492 0.799999
      vertex -83.5953 2.22163 1.3
      vertex -83.8802 2.12492 1.3
    endloop
  endfacet
  facet normal 0.321438 -0.946931 0
    outer loop
      vertex -83.5953 2.22163 1.3
      vertex -83.8802 2.12492 0.799999
      vertex -83.5953 2.22163 0.799999
    endloop
  endfacet
  facet normal 0 0 1
    outer loop
      vertex -80.7197 0.30021 0.799999
      vertex -80.7197 -0.30021 0.799999
      vertex -80.7 0 0.799999
    endloop
  endfacet
  facet normal 0 0 1
    outer loop
      vertex -80.7784 0.595284 0.799999
      vertex -80.7197 -0.30021 0.799999
      vertex -80.7197 0.30021 0.799999
    endloop
  endfacet
  facet normal 0 0 1
    outer loop
      vertex -80.7784 0.595284 0.799999
      vertex -80.7784 -0.595284 0.799999
      vertex -80.7197 -0.30021 0.799999
    endloop
  endfacet
  facet normal 0 0 1
    outer loop
      vertex -80.8751 0.880172 0.799999
      vertex -80.7784 -0.595284 0.799999
      vertex -80.7784 0.595284 0.799999
    endloop
  endfacet
  facet normal 0 0 1
    outer loop
      vertex -80.8751 0.880172 0.799999
      vertex -80.8751 -0.880172 0.799999
      vertex -80.7784 -0.595284 0.799999
    endloop
  endfacet
  facet normal 0 0 1
    outer loop
      vertex -81.0081 1.15 0.799999
      vertex -80.8751 -0.880172 0.799999
      vertex -80.8751 0.880172 0.799999
    endloop
  endfacet
  facet normal 0 0 1
    outer loop
      vertex -81.0081 1.15 0.799999
      vertex -81.0081 -1.15 0.799999
      vertex -80.8751 -0.880172 0.799999
    endloop
  endfacet
  facet normal 0 0 1
    outer loop
      vertex -81.1753 1.40015 0.799999
      vertex -81.0081 -1.15 0.799999
      vertex -81.0081 1.15 0.799999
    endloop
  endfacet
  facet normal 0 0 1
    outer loop
      vertex -81.1753 1.40015 0.799999
      vertex -81.1753 -1.40015 0.799999
      vertex -81.0081 -1.15 0.799999
    endloop
  endfacet
  facet normal 0 0 1
    outer loop
      vertex -81.3737 1.62634 0.799999
      vertex -81.1753 -1.40015 0.799999
      vertex -81.1753 1.40015 0.799999
    endloop
  endfacet
  facet normal 0 0 1
    outer loop
      vertex -81.3737 1.62634 0.799999
      vertex -81.3737 -1.62634 0.799999
      vertex -81.1753 -1.40015 0.799999
    endloop
  endfacet
  facet normal 0 0 1
    outer loop
      vertex -81.5998 1.82471 0.799999
      vertex -81.3737 -1.62634 0.799999
      vertex -81.3737 1.62634 0.799999
    endloop
  endfacet
  facet normal 0 0 1
    outer loop
      vertex -81.5998 1.82471 0.799999
      vertex -81.5998 -1.82471 0.799999
      vertex -81.3737 -1.62634 0.799999
    endloop
  endfacet
  facet normal 0 0 1
    outer loop
      vertex -81.85 1.99186 0.799999
      vertex -81.5998 -1.82471 0.799999
      vertex -81.5998 1.82471 0.799999
    endloop
  endfacet
  facet normal 0 0 1
    outer loop
      vertex -81.85 1.99186 0.799999
      vertex -81.85 -1.99186 0.799999
      vertex -81.5998 -1.82471 0.799999
    endloop
  endfacet
  facet normal 0 0 1
    outer loop
      vertex -82.1198 2.12492 0.799999
      vertex -81.85 -1.99186 0.799999
      vertex -81.85 1.99186 0.799999
    endloop
  endfacet
  facet normal 0 0 1
    outer loop
      vertex -82.1198 2.12492 0.799999
      vertex -82.1198 -2.12492 0.799999
      vertex -81.85 -1.99186 0.799999
    endloop
  endfacet
  facet normal 0 0 1
    outer loop
      vertex -82.4047 2.22163 0.799999
      vertex -82.1198 -2.12492 0.799999
      vertex -82.1198 2.12492 0.799999
    endloop
  endfacet
  facet normal 0 0 1
    outer loop
      vertex -82.4047 2.22163 0.799999
      vertex -82.4047 -2.22163 0.799999
      vertex -82.1198 -2.12492 0.799999
    endloop
  endfacet
  facet normal 0 0 1
    outer loop
      vertex -82.6998 2.28032 0.799999
      vertex -82.4047 -2.22163 0.799999
      vertex -82.4047 2.22163 0.799999
    endloop
  endfacet
  facet normal 0 0 1
    outer loop
      vertex -82.6998 2.28032 0.799999
      vertex -82.6998 -2.28032 0.799999
      vertex -82.4047 -2.22163 0.799999
    endloop
  endfacet
  facet normal 0 0 1
    outer loop
      vertex -83 2.3 0.799999
      vertex -82.6998 -2.28032 0.799999
      vertex -82.6998 2.28032 0.799999
    endloop
  endfacet
  facet normal 0 0 1
    outer loop
      vertex -83 2.3 0.799999
      vertex -83 -2.3 0.799999
      vertex -82.6998 -2.28032 0.799999
    endloop
  endfacet
  facet normal -0 0 1
    outer loop
      vertex -83.3002 2.28032 0.799999
      vertex -83 -2.3 0.799999
      vertex -83 2.3 0.799999
    endloop
  endfacet
  facet normal 0 0 1
    outer loop
      vertex -83.3002 2.28032 0.799999
      vertex -83.3002 -2.28032 0.799999
      vertex -83 -2.3 0.799999
    endloop
  endfacet
  facet normal -0 0 1
    outer loop
      vertex -83.5953 2.22163 0.799999
      vertex -83.3002 -2.28032 0.799999
      vertex -83.3002 2.28032 0.799999
    endloop
  endfacet
  facet normal 0 0 1
    outer loop
      vertex -83.5953 2.22163 0.799999
      vertex -83.5953 -2.22163 0.799999
      vertex -83.3002 -2.28032 0.799999
    endloop
  endfacet
  facet normal -0 0 1
    outer loop
      vertex -83.8802 2.12492 0.799999
      vertex -83.5953 -2.22163 0.799999
      vertex -83.5953 2.22163 0.799999
    endloop
  endfacet
  facet normal 0 0 1
    outer loop
      vertex -83.8802 2.12492 0.799999
      vertex -83.8802 -2.12492 0.799999
      vertex -83.5953 -2.22163 0.799999
    endloop
  endfacet
  facet normal -0 0 1
    outer loop
      vertex -84.15 1.99186 0.799999
      vertex -83.8802 -2.12492 0.799999
      vertex -83.8802 2.12492 0.799999
    endloop
  endfacet
  facet normal 0 0 1
    outer loop
      vertex -84.15 1.99186 0.799999
      vertex -84.15 -1.99186 0.799999
      vertex -83.8802 -2.12492 0.799999
    endloop
  endfacet
  facet normal -0 0 1
    outer loop
      vertex -84.4002 1.82471 0.799999
      vertex -84.15 -1.99186 0.799999
      vertex -84.15 1.99186 0.799999
    endloop
  endfacet
  facet normal 0 0 1
    outer loop
      vertex -84.4002 1.82471 0.799999
      vertex -84.4002 -1.82471 0.799999
      vertex -84.15 -1.99186 0.799999
    endloop
  endfacet
  facet normal -0 0 1
    outer loop
      vertex -84.6263 1.62634 0.799999
      vertex -84.4002 -1.82471 0.799999
      vertex -84.4002 1.82471 0.799999
    endloop
  endfacet
  facet normal 0 0 1
    outer loop
      vertex -84.6263 1.62634 0.799999
      vertex -84.6263 -1.62634 0.799999
      vertex -84.4002 -1.82471 0.799999
    endloop
  endfacet
  facet normal -0 0 1
    outer loop
      vertex -84.8247 1.40015 0.799999
      vertex -84.6263 -1.62634 0.799999
      vertex -84.6263 1.62634 0.799999
    endloop
  endfacet
  facet normal 0 0 1
    outer loop
      vertex -84.8247 1.40015 0.799999
      vertex -84.8247 -1.40015 0.799999
      vertex -84.6263 -1.62634 0.799999
    endloop
  endfacet
  facet normal -0 0 1
    outer loop
      vertex -84.9919 1.15 0.799999
      vertex -84.8247 -1.40015 0.799999
      vertex -84.8247 1.40015 0.799999
    endloop
  endfacet
  facet normal 0 0 1
    outer loop
      vertex -84.9919 1.15 0.799999
      vertex -84.9919 -1.15 0.799999
      vertex -84.8247 -1.40015 0.799999
    endloop
  endfacet
  facet normal -0 0 1
    outer loop
      vertex -85.1249 0.880172 0.799999
      vertex -84.9919 -1.15 0.799999
      vertex -84.9919 1.15 0.799999
    endloop
  endfacet
  facet normal 0 0 1
    outer loop
      vertex -85.1249 0.880172 0.799999
      vertex -85.1249 -0.880172 0.799999
      vertex -84.9919 -1.15 0.799999
    endloop
  endfacet
  facet normal -0 0 1
    outer loop
      vertex -85.2216 0.595284 0.799999
      vertex -85.1249 -0.880172 0.799999
      vertex -85.1249 0.880172 0.799999
    endloop
  endfacet
  facet normal 0 0 1
    outer loop
      vertex -85.2216 0.595284 0.799999
      vertex -85.2216 -0.595284 0.799999
      vertex -85.1249 -0.880172 0.799999
    endloop
  endfacet
  facet normal -0 0 1
    outer loop
      vertex -85.2803 0.30021 0.799999
      vertex -85.2216 -0.595284 0.799999
      vertex -85.2216 0.595284 0.799999
    endloop
  endfacet
  facet normal 0 0 1
    outer loop
      vertex -85.2803 0.30021 0.799999
      vertex -85.2803 -0.30021 0.799999
      vertex -85.2216 -0.595284 0.799999
    endloop
  endfacet
  facet normal 0 -0 1
    outer loop
      vertex -85.2803 -0.30021 0.799999
      vertex -85.2803 0.30021 0.799999
      vertex -85.3 0 0.799999
    endloop
  endfacet
  facet normal -0.195061 0.980791 0
    outer loop
      vertex -82.4047 -2.22163 0.799999
      vertex -82.6998 -2.28032 1.3
      vertex -82.4047 -2.22163 1.3
    endloop
  endfacet
  facet normal -0.195061 0.980791 0
    outer loop
      vertex -82.6998 -2.28032 1.3
      vertex -82.4047 -2.22163 0.799999
      vertex -82.6998 -2.28032 0.799999
    endloop
  endfacet
  facet normal -0.442314 0.89686 0
    outer loop
      vertex -81.85 -1.99186 0.799999
      vertex -82.1198 -2.12492 1.3
      vertex -81.85 -1.99186 1.3
    endloop
  endfacet
  facet normal -0.442314 0.89686 0
    outer loop
      vertex -82.1198 -2.12492 1.3
      vertex -81.85 -1.99186 0.799999
      vertex -82.1198 -2.12492 0.799999
    endloop
  endfacet
  facet normal -0.946937 -0.32142 0
    outer loop
      vertex -80.7784 0.595284 0.799999
      vertex -80.8751 0.880172 1.3
      vertex -80.8751 0.880172 0.799999
    endloop
  endfacet
  facet normal -0.946937 -0.32142 0
    outer loop
      vertex -80.8751 0.880172 1.3
      vertex -80.7784 0.595284 0.799999
      vertex -80.7784 0.595284 1.3
    endloop
  endfacet
  facet normal -0.980781 -0.19511 0
    outer loop
      vertex -80.7197 0.30021 0.799999
      vertex -80.7784 0.595284 1.3
      vertex -80.7784 0.595284 0.799999
    endloop
  endfacet
  facet normal -0.980781 -0.19511 0
    outer loop
      vertex -80.7784 0.595284 1.3
      vertex -80.7197 0.30021 0.799999
      vertex -80.7197 0.30021 1.3
    endloop
  endfacet
  facet normal -0.751779 -0.659415 0
    outer loop
      vertex -81.1753 1.40015 0.799999
      vertex -81.3737 1.62634 1.3
      vertex -81.3737 1.62634 0.799999
    endloop
  endfacet
  facet normal -0.751779 -0.659415 0
    outer loop
      vertex -81.3737 1.62634 1.3
      vertex -81.1753 1.40015 0.799999
      vertex -81.1753 1.40015 1.3
    endloop
  endfacet
  facet normal -0.0654159 -0.997858 0
    outer loop
      vertex -83 2.3 0.799999
      vertex -82.6998 2.28032 1.3
      vertex -83 2.3 1.3
    endloop
  endfacet
  facet normal -0.0654159 -0.997858 -0
    outer loop
      vertex -82.6998 2.28032 1.3
      vertex -83 2.3 0.799999
      vertex -82.6998 2.28032 0.799999
    endloop
  endfacet
  facet normal -0.555505 -0.831513 0
    outer loop
      vertex -81.85 1.99186 0.799999
      vertex -81.5998 1.82471 1.3
      vertex -81.85 1.99186 1.3
    endloop
  endfacet
  facet normal -0.555505 -0.831513 -0
    outer loop
      vertex -81.5998 1.82471 1.3
      vertex -81.85 1.99186 0.799999
      vertex -81.5998 1.82471 0.799999
    endloop
  endfacet
  facet normal 0.946937 -0.32142 0
    outer loop
      vertex -85.2216 0.595284 1.3
      vertex -85.1249 0.880172 0.799999
      vertex -85.1249 0.880172 1.3
    endloop
  endfacet
  facet normal 0.946937 -0.32142 0
    outer loop
      vertex -85.1249 0.880172 0.799999
      vertex -85.2216 0.595284 1.3
      vertex -85.2216 0.595284 0.799999
    endloop
  endfacet
  facet normal 0.980781 -0.19511 0
    outer loop
      vertex -85.2803 0.30021 1.3
      vertex -85.2216 0.595284 0.799999
      vertex -85.2216 0.595284 1.3
    endloop
  endfacet
  facet normal 0.980781 -0.19511 0
    outer loop
      vertex -85.2216 0.595284 0.799999
      vertex -85.2803 0.30021 1.3
      vertex -85.2803 0.30021 0.799999
    endloop
  endfacet
  facet normal 0.659507 -0.751699 0
    outer loop
      vertex -84.6263 1.62634 0.799999
      vertex -84.4002 1.82471 1.3
      vertex -84.6263 1.62634 1.3
    endloop
  endfacet
  facet normal 0.659507 -0.751699 0
    outer loop
      vertex -84.4002 1.82471 1.3
      vertex -84.6263 1.62634 0.799999
      vertex -84.4002 1.82471 0.799999
    endloop
  endfacet
  facet normal 0.195061 -0.980791 0
    outer loop
      vertex -83.5953 2.22163 0.799999
      vertex -83.3002 2.28032 1.3
      vertex -83.5953 2.22163 1.3
    endloop
  endfacet
  facet normal 0.195061 -0.980791 0
    outer loop
      vertex -83.3002 2.28032 1.3
      vertex -83.5953 2.22163 0.799999
      vertex -83.3002 2.28032 0.799999
    endloop
  endfacet
  facet normal -0.946937 0.32142 0
    outer loop
      vertex -80.8751 -0.880172 0.799999
      vertex -80.7784 -0.595284 1.3
      vertex -80.7784 -0.595284 0.799999
    endloop
  endfacet
  facet normal -0.946937 0.32142 0
    outer loop
      vertex -80.7784 -0.595284 1.3
      vertex -80.8751 -0.880172 0.799999
      vertex -80.8751 -0.880172 1.3
    endloop
  endfacet
  facet normal -0.980781 0.19511 0
    outer loop
      vertex -80.7784 -0.595284 0.799999
      vertex -80.7197 -0.30021 1.3
      vertex -80.7197 -0.30021 0.799999
    endloop
  endfacet
  facet normal -0.980781 0.19511 0
    outer loop
      vertex -80.7197 -0.30021 1.3
      vertex -80.7784 -0.595284 0.799999
      vertex -80.7784 -0.595284 1.3
    endloop
  endfacet
  facet normal 0.896958 0.442116 0
    outer loop
      vertex -84.9919 -1.15 1.3
      vertex -85.1249 -0.880172 0.799999
      vertex -85.1249 -0.880172 1.3
    endloop
  endfacet
  facet normal 0.896958 0.442116 0
    outer loop
      vertex -85.1249 -0.880172 0.799999
      vertex -84.9919 -1.15 1.3
      vertex -84.9919 -1.15 0.799999
    endloop
  endfacet
  facet normal -0.555505 0.831513 0
    outer loop
      vertex -81.5998 -1.82471 0.799999
      vertex -81.85 -1.99186 1.3
      vertex -81.5998 -1.82471 1.3
    endloop
  endfacet
  facet normal -0.555505 0.831513 0
    outer loop
      vertex -81.85 -1.99186 1.3
      vertex -81.5998 -1.82471 0.799999
      vertex -81.85 -1.99186 0.799999
    endloop
  endfacet
  facet normal -0.997854 0.0654799 0
    outer loop
      vertex -80.7197 -0.30021 0.799999
      vertex -80.7 0 1.3
      vertex -80.7 0 0.799999
    endloop
  endfacet
  facet normal -0.997854 0.0654799 0
    outer loop
      vertex -80.7 0 1.3
      vertex -80.7197 -0.30021 0.799999
      vertex -80.7197 -0.30021 1.3
    endloop
  endfacet
  facet normal 0.980781 0.19511 0
    outer loop
      vertex -85.2216 -0.595284 1.3
      vertex -85.2803 -0.30021 0.799999
      vertex -85.2803 -0.30021 1.3
    endloop
  endfacet
  facet normal 0.980781 0.19511 0
    outer loop
      vertex -85.2803 -0.30021 0.799999
      vertex -85.2216 -0.595284 1.3
      vertex -85.2216 -0.595284 0.799999
    endloop
  endfacet
  facet normal 0.997854 0.0654799 0
    outer loop
      vertex -85.2803 -0.30021 1.3
      vertex -85.3 0 0.799999
      vertex -85.3 0 1.3
    endloop
  endfacet
  facet normal 0.997854 0.0654799 0
    outer loop
      vertex -85.3 0 0.799999
      vertex -85.2803 -0.30021 1.3
      vertex -85.2803 -0.30021 0.799999
    endloop
  endfacet
  facet normal 0.946937 0.32142 0
    outer loop
      vertex -85.1249 -0.880172 1.3
      vertex -85.2216 -0.595284 0.799999
      vertex -85.2216 -0.595284 1.3
    endloop
  endfacet
  facet normal 0.946937 0.32142 0
    outer loop
      vertex -85.2216 -0.595284 0.799999
      vertex -85.1249 -0.880172 1.3
      vertex -85.1249 -0.880172 0.799999
    endloop
  endfacet
  facet normal -0.659507 0.751699 0
    outer loop
      vertex -81.3737 -1.62634 0.799999
      vertex -81.5998 -1.82471 1.3
      vertex -81.3737 -1.62634 1.3
    endloop
  endfacet
  facet normal -0.659507 0.751699 0
    outer loop
      vertex -81.5998 -1.82471 1.3
      vertex -81.3737 -1.62634 0.799999
      vertex -81.5998 -1.82471 0.799999
    endloop
  endfacet
  facet normal -0.321438 0.946931 0
    outer loop
      vertex -82.1198 -2.12492 0.799999
      vertex -82.4047 -2.22163 1.3
      vertex -82.1198 -2.12492 1.3
    endloop
  endfacet
  facet normal -0.321438 0.946931 0
    outer loop
      vertex -82.4047 -2.22163 1.3
      vertex -82.1198 -2.12492 0.799999
      vertex -82.4047 -2.22163 0.799999
    endloop
  endfacet
  facet normal -0.896958 0.442116 0
    outer loop
      vertex -81.0081 -1.15 0.799999
      vertex -80.8751 -0.880172 1.3
      vertex -80.8751 -0.880172 0.799999
    endloop
  endfacet
  facet normal -0.896958 0.442116 0
    outer loop
      vertex -80.8751 -0.880172 1.3
      vertex -81.0081 -1.15 0.799999
      vertex -81.0081 -1.15 1.3
    endloop
  endfacet
  facet normal -0.831385 0.555697 0
    outer loop
      vertex -81.1753 -1.40015 0.799999
      vertex -81.0081 -1.15 1.3
      vertex -81.0081 -1.15 0.799999
    endloop
  endfacet
  facet normal -0.831385 0.555697 0
    outer loop
      vertex -81.0081 -1.15 1.3
      vertex -81.1753 -1.40015 0.799999
      vertex -81.1753 -1.40015 1.3
    endloop
  endfacet
  facet normal 0.321438 0.946931 -0
    outer loop
      vertex -83.5953 -2.22163 0.799999
      vertex -83.8802 -2.12492 1.3
      vertex -83.5953 -2.22163 1.3
    endloop
  endfacet
  facet normal 0.321438 0.946931 0
    outer loop
      vertex -83.8802 -2.12492 1.3
      vertex -83.5953 -2.22163 0.799999
      vertex -83.8802 -2.12492 0.799999
    endloop
  endfacet
  facet normal 0.195061 0.980791 -0
    outer loop
      vertex -83.3002 -2.28032 0.799999
      vertex -83.5953 -2.22163 1.3
      vertex -83.3002 -2.28032 1.3
    endloop
  endfacet
  facet normal 0.195061 0.980791 0
    outer loop
      vertex -83.5953 -2.22163 1.3
      vertex -83.3002 -2.28032 0.799999
      vertex -83.5953 -2.22163 0.799999
    endloop
  endfacet
  facet normal 0.751779 0.659415 0
    outer loop
      vertex -84.6263 -1.62634 1.3
      vertex -84.8247 -1.40015 0.799999
      vertex -84.8247 -1.40015 1.3
    endloop
  endfacet
  facet normal 0.751779 0.659415 0
    outer loop
      vertex -84.8247 -1.40015 0.799999
      vertex -84.6263 -1.62634 1.3
      vertex -84.6263 -1.62634 0.799999
    endloop
  endfacet
  facet normal 0.659507 0.751699 -0
    outer loop
      vertex -84.4002 -1.82471 0.799999
      vertex -84.6263 -1.62634 1.3
      vertex -84.4002 -1.82471 1.3
    endloop
  endfacet
  facet normal 0.659507 0.751699 0
    outer loop
      vertex -84.6263 -1.62634 1.3
      vertex -84.4002 -1.82471 0.799999
      vertex -84.6263 -1.62634 0.799999
    endloop
  endfacet
  facet normal -0.751779 0.659415 0
    outer loop
      vertex -81.3737 -1.62634 0.799999
      vertex -81.1753 -1.40015 1.3
      vertex -81.1753 -1.40015 0.799999
    endloop
  endfacet
  facet normal -0.751779 0.659415 0
    outer loop
      vertex -81.1753 -1.40015 1.3
      vertex -81.3737 -1.62634 0.799999
      vertex -81.3737 -1.62634 1.3
    endloop
  endfacet
  facet normal 0.0654159 0.997858 -0
    outer loop
      vertex -83 -2.3 0.799999
      vertex -83.3002 -2.28032 1.3
      vertex -83 -2.3 1.3
    endloop
  endfacet
  facet normal 0.0654159 0.997858 0
    outer loop
      vertex -83.3002 -2.28032 1.3
      vertex -83 -2.3 0.799999
      vertex -83.3002 -2.28032 0.799999
    endloop
  endfacet
  facet normal 0.831385 0.555697 0
    outer loop
      vertex -84.8247 -1.40015 1.3
      vertex -84.9919 -1.15 0.799999
      vertex -84.9919 -1.15 1.3
    endloop
  endfacet
  facet normal 0.831385 0.555697 0
    outer loop
      vertex -84.9919 -1.15 0.799999
      vertex -84.8247 -1.40015 1.3
      vertex -84.8247 -1.40015 0.799999
    endloop
  endfacet
  facet normal 0.442314 0.89686 -0
    outer loop
      vertex -83.8802 -2.12492 0.799999
      vertex -84.15 -1.99186 1.3
      vertex -83.8802 -2.12492 1.3
    endloop
  endfacet
  facet normal 0.442314 0.89686 0
    outer loop
      vertex -84.15 -1.99186 1.3
      vertex -83.8802 -2.12492 0.799999
      vertex -84.15 -1.99186 0.799999
    endloop
  endfacet
  facet normal 0.555505 0.831513 -0
    outer loop
      vertex -84.15 -1.99186 0.799999
      vertex -84.4002 -1.82471 1.3
      vertex -84.15 -1.99186 1.3
    endloop
  endfacet
  facet normal 0.555505 0.831513 0
    outer loop
      vertex -84.4002 -1.82471 1.3
      vertex -84.15 -1.99186 0.799999
      vertex -84.4002 -1.82471 0.799999
    endloop
  endfacet
  facet normal -0.997854 -0.0654799 0
    outer loop
      vertex 85.3 0 0.799999
      vertex 85.2803 0.30021 1.3
      vertex 85.2803 0.30021 0.799999
    endloop
  endfacet
  facet normal -0.997854 -0.0654799 0
    outer loop
      vertex 85.2803 0.30021 1.3
      vertex 85.3 0 0.799999
      vertex 85.3 0 1.3
    endloop
  endfacet
  facet normal 0.997854 -0.0654799 0
    outer loop
      vertex 80.7 0 1.3
      vertex 80.7197 0.30021 0.799999
      vertex 80.7197 0.30021 1.3
    endloop
  endfacet
  facet normal 0.997854 -0.0654799 0
    outer loop
      vertex 80.7197 0.30021 0.799999
      vertex 80.7 0 1.3
      vertex 80.7 0 0.799999
    endloop
  endfacet
  facet normal 0.0654159 -0.997858 0
    outer loop
      vertex 82.6998 2.28032 0.799999
      vertex 83 2.3 1.3
      vertex 82.6998 2.28032 1.3
    endloop
  endfacet
  facet normal 0.0654159 -0.997858 0
    outer loop
      vertex 83 2.3 1.3
      vertex 82.6998 2.28032 0.799999
      vertex 83 2.3 0.799999
    endloop
  endfacet
  facet normal -0.0654159 0.997858 0
    outer loop
      vertex 83.3002 -2.28032 0.799999
      vertex 83 -2.3 1.3
      vertex 83.3002 -2.28032 1.3
    endloop
  endfacet
  facet normal -0.0654159 0.997858 0
    outer loop
      vertex 83 -2.3 1.3
      vertex 83.3002 -2.28032 0.799999
      vertex 83 -2.3 0.799999
    endloop
  endfacet
  facet normal -0.659507 -0.751699 0
    outer loop
      vertex 84.4002 1.82471 0.799999
      vertex 84.6263 1.62634 1.3
      vertex 84.4002 1.82471 1.3
    endloop
  endfacet
  facet normal -0.659507 -0.751699 -0
    outer loop
      vertex 84.6263 1.62634 1.3
      vertex 84.4002 1.82471 0.799999
      vertex 84.6263 1.62634 0.799999
    endloop
  endfacet
  facet normal 0.751779 -0.659415 0
    outer loop
      vertex 81.1753 1.40015 1.3
      vertex 81.3737 1.62634 0.799999
      vertex 81.3737 1.62634 1.3
    endloop
  endfacet
  facet normal 0.751779 -0.659415 0
    outer loop
      vertex 81.3737 1.62634 0.799999
      vertex 81.1753 1.40015 1.3
      vertex 81.1753 1.40015 0.799999
    endloop
  endfacet
  facet normal 0.442314 -0.89686 0
    outer loop
      vertex 81.85 1.99186 0.799999
      vertex 82.1198 2.12492 1.3
      vertex 81.85 1.99186 1.3
    endloop
  endfacet
  facet normal 0.442314 -0.89686 0
    outer loop
      vertex 82.1198 2.12492 1.3
      vertex 81.85 1.99186 0.799999
      vertex 82.1198 2.12492 0.799999
    endloop
  endfacet
  facet normal -0.896958 -0.442116 0
    outer loop
      vertex 85.1249 0.880172 0.799999
      vertex 84.9919 1.15 1.3
      vertex 84.9919 1.15 0.799999
    endloop
  endfacet
  facet normal -0.896958 -0.442116 0
    outer loop
      vertex 84.9919 1.15 1.3
      vertex 85.1249 0.880172 0.799999
      vertex 85.1249 0.880172 1.3
    endloop
  endfacet
  facet normal -0.831385 -0.555697 0
    outer loop
      vertex 84.9919 1.15 0.799999
      vertex 84.8247 1.40015 1.3
      vertex 84.8247 1.40015 0.799999
    endloop
  endfacet
  facet normal -0.831385 -0.555697 0
    outer loop
      vertex 84.8247 1.40015 1.3
      vertex 84.9919 1.15 0.799999
      vertex 84.9919 1.15 1.3
    endloop
  endfacet
  facet normal -0.321438 -0.946931 0
    outer loop
      vertex 83.5953 2.22163 0.799999
      vertex 83.8802 2.12492 1.3
      vertex 83.5953 2.22163 1.3
    endloop
  endfacet
  facet normal -0.321438 -0.946931 -0
    outer loop
      vertex 83.8802 2.12492 1.3
      vertex 83.5953 2.22163 0.799999
      vertex 83.8802 2.12492 0.799999
    endloop
  endfacet
  facet normal -0.195061 -0.980791 0
    outer loop
      vertex 83.3002 2.28032 0.799999
      vertex 83.5953 2.22163 1.3
      vertex 83.3002 2.28032 1.3
    endloop
  endfacet
  facet normal -0.195061 -0.980791 -0
    outer loop
      vertex 83.5953 2.22163 1.3
      vertex 83.3002 2.28032 0.799999
      vertex 83.5953 2.22163 0.799999
    endloop
  endfacet
  facet normal -0.442314 -0.89686 0
    outer loop
      vertex 83.8802 2.12492 0.799999
      vertex 84.15 1.99186 1.3
      vertex 83.8802 2.12492 1.3
    endloop
  endfacet
  facet normal -0.442314 -0.89686 -0
    outer loop
      vertex 84.15 1.99186 1.3
      vertex 83.8802 2.12492 0.799999
      vertex 84.15 1.99186 0.799999
    endloop
  endfacet
  facet normal 0.896958 -0.442116 0
    outer loop
      vertex 80.8751 0.880172 1.3
      vertex 81.0081 1.15 0.799999
      vertex 81.0081 1.15 1.3
    endloop
  endfacet
  facet normal 0.896958 -0.442116 0
    outer loop
      vertex 81.0081 1.15 0.799999
      vertex 80.8751 0.880172 1.3
      vertex 80.8751 0.880172 0.799999
    endloop
  endfacet
  facet normal 0.831385 -0.555697 0
    outer loop
      vertex 81.0081 1.15 1.3
      vertex 81.1753 1.40015 0.799999
      vertex 81.1753 1.40015 1.3
    endloop
  endfacet
  facet normal 0.831385 -0.555697 0
    outer loop
      vertex 81.1753 1.40015 0.799999
      vertex 81.0081 1.15 1.3
      vertex 81.0081 1.15 0.799999
    endloop
  endfacet
  facet normal 0.555505 -0.831513 0
    outer loop
      vertex 81.5998 1.82471 0.799999
      vertex 81.85 1.99186 1.3
      vertex 81.5998 1.82471 1.3
    endloop
  endfacet
  facet normal 0.555505 -0.831513 0
    outer loop
      vertex 81.85 1.99186 1.3
      vertex 81.5998 1.82471 0.799999
      vertex 81.85 1.99186 0.799999
    endloop
  endfacet
  facet normal 0.321438 -0.946931 0
    outer loop
      vertex 82.1198 2.12492 0.799999
      vertex 82.4047 2.22163 1.3
      vertex 82.1198 2.12492 1.3
    endloop
  endfacet
  facet normal 0.321438 -0.946931 0
    outer loop
      vertex 82.4047 2.22163 1.3
      vertex 82.1198 2.12492 0.799999
      vertex 82.4047 2.22163 0.799999
    endloop
  endfacet
  facet normal 0 0 1
    outer loop
      vertex 85.2803 0.30021 0.799999
      vertex 85.2803 -0.30021 0.799999
      vertex 85.3 0 0.799999
    endloop
  endfacet
  facet normal 0 0 1
    outer loop
      vertex 85.2216 0.595284 0.799999
      vertex 85.2803 -0.30021 0.799999
      vertex 85.2803 0.30021 0.799999
    endloop
  endfacet
  facet normal 0 0 1
    outer loop
      vertex 85.2216 0.595284 0.799999
      vertex 85.2216 -0.595284 0.799999
      vertex 85.2803 -0.30021 0.799999
    endloop
  endfacet
  facet normal 0 0 1
    outer loop
      vertex 85.1249 0.880172 0.799999
      vertex 85.2216 -0.595284 0.799999
      vertex 85.2216 0.595284 0.799999
    endloop
  endfacet
  facet normal 0 0 1
    outer loop
      vertex 85.1249 0.880172 0.799999
      vertex 85.1249 -0.880172 0.799999
      vertex 85.2216 -0.595284 0.799999
    endloop
  endfacet
  facet normal 0 0 1
    outer loop
      vertex 84.9919 1.15 0.799999
      vertex 85.1249 -0.880172 0.799999
      vertex 85.1249 0.880172 0.799999
    endloop
  endfacet
  facet normal 0 0 1
    outer loop
      vertex 84.9919 1.15 0.799999
      vertex 84.9919 -1.15 0.799999
      vertex 85.1249 -0.880172 0.799999
    endloop
  endfacet
  facet normal 0 0 1
    outer loop
      vertex 84.8247 1.40015 0.799999
      vertex 84.9919 -1.15 0.799999
      vertex 84.9919 1.15 0.799999
    endloop
  endfacet
  facet normal 0 0 1
    outer loop
      vertex 84.8247 1.40015 0.799999
      vertex 84.8247 -1.40015 0.799999
      vertex 84.9919 -1.15 0.799999
    endloop
  endfacet
  facet normal 0 0 1
    outer loop
      vertex 84.6263 1.62634 0.799999
      vertex 84.8247 -1.40015 0.799999
      vertex 84.8247 1.40015 0.799999
    endloop
  endfacet
  facet normal 0 0 1
    outer loop
      vertex 84.6263 1.62634 0.799999
      vertex 84.6263 -1.62634 0.799999
      vertex 84.8247 -1.40015 0.799999
    endloop
  endfacet
  facet normal 0 0 1
    outer loop
      vertex 84.4002 1.82471 0.799999
      vertex 84.6263 -1.62634 0.799999
      vertex 84.6263 1.62634 0.799999
    endloop
  endfacet
  facet normal 0 0 1
    outer loop
      vertex 84.4002 1.82471 0.799999
      vertex 84.4002 -1.82471 0.799999
      vertex 84.6263 -1.62634 0.799999
    endloop
  endfacet
  facet normal 0 0 1
    outer loop
      vertex 84.15 1.99186 0.799999
      vertex 84.4002 -1.82471 0.799999
      vertex 84.4002 1.82471 0.799999
    endloop
  endfacet
  facet normal 0 0 1
    outer loop
      vertex 84.15 1.99186 0.799999
      vertex 84.15 -1.99186 0.799999
      vertex 84.4002 -1.82471 0.799999
    endloop
  endfacet
  facet normal 0 0 1
    outer loop
      vertex 83.8802 2.12492 0.799999
      vertex 84.15 -1.99186 0.799999
      vertex 84.15 1.99186 0.799999
    endloop
  endfacet
  facet normal 0 0 1
    outer loop
      vertex 83.8802 2.12492 0.799999
      vertex 83.8802 -2.12492 0.799999
      vertex 84.15 -1.99186 0.799999
    endloop
  endfacet
  facet normal 0 0 1
    outer loop
      vertex 83.5953 2.22163 0.799999
      vertex 83.8802 -2.12492 0.799999
      vertex 83.8802 2.12492 0.799999
    endloop
  endfacet
  facet normal 0 0 1
    outer loop
      vertex 83.5953 2.22163 0.799999
      vertex 83.5953 -2.22163 0.799999
      vertex 83.8802 -2.12492 0.799999
    endloop
  endfacet
  facet normal 0 0 1
    outer loop
      vertex 83.3002 2.28032 0.799999
      vertex 83.5953 -2.22163 0.799999
      vertex 83.5953 2.22163 0.799999
    endloop
  endfacet
  facet normal 0 0 1
    outer loop
      vertex 83.3002 2.28032 0.799999
      vertex 83.3002 -2.28032 0.799999
      vertex 83.5953 -2.22163 0.799999
    endloop
  endfacet
  facet normal 0 0 1
    outer loop
      vertex 83 2.3 0.799999
      vertex 83.3002 -2.28032 0.799999
      vertex 83.3002 2.28032 0.799999
    endloop
  endfacet
  facet normal 0 0 1
    outer loop
      vertex 83 2.3 0.799999
      vertex 83 -2.3 0.799999
      vertex 83.3002 -2.28032 0.799999
    endloop
  endfacet
  facet normal -0 0 1
    outer loop
      vertex 82.6998 2.28032 0.799999
      vertex 83 -2.3 0.799999
      vertex 83 2.3 0.799999
    endloop
  endfacet
  facet normal 0 0 1
    outer loop
      vertex 82.6998 2.28032 0.799999
      vertex 82.6998 -2.28032 0.799999
      vertex 83 -2.3 0.799999
    endloop
  endfacet
  facet normal -0 0 1
    outer loop
      vertex 82.4047 2.22163 0.799999
      vertex 82.6998 -2.28032 0.799999
      vertex 82.6998 2.28032 0.799999
    endloop
  endfacet
  facet normal 0 0 1
    outer loop
      vertex 82.4047 2.22163 0.799999
      vertex 82.4047 -2.22163 0.799999
      vertex 82.6998 -2.28032 0.799999
    endloop
  endfacet
  facet normal -0 0 1
    outer loop
      vertex 82.1198 2.12492 0.799999
      vertex 82.4047 -2.22163 0.799999
      vertex 82.4047 2.22163 0.799999
    endloop
  endfacet
  facet normal 0 0 1
    outer loop
      vertex 82.1198 2.12492 0.799999
      vertex 82.1198 -2.12492 0.799999
      vertex 82.4047 -2.22163 0.799999
    endloop
  endfacet
  facet normal -0 0 1
    outer loop
      vertex 81.85 1.99186 0.799999
      vertex 82.1198 -2.12492 0.799999
      vertex 82.1198 2.12492 0.799999
    endloop
  endfacet
  facet normal 0 0 1
    outer loop
      vertex 81.85 1.99186 0.799999
      vertex 81.85 -1.99186 0.799999
      vertex 82.1198 -2.12492 0.799999
    endloop
  endfacet
  facet normal -0 0 1
    outer loop
      vertex 81.5998 1.82471 0.799999
      vertex 81.85 -1.99186 0.799999
      vertex 81.85 1.99186 0.799999
    endloop
  endfacet
  facet normal 0 0 1
    outer loop
      vertex 81.5998 1.82471 0.799999
      vertex 81.5998 -1.82471 0.799999
      vertex 81.85 -1.99186 0.799999
    endloop
  endfacet
  facet normal -0 0 1
    outer loop
      vertex 81.3737 1.62634 0.799999
      vertex 81.5998 -1.82471 0.799999
      vertex 81.5998 1.82471 0.799999
    endloop
  endfacet
  facet normal 0 0 1
    outer loop
      vertex 81.3737 1.62634 0.799999
      vertex 81.3737 -1.62634 0.799999
      vertex 81.5998 -1.82471 0.799999
    endloop
  endfacet
  facet normal -0 0 1
    outer loop
      vertex 81.1753 1.40015 0.799999
      vertex 81.3737 -1.62634 0.799999
      vertex 81.3737 1.62634 0.799999
    endloop
  endfacet
  facet normal 0 0 1
    outer loop
      vertex 81.1753 1.40015 0.799999
      vertex 81.1753 -1.40015 0.799999
      vertex 81.3737 -1.62634 0.799999
    endloop
  endfacet
  facet normal -0 0 1
    outer loop
      vertex 81.0081 1.15 0.799999
      vertex 81.1753 -1.40015 0.799999
      vertex 81.1753 1.40015 0.799999
    endloop
  endfacet
  facet normal 0 0 1
    outer loop
      vertex 81.0081 1.15 0.799999
      vertex 81.0081 -1.15 0.799999
      vertex 81.1753 -1.40015 0.799999
    endloop
  endfacet
  facet normal -0 0 1
    outer loop
      vertex 80.8751 0.880172 0.799999
      vertex 81.0081 -1.15 0.799999
      vertex 81.0081 1.15 0.799999
    endloop
  endfacet
  facet normal 0 0 1
    outer loop
      vertex 80.8751 0.880172 0.799999
      vertex 80.8751 -0.880172 0.799999
      vertex 81.0081 -1.15 0.799999
    endloop
  endfacet
  facet normal -0 0 1
    outer loop
      vertex 80.7784 0.595284 0.799999
      vertex 80.8751 -0.880172 0.799999
      vertex 80.8751 0.880172 0.799999
    endloop
  endfacet
  facet normal 0 0 1
    outer loop
      vertex 80.7784 0.595284 0.799999
      vertex 80.7784 -0.595284 0.799999
      vertex 80.8751 -0.880172 0.799999
    endloop
  endfacet
  facet normal -0 0 1
    outer loop
      vertex 80.7197 0.30021 0.799999
      vertex 80.7784 -0.595284 0.799999
      vertex 80.7784 0.595284 0.799999
    endloop
  endfacet
  facet normal 0 0 1
    outer loop
      vertex 80.7197 0.30021 0.799999
      vertex 80.7197 -0.30021 0.799999
      vertex 80.7784 -0.595284 0.799999
    endloop
  endfacet
  facet normal 0 -0 1
    outer loop
      vertex 80.7197 -0.30021 0.799999
      vertex 80.7197 0.30021 0.799999
      vertex 80.7 0 0.799999
    endloop
  endfacet
  facet normal -0.195061 0.980791 0
    outer loop
      vertex 83.5953 -2.22163 0.799999
      vertex 83.3002 -2.28032 1.3
      vertex 83.5953 -2.22163 1.3
    endloop
  endfacet
  facet normal -0.195061 0.980791 0
    outer loop
      vertex 83.3002 -2.28032 1.3
      vertex 83.5953 -2.22163 0.799999
      vertex 83.3002 -2.28032 0.799999
    endloop
  endfacet
  facet normal -0.946937 -0.32142 0
    outer loop
      vertex 85.2216 0.595284 0.799999
      vertex 85.1249 0.880172 1.3
      vertex 85.1249 0.880172 0.799999
    endloop
  endfacet
  facet normal -0.946937 -0.32142 0
    outer loop
      vertex 85.1249 0.880172 1.3
      vertex 85.2216 0.595284 0.799999
      vertex 85.2216 0.595284 1.3
    endloop
  endfacet
  facet normal -0.980781 -0.19511 0
    outer loop
      vertex 85.2803 0.30021 0.799999
      vertex 85.2216 0.595284 1.3
      vertex 85.2216 0.595284 0.799999
    endloop
  endfacet
  facet normal -0.980781 -0.19511 0
    outer loop
      vertex 85.2216 0.595284 1.3
      vertex 85.2803 0.30021 0.799999
      vertex 85.2803 0.30021 1.3
    endloop
  endfacet
  facet normal -0.751779 -0.659415 0
    outer loop
      vertex 84.8247 1.40015 0.799999
      vertex 84.6263 1.62634 1.3
      vertex 84.6263 1.62634 0.799999
    endloop
  endfacet
  facet normal -0.751779 -0.659415 0
    outer loop
      vertex 84.6263 1.62634 1.3
      vertex 84.8247 1.40015 0.799999
      vertex 84.8247 1.40015 1.3
    endloop
  endfacet
  facet normal -0.0654159 -0.997858 0
    outer loop
      vertex 83 2.3 0.799999
      vertex 83.3002 2.28032 1.3
      vertex 83 2.3 1.3
    endloop
  endfacet
  facet normal -0.0654159 -0.997858 -0
    outer loop
      vertex 83.3002 2.28032 1.3
      vertex 83 2.3 0.799999
      vertex 83.3002 2.28032 0.799999
    endloop
  endfacet
  facet normal -0.555505 -0.831513 0
    outer loop
      vertex 84.15 1.99186 0.799999
      vertex 84.4002 1.82471 1.3
      vertex 84.15 1.99186 1.3
    endloop
  endfacet
  facet normal -0.555505 -0.831513 -0
    outer loop
      vertex 84.4002 1.82471 1.3
      vertex 84.15 1.99186 0.799999
      vertex 84.4002 1.82471 0.799999
    endloop
  endfacet
  facet normal 0.946937 -0.32142 0
    outer loop
      vertex 80.7784 0.595284 1.3
      vertex 80.8751 0.880172 0.799999
      vertex 80.8751 0.880172 1.3
    endloop
  endfacet
  facet normal 0.946937 -0.32142 0
    outer loop
      vertex 80.8751 0.880172 0.799999
      vertex 80.7784 0.595284 1.3
      vertex 80.7784 0.595284 0.799999
    endloop
  endfacet
  facet normal 0.980781 -0.19511 0
    outer loop
      vertex 80.7197 0.30021 1.3
      vertex 80.7784 0.595284 0.799999
      vertex 80.7784 0.595284 1.3
    endloop
  endfacet
  facet normal 0.980781 -0.19511 0
    outer loop
      vertex 80.7784 0.595284 0.799999
      vertex 80.7197 0.30021 1.3
      vertex 80.7197 0.30021 0.799999
    endloop
  endfacet
  facet normal 0.195061 -0.980791 0
    outer loop
      vertex 82.4047 2.22163 0.799999
      vertex 82.6998 2.28032 1.3
      vertex 82.4047 2.22163 1.3
    endloop
  endfacet
  facet normal 0.195061 -0.980791 0
    outer loop
      vertex 82.6998 2.28032 1.3
      vertex 82.4047 2.22163 0.799999
      vertex 82.6998 2.28032 0.799999
    endloop
  endfacet
  facet normal -0.946937 0.32142 0
    outer loop
      vertex 85.1249 -0.880172 0.799999
      vertex 85.2216 -0.595284 1.3
      vertex 85.2216 -0.595284 0.799999
    endloop
  endfacet
  facet normal -0.946937 0.32142 0
    outer loop
      vertex 85.2216 -0.595284 1.3
      vertex 85.1249 -0.880172 0.799999
      vertex 85.1249 -0.880172 1.3
    endloop
  endfacet
  facet normal -0.980781 0.19511 0
    outer loop
      vertex 85.2216 -0.595284 0.799999
      vertex 85.2803 -0.30021 1.3
      vertex 85.2803 -0.30021 0.799999
    endloop
  endfacet
  facet normal -0.980781 0.19511 0
    outer loop
      vertex 85.2803 -0.30021 1.3
      vertex 85.2216 -0.595284 0.799999
      vertex 85.2216 -0.595284 1.3
    endloop
  endfacet
  facet normal -0.555505 0.831513 0
    outer loop
      vertex 84.4002 -1.82471 0.799999
      vertex 84.15 -1.99186 1.3
      vertex 84.4002 -1.82471 1.3
    endloop
  endfacet
  facet normal -0.555505 0.831513 0
    outer loop
      vertex 84.15 -1.99186 1.3
      vertex 84.4002 -1.82471 0.799999
      vertex 84.15 -1.99186 0.799999
    endloop
  endfacet
  facet normal -0.442314 0.89686 0
    outer loop
      vertex 84.15 -1.99186 0.799999
      vertex 83.8802 -2.12492 1.3
      vertex 84.15 -1.99186 1.3
    endloop
  endfacet
  facet normal -0.442314 0.89686 0
    outer loop
      vertex 83.8802 -2.12492 1.3
      vertex 84.15 -1.99186 0.799999
      vertex 83.8802 -2.12492 0.799999
    endloop
  endfacet
  facet normal 0.659507 -0.751699 0
    outer loop
      vertex 81.3737 1.62634 0.799999
      vertex 81.5998 1.82471 1.3
      vertex 81.3737 1.62634 1.3
    endloop
  endfacet
  facet normal 0.659507 -0.751699 0
    outer loop
      vertex 81.5998 1.82471 1.3
      vertex 81.3737 1.62634 0.799999
      vertex 81.5998 1.82471 0.799999
    endloop
  endfacet
  facet normal -0.997854 0.0654799 0
    outer loop
      vertex 85.2803 -0.30021 0.799999
      vertex 85.3 0 1.3
      vertex 85.3 0 0.799999
    endloop
  endfacet
  facet normal -0.997854 0.0654799 0
    outer loop
      vertex 85.3 0 1.3
      vertex 85.2803 -0.30021 0.799999
      vertex 85.2803 -0.30021 1.3
    endloop
  endfacet
  facet normal 0.321438 0.946931 -0
    outer loop
      vertex 82.4047 -2.22163 0.799999
      vertex 82.1198 -2.12492 1.3
      vertex 82.4047 -2.22163 1.3
    endloop
  endfacet
  facet normal 0.321438 0.946931 0
    outer loop
      vertex 82.1198 -2.12492 1.3
      vertex 82.4047 -2.22163 0.799999
      vertex 82.1198 -2.12492 0.799999
    endloop
  endfacet
  facet normal 0.751779 0.659415 0
    outer loop
      vertex 81.3737 -1.62634 1.3
      vertex 81.1753 -1.40015 0.799999
      vertex 81.1753 -1.40015 1.3
    endloop
  endfacet
  facet normal 0.751779 0.659415 0
    outer loop
      vertex 81.1753 -1.40015 0.799999
      vertex 81.3737 -1.62634 1.3
      vertex 81.3737 -1.62634 0.799999
    endloop
  endfacet
  facet normal 0.997854 0.0654799 0
    outer loop
      vertex 80.7197 -0.30021 1.3
      vertex 80.7 0 0.799999
      vertex 80.7 0 1.3
    endloop
  endfacet
  facet normal 0.997854 0.0654799 0
    outer loop
      vertex 80.7 0 0.799999
      vertex 80.7197 -0.30021 1.3
      vertex 80.7197 -0.30021 0.799999
    endloop
  endfacet
  facet normal 0.980781 0.19511 0
    outer loop
      vertex 80.7784 -0.595284 1.3
      vertex 80.7197 -0.30021 0.799999
      vertex 80.7197 -0.30021 1.3
    endloop
  endfacet
  facet normal 0.980781 0.19511 0
    outer loop
      vertex 80.7197 -0.30021 0.799999
      vertex 80.7784 -0.595284 1.3
      vertex 80.7784 -0.595284 0.799999
    endloop
  endfacet
  facet normal 0.946937 0.32142 0
    outer loop
      vertex 80.8751 -0.880172 1.3
      vertex 80.7784 -0.595284 0.799999
      vertex 80.7784 -0.595284 1.3
    endloop
  endfacet
  facet normal 0.946937 0.32142 0
    outer loop
      vertex 80.7784 -0.595284 0.799999
      vertex 80.8751 -0.880172 1.3
      vertex 80.8751 -0.880172 0.799999
    endloop
  endfacet
  facet normal -0.659507 0.751699 0
    outer loop
      vertex 84.6263 -1.62634 0.799999
      vertex 84.4002 -1.82471 1.3
      vertex 84.6263 -1.62634 1.3
    endloop
  endfacet
  facet normal -0.659507 0.751699 0
    outer loop
      vertex 84.4002 -1.82471 1.3
      vertex 84.6263 -1.62634 0.799999
      vertex 84.4002 -1.82471 0.799999
    endloop
  endfacet
  facet normal -0.321438 0.946931 0
    outer loop
      vertex 83.8802 -2.12492 0.799999
      vertex 83.5953 -2.22163 1.3
      vertex 83.8802 -2.12492 1.3
    endloop
  endfacet
  facet normal -0.321438 0.946931 0
    outer loop
      vertex 83.5953 -2.22163 1.3
      vertex 83.8802 -2.12492 0.799999
      vertex 83.5953 -2.22163 0.799999
    endloop
  endfacet
  facet normal -0.896958 0.442116 0
    outer loop
      vertex 84.9919 -1.15 0.799999
      vertex 85.1249 -0.880172 1.3
      vertex 85.1249 -0.880172 0.799999
    endloop
  endfacet
  facet normal -0.896958 0.442116 0
    outer loop
      vertex 85.1249 -0.880172 1.3
      vertex 84.9919 -1.15 0.799999
      vertex 84.9919 -1.15 1.3
    endloop
  endfacet
  facet normal -0.831385 0.555697 0
    outer loop
      vertex 84.8247 -1.40015 0.799999
      vertex 84.9919 -1.15 1.3
      vertex 84.9919 -1.15 0.799999
    endloop
  endfacet
  facet normal -0.831385 0.555697 0
    outer loop
      vertex 84.9919 -1.15 1.3
      vertex 84.8247 -1.40015 0.799999
      vertex 84.8247 -1.40015 1.3
    endloop
  endfacet
  facet normal 0.555505 0.831513 -0
    outer loop
      vertex 81.85 -1.99186 0.799999
      vertex 81.5998 -1.82471 1.3
      vertex 81.85 -1.99186 1.3
    endloop
  endfacet
  facet normal 0.555505 0.831513 0
    outer loop
      vertex 81.5998 -1.82471 1.3
      vertex 81.85 -1.99186 0.799999
      vertex 81.5998 -1.82471 0.799999
    endloop
  endfacet
  facet normal 0.195061 0.980791 -0
    outer loop
      vertex 82.6998 -2.28032 0.799999
      vertex 82.4047 -2.22163 1.3
      vertex 82.6998 -2.28032 1.3
    endloop
  endfacet
  facet normal 0.195061 0.980791 0
    outer loop
      vertex 82.4047 -2.22163 1.3
      vertex 82.6998 -2.28032 0.799999
      vertex 82.4047 -2.22163 0.799999
    endloop
  endfacet
  facet normal 0.659507 0.751699 -0
    outer loop
      vertex 81.5998 -1.82471 0.799999
      vertex 81.3737 -1.62634 1.3
      vertex 81.5998 -1.82471 1.3
    endloop
  endfacet
  facet normal 0.659507 0.751699 0
    outer loop
      vertex 81.3737 -1.62634 1.3
      vertex 81.5998 -1.82471 0.799999
      vertex 81.3737 -1.62634 0.799999
    endloop
  endfacet
  facet normal 0.831385 0.555697 0
    outer loop
      vertex 81.1753 -1.40015 1.3
      vertex 81.0081 -1.15 0.799999
      vertex 81.0081 -1.15 1.3
    endloop
  endfacet
  facet normal 0.831385 0.555697 0
    outer loop
      vertex 81.0081 -1.15 0.799999
      vertex 81.1753 -1.40015 1.3
      vertex 81.1753 -1.40015 0.799999
    endloop
  endfacet
  facet normal 0.896958 0.442116 0
    outer loop
      vertex 81.0081 -1.15 1.3
      vertex 80.8751 -0.880172 0.799999
      vertex 80.8751 -0.880172 1.3
    endloop
  endfacet
  facet normal 0.896958 0.442116 0
    outer loop
      vertex 80.8751 -0.880172 0.799999
      vertex 81.0081 -1.15 1.3
      vertex 81.0081 -1.15 0.799999
    endloop
  endfacet
  facet normal -0.751779 0.659415 0
    outer loop
      vertex 84.6263 -1.62634 0.799999
      vertex 84.8247 -1.40015 1.3
      vertex 84.8247 -1.40015 0.799999
    endloop
  endfacet
  facet normal -0.751779 0.659415 0
    outer loop
      vertex 84.8247 -1.40015 1.3
      vertex 84.6263 -1.62634 0.799999
      vertex 84.6263 -1.62634 1.3
    endloop
  endfacet
  facet normal 0.442314 0.89686 -0
    outer loop
      vertex 82.1198 -2.12492 0.799999
      vertex 81.85 -1.99186 1.3
      vertex 82.1198 -2.12492 1.3
    endloop
  endfacet
  facet normal 0.442314 0.89686 0
    outer loop
      vertex 81.85 -1.99186 1.3
      vertex 82.1198 -2.12492 0.799999
      vertex 81.85 -1.99186 0.799999
    endloop
  endfacet
  facet normal 0.0654159 0.997858 -0
    outer loop
      vertex 83 -2.3 0.799999
      vertex 82.6998 -2.28032 1.3
      vertex 83 -2.3 1.3
    endloop
  endfacet
  facet normal 0.0654159 0.997858 0
    outer loop
      vertex 82.6998 -2.28032 1.3
      vertex 83 -2.3 0.799999
      vertex 82.6998 -2.28032 0.799999
    endloop
  endfacet
  facet normal 0.442401 -0.896817 0
    outer loop
      vertex 101.679 -70.4672 0
      vertex 102.5 -70.0622 3
      vertex 101.679 -70.4672 3
    endloop
  endfacet
  facet normal 0.442401 -0.896817 0
    outer loop
      vertex 102.5 -70.0622 3
      vertex 101.679 -70.4672 0
      vertex 102.5 -70.0622 0
    endloop
  endfacet
  facet normal 0.555733 -0.831361 0
    outer loop
      vertex 102.5 -70.0622 0
      vertex 103.261 -69.5535 3
      vertex 102.5 -70.0622 3
    endloop
  endfacet
  facet normal 0.555733 -0.831361 0
    outer loop
      vertex 103.261 -69.5535 3
      vertex 102.5 -70.0622 0
      vertex 103.261 -69.5535 0
    endloop
  endfacet
  facet normal 0.321433 -0.946932 0
    outer loop
      vertex 100.812 -70.7615 0
      vertex 101.679 -70.4672 3
      vertex 100.812 -70.7615 3
    endloop
  endfacet
  facet normal 0.321433 -0.946932 0
    outer loop
      vertex 101.679 -70.4672 3
      vertex 100.812 -70.7615 0
      vertex 101.679 -70.4672 0
    endloop
  endfacet
  facet normal 1 -0 0
    outer loop
      vertex 106 -64 3
      vertex 106 64 0
      vertex 106 64 3
    endloop
  endfacet
  facet normal 1 0 0
    outer loop
      vertex 106 64 0
      vertex 106 -64 3
      vertex 106 -64 0
    endloop
  endfacet
  facet normal 0 0 1
    outer loop
      vertex -21 -65 3
      vertex -97 -65 3
      vertex -21 -68.5 3
    endloop
  endfacet
  facet normal 0 0 1
    outer loop
      vertex 100.967 63.0438 3
      vertex 106 64 3
      vertex 105.94 64.9137 3
    endloop
  endfacet
  facet normal 0 0 1
    outer loop
      vertex 106 64 3
      vertex 102 60 3
      vertex 106 -64 3
    endloop
  endfacet
  facet normal 0 0 1
    outer loop
      vertex 100.967 63.0438 3
      vertex 105.94 64.9137 3
      vertex 105.761 65.8117 3
    endloop
  endfacet
  facet normal -0 0 1
    outer loop
      vertex 102 -60 3
      vertex 106 -64 3
      vertex 102 60 3
    endloop
  endfacet
  facet normal 0 0 1
    outer loop
      vertex 100.536 63.5355 3
      vertex 105.761 65.8117 3
      vertex 105.467 66.6788 3
    endloop
  endfacet
  facet normal -0 0 1
    outer loop
      vertex 101.957 -60.6526 3
      vertex 106 -64 3
      vertex 102 -60 3
    endloop
  endfacet
  facet normal 0 0 1
    outer loop
      vertex 100.536 63.5355 3
      vertex 105.467 66.6788 3
      vertex 105.062 67.5 3
    endloop
  endfacet
  facet normal -0 0 1
    outer loop
      vertex 101.83 -61.2941 3
      vertex 106 -64 3
      vertex 101.957 -60.6526 3
    endloop
  endfacet
  facet normal 0 0 1
    outer loop
      vertex 100.044 63.9668 3
      vertex 105.062 67.5 3
      vertex 104.553 68.2613 3
    endloop
  endfacet
  facet normal -0 0 1
    outer loop
      vertex 101.619 -61.9134 3
      vertex 106 -64 3
      vertex 101.83 -61.2941 3
    endloop
  endfacet
  facet normal 0 0 1
    outer loop
      vertex 100.044 63.9668 3
      vertex 104.553 68.2613 3
      vertex 103.95 68.9498 3
    endloop
  endfacet
  facet normal -0 0 1
    outer loop
      vertex 101.33 -62.5 3
      vertex 106 -64 3
      vertex 101.619 -61.9134 3
    endloop
  endfacet
  facet normal 0 0 1
    outer loop
      vertex 99.5 64.3301 3
      vertex 103.95 68.9498 3
      vertex 103.261 69.5535 3
    endloop
  endfacet
  facet normal -0 0 1
    outer loop
      vertex 100.967 -63.0438 3
      vertex 106 -64 3
      vertex 101.33 -62.5 3
    endloop
  endfacet
  facet normal 0 0 1
    outer loop
      vertex 99.5 64.3301 3
      vertex 103.261 69.5535 3
      vertex 102.5 70.0622 3
    endloop
  endfacet
  facet normal 0 0 1
    outer loop
      vertex 106 -64 3
      vertex 100.967 -63.0438 3
      vertex 105.94 -64.9137 3
    endloop
  endfacet
  facet normal 0 0 1
    outer loop
      vertex 105.94 -64.9137 3
      vertex 100.967 -63.0438 3
      vertex 105.761 -65.8117 3
    endloop
  endfacet
  facet normal 0 0 1
    outer loop
      vertex 106 64 3
      vertex 101.957 60.6526 3
      vertex 102 60 3
    endloop
  endfacet
  facet normal 0 0 1
    outer loop
      vertex 106 64 3
      vertex 101.83 61.2941 3
      vertex 101.957 60.6526 3
    endloop
  endfacet
  facet normal 0 0 1
    outer loop
      vertex 99.5 64.3301 3
      vertex 102.5 70.0622 3
      vertex 101.679 70.4672 3
    endloop
  endfacet
  facet normal 0 0 1
    outer loop
      vertex 106 64 3
      vertex 101.619 61.9134 3
      vertex 101.83 61.2941 3
    endloop
  endfacet
  facet normal 0 0 1
    outer loop
      vertex 106 64 3
      vertex 101.33 62.5 3
      vertex 101.619 61.9134 3
    endloop
  endfacet
  facet normal 0 0 1
    outer loop
      vertex 106 64 3
      vertex 100.967 63.0438 3
      vertex 101.33 62.5 3
    endloop
  endfacet
  facet normal 0 0 1
    outer loop
      vertex 98.9134 64.6194 3
      vertex 101.679 70.4672 3
      vertex 100.812 70.7615 3
    endloop
  endfacet
  facet normal 0 0 1
    outer loop
      vertex 105.761 65.8117 3
      vertex 100.536 63.5355 3
      vertex 100.967 63.0438 3
    endloop
  endfacet
  facet normal 0 0 1
    outer loop
      vertex 105.062 67.5 3
      vertex 100.044 63.9668 3
      vertex 100.536 63.5355 3
    endloop
  endfacet
  facet normal 0 0 1
    outer loop
      vertex 98.9134 64.6194 3
      vertex 100.812 70.7615 3
      vertex 99.9137 70.9401 3
    endloop
  endfacet
  facet normal 0 0 1
    outer loop
      vertex 103.95 68.9498 3
      vertex 99.5 64.3301 3
      vertex 100.044 63.9668 3
    endloop
  endfacet
  facet normal 0 0 1
    outer loop
      vertex 98.2941 64.8296 3
      vertex 99.9137 70.9401 3
      vertex 99 71 3
    endloop
  endfacet
  facet normal 0 0 1
    outer loop
      vertex 101.679 70.4672 3
      vertex 98.9134 64.6194 3
      vertex 99.5 64.3301 3
    endloop
  endfacet
  facet normal 0 0 1
    outer loop
      vertex 99.9137 70.9401 3
      vertex 98.2941 64.8296 3
      vertex 98.9134 64.6194 3
    endloop
  endfacet
  facet normal 0 0 1
    outer loop
      vertex 99 71 3
      vertex 97.6526 64.9572 3
      vertex 98.2941 64.8296 3
    endloop
  endfacet
  facet normal 0 0 1
    outer loop
      vertex 99 71 3
      vertex 97 65 3
      vertex 97.6526 64.9572 3
    endloop
  endfacet
  facet normal 0 0 1
    outer loop
      vertex 99 71 3
      vertex -97 65 3
      vertex 97 65 3
    endloop
  endfacet
  facet normal -0 0 1
    outer loop
      vertex -99 71 3
      vertex -97 65 3
      vertex 99 71 3
    endloop
  endfacet
  facet normal 0 0 1
    outer loop
      vertex -99 71 3
      vertex -97.6526 64.9572 3
      vertex -97 65 3
    endloop
  endfacet
  facet normal 0 0 1
    outer loop
      vertex -99 71 3
      vertex -98.2941 64.8296 3
      vertex -97.6526 64.9572 3
    endloop
  endfacet
  facet normal -0 0 1
    outer loop
      vertex -99.9137 70.9401 3
      vertex -98.2941 64.8296 3
      vertex -99 71 3
    endloop
  endfacet
  facet normal 0 0 1
    outer loop
      vertex -98.2941 64.8296 3
      vertex -99.9137 70.9401 3
      vertex -98.9134 64.6194 3
    endloop
  endfacet
  facet normal -0 0 1
    outer loop
      vertex -100.812 70.7615 3
      vertex -98.9134 64.6194 3
      vertex -99.9137 70.9401 3
    endloop
  endfacet
  facet normal -0 0 1
    outer loop
      vertex -101.679 70.4672 3
      vertex -98.9134 64.6194 3
      vertex -100.812 70.7615 3
    endloop
  endfacet
  facet normal 0 0 1
    outer loop
      vertex -98.9134 64.6194 3
      vertex -101.679 70.4672 3
      vertex -99.5 64.3301 3
    endloop
  endfacet
  facet normal -0 0 1
    outer loop
      vertex -102.5 70.0622 3
      vertex -99.5 64.3301 3
      vertex -101.679 70.4672 3
    endloop
  endfacet
  facet normal -0 0 1
    outer loop
      vertex -103.261 69.5535 3
      vertex -99.5 64.3301 3
      vertex -102.5 70.0622 3
    endloop
  endfacet
  facet normal -0 0 1
    outer loop
      vertex -103.95 68.9498 3
      vertex -99.5 64.3301 3
      vertex -103.261 69.5535 3
    endloop
  endfacet
  facet normal 0 0 1
    outer loop
      vertex -99.5 64.3301 3
      vertex -103.95 68.9498 3
      vertex -100.044 63.9668 3
    endloop
  endfacet
  facet normal -0 0 1
    outer loop
      vertex -104.553 68.2613 3
      vertex -100.044 63.9668 3
      vertex -103.95 68.9498 3
    endloop
  endfacet
  facet normal -0 0 1
    outer loop
      vertex -105.062 67.5 3
      vertex -100.044 63.9668 3
      vertex -104.553 68.2613 3
    endloop
  endfacet
  facet normal 0 0 1
    outer loop
      vertex -100.044 63.9668 3
      vertex -105.062 67.5 3
      vertex -100.536 63.5355 3
    endloop
  endfacet
  facet normal -0 0 1
    outer loop
      vertex -105.467 66.6788 3
      vertex -100.536 63.5355 3
      vertex -105.062 67.5 3
    endloop
  endfacet
  facet normal 0 0 1
    outer loop
      vertex -100.536 63.5355 3
      vertex -105.761 65.8117 3
      vertex -100.967 63.0438 3
    endloop
  endfacet
  facet normal -0 0 1
    outer loop
      vertex -105.761 65.8117 3
      vertex -100.536 63.5355 3
      vertex -105.467 66.6788 3
    endloop
  endfacet
  facet normal -0 0 1
    outer loop
      vertex 100.536 -63.5355 3
      vertex 105.761 -65.8117 3
      vertex 100.967 -63.0438 3
    endloop
  endfacet
  facet normal 0 0 1
    outer loop
      vertex 105.761 -65.8117 3
      vertex 100.536 -63.5355 3
      vertex 105.467 -66.6788 3
    endloop
  endfacet
  facet normal 0 0 1
    outer loop
      vertex 105.467 -66.6788 3
      vertex 100.536 -63.5355 3
      vertex 105.062 -67.5 3
    endloop
  endfacet
  facet normal -0 0 1
    outer loop
      vertex 100.044 -63.9668 3
      vertex 105.062 -67.5 3
      vertex 100.536 -63.5355 3
    endloop
  endfacet
  facet normal 0 0 1
    outer loop
      vertex 105.062 -67.5 3
      vertex 100.044 -63.9668 3
      vertex 104.553 -68.2613 3
    endloop
  endfacet
  facet normal 0 0 1
    outer loop
      vertex 104.553 -68.2613 3
      vertex 100.044 -63.9668 3
      vertex 103.95 -68.9498 3
    endloop
  endfacet
  facet normal -0 0 1
    outer loop
      vertex 99.5 -64.3301 3
      vertex 103.95 -68.9498 3
      vertex 100.044 -63.9668 3
    endloop
  endfacet
  facet normal 0 0 1
    outer loop
      vertex 103.95 -68.9498 3
      vertex 99.5 -64.3301 3
      vertex 103.261 -69.5535 3
    endloop
  endfacet
  facet normal 0 0 1
    outer loop
      vertex 103.261 -69.5535 3
      vertex 99.5 -64.3301 3
      vertex 102.5 -70.0622 3
    endloop
  endfacet
  facet normal 0 0 1
    outer loop
      vertex 102.5 -70.0622 3
      vertex 99.5 -64.3301 3
      vertex 101.679 -70.4672 3
    endloop
  endfacet
  facet normal -0 0 1
    outer loop
      vertex 98.9134 -64.6194 3
      vertex 101.679 -70.4672 3
      vertex 99.5 -64.3301 3
    endloop
  endfacet
  facet normal 0 0 1
    outer loop
      vertex 101.679 -70.4672 3
      vertex 98.9134 -64.6194 3
      vertex 100.812 -70.7615 3
    endloop
  endfacet
  facet normal 0 0 1
    outer loop
      vertex 100.812 -70.7615 3
      vertex 98.9134 -64.6194 3
      vertex 99.9137 -70.9401 3
    endloop
  endfacet
  facet normal -0 0 1
    outer loop
      vertex 98.2941 -64.8296 3
      vertex 99.9137 -70.9401 3
      vertex 98.9134 -64.6194 3
    endloop
  endfacet
  facet normal 0 0 1
    outer loop
      vertex 99.9137 -70.9401 3
      vertex 98.2941 -64.8296 3
      vertex 99 -71 3
    endloop
  endfacet
  facet normal -0 0 1
    outer loop
      vertex 97.6526 -64.9572 3
      vertex 99 -71 3
      vertex 98.2941 -64.8296 3
    endloop
  endfacet
  facet normal -0 0 1
    outer loop
      vertex 97 -65 3
      vertex 99 -71 3
      vertex 97.6526 -64.9572 3
    endloop
  endfacet
  facet normal 0 0 1
    outer loop
      vertex 21 -68.5 3
      vertex 97 -65 3
      vertex 21 -65 3
    endloop
  endfacet
  facet normal 0 0 1
    outer loop
      vertex 97 -65 3
      vertex 21 -68.5 3
      vertex 99 -71 3
    endloop
  endfacet
  facet normal -0 0 1
    outer loop
      vertex -21 -68.5 3
      vertex 99 -71 3
      vertex 21 -68.5 3
    endloop
  endfacet
  facet normal 0 0 1
    outer loop
      vertex -21 -68.5 3
      vertex -99 -71 3
      vertex 99 -71 3
    endloop
  endfacet
  facet normal 0 0 1
    outer loop
      vertex -97 -65 3
      vertex -99 -71 3
      vertex -21 -68.5 3
    endloop
  endfacet
  facet normal 0 0 1
    outer loop
      vertex -97.6526 -64.9572 3
      vertex -99 -71 3
      vertex -97 -65 3
    endloop
  endfacet
  facet normal 0 0 1
    outer loop
      vertex -98.2941 -64.8296 3
      vertex -99 -71 3
      vertex -97.6526 -64.9572 3
    endloop
  endfacet
  facet normal 0 0 1
    outer loop
      vertex -99.9137 -70.9401 3
      vertex -98.2941 -64.8296 3
      vertex -98.9134 -64.6194 3
    endloop
  endfacet
  facet normal 0 0 1
    outer loop
      vertex -101.679 -70.4672 3
      vertex -98.9134 -64.6194 3
      vertex -99.5 -64.3301 3
    endloop
  endfacet
  facet normal 0 0 1
    outer loop
      vertex -98.2941 -64.8296 3
      vertex -99.9137 -70.9401 3
      vertex -99 -71 3
    endloop
  endfacet
  facet normal 0 0 1
    outer loop
      vertex -103.95 -68.9498 3
      vertex -99.5 -64.3301 3
      vertex -100.044 -63.9668 3
    endloop
  endfacet
  facet normal 0 0 1
    outer loop
      vertex -105.062 -67.5 3
      vertex -100.044 -63.9668 3
      vertex -100.536 -63.5355 3
    endloop
  endfacet
  facet normal 0 0 1
    outer loop
      vertex -98.9134 -64.6194 3
      vertex -100.812 -70.7615 3
      vertex -99.9137 -70.9401 3
    endloop
  endfacet
  facet normal 0 0 1
    outer loop
      vertex -105.761 -65.8117 3
      vertex -100.536 -63.5355 3
      vertex -100.967 -63.0438 3
    endloop
  endfacet
  facet normal 0 0 1
    outer loop
      vertex -106 -64 3
      vertex -100.967 -63.0438 3
      vertex -101.33 -62.5 3
    endloop
  endfacet
  facet normal 0 0 1
    outer loop
      vertex -106 -64 3
      vertex -101.33 -62.5 3
      vertex -101.619 -61.9134 3
    endloop
  endfacet
  facet normal 0 0 1
    outer loop
      vertex -98.9134 -64.6194 3
      vertex -101.679 -70.4672 3
      vertex -100.812 -70.7615 3
    endloop
  endfacet
  facet normal 0 0 1
    outer loop
      vertex -106 -64 3
      vertex -101.619 -61.9134 3
      vertex -101.83 -61.2941 3
    endloop
  endfacet
  facet normal 0 0 1
    outer loop
      vertex -106 -64 3
      vertex -101.83 -61.2941 3
      vertex -101.957 -60.6526 3
    endloop
  endfacet
  facet normal 0 0 1
    outer loop
      vertex -106 -64 3
      vertex -101.957 -60.6526 3
      vertex -102 -60 3
    endloop
  endfacet
  facet normal 0 0 1
    outer loop
      vertex -99.5 -64.3301 3
      vertex -102.5 -70.0622 3
      vertex -101.679 -70.4672 3
    endloop
  endfacet
  facet normal 0 0 1
    outer loop
      vertex -102 60 3
      vertex -106 64 3
      vertex -102 -60 3
    endloop
  endfacet
  facet normal -0 0 1
    outer loop
      vertex -105.94 64.9137 3
      vertex -100.967 63.0438 3
      vertex -105.761 65.8117 3
    endloop
  endfacet
  facet normal 0 0 1
    outer loop
      vertex -106 -64 3
      vertex -102 -60 3
      vertex -106 64 3
    endloop
  endfacet
  facet normal -0 0 1
    outer loop
      vertex -106 64 3
      vertex -100.967 63.0438 3
      vertex -105.94 64.9137 3
    endloop
  endfacet
  facet normal 0 0 1
    outer loop
      vertex -100.967 -63.0438 3
      vertex -106 -64 3
      vertex -105.94 -64.9137 3
    endloop
  endfacet
  facet normal 0 0 1
    outer loop
      vertex -100.967 63.0438 3
      vertex -106 64 3
      vertex -101.33 62.5 3
    endloop
  endfacet
  facet normal 0 0 1
    outer loop
      vertex -99.5 -64.3301 3
      vertex -103.261 -69.5535 3
      vertex -102.5 -70.0622 3
    endloop
  endfacet
  facet normal 0 0 1
    outer loop
      vertex -101.33 62.5 3
      vertex -106 64 3
      vertex -101.619 61.9134 3
    endloop
  endfacet
  facet normal 0 0 1
    outer loop
      vertex -99.5 -64.3301 3
      vertex -103.95 -68.9498 3
      vertex -103.261 -69.5535 3
    endloop
  endfacet
  facet normal 0 0 1
    outer loop
      vertex -101.619 61.9134 3
      vertex -106 64 3
      vertex -101.83 61.2941 3
    endloop
  endfacet
  facet normal 0 0 1
    outer loop
      vertex -100.044 -63.9668 3
      vertex -104.553 -68.2613 3
      vertex -103.95 -68.9498 3
    endloop
  endfacet
  facet normal 0 0 1
    outer loop
      vertex -101.83 61.2941 3
      vertex -106 64 3
      vertex -101.957 60.6526 3
    endloop
  endfacet
  facet normal 0 0 1
    outer loop
      vertex -100.044 -63.9668 3
      vertex -105.062 -67.5 3
      vertex -104.553 -68.2613 3
    endloop
  endfacet
  facet normal 0 0 1
    outer loop
      vertex -101.957 60.6526 3
      vertex -106 64 3
      vertex -102 60 3
    endloop
  endfacet
  facet normal 0 0 1
    outer loop
      vertex -100.536 -63.5355 3
      vertex -105.467 -66.6788 3
      vertex -105.062 -67.5 3
    endloop
  endfacet
  facet normal 0 0 1
    outer loop
      vertex -100.536 -63.5355 3
      vertex -105.761 -65.8117 3
      vertex -105.467 -66.6788 3
    endloop
  endfacet
  facet normal 0 0 1
    outer loop
      vertex -100.967 -63.0438 3
      vertex -105.94 -64.9137 3
      vertex -105.761 -65.8117 3
    endloop
  endfacet
  facet normal 0 0 1
    outer loop
      vertex -63.6268 -51.9 3
      vertex -94 -51.9 3
      vertex -63.6333 -52 3
    endloop
  endfacet
  facet normal 0 0 1
    outer loop
      vertex 59.0399 -51.9 3
      vertex 21 -51.9 3
      vertex 59.0333 -52 3
    endloop
  endfacet
  facet normal 0 0 1
    outer loop
      vertex 94 -51.9 3
      vertex 63.6268 -51.9 3
      vertex 63.6333 -52 3
    endloop
  endfacet
  facet normal 0 0 1
    outer loop
      vertex 96.5981 58.4 3
      vertex 99 59 3
      vertex 98.9743 59.3916 3
    endloop
  endfacet
  facet normal 0 0 1
    outer loop
      vertex 99 59 3
      vertex 97 -48.9 3
      vertex 99 -59 3
    endloop
  endfacet
  facet normal 0 0 1
    outer loop
      vertex 96.5981 58.4 3
      vertex 98.9743 59.3916 3
      vertex 98.8978 59.7765 3
    endloop
  endfacet
  facet normal -0 0 1
    outer loop
      vertex 96.9743 -49.2916 3
      vertex 99 -59 3
      vertex 97 -48.9 3
    endloop
  endfacet
  facet normal 0 0 1
    outer loop
      vertex 96.3801 58.7263 3
      vertex 98.8978 59.7765 3
      vertex 98.7716 60.1481 3
    endloop
  endfacet
  facet normal -0 0 1
    outer loop
      vertex 96.8978 -49.6765 3
      vertex 99 -59 3
      vertex 96.9743 -49.2916 3
    endloop
  endfacet
  facet normal 0 0 1
    outer loop
      vertex 96.3801 58.7263 3
      vertex 98.7716 60.1481 3
      vertex 98.5981 60.5 3
    endloop
  endfacet
  facet normal -0 0 1
    outer loop
      vertex 96.7716 -50.048 3
      vertex 99 -59 3
      vertex 96.8978 -49.6765 3
    endloop
  endfacet
  facet normal 0 0 1
    outer loop
      vertex 96.1213 59.0213 3
      vertex 98.5981 60.5 3
      vertex 98.3801 60.8263 3
    endloop
  endfacet
  facet normal -0 0 1
    outer loop
      vertex 96.5981 -50.4 3
      vertex 99 -59 3
      vertex 96.7716 -50.048 3
    endloop
  endfacet
  facet normal 0 0 1
    outer loop
      vertex 96.1213 59.0213 3
      vertex 98.3801 60.8263 3
      vertex 98.1213 61.1213 3
    endloop
  endfacet
  facet normal -0 0 1
    outer loop
      vertex 96.3801 -50.7263 3
      vertex 99 -59 3
      vertex 96.5981 -50.4 3
    endloop
  endfacet
  facet normal 0 0 1
    outer loop
      vertex 96.1213 59.0213 3
      vertex 98.1213 61.1213 3
      vertex 97.8263 61.3801 3
    endloop
  endfacet
  facet normal -0 0 1
    outer loop
      vertex 96.1213 -51.0213 3
      vertex 99 -59 3
      vertex 96.3801 -50.7263 3
    endloop
  endfacet
  facet normal 0 0 1
    outer loop
      vertex 95.8263 59.2801 3
      vertex 97.8263 61.3801 3
      vertex 97.5 61.5981 3
    endloop
  endfacet
  facet normal -0 0 1
    outer loop
      vertex 95.8263 -51.2801 3
      vertex 99 -59 3
      vertex 96.1213 -51.0213 3
    endloop
  endfacet
  facet normal 0 0 1
    outer loop
      vertex 95.8263 59.2801 3
      vertex 97.5 61.5981 3
      vertex 97.1481 61.7716 3
    endloop
  endfacet
  facet normal -0 0 1
    outer loop
      vertex 95.5 -51.4981 3
      vertex 99 -59 3
      vertex 95.8263 -51.2801 3
    endloop
  endfacet
  facet normal 0 0 1
    outer loop
      vertex 99 59 3
      vertex 97 56.9 3
      vertex 97 -48.9 3
    endloop
  endfacet
  facet normal 0 0 1
    outer loop
      vertex 99 59 3
      vertex 96.9743 57.2916 3
      vertex 97 56.9 3
    endloop
  endfacet
  facet normal 0 0 1
    outer loop
      vertex 99 59 3
      vertex 96.8978 57.6765 3
      vertex 96.9743 57.2916 3
    endloop
  endfacet
  facet normal 0 0 1
    outer loop
      vertex 95.8263 59.2801 3
      vertex 97.1481 61.7716 3
      vertex 96.7765 61.8978 3
    endloop
  endfacet
  facet normal 0 0 1
    outer loop
      vertex 99 59 3
      vertex 96.7716 58.048 3
      vertex 96.8978 57.6765 3
    endloop
  endfacet
  facet normal 0 0 1
    outer loop
      vertex 99 59 3
      vertex 96.5981 58.4 3
      vertex 96.7716 58.048 3
    endloop
  endfacet
  facet normal 0 0 1
    outer loop
      vertex 95.5 59.4981 3
      vertex 96.7765 61.8978 3
      vertex 96.3916 61.9743 3
    endloop
  endfacet
  facet normal 0 0 1
    outer loop
      vertex 98.8978 59.7765 3
      vertex 96.3801 58.7263 3
      vertex 96.5981 58.4 3
    endloop
  endfacet
  facet normal 0 0 1
    outer loop
      vertex 98.5981 60.5 3
      vertex 96.1213 59.0213 3
      vertex 96.3801 58.7263 3
    endloop
  endfacet
  facet normal 0 0 1
    outer loop
      vertex 95.5 59.4981 3
      vertex 96.3916 61.9743 3
      vertex 96 62 3
    endloop
  endfacet
  facet normal 0 0 1
    outer loop
      vertex 97.8263 61.3801 3
      vertex 95.8263 59.2801 3
      vertex 96.1213 59.0213 3
    endloop
  endfacet
  facet normal 0 0 1
    outer loop
      vertex 96.7765 61.8978 3
      vertex 95.5 59.4981 3
      vertex 95.8263 59.2801 3
    endloop
  endfacet
  facet normal 0 0 1
    outer loop
      vertex 96 62 3
      vertex 95.1481 59.6716 3
      vertex 95.5 59.4981 3
    endloop
  endfacet
  facet normal 0 0 1
    outer loop
      vertex 96 62 3
      vertex 94.7765 59.7978 3
      vertex 95.1481 59.6716 3
    endloop
  endfacet
  facet normal 0 0 1
    outer loop
      vertex 96 62 3
      vertex 94.3916 59.8743 3
      vertex 94.7765 59.7978 3
    endloop
  endfacet
  facet normal 0 0 1
    outer loop
      vertex 96 62 3
      vertex 94 59.9 3
      vertex 94.3916 59.8743 3
    endloop
  endfacet
  facet normal 0 0 1
    outer loop
      vertex 96 62 3
      vertex -94 59.9 3
      vertex 94 59.9 3
    endloop
  endfacet
  facet normal -0 0 1
    outer loop
      vertex -96 62 3
      vertex -94 59.9 3
      vertex 96 62 3
    endloop
  endfacet
  facet normal 0 0 1
    outer loop
      vertex -96 62 3
      vertex -94.3916 59.8743 3
      vertex -94 59.9 3
    endloop
  endfacet
  facet normal 0 0 1
    outer loop
      vertex -96 62 3
      vertex -94.7765 59.7978 3
      vertex -94.3916 59.8743 3
    endloop
  endfacet
  facet normal 0 0 1
    outer loop
      vertex -96 62 3
      vertex -95.1481 59.6716 3
      vertex -94.7765 59.7978 3
    endloop
  endfacet
  facet normal 0 0 1
    outer loop
      vertex -96 62 3
      vertex -95.5 59.4981 3
      vertex -95.1481 59.6716 3
    endloop
  endfacet
  facet normal -0 0 1
    outer loop
      vertex -96.3916 61.9743 3
      vertex -95.5 59.4981 3
      vertex -96 62 3
    endloop
  endfacet
  facet normal -0 0 1
    outer loop
      vertex -96.7765 61.8978 3
      vertex -95.5 59.4981 3
      vertex -96.3916 61.9743 3
    endloop
  endfacet
  facet normal 0 0 1
    outer loop
      vertex -95.5 59.4981 3
      vertex -96.7765 61.8978 3
      vertex -95.8263 59.2801 3
    endloop
  endfacet
  facet normal -0 0 1
    outer loop
      vertex -97.1481 61.7716 3
      vertex -95.8263 59.2801 3
      vertex -96.7765 61.8978 3
    endloop
  endfacet
  facet normal -0 0 1
    outer loop
      vertex -97.5 61.5981 3
      vertex -95.8263 59.2801 3
      vertex -97.1481 61.7716 3
    endloop
  endfacet
  facet normal -0 0 1
    outer loop
      vertex -97.8263 61.3801 3
      vertex -95.8263 59.2801 3
      vertex -97.5 61.5981 3
    endloop
  endfacet
  facet normal 0 0 1
    outer loop
      vertex -95.8263 59.2801 3
      vertex -97.8263 61.3801 3
      vertex -96.1213 59.0213 3
    endloop
  endfacet
  facet normal -0 0 1
    outer loop
      vertex -98.1213 61.1213 3
      vertex -96.1213 59.0213 3
      vertex -97.8263 61.3801 3
    endloop
  endfacet
  facet normal -0 0 1
    outer loop
      vertex -98.3801 60.8263 3
      vertex -96.1213 59.0213 3
      vertex -98.1213 61.1213 3
    endloop
  endfacet
  facet normal -0 0 1
    outer loop
      vertex -98.5981 60.5 3
      vertex -96.1213 59.0213 3
      vertex -98.3801 60.8263 3
    endloop
  endfacet
  facet normal -0 0 1
    outer loop
      vertex -98.7716 60.1481 3
      vertex -96.3801 58.7263 3
      vertex -98.5981 60.5 3
    endloop
  endfacet
  facet normal 0 0 1
    outer loop
      vertex -96.1213 59.0213 3
      vertex -98.5981 60.5 3
      vertex -96.3801 58.7263 3
    endloop
  endfacet
  facet normal -0 0 1
    outer loop
      vertex 95.1481 -51.6716 3
      vertex 99 -59 3
      vertex 95.5 -51.4981 3
    endloop
  endfacet
  facet normal -0 0 1
    outer loop
      vertex 94.7765 -51.7978 3
      vertex 99 -59 3
      vertex 95.1481 -51.6716 3
    endloop
  endfacet
  facet normal -0 0 1
    outer loop
      vertex 94.3916 -51.8743 3
      vertex 99 -59 3
      vertex 94.7765 -51.7978 3
    endloop
  endfacet
  facet normal -0 0 1
    outer loop
      vertex 94 -51.9 3
      vertex 99 -59 3
      vertex 94.3916 -51.8743 3
    endloop
  endfacet
  facet normal 0 -0 1
    outer loop
      vertex 96 -62 3
      vertex 99 -59 3
      vertex 94 -51.9 3
    endloop
  endfacet
  facet normal 0 0 1
    outer loop
      vertex 98.9743 -59.3916 3
      vertex 96 -62 3
      vertex 98.8978 -59.7765 3
    endloop
  endfacet
  facet normal 0 0 1
    outer loop
      vertex 98.8978 -59.7765 3
      vertex 96 -62 3
      vertex 98.7716 -60.1481 3
    endloop
  endfacet
  facet normal 0 0 1
    outer loop
      vertex 98.7716 -60.1481 3
      vertex 96 -62 3
      vertex 98.5981 -60.5 3
    endloop
  endfacet
  facet normal 0 0 1
    outer loop
      vertex 98.5981 -60.5 3
      vertex 96 -62 3
      vertex 98.3801 -60.8263 3
    endloop
  endfacet
  facet normal 0 0 1
    outer loop
      vertex 98.3801 -60.8263 3
      vertex 96 -62 3
      vertex 98.1213 -61.1213 3
    endloop
  endfacet
  facet normal 0 0 1
    outer loop
      vertex 98.1213 -61.1213 3
      vertex 96 -62 3
      vertex 97.8263 -61.3801 3
    endloop
  endfacet
  facet normal 0 0 1
    outer loop
      vertex 97.5 -61.5981 3
      vertex 96 -62 3
      vertex 97.1481 -61.7716 3
    endloop
  endfacet
  facet normal 0 0 1
    outer loop
      vertex 97.1481 -61.7716 3
      vertex 96 -62 3
      vertex 96.7765 -61.8978 3
    endloop
  endfacet
  facet normal 0 0 1
    outer loop
      vertex 96.7765 -61.8978 3
      vertex 96 -62 3
      vertex 96.3916 -61.9743 3
    endloop
  endfacet
  facet normal 0 0 1
    outer loop
      vertex 97.8263 -61.3801 3
      vertex 96 -62 3
      vertex 97.5 -61.5981 3
    endloop
  endfacet
  facet normal 0 0 1
    outer loop
      vertex 99 -59 3
      vertex 96 -62 3
      vertex 98.9743 -59.3916 3
    endloop
  endfacet
  facet normal 0 0 1
    outer loop
      vertex 63.6137 -52.3002 3
      vertex 94 -51.9 3
      vertex 63.6333 -52 3
    endloop
  endfacet
  facet normal 0 0 1
    outer loop
      vertex 63.555 -52.5953 3
      vertex 94 -51.9 3
      vertex 63.6137 -52.3002 3
    endloop
  endfacet
  facet normal 0 0 1
    outer loop
      vertex 63.4583 -52.8802 3
      vertex 94 -51.9 3
      vertex 63.555 -52.5953 3
    endloop
  endfacet
  facet normal 0 0 1
    outer loop
      vertex 94 -51.9 3
      vertex 63.4583 -52.8802 3
      vertex 96 -62 3
    endloop
  endfacet
  facet normal -0 0 1
    outer loop
      vertex 63.3252 -53.15 3
      vertex 96 -62 3
      vertex 63.4583 -52.8802 3
    endloop
  endfacet
  facet normal -0 0 1
    outer loop
      vertex 63.158 -53.4002 3
      vertex 96 -62 3
      vertex 63.3252 -53.15 3
    endloop
  endfacet
  facet normal -0 0 1
    outer loop
      vertex 62.9597 -53.6263 3
      vertex 96 -62 3
      vertex 63.158 -53.4002 3
    endloop
  endfacet
  facet normal -0 0 1
    outer loop
      vertex 62.7335 -53.8247 3
      vertex 96 -62 3
      vertex 62.9597 -53.6263 3
    endloop
  endfacet
  facet normal -0 0 1
    outer loop
      vertex 62.4833 -53.9919 3
      vertex 96 -62 3
      vertex 62.7335 -53.8247 3
    endloop
  endfacet
  facet normal -0 0 1
    outer loop
      vertex 62.2135 -54.1249 3
      vertex 96 -62 3
      vertex 62.4833 -53.9919 3
    endloop
  endfacet
  facet normal -0 0 1
    outer loop
      vertex 61.9286 -54.2216 3
      vertex 96 -62 3
      vertex 62.2135 -54.1249 3
    endloop
  endfacet
  facet normal -0 0 1
    outer loop
      vertex 61.6335 -54.2803 3
      vertex 96 -62 3
      vertex 61.9286 -54.2216 3
    endloop
  endfacet
  facet normal -0 0 1
    outer loop
      vertex 61.3333 -54.3 3
      vertex 96 -62 3
      vertex 61.6335 -54.2803 3
    endloop
  endfacet
  facet normal 0 0 1
    outer loop
      vertex 21 -62 3
      vertex 61.3333 -54.3 3
      vertex 61.0331 -54.2803 3
    endloop
  endfacet
  facet normal 0 0 1
    outer loop
      vertex 21 -62 3
      vertex 61.0331 -54.2803 3
      vertex 60.738 -54.2216 3
    endloop
  endfacet
  facet normal 0 0 1
    outer loop
      vertex 21 -51.9 3
      vertex 59.053 -52.3002 3
      vertex 59.0333 -52 3
    endloop
  endfacet
  facet normal 0 0 1
    outer loop
      vertex 21 -51.9 3
      vertex 59.1117 -52.5953 3
      vertex 59.053 -52.3002 3
    endloop
  endfacet
  facet normal 0 0 1
    outer loop
      vertex 21 -62 3
      vertex 59.1117 -52.5953 3
      vertex 21 -51.9 3
    endloop
  endfacet
  facet normal 0 0 1
    outer loop
      vertex 59.1117 -52.5953 3
      vertex 21 -62 3
      vertex 59.2084 -52.8802 3
    endloop
  endfacet
  facet normal 0 0 1
    outer loop
      vertex 59.2084 -52.8802 3
      vertex 21 -62 3
      vertex 59.3415 -53.15 3
    endloop
  endfacet
  facet normal 0 0 1
    outer loop
      vertex 59.3415 -53.15 3
      vertex 21 -62 3
      vertex 59.5086 -53.4002 3
    endloop
  endfacet
  facet normal 0 0 1
    outer loop
      vertex 59.5086 -53.4002 3
      vertex 21 -62 3
      vertex 59.707 -53.6263 3
    endloop
  endfacet
  facet normal 0 0 1
    outer loop
      vertex 59.707 -53.6263 3
      vertex 21 -62 3
      vertex 59.9332 -53.8247 3
    endloop
  endfacet
  facet normal 0 0 1
    outer loop
      vertex 59.9332 -53.8247 3
      vertex 21 -62 3
      vertex 60.1833 -53.9919 3
    endloop
  endfacet
  facet normal 0 0 1
    outer loop
      vertex 60.1833 -53.9919 3
      vertex 21 -62 3
      vertex 60.4532 -54.1249 3
    endloop
  endfacet
  facet normal 0 0 1
    outer loop
      vertex 60.4532 -54.1249 3
      vertex 21 -62 3
      vertex 60.738 -54.2216 3
    endloop
  endfacet
  facet normal 0 0 1
    outer loop
      vertex 61.3333 -54.3 3
      vertex 21 -62 3
      vertex 96 -62 3
    endloop
  endfacet
  facet normal 0 0 1
    outer loop
      vertex -59.053 -52.3002 3
      vertex -21 -51.9 3
      vertex -59.0333 -52 3
    endloop
  endfacet
  facet normal 0 -0 1
    outer loop
      vertex -59.0333 -52 3
      vertex -21 -51.9 3
      vertex -59.0399 -51.9 3
    endloop
  endfacet
  facet normal 0 0 1
    outer loop
      vertex -59.1117 -52.5953 3
      vertex -21 -51.9 3
      vertex -59.053 -52.3002 3
    endloop
  endfacet
  facet normal 0 0 1
    outer loop
      vertex -21 -51.9 3
      vertex -59.1117 -52.5953 3
      vertex -21 -62 3
    endloop
  endfacet
  facet normal -0 0 1
    outer loop
      vertex -59.2084 -52.8802 3
      vertex -21 -62 3
      vertex -59.1117 -52.5953 3
    endloop
  endfacet
  facet normal -0 0 1
    outer loop
      vertex -59.3415 -53.15 3
      vertex -21 -62 3
      vertex -59.2084 -52.8802 3
    endloop
  endfacet
  facet normal -0 0 1
    outer loop
      vertex -59.5086 -53.4002 3
      vertex -21 -62 3
      vertex -59.3415 -53.15 3
    endloop
  endfacet
  facet normal -0 0 1
    outer loop
      vertex -59.707 -53.6263 3
      vertex -21 -62 3
      vertex -59.5086 -53.4002 3
    endloop
  endfacet
  facet normal -0 0 1
    outer loop
      vertex -59.9332 -53.8247 3
      vertex -21 -62 3
      vertex -59.707 -53.6263 3
    endloop
  endfacet
  facet normal -0 0 1
    outer loop
      vertex -60.1833 -53.9919 3
      vertex -21 -62 3
      vertex -59.9332 -53.8247 3
    endloop
  endfacet
  facet normal -0 0 1
    outer loop
      vertex -60.4532 -54.1249 3
      vertex -21 -62 3
      vertex -60.1833 -53.9919 3
    endloop
  endfacet
  facet normal -0 0 1
    outer loop
      vertex -60.738 -54.2216 3
      vertex -21 -62 3
      vertex -60.4532 -54.1249 3
    endloop
  endfacet
  facet normal -0 0 1
    outer loop
      vertex -61.0331 -54.2803 3
      vertex -21 -62 3
      vertex -60.738 -54.2216 3
    endloop
  endfacet
  facet normal -0 0 1
    outer loop
      vertex -61.3333 -54.3 3
      vertex -21 -62 3
      vertex -61.0331 -54.2803 3
    endloop
  endfacet
  facet normal 0 0 1
    outer loop
      vertex -96 -62 3
      vertex -61.3333 -54.3 3
      vertex -61.6335 -54.2803 3
    endloop
  endfacet
  facet normal 0 0 1
    outer loop
      vertex -94 -51.9 3
      vertex -63.6137 -52.3002 3
      vertex -63.6333 -52 3
    endloop
  endfacet
  facet normal 0 0 1
    outer loop
      vertex -94 -51.9 3
      vertex -63.555 -52.5953 3
      vertex -63.6137 -52.3002 3
    endloop
  endfacet
  facet normal 0 0 1
    outer loop
      vertex -94 -51.9 3
      vertex -63.4583 -52.8802 3
      vertex -63.555 -52.5953 3
    endloop
  endfacet
  facet normal 0 0 1
    outer loop
      vertex -96 -62 3
      vertex -63.4583 -52.8802 3
      vertex -94 -51.9 3
    endloop
  endfacet
  facet normal 0 0 1
    outer loop
      vertex -63.4583 -52.8802 3
      vertex -96 -62 3
      vertex -63.3252 -53.15 3
    endloop
  endfacet
  facet normal 0 0 1
    outer loop
      vertex -63.3252 -53.15 3
      vertex -96 -62 3
      vertex -63.158 -53.4002 3
    endloop
  endfacet
  facet normal 0 0 1
    outer loop
      vertex -63.158 -53.4002 3
      vertex -96 -62 3
      vertex -62.9597 -53.6263 3
    endloop
  endfacet
  facet normal 0 0 1
    outer loop
      vertex -62.9597 -53.6263 3
      vertex -96 -62 3
      vertex -62.7335 -53.8247 3
    endloop
  endfacet
  facet normal 0 0 1
    outer loop
      vertex -62.7335 -53.8247 3
      vertex -96 -62 3
      vertex -62.4833 -53.9919 3
    endloop
  endfacet
  facet normal 0 0 1
    outer loop
      vertex -62.4833 -53.9919 3
      vertex -96 -62 3
      vertex -62.2135 -54.1249 3
    endloop
  endfacet
  facet normal 0 0 1
    outer loop
      vertex -62.2135 -54.1249 3
      vertex -96 -62 3
      vertex -61.9286 -54.2216 3
    endloop
  endfacet
  facet normal 0 0 1
    outer loop
      vertex -61.9286 -54.2216 3
      vertex -96 -62 3
      vertex -61.6335 -54.2803 3
    endloop
  endfacet
  facet normal 0 0 1
    outer loop
      vertex -99 -59 3
      vertex -94 -51.9 3
      vertex -94.3916 -51.8743 3
    endloop
  endfacet
  facet normal 0 0 1
    outer loop
      vertex -61.3333 -54.3 3
      vertex -96 -62 3
      vertex -21 -62 3
    endloop
  endfacet
  facet normal 0 0 1
    outer loop
      vertex -99 -59 3
      vertex -94.3916 -51.8743 3
      vertex -94.7765 -51.7978 3
    endloop
  endfacet
  facet normal 0 0 1
    outer loop
      vertex -99 -59 3
      vertex -94.7765 -51.7978 3
      vertex -95.1481 -51.6716 3
    endloop
  endfacet
  facet normal 0 0 1
    outer loop
      vertex -99 -59 3
      vertex -95.1481 -51.6716 3
      vertex -95.5 -51.4981 3
    endloop
  endfacet
  facet normal 0 0 1
    outer loop
      vertex -99 -59 3
      vertex -95.5 -51.4981 3
      vertex -95.8263 -51.2801 3
    endloop
  endfacet
  facet normal 0 0 1
    outer loop
      vertex -99 -59 3
      vertex -95.8263 -51.2801 3
      vertex -96.1213 -51.0213 3
    endloop
  endfacet
  facet normal 0 0 1
    outer loop
      vertex -99 -59 3
      vertex -96.1213 -51.0213 3
      vertex -96.3801 -50.7263 3
    endloop
  endfacet
  facet normal 0 0 1
    outer loop
      vertex -94 -51.9 3
      vertex -99 -59 3
      vertex -96 -62 3
    endloop
  endfacet
  facet normal 0 0 1
    outer loop
      vertex -99 -59 3
      vertex -96.3801 -50.7263 3
      vertex -96.5981 -50.4 3
    endloop
  endfacet
  facet normal 0 0 1
    outer loop
      vertex -99 -59 3
      vertex -96.5981 -50.4 3
      vertex -96.7716 -50.048 3
    endloop
  endfacet
  facet normal 0 0 1
    outer loop
      vertex -96 -62 3
      vertex -99 -59 3
      vertex -96.3916 -61.9743 3
    endloop
  endfacet
  facet normal 0 0 1
    outer loop
      vertex -99 -59 3
      vertex -96.7716 -50.048 3
      vertex -96.8978 -49.6765 3
    endloop
  endfacet
  facet normal 0 0 1
    outer loop
      vertex -99 -59 3
      vertex -96.8978 -49.6765 3
      vertex -96.9743 -49.2916 3
    endloop
  endfacet
  facet normal 0 0 1
    outer loop
      vertex -99 -59 3
      vertex -96.9743 -49.2916 3
      vertex -97 -48.9 3
    endloop
  endfacet
  facet normal 0 0 1
    outer loop
      vertex -96.3916 -61.9743 3
      vertex -99 -59 3
      vertex -96.7765 -61.8978 3
    endloop
  endfacet
  facet normal 0 0 1
    outer loop
      vertex -97 56.9 3
      vertex -99 59 3
      vertex -97 -48.9 3
    endloop
  endfacet
  facet normal -0 0 1
    outer loop
      vertex -98.8978 59.7765 3
      vertex -96.3801 58.7263 3
      vertex -98.7716 60.1481 3
    endloop
  endfacet
  facet normal 0 0 1
    outer loop
      vertex -99 -59 3
      vertex -97 -48.9 3
      vertex -99 59 3
    endloop
  endfacet
  facet normal 0 0 1
    outer loop
      vertex -96.3801 58.7263 3
      vertex -98.8978 59.7765 3
      vertex -96.5981 58.4 3
    endloop
  endfacet
  facet normal 0 0 1
    outer loop
      vertex -96.7765 -61.8978 3
      vertex -99 -59 3
      vertex -97.1481 -61.7716 3
    endloop
  endfacet
  facet normal -0 0 1
    outer loop
      vertex -98.9743 59.3916 3
      vertex -96.5981 58.4 3
      vertex -98.8978 59.7765 3
    endloop
  endfacet
  facet normal 0 0 1
    outer loop
      vertex -97.1481 -61.7716 3
      vertex -99 -59 3
      vertex -97.5 -61.5981 3
    endloop
  endfacet
  facet normal -0 0 1
    outer loop
      vertex -99 59 3
      vertex -96.5981 58.4 3
      vertex -98.9743 59.3916 3
    endloop
  endfacet
  facet normal 0 0 1
    outer loop
      vertex -97.5 -61.5981 3
      vertex -99 -59 3
      vertex -97.8263 -61.3801 3
    endloop
  endfacet
  facet normal 0 0 1
    outer loop
      vertex -96.5981 58.4 3
      vertex -99 59 3
      vertex -96.7716 58.048 3
    endloop
  endfacet
  facet normal 0 0 1
    outer loop
      vertex -97.8263 -61.3801 3
      vertex -99 -59 3
      vertex -98.1213 -61.1213 3
    endloop
  endfacet
  facet normal 0 0 1
    outer loop
      vertex -96.7716 58.048 3
      vertex -99 59 3
      vertex -96.8978 57.6765 3
    endloop
  endfacet
  facet normal 0 0 1
    outer loop
      vertex -98.1213 -61.1213 3
      vertex -99 -59 3
      vertex -98.3801 -60.8263 3
    endloop
  endfacet
  facet normal 0 0 1
    outer loop
      vertex -96.8978 57.6765 3
      vertex -99 59 3
      vertex -96.9743 57.2916 3
    endloop
  endfacet
  facet normal 0 0 1
    outer loop
      vertex -98.3801 -60.8263 3
      vertex -99 -59 3
      vertex -98.5981 -60.5 3
    endloop
  endfacet
  facet normal 0 0 1
    outer loop
      vertex -96.9743 57.2916 3
      vertex -99 59 3
      vertex -97 56.9 3
    endloop
  endfacet
  facet normal 0 0 1
    outer loop
      vertex -98.5981 -60.5 3
      vertex -99 -59 3
      vertex -98.7716 -60.1481 3
    endloop
  endfacet
  facet normal 0 0 1
    outer loop
      vertex -98.7716 -60.1481 3
      vertex -99 -59 3
      vertex -98.8978 -59.7765 3
    endloop
  endfacet
  facet normal 0 0 1
    outer loop
      vertex -98.8978 -59.7765 3
      vertex -99 -59 3
      vertex -98.9743 -59.3916 3
    endloop
  endfacet
  facet normal 0 1 -0
    outer loop
      vertex 99 71 0
      vertex -99 71 3
      vertex 99 71 3
    endloop
  endfacet
  facet normal 0 1 0
    outer loop
      vertex -99 71 3
      vertex 99 71 0
      vertex -99 71 0
    endloop
  endfacet
  facet normal 0.195003 -0.980803 0
    outer loop
      vertex 99.9137 -70.9401 0
      vertex 100.812 -70.7615 3
      vertex 99.9137 -70.9401 3
    endloop
  endfacet
  facet normal 0.195003 -0.980803 0
    outer loop
      vertex 100.812 -70.7615 3
      vertex 99.9137 -70.9401 0
      vertex 100.812 -70.7615 0
    endloop
  endfacet
  facet normal -0.555733 -0.831361 0
    outer loop
      vertex -103.261 -69.5535 0
      vertex -102.5 -70.0622 3
      vertex -103.261 -69.5535 3
    endloop
  endfacet
  facet normal -0.555733 -0.831361 -0
    outer loop
      vertex -102.5 -70.0622 3
      vertex -103.261 -69.5535 0
      vertex -102.5 -70.0622 0
    endloop
  endfacet
  facet normal 0.659015 -0.75213 0
    outer loop
      vertex 103.261 -69.5535 0
      vertex 103.95 -68.9498 3
      vertex 103.261 -69.5535 3
    endloop
  endfacet
  facet normal 0.659015 -0.75213 0
    outer loop
      vertex 103.95 -68.9498 3
      vertex 103.261 -69.5535 0
      vertex 103.95 -68.9498 0
    endloop
  endfacet
  facet normal -0.997851 0.0655259 0
    outer loop
      vertex -106 64 0
      vertex -105.94 64.9137 3
      vertex -105.94 64.9137 0
    endloop
  endfacet
  facet normal -0.997851 0.0655259 0
    outer loop
      vertex -105.94 64.9137 3
      vertex -106 64 0
      vertex -106 64 3
    endloop
  endfacet
  facet normal -1 0 0
    outer loop
      vertex -106 -64 0
      vertex -106 64 3
      vertex -106 64 0
    endloop
  endfacet
  facet normal -1 -0 0
    outer loop
      vertex -106 64 3
      vertex -106 -64 0
      vertex -106 -64 3
    endloop
  endfacet
  facet normal -0.89686 -0.442314 0
    outer loop
      vertex -105.062 -67.5 0
      vertex -105.467 -66.6788 3
      vertex -105.467 -66.6788 0
    endloop
  endfacet
  facet normal -0.89686 -0.442314 0
    outer loop
      vertex -105.467 -66.6788 3
      vertex -105.062 -67.5 0
      vertex -105.062 -67.5 3
    endloop
  endfacet
  facet normal -0.0654172 0.997858 0
    outer loop
      vertex -99 71 0
      vertex -99.9137 70.9401 3
      vertex -99 71 3
    endloop
  endfacet
  facet normal -0.0654172 0.997858 0
    outer loop
      vertex -99.9137 70.9401 3
      vertex -99 71 0
      vertex -99.9137 70.9401 0
    endloop
  endfacet
  facet normal 0.0654172 -0.997858 0
    outer loop
      vertex 99 -71 0
      vertex 99.9137 -70.9401 3
      vertex 99 -71 3
    endloop
  endfacet
  facet normal 0.0654172 -0.997858 0
    outer loop
      vertex 99.9137 -70.9401 3
      vertex 99 -71 0
      vertex 99.9137 -70.9401 0
    endloop
  endfacet
  facet normal -0.0654172 -0.997858 0
    outer loop
      vertex -99.9137 -70.9401 0
      vertex -99 -71 3
      vertex -99.9137 -70.9401 3
    endloop
  endfacet
  facet normal -0.0654172 -0.997858 -0
    outer loop
      vertex -99 -71 3
      vertex -99.9137 -70.9401 0
      vertex -99 -71 0
    endloop
  endfacet
  facet normal 0.659015 0.75213 -0
    outer loop
      vertex 103.95 68.9498 0
      vertex 103.261 69.5535 3
      vertex 103.95 68.9498 3
    endloop
  endfacet
  facet normal 0.659015 0.75213 0
    outer loop
      vertex 103.261 69.5535 3
      vertex 103.95 68.9498 0
      vertex 103.261 69.5535 0
    endloop
  endfacet
  facet normal -0.83131 0.555808 0
    outer loop
      vertex -105.062 67.5 0
      vertex -104.553 68.2613 3
      vertex -104.553 68.2613 0
    endloop
  endfacet
  facet normal -0.83131 0.555808 0
    outer loop
      vertex -104.553 68.2613 3
      vertex -105.062 67.5 0
      vertex -105.062 67.5 3
    endloop
  endfacet
  facet normal 0 0 -1
    outer loop
      vertex 99 -71 0
      vertex 106 -64 0
      vertex 105.94 -64.9137 0
    endloop
  endfacet
  facet normal 0 0 -1
    outer loop
      vertex 106 -64 0
      vertex 78 -38 0
      vertex 106 64 0
    endloop
  endfacet
  facet normal 0 0 -1
    outer loop
      vertex 99 -71 0
      vertex 105.94 -64.9137 0
      vertex 105.761 -65.8117 0
    endloop
  endfacet
  facet normal 0 0 -1
    outer loop
      vertex 78 46 0
      vertex 106 64 0
      vertex 78 -38 0
    endloop
  endfacet
  facet normal 0 0 -1
    outer loop
      vertex 99 -71 0
      vertex 105.761 -65.8117 0
      vertex 105.467 -66.6788 0
    endloop
  endfacet
  facet normal 0 0 -1
    outer loop
      vertex 77.9829 46.261 0
      vertex 106 64 0
      vertex 78 46 0
    endloop
  endfacet
  facet normal 0 0 -1
    outer loop
      vertex 99 -71 0
      vertex 105.467 -66.6788 0
      vertex 105.062 -67.5 0
    endloop
  endfacet
  facet normal 0 0 -1
    outer loop
      vertex 77.9319 46.5176 0
      vertex 106 64 0
      vertex 77.9829 46.261 0
    endloop
  endfacet
  facet normal 0 0 -1
    outer loop
      vertex 99 -71 0
      vertex 105.062 -67.5 0
      vertex 104.553 -68.2613 0
    endloop
  endfacet
  facet normal 0 0 -1
    outer loop
      vertex 77.8478 46.7654 0
      vertex 106 64 0
      vertex 77.9319 46.5176 0
    endloop
  endfacet
  facet normal 0 0 -1
    outer loop
      vertex 99 -71 0
      vertex 104.553 -68.2613 0
      vertex 103.95 -68.9498 0
    endloop
  endfacet
  facet normal 0 0 -1
    outer loop
      vertex 77.7321 47 0
      vertex 106 64 0
      vertex 77.8478 46.7654 0
    endloop
  endfacet
  facet normal 0 0 -1
    outer loop
      vertex 99 -71 0
      vertex 103.95 -68.9498 0
      vertex 103.261 -69.5535 0
    endloop
  endfacet
  facet normal 0 -0 -1
    outer loop
      vertex 99 71 0
      vertex 106 64 0
      vertex 77.7321 47 0
    endloop
  endfacet
  facet normal 0 0 -1
    outer loop
      vertex 99 -71 0
      vertex 103.261 -69.5535 0
      vertex 102.5 -70.0622 0
    endloop
  endfacet
  facet normal 0 0 -1
    outer loop
      vertex 106 64 0
      vertex 99 71 0
      vertex 105.94 64.9137 0
    endloop
  endfacet
  facet normal 0 0 -1
    outer loop
      vertex 99 -71 0
      vertex 102.5 -70.0622 0
      vertex 101.679 -70.4672 0
    endloop
  endfacet
  facet normal 0 0 -1
    outer loop
      vertex 105.94 64.9137 0
      vertex 99 71 0
      vertex 105.761 65.8117 0
    endloop
  endfacet
  facet normal 0 0 -1
    outer loop
      vertex 99 -71 0
      vertex 101.679 -70.4672 0
      vertex 100.812 -70.7615 0
    endloop
  endfacet
  facet normal 0 0 -1
    outer loop
      vertex 105.467 66.6788 0
      vertex 99 71 0
      vertex 105.062 67.5 0
    endloop
  endfacet
  facet normal 0 0 -1
    outer loop
      vertex 99 -71 0
      vertex 100.812 -70.7615 0
      vertex 99.9137 -70.9401 0
    endloop
  endfacet
  facet normal 0 0 -1
    outer loop
      vertex 105.062 67.5 0
      vertex 99 71 0
      vertex 104.553 68.2613 0
    endloop
  endfacet
  facet normal 0 0 -1
    outer loop
      vertex 77.2175 -39.5867 0
      vertex 106 -64 0
      vertex 99 -71 0
    endloop
  endfacet
  facet normal 0 0 -1
    outer loop
      vertex 104.553 68.2613 0
      vertex 99 71 0
      vertex 103.95 68.9498 0
    endloop
  endfacet
  facet normal 0 0 -1
    outer loop
      vertex 103.261 69.5535 0
      vertex 99 71 0
      vertex 102.5 70.0622 0
    endloop
  endfacet
  facet normal 0 0 -1
    outer loop
      vertex 106 -64 0
      vertex 77.9829 -38.261 0
      vertex 78 -38 0
    endloop
  endfacet
  facet normal 0 0 -1
    outer loop
      vertex 106 -64 0
      vertex 77.9319 -38.5176 0
      vertex 77.9829 -38.261 0
    endloop
  endfacet
  facet normal 0 0 -1
    outer loop
      vertex 106 -64 0
      vertex 77.8478 -38.7654 0
      vertex 77.9319 -38.5176 0
    endloop
  endfacet
  facet normal 0 0 -1
    outer loop
      vertex 106 -64 0
      vertex 77.7321 -39 0
      vertex 77.8478 -38.7654 0
    endloop
  endfacet
  facet normal 0 0 -1
    outer loop
      vertex 106 -64 0
      vertex 77.5867 -39.2175 0
      vertex 77.7321 -39 0
    endloop
  endfacet
  facet normal 0 0 -1
    outer loop
      vertex 106 -64 0
      vertex 77.4142 -39.4142 0
      vertex 77.5867 -39.2175 0
    endloop
  endfacet
  facet normal 0 0 -1
    outer loop
      vertex 106 -64 0
      vertex 77.2175 -39.5867 0
      vertex 77.4142 -39.4142 0
    endloop
  endfacet
  facet normal 0 0 -1
    outer loop
      vertex 99 -71 0
      vertex 77 -39.7321 0
      vertex 77.2175 -39.5867 0
    endloop
  endfacet
  facet normal 0 0 -1
    outer loop
      vertex 99 -71 0
      vertex 76.7654 -39.8478 0
      vertex 77 -39.7321 0
    endloop
  endfacet
  facet normal 0 0 -1
    outer loop
      vertex 99 -71 0
      vertex 76.5176 -39.9319 0
      vertex 76.7654 -39.8478 0
    endloop
  endfacet
  facet normal 0 0 -1
    outer loop
      vertex 99 -71 0
      vertex 76.261 -39.9829 0
      vertex 76.5176 -39.9319 0
    endloop
  endfacet
  facet normal 0 0 -1
    outer loop
      vertex 99 -71 0
      vertex 76 -40 0
      vertex 76.261 -39.9829 0
    endloop
  endfacet
  facet normal 0 0 -1
    outer loop
      vertex 99 -71 0
      vertex -76 -40 0
      vertex 76 -40 0
    endloop
  endfacet
  facet normal 0 0 -1
    outer loop
      vertex -99 -71 0
      vertex -76 -40 0
      vertex 99 -71 0
    endloop
  endfacet
  facet normal -0 0 -1
    outer loop
      vertex -77.9829 -38.261 0
      vertex -106 -64 0
      vertex -78 -38 0
    endloop
  endfacet
  facet normal -0 0 -1
    outer loop
      vertex -77.9319 -38.5176 0
      vertex -106 -64 0
      vertex -77.9829 -38.261 0
    endloop
  endfacet
  facet normal -0 0 -1
    outer loop
      vertex -77.8478 -38.7654 0
      vertex -106 -64 0
      vertex -77.9319 -38.5176 0
    endloop
  endfacet
  facet normal -0 0 -1
    outer loop
      vertex -77.7321 -39 0
      vertex -106 -64 0
      vertex -77.8478 -38.7654 0
    endloop
  endfacet
  facet normal -0 0 -1
    outer loop
      vertex -77.5867 -39.2175 0
      vertex -106 -64 0
      vertex -77.7321 -39 0
    endloop
  endfacet
  facet normal -0 0 -1
    outer loop
      vertex -77.4142 -39.4142 0
      vertex -106 -64 0
      vertex -77.5867 -39.2175 0
    endloop
  endfacet
  facet normal -0 0 -1
    outer loop
      vertex -77.2175 -39.5867 0
      vertex -106 -64 0
      vertex -77.4142 -39.4142 0
    endloop
  endfacet
  facet normal 0 0 -1
    outer loop
      vertex -106 -64 0
      vertex -77.2175 -39.5867 0
      vertex -99 -71 0
    endloop
  endfacet
  facet normal -0 0 -1
    outer loop
      vertex -77 -39.7321 0
      vertex -99 -71 0
      vertex -77.2175 -39.5867 0
    endloop
  endfacet
  facet normal -0 0 -1
    outer loop
      vertex -76.7654 -39.8478 0
      vertex -99 -71 0
      vertex -77 -39.7321 0
    endloop
  endfacet
  facet normal -0 0 -1
    outer loop
      vertex -76.5176 -39.9319 0
      vertex -99 -71 0
      vertex -76.7654 -39.8478 0
    endloop
  endfacet
  facet normal -0 0 -1
    outer loop
      vertex -76.261 -39.9829 0
      vertex -99 -71 0
      vertex -76.5176 -39.9319 0
    endloop
  endfacet
  facet normal -0 0 -1
    outer loop
      vertex -76 -40 0
      vertex -99 -71 0
      vertex -76.261 -39.9829 0
    endloop
  endfacet
  facet normal 0 0 -1
    outer loop
      vertex 102.5 70.0622 0
      vertex 99 71 0
      vertex 101.679 70.4672 0
    endloop
  endfacet
  facet normal 0 0 -1
    outer loop
      vertex 100.812 70.7615 0
      vertex 99 71 0
      vertex 99.9137 70.9401 0
    endloop
  endfacet
  facet normal 0 0 -1
    outer loop
      vertex 101.679 70.4672 0
      vertex 99 71 0
      vertex 100.812 70.7615 0
    endloop
  endfacet
  facet normal 0 0 -1
    outer loop
      vertex 103.95 68.9498 0
      vertex 99 71 0
      vertex 103.261 69.5535 0
    endloop
  endfacet
  facet normal 0 0 -1
    outer loop
      vertex 105.761 65.8117 0
      vertex 99 71 0
      vertex 105.467 66.6788 0
    endloop
  endfacet
  facet normal 0 0 -1
    outer loop
      vertex 77.5867 47.2175 0
      vertex 99 71 0
      vertex 77.7321 47 0
    endloop
  endfacet
  facet normal 0 0 -1
    outer loop
      vertex 77.4142 47.4142 0
      vertex 99 71 0
      vertex 77.5867 47.2175 0
    endloop
  endfacet
  facet normal 0 0 -1
    outer loop
      vertex 77.2175 47.5867 0
      vertex 99 71 0
      vertex 77.4142 47.4142 0
    endloop
  endfacet
  facet normal 0 0 -1
    outer loop
      vertex 77 47.7321 0
      vertex 99 71 0
      vertex 77.2175 47.5867 0
    endloop
  endfacet
  facet normal 0 0 -1
    outer loop
      vertex 76.7654 47.8478 0
      vertex 99 71 0
      vertex 77 47.7321 0
    endloop
  endfacet
  facet normal 0 0 -1
    outer loop
      vertex 76.5176 47.9319 0
      vertex 99 71 0
      vertex 76.7654 47.8478 0
    endloop
  endfacet
  facet normal 0 0 -1
    outer loop
      vertex 76.261 47.9829 0
      vertex 99 71 0
      vertex 76.5176 47.9319 0
    endloop
  endfacet
  facet normal 0 0 -1
    outer loop
      vertex 76 48 0
      vertex 99 71 0
      vertex 76.261 47.9829 0
    endloop
  endfacet
  facet normal 0 0 -1
    outer loop
      vertex -76 48 0
      vertex 99 71 0
      vertex 76 48 0
    endloop
  endfacet
  facet normal 0 0 -1
    outer loop
      vertex -99 71 0
      vertex -76 48 0
      vertex -76.261 47.9829 0
    endloop
  endfacet
  facet normal 0 0 -1
    outer loop
      vertex -106 64 0
      vertex -78 -38 0
      vertex -106 -64 0
    endloop
  endfacet
  facet normal 0 0 -1
    outer loop
      vertex -76 48 0
      vertex -99 71 0
      vertex 99 71 0
    endloop
  endfacet
  facet normal 0 0 -1
    outer loop
      vertex -76.5176 47.9319 0
      vertex -99 71 0
      vertex -76.261 47.9829 0
    endloop
  endfacet
  facet normal 0 0 -1
    outer loop
      vertex -76.7654 47.8478 0
      vertex -99 71 0
      vertex -76.5176 47.9319 0
    endloop
  endfacet
  facet normal 0 0 -1
    outer loop
      vertex -77 47.7321 0
      vertex -99 71 0
      vertex -76.7654 47.8478 0
    endloop
  endfacet
  facet normal 0 0 -1
    outer loop
      vertex -77.2175 47.5867 0
      vertex -99 71 0
      vertex -77 47.7321 0
    endloop
  endfacet
  facet normal 0 0 -1
    outer loop
      vertex -77.4142 47.4142 0
      vertex -99 71 0
      vertex -77.2175 47.5867 0
    endloop
  endfacet
  facet normal 0 0 -1
    outer loop
      vertex -77.5867 47.2175 0
      vertex -99 71 0
      vertex -77.4142 47.4142 0
    endloop
  endfacet
  facet normal 0 0 -1
    outer loop
      vertex -77.7321 47 0
      vertex -99 71 0
      vertex -77.5867 47.2175 0
    endloop
  endfacet
  facet normal 0 0 -1
    outer loop
      vertex -106 64 0
      vertex -77.7321 47 0
      vertex -77.8478 46.7654 0
    endloop
  endfacet
  facet normal 0 0 -1
    outer loop
      vertex -106 64 0
      vertex -77.8478 46.7654 0
      vertex -77.9319 46.5176 0
    endloop
  endfacet
  facet normal 0 0 -1
    outer loop
      vertex -106 64 0
      vertex -77.9319 46.5176 0
      vertex -77.9829 46.261 0
    endloop
  endfacet
  facet normal 0 0 -1
    outer loop
      vertex -78 -38 0
      vertex -106 64 0
      vertex -78 46 0
    endloop
  endfacet
  facet normal 0 0 -1
    outer loop
      vertex -106 -64 0
      vertex -99 -71 0
      vertex -99.9137 -70.9401 0
    endloop
  endfacet
  facet normal 0 0 -1
    outer loop
      vertex -78 46 0
      vertex -106 64 0
      vertex -77.9829 46.261 0
    endloop
  endfacet
  facet normal 0 0 -1
    outer loop
      vertex -106 -64 0
      vertex -99.9137 -70.9401 0
      vertex -100.812 -70.7615 0
    endloop
  endfacet
  facet normal 0 0 -1
    outer loop
      vertex -77.7321 47 0
      vertex -106 64 0
      vertex -99 71 0
    endloop
  endfacet
  facet normal 0 0 -1
    outer loop
      vertex -106 -64 0
      vertex -100.812 -70.7615 0
      vertex -101.679 -70.4672 0
    endloop
  endfacet
  facet normal 0 0 -1
    outer loop
      vertex -99 71 0
      vertex -106 64 0
      vertex -99.9137 70.9401 0
    endloop
  endfacet
  facet normal 0 0 -1
    outer loop
      vertex -106 -64 0
      vertex -101.679 -70.4672 0
      vertex -102.5 -70.0622 0
    endloop
  endfacet
  facet normal 0 0 -1
    outer loop
      vertex -99.9137 70.9401 0
      vertex -106 64 0
      vertex -100.812 70.7615 0
    endloop
  endfacet
  facet normal 0 0 -1
    outer loop
      vertex -106 -64 0
      vertex -102.5 -70.0622 0
      vertex -103.261 -69.5535 0
    endloop
  endfacet
  facet normal 0 0 -1
    outer loop
      vertex -100.812 70.7615 0
      vertex -106 64 0
      vertex -101.679 70.4672 0
    endloop
  endfacet
  facet normal 0 0 -1
    outer loop
      vertex -106 -64 0
      vertex -103.261 -69.5535 0
      vertex -103.95 -68.9498 0
    endloop
  endfacet
  facet normal 0 0 -1
    outer loop
      vertex -101.679 70.4672 0
      vertex -106 64 0
      vertex -102.5 70.0622 0
    endloop
  endfacet
  facet normal 0 0 -1
    outer loop
      vertex -106 -64 0
      vertex -103.95 -68.9498 0
      vertex -104.553 -68.2613 0
    endloop
  endfacet
  facet normal 0 0 -1
    outer loop
      vertex -102.5 70.0622 0
      vertex -106 64 0
      vertex -103.261 69.5535 0
    endloop
  endfacet
  facet normal 0 0 -1
    outer loop
      vertex -106 -64 0
      vertex -104.553 -68.2613 0
      vertex -105.062 -67.5 0
    endloop
  endfacet
  facet normal 0 0 -1
    outer loop
      vertex -103.261 69.5535 0
      vertex -106 64 0
      vertex -103.95 68.9498 0
    endloop
  endfacet
  facet normal 0 0 -1
    outer loop
      vertex -106 -64 0
      vertex -105.062 -67.5 0
      vertex -105.467 -66.6788 0
    endloop
  endfacet
  facet normal 0 0 -1
    outer loop
      vertex -103.95 68.9498 0
      vertex -106 64 0
      vertex -104.553 68.2613 0
    endloop
  endfacet
  facet normal 0 0 -1
    outer loop
      vertex -106 -64 0
      vertex -105.467 -66.6788 0
      vertex -105.761 -65.8117 0
    endloop
  endfacet
  facet normal 0 0 -1
    outer loop
      vertex -104.553 68.2613 0
      vertex -106 64 0
      vertex -105.062 67.5 0
    endloop
  endfacet
  facet normal 0 0 -1
    outer loop
      vertex -106 -64 0
      vertex -105.761 -65.8117 0
      vertex -105.94 -64.9137 0
    endloop
  endfacet
  facet normal 0 0 -1
    outer loop
      vertex -105.062 67.5 0
      vertex -106 64 0
      vertex -105.467 66.6788 0
    endloop
  endfacet
  facet normal 0 0 -1
    outer loop
      vertex -105.467 66.6788 0
      vertex -106 64 0
      vertex -105.761 65.8117 0
    endloop
  endfacet
  facet normal 0 0 -1
    outer loop
      vertex -105.761 65.8117 0
      vertex -106 64 0
      vertex -105.94 64.9137 0
    endloop
  endfacet
  facet normal -0.752272 -0.658853 0
    outer loop
      vertex -103.95 -68.9498 0
      vertex -104.553 -68.2613 3
      vertex -104.553 -68.2613 0
    endloop
  endfacet
  facet normal -0.752272 -0.658853 0
    outer loop
      vertex -104.553 -68.2613 3
      vertex -103.95 -68.9498 0
      vertex -103.95 -68.9498 3
    endloop
  endfacet
  facet normal -0.321433 0.946932 0
    outer loop
      vertex -100.812 70.7615 0
      vertex -101.679 70.4672 3
      vertex -100.812 70.7615 3
    endloop
  endfacet
  facet normal -0.321433 0.946932 0
    outer loop
      vertex -101.679 70.4672 3
      vertex -100.812 70.7615 0
      vertex -101.679 70.4672 0
    endloop
  endfacet
  facet normal 0.0654172 0.997858 -0
    outer loop
      vertex 99.9137 70.9401 0
      vertex 99 71 3
      vertex 99.9137 70.9401 3
    endloop
  endfacet
  facet normal 0.0654172 0.997858 0
    outer loop
      vertex 99 71 3
      vertex 99.9137 70.9401 0
      vertex 99 71 0
    endloop
  endfacet
  facet normal -0.195003 0.980803 0
    outer loop
      vertex -99.9137 70.9401 0
      vertex -100.812 70.7615 3
      vertex -99.9137 70.9401 3
    endloop
  endfacet
  facet normal -0.195003 0.980803 0
    outer loop
      vertex -100.812 70.7615 3
      vertex -99.9137 70.9401 0
      vertex -100.812 70.7615 0
    endloop
  endfacet
  facet normal 0 -1 0
    outer loop
      vertex -99 -71 0
      vertex 99 -71 3
      vertex -99 -71 3
    endloop
  endfacet
  facet normal 0 -1 -0
    outer loop
      vertex 99 -71 3
      vertex -99 -71 0
      vertex 99 -71 0
    endloop
  endfacet
  facet normal -0.442401 -0.896817 0
    outer loop
      vertex -102.5 -70.0622 0
      vertex -101.679 -70.4672 3
      vertex -102.5 -70.0622 3
    endloop
  endfacet
  facet normal -0.442401 -0.896817 -0
    outer loop
      vertex -101.679 -70.4672 3
      vertex -102.5 -70.0622 0
      vertex -101.679 -70.4672 0
    endloop
  endfacet
  facet normal -0.980706 0.195486 0
    outer loop
      vertex -105.94 64.9137 0
      vertex -105.761 65.8117 3
      vertex -105.761 65.8117 0
    endloop
  endfacet
  facet normal -0.980706 0.195486 0
    outer loop
      vertex -105.761 65.8117 3
      vertex -105.94 64.9137 0
      vertex -105.94 64.9137 3
    endloop
  endfacet
  facet normal -0.947043 0.321106 0
    outer loop
      vertex -105.761 65.8117 0
      vertex -105.467 66.6788 3
      vertex -105.467 66.6788 0
    endloop
  endfacet
  facet normal -0.947043 0.321106 0
    outer loop
      vertex -105.467 66.6788 3
      vertex -105.761 65.8117 0
      vertex -105.761 65.8117 3
    endloop
  endfacet
  facet normal -0.89686 0.442314 0
    outer loop
      vertex -105.467 66.6788 0
      vertex -105.062 67.5 3
      vertex -105.062 67.5 0
    endloop
  endfacet
  facet normal -0.89686 0.442314 0
    outer loop
      vertex -105.062 67.5 3
      vertex -105.467 66.6788 0
      vertex -105.467 66.6788 3
    endloop
  endfacet
  facet normal -0.752272 0.658853 0
    outer loop
      vertex -104.553 68.2613 0
      vertex -103.95 68.9498 3
      vertex -103.95 68.9498 0
    endloop
  endfacet
  facet normal -0.752272 0.658853 0
    outer loop
      vertex -103.95 68.9498 3
      vertex -104.553 68.2613 0
      vertex -104.553 68.2613 3
    endloop
  endfacet
  facet normal -0.659015 0.75213 0
    outer loop
      vertex -103.261 69.5535 0
      vertex -103.95 68.9498 3
      vertex -103.261 69.5535 3
    endloop
  endfacet
  facet normal -0.659015 0.75213 0
    outer loop
      vertex -103.95 68.9498 3
      vertex -103.261 69.5535 0
      vertex -103.95 68.9498 0
    endloop
  endfacet
  facet normal -0.442401 0.896817 0
    outer loop
      vertex -101.679 70.4672 0
      vertex -102.5 70.0622 3
      vertex -101.679 70.4672 3
    endloop
  endfacet
  facet normal -0.442401 0.896817 0
    outer loop
      vertex -102.5 70.0622 3
      vertex -101.679 70.4672 0
      vertex -102.5 70.0622 0
    endloop
  endfacet
  facet normal -0.947043 -0.321106 0
    outer loop
      vertex -105.467 -66.6788 0
      vertex -105.761 -65.8117 3
      vertex -105.761 -65.8117 0
    endloop
  endfacet
  facet normal -0.947043 -0.321106 0
    outer loop
      vertex -105.761 -65.8117 3
      vertex -105.467 -66.6788 0
      vertex -105.467 -66.6788 3
    endloop
  endfacet
  facet normal -0.980706 -0.195486 0
    outer loop
      vertex -105.761 -65.8117 0
      vertex -105.94 -64.9137 3
      vertex -105.94 -64.9137 0
    endloop
  endfacet
  facet normal -0.980706 -0.195486 0
    outer loop
      vertex -105.94 -64.9137 3
      vertex -105.761 -65.8117 0
      vertex -105.761 -65.8117 3
    endloop
  endfacet
  facet normal -0.997851 -0.0655259 0
    outer loop
      vertex -105.94 -64.9137 0
      vertex -106 -64 3
      vertex -106 -64 0
    endloop
  endfacet
  facet normal -0.997851 -0.0655259 0
    outer loop
      vertex -106 -64 3
      vertex -105.94 -64.9137 0
      vertex -105.94 -64.9137 3
    endloop
  endfacet
  facet normal -0.659015 -0.75213 0
    outer loop
      vertex -103.95 -68.9498 0
      vertex -103.261 -69.5535 3
      vertex -103.95 -68.9498 3
    endloop
  endfacet
  facet normal -0.659015 -0.75213 -0
    outer loop
      vertex -103.261 -69.5535 3
      vertex -103.95 -68.9498 0
      vertex -103.261 -69.5535 0
    endloop
  endfacet
  facet normal 0.89686 0.442314 0
    outer loop
      vertex 105.467 66.6788 3
      vertex 105.062 67.5 0
      vertex 105.062 67.5 3
    endloop
  endfacet
  facet normal 0.89686 0.442314 0
    outer loop
      vertex 105.062 67.5 0
      vertex 105.467 66.6788 3
      vertex 105.467 66.6788 0
    endloop
  endfacet
  facet normal 0.947043 0.321106 0
    outer loop
      vertex 105.761 65.8117 3
      vertex 105.467 66.6788 0
      vertex 105.467 66.6788 3
    endloop
  endfacet
  facet normal 0.947043 0.321106 0
    outer loop
      vertex 105.467 66.6788 0
      vertex 105.761 65.8117 3
      vertex 105.761 65.8117 0
    endloop
  endfacet
  facet normal 0.442401 0.896817 -0
    outer loop
      vertex 102.5 70.0622 0
      vertex 101.679 70.4672 3
      vertex 102.5 70.0622 3
    endloop
  endfacet
  facet normal 0.442401 0.896817 0
    outer loop
      vertex 101.679 70.4672 3
      vertex 102.5 70.0622 0
      vertex 101.679 70.4672 0
    endloop
  endfacet
  facet normal 0.997851 -0.0655259 0
    outer loop
      vertex 105.94 -64.9137 3
      vertex 106 -64 0
      vertex 106 -64 3
    endloop
  endfacet
  facet normal 0.997851 -0.0655259 0
    outer loop
      vertex 106 -64 0
      vertex 105.94 -64.9137 3
      vertex 105.94 -64.9137 0
    endloop
  endfacet
  facet normal 0.89686 -0.442314 0
    outer loop
      vertex 105.062 -67.5 3
      vertex 105.467 -66.6788 0
      vertex 105.467 -66.6788 3
    endloop
  endfacet
  facet normal 0.89686 -0.442314 0
    outer loop
      vertex 105.467 -66.6788 0
      vertex 105.062 -67.5 3
      vertex 105.062 -67.5 0
    endloop
  endfacet
  facet normal -0.555733 0.831361 0
    outer loop
      vertex -102.5 70.0622 0
      vertex -103.261 69.5535 3
      vertex -102.5 70.0622 3
    endloop
  endfacet
  facet normal -0.555733 0.831361 0
    outer loop
      vertex -103.261 69.5535 3
      vertex -102.5 70.0622 0
      vertex -103.261 69.5535 0
    endloop
  endfacet
  facet normal -0.83131 -0.555808 0
    outer loop
      vertex -104.553 -68.2613 0
      vertex -105.062 -67.5 3
      vertex -105.062 -67.5 0
    endloop
  endfacet
  facet normal -0.83131 -0.555808 0
    outer loop
      vertex -105.062 -67.5 3
      vertex -104.553 -68.2613 0
      vertex -104.553 -68.2613 3
    endloop
  endfacet
  facet normal -0.195003 -0.980803 0
    outer loop
      vertex -100.812 -70.7615 0
      vertex -99.9137 -70.9401 3
      vertex -100.812 -70.7615 3
    endloop
  endfacet
  facet normal -0.195003 -0.980803 -0
    outer loop
      vertex -99.9137 -70.9401 3
      vertex -100.812 -70.7615 0
      vertex -99.9137 -70.9401 0
    endloop
  endfacet
  facet normal -0.321433 -0.946932 0
    outer loop
      vertex -101.679 -70.4672 0
      vertex -100.812 -70.7615 3
      vertex -101.679 -70.4672 3
    endloop
  endfacet
  facet normal -0.321433 -0.946932 -0
    outer loop
      vertex -100.812 -70.7615 3
      vertex -101.679 -70.4672 0
      vertex -100.812 -70.7615 0
    endloop
  endfacet
  facet normal 0.555733 0.831361 -0
    outer loop
      vertex 103.261 69.5535 0
      vertex 102.5 70.0622 3
      vertex 103.261 69.5535 3
    endloop
  endfacet
  facet normal 0.555733 0.831361 0
    outer loop
      vertex 102.5 70.0622 3
      vertex 103.261 69.5535 0
      vertex 102.5 70.0622 0
    endloop
  endfacet
  facet normal 0.195003 0.980803 -0
    outer loop
      vertex 100.812 70.7615 0
      vertex 99.9137 70.9401 3
      vertex 100.812 70.7615 3
    endloop
  endfacet
  facet normal 0.195003 0.980803 0
    outer loop
      vertex 99.9137 70.9401 3
      vertex 100.812 70.7615 0
      vertex 99.9137 70.9401 0
    endloop
  endfacet
  facet normal 0.321433 0.946932 -0
    outer loop
      vertex 101.679 70.4672 0
      vertex 100.812 70.7615 3
      vertex 101.679 70.4672 3
    endloop
  endfacet
  facet normal 0.321433 0.946932 0
    outer loop
      vertex 100.812 70.7615 3
      vertex 101.679 70.4672 0
      vertex 100.812 70.7615 0
    endloop
  endfacet
  facet normal 0.980706 -0.195486 0
    outer loop
      vertex 105.761 -65.8117 3
      vertex 105.94 -64.9137 0
      vertex 105.94 -64.9137 3
    endloop
  endfacet
  facet normal 0.980706 -0.195486 0
    outer loop
      vertex 105.94 -64.9137 0
      vertex 105.761 -65.8117 3
      vertex 105.761 -65.8117 0
    endloop
  endfacet
  facet normal 0.947043 -0.321106 0
    outer loop
      vertex 105.467 -66.6788 3
      vertex 105.761 -65.8117 0
      vertex 105.761 -65.8117 3
    endloop
  endfacet
  facet normal 0.947043 -0.321106 0
    outer loop
      vertex 105.761 -65.8117 0
      vertex 105.467 -66.6788 3
      vertex 105.467 -66.6788 0
    endloop
  endfacet
  facet normal 0.83131 -0.555808 0
    outer loop
      vertex 104.553 -68.2613 3
      vertex 105.062 -67.5 0
      vertex 105.062 -67.5 3
    endloop
  endfacet
  facet normal 0.83131 -0.555808 0
    outer loop
      vertex 105.062 -67.5 0
      vertex 104.553 -68.2613 3
      vertex 104.553 -68.2613 0
    endloop
  endfacet
  facet normal 0.980706 0.195486 0
    outer loop
      vertex 105.94 64.9137 3
      vertex 105.761 65.8117 0
      vertex 105.761 65.8117 3
    endloop
  endfacet
  facet normal 0.980706 0.195486 0
    outer loop
      vertex 105.761 65.8117 0
      vertex 105.94 64.9137 3
      vertex 105.94 64.9137 0
    endloop
  endfacet
  facet normal 0.997851 0.0655259 0
    outer loop
      vertex 106 64 3
      vertex 105.94 64.9137 0
      vertex 105.94 64.9137 3
    endloop
  endfacet
  facet normal 0.997851 0.0655259 0
    outer loop
      vertex 105.94 64.9137 0
      vertex 106 64 3
      vertex 106 64 0
    endloop
  endfacet
  facet normal 0.752272 0.658853 0
    outer loop
      vertex 104.553 68.2613 3
      vertex 103.95 68.9498 0
      vertex 103.95 68.9498 3
    endloop
  endfacet
  facet normal 0.752272 0.658853 0
    outer loop
      vertex 103.95 68.9498 0
      vertex 104.553 68.2613 3
      vertex 104.553 68.2613 0
    endloop
  endfacet
  facet normal 0.83131 0.555808 0
    outer loop
      vertex 105.062 67.5 3
      vertex 104.553 68.2613 0
      vertex 104.553 68.2613 3
    endloop
  endfacet
  facet normal 0.83131 0.555808 0
    outer loop
      vertex 104.553 68.2613 0
      vertex 105.062 67.5 3
      vertex 105.062 67.5 0
    endloop
  endfacet
  facet normal 0.752272 -0.658853 0
    outer loop
      vertex 103.95 -68.9498 3
      vertex 104.553 -68.2613 0
      vertex 104.553 -68.2613 3
    endloop
  endfacet
  facet normal 0.752272 -0.658853 0
    outer loop
      vertex 104.553 -68.2613 0
      vertex 103.95 -68.9498 3
      vertex 103.95 -68.9498 0
    endloop
  endfacet
  facet normal -0.0653771 0.997861 0
    outer loop
      vertex 76.261 -39.9829 0
      vertex 76 -40 1.3
      vertex 76.261 -39.9829 1.3
    endloop
  endfacet
  facet normal -0.0653771 0.997861 0
    outer loop
      vertex 76 -40 1.3
      vertex 76.261 -39.9829 0
      vertex 76 -40 0
    endloop
  endfacet
  facet normal -0.19494 0.980815 0
    outer loop
      vertex 76.5176 -39.9319 0
      vertex 76.261 -39.9829 1.3
      vertex 76.5176 -39.9319 1.3
    endloop
  endfacet
  facet normal -0.19494 0.980815 0
    outer loop
      vertex 76.261 -39.9829 1.3
      vertex 76.5176 -39.9319 0
      vertex 76.261 -39.9829 0
    endloop
  endfacet
  facet normal 0.0653771 -0.997861 0
    outer loop
      vertex -76.261 47.9829 0
      vertex -76 48 1.3
      vertex -76.261 47.9829 1.3
    endloop
  endfacet
  facet normal 0.0653771 -0.997861 0
    outer loop
      vertex -76 48 1.3
      vertex -76.261 47.9829 0
      vertex -76 48 0
    endloop
  endfacet
  facet normal 0.442314 0.89686 -0
    outer loop
      vertex -76.7654 -39.8478 0
      vertex -77 -39.7321 1.3
      vertex -76.7654 -39.8478 1.3
    endloop
  endfacet
  facet normal 0.442314 0.89686 0
    outer loop
      vertex -77 -39.7321 1.3
      vertex -76.7654 -39.8478 0
      vertex -77 -39.7321 0
    endloop
  endfacet
  facet normal -0.0653771 -0.997861 0
    outer loop
      vertex 76 48 0
      vertex 76.261 47.9829 1.3
      vertex 76 48 1.3
    endloop
  endfacet
  facet normal -0.0653771 -0.997861 -0
    outer loop
      vertex 76.261 47.9829 1.3
      vertex 76 48 0
      vertex 76.261 47.9829 0
    endloop
  endfacet
  facet normal 0.659343 -0.751842 0
    outer loop
      vertex -77.4142 47.4142 0
      vertex -77.2175 47.5867 1.3
      vertex -77.4142 47.4142 1.3
    endloop
  endfacet
  facet normal 0.659343 -0.751842 0
    outer loop
      vertex -77.2175 47.5867 1.3
      vertex -77.4142 47.4142 0
      vertex -77.2175 47.5867 0
    endloop
  endfacet
  facet normal 0 1 -0
    outer loop
      vertex 76 -40 0
      vertex -76 -40 1.3
      vertex 76 -40 1.3
    endloop
  endfacet
  facet normal 0 1 0
    outer loop
      vertex -76 -40 1.3
      vertex 76 -40 0
      vertex -76 -40 0
    endloop
  endfacet
  facet normal 0 -1 0
    outer loop
      vertex -76 48 0
      vertex 76 48 1.3
      vertex -76 48 1.3
    endloop
  endfacet
  facet normal 0 -1 -0
    outer loop
      vertex 76 48 1.3
      vertex -76 48 0
      vertex 76 48 0
    endloop
  endfacet
  facet normal 0.997861 0.0653771 0
    outer loop
      vertex -77.9829 -38.261 1.3
      vertex -78 -38 0
      vertex -78 -38 1.3
    endloop
  endfacet
  facet normal 0.997861 0.0653771 0
    outer loop
      vertex -78 -38 0
      vertex -77.9829 -38.261 1.3
      vertex -77.9829 -38.261 0
    endloop
  endfacet
  facet normal 1 -0 0
    outer loop
      vertex -78 -38 1.3
      vertex -78 46 0
      vertex -78 46 1.3
    endloop
  endfacet
  facet normal 1 0 0
    outer loop
      vertex -78 46 0
      vertex -78 -38 1.3
      vertex -78 -38 0
    endloop
  endfacet
  facet normal 0.19494 0.980815 -0
    outer loop
      vertex -76.261 -39.9829 0
      vertex -76.5176 -39.9319 1.3
      vertex -76.261 -39.9829 1.3
    endloop
  endfacet
  facet normal 0.19494 0.980815 0
    outer loop
      vertex -76.5176 -39.9319 1.3
      vertex -76.261 -39.9829 0
      vertex -76.5176 -39.9319 0
    endloop
  endfacet
  facet normal -1 0 0
    outer loop
      vertex 78 -38 0
      vertex 78 46 1.3
      vertex 78 46 0
    endloop
  endfacet
  facet normal -1 -0 0
    outer loop
      vertex 78 46 1.3
      vertex 78 -38 0
      vertex 78 -38 1.3
    endloop
  endfacet
  facet normal -0.555758 -0.831344 0
    outer loop
      vertex 77 47.7321 0
      vertex 77.2175 47.5867 1.3
      vertex 77 47.7321 1.3
    endloop
  endfacet
  facet normal -0.555758 -0.831344 -0
    outer loop
      vertex 77.2175 47.5867 1.3
      vertex 77 47.7321 0
      vertex 77.2175 47.5867 0
    endloop
  endfacet
  facet normal 0.997861 -0.0653771 0
    outer loop
      vertex -78 46 1.3
      vertex -77.9829 46.261 0
      vertex -77.9829 46.261 1.3
    endloop
  endfacet
  facet normal 0.997861 -0.0653771 0
    outer loop
      vertex -77.9829 46.261 0
      vertex -78 46 1.3
      vertex -78 46 0
    endloop
  endfacet
  facet normal 0.0653771 0.997861 -0
    outer loop
      vertex -76 -40 0
      vertex -76.261 -39.9829 1.3
      vertex -76 -40 1.3
    endloop
  endfacet
  facet normal 0.0653771 0.997861 0
    outer loop
      vertex -76.261 -39.9829 1.3
      vertex -76 -40 0
      vertex -76.261 -39.9829 0
    endloop
  endfacet
  facet normal -0.555758 0.831344 0
    outer loop
      vertex 77.2175 -39.5867 0
      vertex 77 -39.7321 1.3
      vertex 77.2175 -39.5867 1.3
    endloop
  endfacet
  facet normal -0.555758 0.831344 0
    outer loop
      vertex 77 -39.7321 1.3
      vertex 77.2175 -39.5867 0
      vertex 77 -39.7321 0
    endloop
  endfacet
  facet normal -0.19494 -0.980815 0
    outer loop
      vertex 76.261 47.9829 0
      vertex 76.5176 47.9319 1.3
      vertex 76.261 47.9829 1.3
    endloop
  endfacet
  facet normal -0.19494 -0.980815 -0
    outer loop
      vertex 76.5176 47.9319 1.3
      vertex 76.261 47.9829 0
      vertex 76.5176 47.9319 0
    endloop
  endfacet
  facet normal -0.321382 -0.94695 0
    outer loop
      vertex 76.5176 47.9319 0
      vertex 76.7654 47.8478 1.3
      vertex 76.5176 47.9319 1.3
    endloop
  endfacet
  facet normal -0.321382 -0.94695 -0
    outer loop
      vertex 76.7654 47.8478 1.3
      vertex 76.5176 47.9319 0
      vertex 76.7654 47.8478 0
    endloop
  endfacet
  facet normal -0.442314 -0.89686 0
    outer loop
      vertex 76.7654 47.8478 0
      vertex 77 47.7321 1.3
      vertex 76.7654 47.8478 1.3
    endloop
  endfacet
  facet normal -0.442314 -0.89686 -0
    outer loop
      vertex 77 47.7321 1.3
      vertex 76.7654 47.8478 0
      vertex 77 47.7321 0
    endloop
  endfacet
  facet normal 0.442314 -0.89686 0
    outer loop
      vertex -77 47.7321 0
      vertex -76.7654 47.8478 1.3
      vertex -77 47.7321 1.3
    endloop
  endfacet
  facet normal 0.442314 -0.89686 0
    outer loop
      vertex -76.7654 47.8478 1.3
      vertex -77 47.7321 0
      vertex -76.7654 47.8478 0
    endloop
  endfacet
  facet normal 0.94695 -0.321382 0
    outer loop
      vertex -77.9319 46.5176 1.3
      vertex -77.8478 46.7654 0
      vertex -77.8478 46.7654 1.3
    endloop
  endfacet
  facet normal 0.94695 -0.321382 0
    outer loop
      vertex -77.8478 46.7654 0
      vertex -77.9319 46.5176 1.3
      vertex -77.9319 46.5176 0
    endloop
  endfacet
  facet normal 0.980815 -0.19494 0
    outer loop
      vertex -77.9829 46.261 1.3
      vertex -77.9319 46.5176 0
      vertex -77.9319 46.5176 1.3
    endloop
  endfacet
  facet normal 0.980815 -0.19494 0
    outer loop
      vertex -77.9319 46.5176 0
      vertex -77.9829 46.261 1.3
      vertex -77.9829 46.261 0
    endloop
  endfacet
  facet normal 0.321382 0.94695 -0
    outer loop
      vertex -76.5176 -39.9319 0
      vertex -76.7654 -39.8478 1.3
      vertex -76.5176 -39.9319 1.3
    endloop
  endfacet
  facet normal 0.321382 0.94695 0
    outer loop
      vertex -76.7654 -39.8478 1.3
      vertex -76.5176 -39.9319 0
      vertex -76.7654 -39.8478 0
    endloop
  endfacet
  facet normal 0.751842 0.659343 0
    outer loop
      vertex -77.4142 -39.4142 1.3
      vertex -77.5867 -39.2175 0
      vertex -77.5867 -39.2175 1.3
    endloop
  endfacet
  facet normal 0.751842 0.659343 0
    outer loop
      vertex -77.5867 -39.2175 0
      vertex -77.4142 -39.4142 1.3
      vertex -77.4142 -39.4142 0
    endloop
  endfacet
  facet normal -0.321382 0.94695 0
    outer loop
      vertex 76.7654 -39.8478 0
      vertex 76.5176 -39.9319 1.3
      vertex 76.7654 -39.8478 1.3
    endloop
  endfacet
  facet normal -0.321382 0.94695 0
    outer loop
      vertex 76.5176 -39.9319 1.3
      vertex 76.7654 -39.8478 0
      vertex 76.5176 -39.9319 0
    endloop
  endfacet
  facet normal 0.555758 -0.831344 0
    outer loop
      vertex -77.2175 47.5867 0
      vertex -77 47.7321 1.3
      vertex -77.2175 47.5867 1.3
    endloop
  endfacet
  facet normal 0.555758 -0.831344 0
    outer loop
      vertex -77 47.7321 1.3
      vertex -77.2175 47.5867 0
      vertex -77 47.7321 0
    endloop
  endfacet
  facet normal 0.89686 -0.442314 0
    outer loop
      vertex -77.8478 46.7654 1.3
      vertex -77.7321 47 0
      vertex -77.7321 47 1.3
    endloop
  endfacet
  facet normal 0.89686 -0.442314 0
    outer loop
      vertex -77.7321 47 0
      vertex -77.8478 46.7654 1.3
      vertex -77.8478 46.7654 0
    endloop
  endfacet
  facet normal 0.555758 0.831344 -0
    outer loop
      vertex -77 -39.7321 0
      vertex -77.2175 -39.5867 1.3
      vertex -77 -39.7321 1.3
    endloop
  endfacet
  facet normal 0.555758 0.831344 0
    outer loop
      vertex -77.2175 -39.5867 1.3
      vertex -77 -39.7321 0
      vertex -77.2175 -39.5867 0
    endloop
  endfacet
  facet normal 0.831344 0.555758 0
    outer loop
      vertex -77.5867 -39.2175 1.3
      vertex -77.7321 -39 0
      vertex -77.7321 -39 1.3
    endloop
  endfacet
  facet normal 0.831344 0.555758 0
    outer loop
      vertex -77.7321 -39 0
      vertex -77.5867 -39.2175 1.3
      vertex -77.5867 -39.2175 0
    endloop
  endfacet
  facet normal 0.89686 0.442314 0
    outer loop
      vertex -77.7321 -39 1.3
      vertex -77.8478 -38.7654 0
      vertex -77.8478 -38.7654 1.3
    endloop
  endfacet
  facet normal 0.89686 0.442314 0
    outer loop
      vertex -77.8478 -38.7654 0
      vertex -77.7321 -39 1.3
      vertex -77.7321 -39 0
    endloop
  endfacet
  facet normal -0.89686 -0.442314 0
    outer loop
      vertex 77.8478 46.7654 0
      vertex 77.7321 47 1.3
      vertex 77.7321 47 0
    endloop
  endfacet
  facet normal -0.89686 -0.442314 0
    outer loop
      vertex 77.7321 47 1.3
      vertex 77.8478 46.7654 0
      vertex 77.8478 46.7654 1.3
    endloop
  endfacet
  facet normal -0.997861 0.0653771 0
    outer loop
      vertex 77.9829 -38.261 0
      vertex 78 -38 1.3
      vertex 78 -38 0
    endloop
  endfacet
  facet normal -0.997861 0.0653771 0
    outer loop
      vertex 78 -38 1.3
      vertex 77.9829 -38.261 0
      vertex 77.9829 -38.261 1.3
    endloop
  endfacet
  facet normal -0.751842 0.659343 0
    outer loop
      vertex 77.4142 -39.4142 0
      vertex 77.5867 -39.2175 1.3
      vertex 77.5867 -39.2175 0
    endloop
  endfacet
  facet normal -0.751842 0.659343 0
    outer loop
      vertex 77.5867 -39.2175 1.3
      vertex 77.4142 -39.4142 0
      vertex 77.4142 -39.4142 1.3
    endloop
  endfacet
  facet normal -0.442314 0.89686 0
    outer loop
      vertex 77 -39.7321 0
      vertex 76.7654 -39.8478 1.3
      vertex 77 -39.7321 1.3
    endloop
  endfacet
  facet normal -0.442314 0.89686 0
    outer loop
      vertex 76.7654 -39.8478 1.3
      vertex 77 -39.7321 0
      vertex 76.7654 -39.8478 0
    endloop
  endfacet
  facet normal 0.321382 -0.94695 0
    outer loop
      vertex -76.7654 47.8478 0
      vertex -76.5176 47.9319 1.3
      vertex -76.7654 47.8478 1.3
    endloop
  endfacet
  facet normal 0.321382 -0.94695 0
    outer loop
      vertex -76.5176 47.9319 1.3
      vertex -76.7654 47.8478 0
      vertex -76.5176 47.9319 0
    endloop
  endfacet
  facet normal 0.19494 -0.980815 0
    outer loop
      vertex -76.5176 47.9319 0
      vertex -76.261 47.9829 1.3
      vertex -76.5176 47.9319 1.3
    endloop
  endfacet
  facet normal 0.19494 -0.980815 0
    outer loop
      vertex -76.261 47.9829 1.3
      vertex -76.5176 47.9319 0
      vertex -76.261 47.9829 0
    endloop
  endfacet
  facet normal 0.751842 -0.659343 0
    outer loop
      vertex -77.5867 47.2175 1.3
      vertex -77.4142 47.4142 0
      vertex -77.4142 47.4142 1.3
    endloop
  endfacet
  facet normal 0.751842 -0.659343 0
    outer loop
      vertex -77.4142 47.4142 0
      vertex -77.5867 47.2175 1.3
      vertex -77.5867 47.2175 0
    endloop
  endfacet
  facet normal 0.831344 -0.555758 0
    outer loop
      vertex -77.7321 47 1.3
      vertex -77.5867 47.2175 0
      vertex -77.5867 47.2175 1.3
    endloop
  endfacet
  facet normal 0.831344 -0.555758 0
    outer loop
      vertex -77.5867 47.2175 0
      vertex -77.7321 47 1.3
      vertex -77.7321 47 0
    endloop
  endfacet
  facet normal -0.659343 -0.751842 0
    outer loop
      vertex 77.2175 47.5867 0
      vertex 77.4142 47.4142 1.3
      vertex 77.2175 47.5867 1.3
    endloop
  endfacet
  facet normal -0.659343 -0.751842 -0
    outer loop
      vertex 77.4142 47.4142 1.3
      vertex 77.2175 47.5867 0
      vertex 77.4142 47.4142 0
    endloop
  endfacet
  facet normal -0.751842 -0.659343 0
    outer loop
      vertex 77.5867 47.2175 0
      vertex 77.4142 47.4142 1.3
      vertex 77.4142 47.4142 0
    endloop
  endfacet
  facet normal -0.751842 -0.659343 0
    outer loop
      vertex 77.4142 47.4142 1.3
      vertex 77.5867 47.2175 0
      vertex 77.5867 47.2175 1.3
    endloop
  endfacet
  facet normal -0.831344 -0.555758 0
    outer loop
      vertex 77.7321 47 0
      vertex 77.5867 47.2175 1.3
      vertex 77.5867 47.2175 0
    endloop
  endfacet
  facet normal -0.831344 -0.555758 0
    outer loop
      vertex 77.5867 47.2175 1.3
      vertex 77.7321 47 0
      vertex 77.7321 47 1.3
    endloop
  endfacet
  facet normal -0.980815 -0.19494 0
    outer loop
      vertex 77.9829 46.261 0
      vertex 77.9319 46.5176 1.3
      vertex 77.9319 46.5176 0
    endloop
  endfacet
  facet normal -0.980815 -0.19494 0
    outer loop
      vertex 77.9319 46.5176 1.3
      vertex 77.9829 46.261 0
      vertex 77.9829 46.261 1.3
    endloop
  endfacet
  facet normal -0.997861 -0.0653771 0
    outer loop
      vertex 78 46 0
      vertex 77.9829 46.261 1.3
      vertex 77.9829 46.261 0
    endloop
  endfacet
  facet normal -0.997861 -0.0653771 0
    outer loop
      vertex 77.9829 46.261 1.3
      vertex 78 46 0
      vertex 78 46 1.3
    endloop
  endfacet
  facet normal -0.94695 -0.321382 0
    outer loop
      vertex 77.9319 46.5176 0
      vertex 77.8478 46.7654 1.3
      vertex 77.8478 46.7654 0
    endloop
  endfacet
  facet normal -0.94695 -0.321382 0
    outer loop
      vertex 77.8478 46.7654 1.3
      vertex 77.9319 46.5176 0
      vertex 77.9319 46.5176 1.3
    endloop
  endfacet
  facet normal -0.94695 0.321382 0
    outer loop
      vertex 77.8478 -38.7654 0
      vertex 77.9319 -38.5176 1.3
      vertex 77.9319 -38.5176 0
    endloop
  endfacet
  facet normal -0.94695 0.321382 0
    outer loop
      vertex 77.9319 -38.5176 1.3
      vertex 77.8478 -38.7654 0
      vertex 77.8478 -38.7654 1.3
    endloop
  endfacet
  facet normal -0.980815 0.19494 0
    outer loop
      vertex 77.9319 -38.5176 0
      vertex 77.9829 -38.261 1.3
      vertex 77.9829 -38.261 0
    endloop
  endfacet
  facet normal -0.980815 0.19494 0
    outer loop
      vertex 77.9829 -38.261 1.3
      vertex 77.9319 -38.5176 0
      vertex 77.9319 -38.5176 1.3
    endloop
  endfacet
  facet normal -0.659343 0.751842 0
    outer loop
      vertex 77.4142 -39.4142 0
      vertex 77.2175 -39.5867 1.3
      vertex 77.4142 -39.4142 1.3
    endloop
  endfacet
  facet normal -0.659343 0.751842 0
    outer loop
      vertex 77.2175 -39.5867 1.3
      vertex 77.4142 -39.4142 0
      vertex 77.2175 -39.5867 0
    endloop
  endfacet
  facet normal 0.659343 0.751842 -0
    outer loop
      vertex -77.2175 -39.5867 0
      vertex -77.4142 -39.4142 1.3
      vertex -77.2175 -39.5867 1.3
    endloop
  endfacet
  facet normal 0.659343 0.751842 0
    outer loop
      vertex -77.4142 -39.4142 1.3
      vertex -77.2175 -39.5867 0
      vertex -77.4142 -39.4142 0
    endloop
  endfacet
  facet normal 0.94695 0.321382 0
    outer loop
      vertex -77.8478 -38.7654 1.3
      vertex -77.9319 -38.5176 0
      vertex -77.9319 -38.5176 1.3
    endloop
  endfacet
  facet normal 0.94695 0.321382 0
    outer loop
      vertex -77.9319 -38.5176 0
      vertex -77.8478 -38.7654 1.3
      vertex -77.8478 -38.7654 0
    endloop
  endfacet
  facet normal 0.980815 0.19494 0
    outer loop
      vertex -77.9319 -38.5176 1.3
      vertex -77.9829 -38.261 0
      vertex -77.9829 -38.261 1.3
    endloop
  endfacet
  facet normal 0.980815 0.19494 0
    outer loop
      vertex -77.9829 -38.261 0
      vertex -77.9319 -38.5176 1.3
      vertex -77.9319 -38.5176 0
    endloop
  endfacet
  facet normal -0.831344 0.555758 0
    outer loop
      vertex 77.5867 -39.2175 0
      vertex 77.7321 -39 1.3
      vertex 77.7321 -39 0
    endloop
  endfacet
  facet normal -0.831344 0.555758 0
    outer loop
      vertex 77.7321 -39 1.3
      vertex 77.5867 -39.2175 0
      vertex 77.5867 -39.2175 1.3
    endloop
  endfacet
  facet normal -0.89686 0.442314 0
    outer loop
      vertex 77.7321 -39 0
      vertex 77.8478 -38.7654 1.3
      vertex 77.8478 -38.7654 0
    endloop
  endfacet
  facet normal -0.89686 0.442314 0
    outer loop
      vertex 77.8478 -38.7654 1.3
      vertex 77.7321 -39 0
      vertex 77.7321 -39 1.3
    endloop
  endfacet
  facet normal -0.321574 0.946885 0
    outer loop
      vertex 95.1481 -51.6716 1.3
      vertex 94.7765 -51.7978 3
      vertex 95.1481 -51.6716 3
    endloop
  endfacet
  facet normal -0.321574 0.946885 0
    outer loop
      vertex 94.7765 -51.7978 3
      vertex 95.1481 -51.6716 1.3
      vertex 94.7765 -51.7978 1.3
    endloop
  endfacet
  facet normal 0.19494 -0.980815 0
    outer loop
      vertex -94.7765 59.7978 1.3
      vertex -94.3916 59.8743 3
      vertex -94.7765 59.7978 3
    endloop
  endfacet
  facet normal 0.19494 -0.980815 0
    outer loop
      vertex -94.3916 59.8743 3
      vertex -94.7765 59.7978 1.3
      vertex -94.3916 59.8743 1.3
    endloop
  endfacet
  facet normal -0.19494 0.980815 0
    outer loop
      vertex 94.7765 -51.7978 1.3
      vertex 94.3916 -51.8743 3
      vertex 94.7765 -51.7978 3
    endloop
  endfacet
  facet normal -0.19494 0.980815 0
    outer loop
      vertex 94.3916 -51.8743 3
      vertex 94.7765 -51.7978 1.3
      vertex 94.3916 -51.8743 1.3
    endloop
  endfacet
  facet normal -0.555523 -0.831501 0
    outer loop
      vertex 95.5 59.4981 1.3
      vertex 95.8263 59.2801 3
      vertex 95.5 59.4981 3
    endloop
  endfacet
  facet normal -0.555523 -0.831501 -0
    outer loop
      vertex 95.8263 59.2801 3
      vertex 95.5 59.4981 1.3
      vertex 95.8263 59.2801 1.3
    endloop
  endfacet
  facet normal 0.555523 0.831501 -0
    outer loop
      vertex -95.5 -51.4981 1.3
      vertex -95.8263 -51.2801 3
      vertex -95.5 -51.4981 3
    endloop
  endfacet
  facet normal 0.555523 0.831501 0
    outer loop
      vertex -95.8263 -51.2801 3
      vertex -95.5 -51.4981 1.3
      vertex -95.8263 -51.2801 1.3
    endloop
  endfacet
  facet normal 0.0654873 0.997853 -0
    outer loop
      vertex -94 -51.9 1.3
      vertex -94.3916 -51.8743 3
      vertex -94 -51.9 3
    endloop
  endfacet
  facet normal 0.0654873 0.997853 0
    outer loop
      vertex -94.3916 -51.8743 3
      vertex -94 -51.9 1.3
      vertex -94.3916 -51.8743 1.3
    endloop
  endfacet
  facet normal 0.997853 -0.0654873 0
    outer loop
      vertex -97 56.9 3
      vertex -96.9743 57.2916 1.3
      vertex -96.9743 57.2916 3
    endloop
  endfacet
  facet normal 0.997853 -0.0654873 0
    outer loop
      vertex -96.9743 57.2916 1.3
      vertex -97 56.9 3
      vertex -97 56.9 1.3
    endloop
  endfacet
  facet normal 1 -0 0
    outer loop
      vertex -97 -48.9 3
      vertex -97 56.9 1.3
      vertex -97 56.9 3
    endloop
  endfacet
  facet normal 1 0 0
    outer loop
      vertex -97 56.9 1.3
      vertex -97 -48.9 3
      vertex -97 -48.9 1.3
    endloop
  endfacet
  facet normal 0 1 -0
    outer loop
      vertex 94 -51.9 1.3
      vertex 63.6268 -51.9 3
      vertex 94 -51.9 3
    endloop
  endfacet
  facet normal 0 1 0
    outer loop
      vertex 63.6268 -51.9 3
      vertex 94 -51.9 1.3
      vertex 63.6268 -51.9 1.3
    endloop
  endfacet
  facet normal 0 1 -0
    outer loop
      vertex -63.6268 -51.9 1.3
      vertex -94 -51.9 3
      vertex -63.6268 -51.9 3
    endloop
  endfacet
  facet normal 0 1 0
    outer loop
      vertex -94 -51.9 3
      vertex -63.6268 -51.9 1.3
      vertex -94 -51.9 1.3
    endloop
  endfacet
  facet normal 0 1 0
    outer loop
      vertex 59.0399 -51.9 3
      vertex 21 -51.9 1.5
      vertex 21 -51.9 3
    endloop
  endfacet
  facet normal 0 1 0
    outer loop
      vertex 21 -51.9 1.5
      vertex 59.0399 -51.9 1.3
      vertex -21 -51.9 1.5
    endloop
  endfacet
  facet normal 0 1 -0
    outer loop
      vertex 59.0399 -51.9 1.3
      vertex 21 -51.9 1.5
      vertex 59.0399 -51.9 3
    endloop
  endfacet
  facet normal 0 1 -0
    outer loop
      vertex -21 -51.9 1.5
      vertex -59.0399 -51.9 3
      vertex -21 -51.9 3
    endloop
  endfacet
  facet normal 0 1 0
    outer loop
      vertex -21 -51.9 1.5
      vertex -59.0399 -51.9 1.3
      vertex -59.0399 -51.9 3
    endloop
  endfacet
  facet normal 0 1 0
    outer loop
      vertex -59.0399 -51.9 1.3
      vertex -21 -51.9 1.5
      vertex 59.0399 -51.9 1.3
    endloop
  endfacet
  facet normal -0.0654873 -0.997853 0
    outer loop
      vertex 94 59.9 1.3
      vertex 94.3916 59.8743 3
      vertex 94 59.9 3
    endloop
  endfacet
  facet normal -0.0654873 -0.997853 -0
    outer loop
      vertex 94.3916 59.8743 3
      vertex 94 59.9 1.3
      vertex 94.3916 59.8743 1.3
    endloop
  endfacet
  facet normal 0 -1 0
    outer loop
      vertex -94 59.9 1.3
      vertex 94 59.9 3
      vertex -94 59.9 3
    endloop
  endfacet
  facet normal 0 -1 -0
    outer loop
      vertex 94 59.9 3
      vertex -94 59.9 1.3
      vertex 94 59.9 1.3
    endloop
  endfacet
  facet normal -1 0 0
    outer loop
      vertex 97 -48.9 1.3
      vertex 97 56.9 3
      vertex 97 56.9 1.3
    endloop
  endfacet
  facet normal -1 -0 0
    outer loop
      vertex 97 56.9 3
      vertex 97 -48.9 1.3
      vertex 97 -48.9 3
    endloop
  endfacet
  facet normal -0.751724 0.659478 0
    outer loop
      vertex 96.1213 -51.0213 1.3
      vertex 96.3801 -50.7263 3
      vertex 96.3801 -50.7263 1.3
    endloop
  endfacet
  facet normal -0.751724 0.659478 0
    outer loop
      vertex 96.3801 -50.7263 3
      vertex 96.1213 -51.0213 1.3
      vertex 96.1213 -51.0213 3
    endloop
  endfacet
  facet normal 0.555523 -0.831501 0
    outer loop
      vertex -95.8263 59.2801 1.3
      vertex -95.5 59.4981 3
      vertex -95.8263 59.2801 3
    endloop
  endfacet
  facet normal 0.555523 -0.831501 0
    outer loop
      vertex -95.5 59.4981 3
      vertex -95.8263 59.2801 1.3
      vertex -95.5 59.4981 1.3
    endloop
  endfacet
  facet normal 0.442211 0.896911 -0
    outer loop
      vertex -95.1481 -51.6716 1.3
      vertex -95.5 -51.4981 3
      vertex -95.1481 -51.6716 3
    endloop
  endfacet
  facet normal 0.442211 0.896911 0
    outer loop
      vertex -95.5 -51.4981 3
      vertex -95.1481 -51.6716 1.3
      vertex -95.5 -51.4981 1.3
    endloop
  endfacet
  facet normal 0.19494 0.980815 -0
    outer loop
      vertex -94.3916 -51.8743 1.3
      vertex -94.7765 -51.7978 3
      vertex -94.3916 -51.8743 3
    endloop
  endfacet
  facet normal 0.19494 0.980815 0
    outer loop
      vertex -94.7765 -51.7978 3
      vertex -94.3916 -51.8743 1.3
      vertex -94.7765 -51.7978 1.3
    endloop
  endfacet
  facet normal -0.0654873 0.997853 0
    outer loop
      vertex 94.3916 -51.8743 1.3
      vertex 94 -51.9 3
      vertex 94.3916 -51.8743 3
    endloop
  endfacet
  facet normal -0.0654873 0.997853 0
    outer loop
      vertex 94 -51.9 3
      vertex 94.3916 -51.8743 1.3
      vertex 94 -51.9 1.3
    endloop
  endfacet
  facet normal -0.321574 -0.946885 0
    outer loop
      vertex 94.7765 59.7978 1.3
      vertex 95.1481 59.6716 3
      vertex 94.7765 59.7978 3
    endloop
  endfacet
  facet normal -0.321574 -0.946885 -0
    outer loop
      vertex 95.1481 59.6716 3
      vertex 94.7765 59.7978 1.3
      vertex 95.1481 59.6716 1.3
    endloop
  endfacet
  facet normal -0.442211 -0.896911 0
    outer loop
      vertex 95.1481 59.6716 1.3
      vertex 95.5 59.4981 3
      vertex 95.1481 59.6716 3
    endloop
  endfacet
  facet normal -0.442211 -0.896911 -0
    outer loop
      vertex 95.5 59.4981 3
      vertex 95.1481 59.6716 1.3
      vertex 95.5 59.4981 1.3
    endloop
  endfacet
  facet normal -0.19494 -0.980815 0
    outer loop
      vertex 94.3916 59.8743 1.3
      vertex 94.7765 59.7978 3
      vertex 94.3916 59.8743 3
    endloop
  endfacet
  facet normal -0.19494 -0.980815 -0
    outer loop
      vertex 94.7765 59.7978 3
      vertex 94.3916 59.8743 1.3
      vertex 94.7765 59.7978 1.3
    endloop
  endfacet
  facet normal 0.0654873 -0.997853 0
    outer loop
      vertex -94.3916 59.8743 1.3
      vertex -94 59.9 3
      vertex -94.3916 59.8743 3
    endloop
  endfacet
  facet normal 0.0654873 -0.997853 0
    outer loop
      vertex -94 59.9 3
      vertex -94.3916 59.8743 1.3
      vertex -94 59.9 1.3
    endloop
  endfacet
  facet normal -0.997853 0.0654873 0
    outer loop
      vertex 96.9743 -49.2916 1.3
      vertex 97 -48.9 3
      vertex 97 -48.9 1.3
    endloop
  endfacet
  facet normal -0.997853 0.0654873 0
    outer loop
      vertex 97 -48.9 3
      vertex 96.9743 -49.2916 1.3
      vertex 96.9743 -49.2916 3
    endloop
  endfacet
  facet normal -0.980815 0.19494 0
    outer loop
      vertex 96.8978 -49.6765 1.3
      vertex 96.9743 -49.2916 3
      vertex 96.9743 -49.2916 1.3
    endloop
  endfacet
  facet normal -0.980815 0.19494 0
    outer loop
      vertex 96.9743 -49.2916 3
      vertex 96.8978 -49.6765 1.3
      vertex 96.8978 -49.6765 3
    endloop
  endfacet
  facet normal -0.659478 0.751724 0
    outer loop
      vertex 96.1213 -51.0213 1.3
      vertex 95.8263 -51.2801 3
      vertex 96.1213 -51.0213 3
    endloop
  endfacet
  facet normal -0.659478 0.751724 0
    outer loop
      vertex 95.8263 -51.2801 3
      vertex 96.1213 -51.0213 1.3
      vertex 95.8263 -51.2801 1.3
    endloop
  endfacet
  facet normal 0.442211 -0.896911 0
    outer loop
      vertex -95.5 59.4981 1.3
      vertex -95.1481 59.6716 3
      vertex -95.5 59.4981 3
    endloop
  endfacet
  facet normal 0.442211 -0.896911 0
    outer loop
      vertex -95.1481 59.6716 3
      vertex -95.5 59.4981 1.3
      vertex -95.1481 59.6716 1.3
    endloop
  endfacet
  facet normal 0.321574 -0.946885 0
    outer loop
      vertex -95.1481 59.6716 1.3
      vertex -94.7765 59.7978 3
      vertex -95.1481 59.6716 3
    endloop
  endfacet
  facet normal 0.321574 -0.946885 0
    outer loop
      vertex -94.7765 59.7978 3
      vertex -95.1481 59.6716 1.3
      vertex -94.7765 59.7978 1.3
    endloop
  endfacet
  facet normal 0.751724 -0.659478 0
    outer loop
      vertex -96.3801 58.7263 3
      vertex -96.1213 59.0213 1.3
      vertex -96.1213 59.0213 3
    endloop
  endfacet
  facet normal 0.751724 -0.659478 0
    outer loop
      vertex -96.1213 59.0213 1.3
      vertex -96.3801 58.7263 3
      vertex -96.3801 58.7263 1.3
    endloop
  endfacet
  facet normal 0.831501 -0.555523 0
    outer loop
      vertex -96.5981 58.4 3
      vertex -96.3801 58.7263 1.3
      vertex -96.3801 58.7263 3
    endloop
  endfacet
  facet normal 0.831501 -0.555523 0
    outer loop
      vertex -96.3801 58.7263 1.3
      vertex -96.5981 58.4 3
      vertex -96.5981 58.4 1.3
    endloop
  endfacet
  facet normal 0.321574 0.946885 -0
    outer loop
      vertex -94.7765 -51.7978 1.3
      vertex -95.1481 -51.6716 3
      vertex -94.7765 -51.7978 3
    endloop
  endfacet
  facet normal 0.321574 0.946885 0
    outer loop
      vertex -95.1481 -51.6716 3
      vertex -94.7765 -51.7978 1.3
      vertex -95.1481 -51.6716 1.3
    endloop
  endfacet
  facet normal -0.896961 -0.44211 0
    outer loop
      vertex 96.7716 58.048 1.3
      vertex 96.5981 58.4 3
      vertex 96.5981 58.4 1.3
    endloop
  endfacet
  facet normal -0.896961 -0.44211 0
    outer loop
      vertex 96.5981 58.4 3
      vertex 96.7716 58.048 1.3
      vertex 96.7716 58.048 3
    endloop
  endfacet
  facet normal -0.751724 -0.659478 0
    outer loop
      vertex 96.3801 58.7263 1.3
      vertex 96.1213 59.0213 3
      vertex 96.1213 59.0213 1.3
    endloop
  endfacet
  facet normal -0.751724 -0.659478 0
    outer loop
      vertex 96.1213 59.0213 3
      vertex 96.3801 58.7263 1.3
      vertex 96.3801 58.7263 3
    endloop
  endfacet
  facet normal -0.896961 0.44211 0
    outer loop
      vertex 96.5981 -50.4 1.3
      vertex 96.7716 -50.048 3
      vertex 96.7716 -50.048 1.3
    endloop
  endfacet
  facet normal -0.896961 0.44211 0
    outer loop
      vertex 96.7716 -50.048 3
      vertex 96.5981 -50.4 1.3
      vertex 96.5981 -50.4 3
    endloop
  endfacet
  facet normal -0.831501 0.555523 0
    outer loop
      vertex 96.3801 -50.7263 1.3
      vertex 96.5981 -50.4 3
      vertex 96.5981 -50.4 1.3
    endloop
  endfacet
  facet normal -0.831501 0.555523 0
    outer loop
      vertex 96.5981 -50.4 3
      vertex 96.3801 -50.7263 1.3
      vertex 96.3801 -50.7263 3
    endloop
  endfacet
  facet normal -0.442211 0.896911 0
    outer loop
      vertex 95.5 -51.4981 1.3
      vertex 95.1481 -51.6716 3
      vertex 95.5 -51.4981 3
    endloop
  endfacet
  facet normal -0.442211 0.896911 0
    outer loop
      vertex 95.1481 -51.6716 3
      vertex 95.5 -51.4981 1.3
      vertex 95.1481 -51.6716 1.3
    endloop
  endfacet
  facet normal 0.659478 -0.751724 0
    outer loop
      vertex -96.1213 59.0213 1.3
      vertex -95.8263 59.2801 3
      vertex -96.1213 59.0213 3
    endloop
  endfacet
  facet normal 0.659478 -0.751724 0
    outer loop
      vertex -95.8263 59.2801 3
      vertex -96.1213 59.0213 1.3
      vertex -95.8263 59.2801 1.3
    endloop
  endfacet
  facet normal 0.980815 -0.19494 0
    outer loop
      vertex -96.9743 57.2916 3
      vertex -96.8978 57.6765 1.3
      vertex -96.8978 57.6765 3
    endloop
  endfacet
  facet normal 0.980815 -0.19494 0
    outer loop
      vertex -96.8978 57.6765 1.3
      vertex -96.9743 57.2916 3
      vertex -96.9743 57.2916 1.3
    endloop
  endfacet
  facet normal 0.896961 -0.44211 0
    outer loop
      vertex -96.7716 58.048 3
      vertex -96.5981 58.4 1.3
      vertex -96.5981 58.4 3
    endloop
  endfacet
  facet normal 0.896961 -0.44211 0
    outer loop
      vertex -96.5981 58.4 1.3
      vertex -96.7716 58.048 3
      vertex -96.7716 58.048 1.3
    endloop
  endfacet
  facet normal 0.946858 -0.321651 0
    outer loop
      vertex -96.8978 57.6765 3
      vertex -96.7716 58.048 1.3
      vertex -96.7716 58.048 3
    endloop
  endfacet
  facet normal 0.946858 -0.321651 0
    outer loop
      vertex -96.7716 58.048 1.3
      vertex -96.8978 57.6765 3
      vertex -96.8978 57.6765 1.3
    endloop
  endfacet
  facet normal 0.997853 0.0654873 0
    outer loop
      vertex -96.9743 -49.2916 3
      vertex -97 -48.9 1.3
      vertex -97 -48.9 3
    endloop
  endfacet
  facet normal 0.997853 0.0654873 0
    outer loop
      vertex -97 -48.9 1.3
      vertex -96.9743 -49.2916 3
      vertex -96.9743 -49.2916 1.3
    endloop
  endfacet
  facet normal 0 0 1
    outer loop
      vertex 94 59.9 1.3
      vertex 97 56.9 1.3
      vertex 96.9743 57.2916 1.3
    endloop
  endfacet
  facet normal 0 0 1
    outer loop
      vertex 97 56.9 1.3
      vertex 85.3 0 1.3
      vertex 97 -48.9 1.3
    endloop
  endfacet
  facet normal 0 0 1
    outer loop
      vertex 94 59.9 1.3
      vertex 96.9743 57.2916 1.3
      vertex 96.8978 57.6765 1.3
    endloop
  endfacet
  facet normal -0 0 1
    outer loop
      vertex 85.2803 -0.30021 1.3
      vertex 97 -48.9 1.3
      vertex 85.3 0 1.3
    endloop
  endfacet
  facet normal 0 0 1
    outer loop
      vertex 94 59.9 1.3
      vertex 96.8978 57.6765 1.3
      vertex 96.7716 58.048 1.3
    endloop
  endfacet
  facet normal -0 0 1
    outer loop
      vertex 85.2216 -0.595284 1.3
      vertex 97 -48.9 1.3
      vertex 85.2803 -0.30021 1.3
    endloop
  endfacet
  facet normal 0 0 1
    outer loop
      vertex 94 59.9 1.3
      vertex 96.7716 58.048 1.3
      vertex 96.5981 58.4 1.3
    endloop
  endfacet
  facet normal -0 0 1
    outer loop
      vertex 85.1249 -0.880172 1.3
      vertex 97 -48.9 1.3
      vertex 85.2216 -0.595284 1.3
    endloop
  endfacet
  facet normal 0 0 1
    outer loop
      vertex 94 59.9 1.3
      vertex 96.5981 58.4 1.3
      vertex 96.3801 58.7263 1.3
    endloop
  endfacet
  facet normal -0 0 1
    outer loop
      vertex 84.9919 -1.15 1.3
      vertex 97 -48.9 1.3
      vertex 85.1249 -0.880172 1.3
    endloop
  endfacet
  facet normal 0 0 1
    outer loop
      vertex 94 59.9 1.3
      vertex 96.3801 58.7263 1.3
      vertex 96.1213 59.0213 1.3
    endloop
  endfacet
  facet normal -0 0 1
    outer loop
      vertex 84.8247 -1.40015 1.3
      vertex 97 -48.9 1.3
      vertex 84.9919 -1.15 1.3
    endloop
  endfacet
  facet normal 0 0 1
    outer loop
      vertex 94 59.9 1.3
      vertex 96.1213 59.0213 1.3
      vertex 95.8263 59.2801 1.3
    endloop
  endfacet
  facet normal -0 0 1
    outer loop
      vertex 84.6263 -1.62634 1.3
      vertex 97 -48.9 1.3
      vertex 84.8247 -1.40015 1.3
    endloop
  endfacet
  facet normal 0 0 1
    outer loop
      vertex 94 59.9 1.3
      vertex 95.8263 59.2801 1.3
      vertex 95.5 59.4981 1.3
    endloop
  endfacet
  facet normal -0 0 1
    outer loop
      vertex 84.4002 -1.82471 1.3
      vertex 97 -48.9 1.3
      vertex 84.6263 -1.62634 1.3
    endloop
  endfacet
  facet normal 0 0 1
    outer loop
      vertex 94 59.9 1.3
      vertex 95.5 59.4981 1.3
      vertex 95.1481 59.6716 1.3
    endloop
  endfacet
  facet normal -0 0 1
    outer loop
      vertex 78 -38 1.3
      vertex 97 -48.9 1.3
      vertex 84.4002 -1.82471 1.3
    endloop
  endfacet
  facet normal 0 0 1
    outer loop
      vertex 94 59.9 1.3
      vertex 95.1481 59.6716 1.3
      vertex 94.7765 59.7978 1.3
    endloop
  endfacet
  facet normal -0 0 1
    outer loop
      vertex 77.9829 -38.261 1.3
      vertex 97 -48.9 1.3
      vertex 78 -38 1.3
    endloop
  endfacet
  facet normal 0 0 1
    outer loop
      vertex 94 59.9 1.3
      vertex 94.7765 59.7978 1.3
      vertex 94.3916 59.8743 1.3
    endloop
  endfacet
  facet normal -0 0 1
    outer loop
      vertex 77.9319 -38.5176 1.3
      vertex 97 -48.9 1.3
      vertex 77.9829 -38.261 1.3
    endloop
  endfacet
  facet normal 0 0 1
    outer loop
      vertex 97 56.9 1.3
      vertex 94 59.9 1.3
      vertex 77.8478 46.7654 1.3
    endloop
  endfacet
  facet normal -0 0 1
    outer loop
      vertex 77.8478 -38.7654 1.3
      vertex 97 -48.9 1.3
      vertex 77.9319 -38.5176 1.3
    endloop
  endfacet
  facet normal 0 -0 1
    outer loop
      vertex 94 -51.9 1.3
      vertex 97 -48.9 1.3
      vertex 77.8478 -38.7654 1.3
    endloop
  endfacet
  facet normal 0 0 1
    outer loop
      vertex 97 56.9 1.3
      vertex 85.2803 0.30021 1.3
      vertex 85.3 0 1.3
    endloop
  endfacet
  facet normal 0 0 1
    outer loop
      vertex 97 56.9 1.3
      vertex 85.2216 0.595284 1.3
      vertex 85.2803 0.30021 1.3
    endloop
  endfacet
  facet normal 0 0 1
    outer loop
      vertex 97 56.9 1.3
      vertex 85.1249 0.880172 1.3
      vertex 85.2216 0.595284 1.3
    endloop
  endfacet
  facet normal 0 0 1
    outer loop
      vertex 97 56.9 1.3
      vertex 84.9919 1.15 1.3
      vertex 85.1249 0.880172 1.3
    endloop
  endfacet
  facet normal 0 0 1
    outer loop
      vertex 97 56.9 1.3
      vertex 84.8247 1.40015 1.3
      vertex 84.9919 1.15 1.3
    endloop
  endfacet
  facet normal 0 0 1
    outer loop
      vertex 97 56.9 1.3
      vertex 84.6263 1.62634 1.3
      vertex 84.8247 1.40015 1.3
    endloop
  endfacet
  facet normal 0 0 1
    outer loop
      vertex 97 56.9 1.3
      vertex 78 46 1.3
      vertex 84.4002 1.82471 1.3
    endloop
  endfacet
  facet normal 0 0 1
    outer loop
      vertex 97 56.9 1.3
      vertex 84.4002 1.82471 1.3
      vertex 84.6263 1.62634 1.3
    endloop
  endfacet
  facet normal 0 0 1
    outer loop
      vertex 84.4002 1.82471 1.3
      vertex 78 46 1.3
      vertex 84.15 1.99186 1.3
    endloop
  endfacet
  facet normal 0 0 1
    outer loop
      vertex 84.15 1.99186 1.3
      vertex 78 46 1.3
      vertex 83.8802 2.12492 1.3
    endloop
  endfacet
  facet normal 0 0 1
    outer loop
      vertex 83.8802 2.12492 1.3
      vertex 78 46 1.3
      vertex 83.5953 2.22163 1.3
    endloop
  endfacet
  facet normal 0 0 1
    outer loop
      vertex 83.5953 2.22163 1.3
      vertex 78 46 1.3
      vertex 83.3002 2.28032 1.3
    endloop
  endfacet
  facet normal 0 0 1
    outer loop
      vertex 83.3002 2.28032 1.3
      vertex 78 46 1.3
      vertex 83 2.3 1.3
    endloop
  endfacet
  facet normal 0 0 1
    outer loop
      vertex 83 2.3 1.3
      vertex 78 46 1.3
      vertex 82.6998 2.28032 1.3
    endloop
  endfacet
  facet normal 0 0 1
    outer loop
      vertex 82.6998 2.28032 1.3
      vertex 78 46 1.3
      vertex 82.4047 2.22163 1.3
    endloop
  endfacet
  facet normal 0 0 1
    outer loop
      vertex 82.4047 2.22163 1.3
      vertex 78 46 1.3
      vertex 82.1198 2.12492 1.3
    endloop
  endfacet
  facet normal 0 0 1
    outer loop
      vertex 82.1198 2.12492 1.3
      vertex 78 46 1.3
      vertex 81.85 1.99186 1.3
    endloop
  endfacet
  facet normal 0 0 1
    outer loop
      vertex 81.85 1.99186 1.3
      vertex 78 46 1.3
      vertex 81.5998 1.82471 1.3
    endloop
  endfacet
  facet normal 0 0 1
    outer loop
      vertex 81.5998 1.82471 1.3
      vertex 78 46 1.3
      vertex 81.3737 1.62634 1.3
    endloop
  endfacet
  facet normal 0 0 1
    outer loop
      vertex 81.3737 1.62634 1.3
      vertex 78 46 1.3
      vertex 81.1753 1.40015 1.3
    endloop
  endfacet
  facet normal 0 0 1
    outer loop
      vertex 81.1753 1.40015 1.3
      vertex 78 46 1.3
      vertex 81.0081 1.15 1.3
    endloop
  endfacet
  facet normal 0 0 1
    outer loop
      vertex 81.0081 1.15 1.3
      vertex 78 46 1.3
      vertex 80.8751 0.880172 1.3
    endloop
  endfacet
  facet normal 0 0 1
    outer loop
      vertex 80.7197 0.30021 1.3
      vertex 78 46 1.3
      vertex 80.7 0 1.3
    endloop
  endfacet
  facet normal 0 0 1
    outer loop
      vertex 80.7784 0.595284 1.3
      vertex 78 46 1.3
      vertex 80.7197 0.30021 1.3
    endloop
  endfacet
  facet normal 0 0 1
    outer loop
      vertex 80.8751 0.880172 1.3
      vertex 78 46 1.3
      vertex 80.7784 0.595284 1.3
    endloop
  endfacet
  facet normal 0 0 1
    outer loop
      vertex 97 56.9 1.3
      vertex 77.9829 46.261 1.3
      vertex 78 46 1.3
    endloop
  endfacet
  facet normal 0 0 1
    outer loop
      vertex 97 56.9 1.3
      vertex 77.9319 46.5176 1.3
      vertex 77.9829 46.261 1.3
    endloop
  endfacet
  facet normal 0 0 1
    outer loop
      vertex 97 56.9 1.3
      vertex 77.8478 46.7654 1.3
      vertex 77.9319 46.5176 1.3
    endloop
  endfacet
  facet normal 0 0 1
    outer loop
      vertex 94 59.9 1.3
      vertex 77.7321 47 1.3
      vertex 77.8478 46.7654 1.3
    endloop
  endfacet
  facet normal 0 0 1
    outer loop
      vertex 94 59.9 1.3
      vertex 77.5867 47.2175 1.3
      vertex 77.7321 47 1.3
    endloop
  endfacet
  facet normal 0 0 1
    outer loop
      vertex 94 59.9 1.3
      vertex 77.4142 47.4142 1.3
      vertex 77.5867 47.2175 1.3
    endloop
  endfacet
  facet normal 0 0 1
    outer loop
      vertex 94 59.9 1.3
      vertex 77.2175 47.5867 1.3
      vertex 77.4142 47.4142 1.3
    endloop
  endfacet
  facet normal 0 0 1
    outer loop
      vertex 94 59.9 1.3
      vertex 77 47.7321 1.3
      vertex 77.2175 47.5867 1.3
    endloop
  endfacet
  facet normal 0 0 1
    outer loop
      vertex 94 59.9 1.3
      vertex 76.7654 47.8478 1.3
      vertex 77 47.7321 1.3
    endloop
  endfacet
  facet normal 0 0 1
    outer loop
      vertex 94 59.9 1.3
      vertex 76.5176 47.9319 1.3
      vertex 76.7654 47.8478 1.3
    endloop
  endfacet
  facet normal 0 0 1
    outer loop
      vertex 94 59.9 1.3
      vertex 76.261 47.9829 1.3
      vertex 76.5176 47.9319 1.3
    endloop
  endfacet
  facet normal 0 0 1
    outer loop
      vertex 94 59.9 1.3
      vertex 76 48 1.3
      vertex 76.261 47.9829 1.3
    endloop
  endfacet
  facet normal -0 0 1
    outer loop
      vertex 62.9597 53.6263 1.3
      vertex 76 48 1.3
      vertex 94 59.9 1.3
    endloop
  endfacet
  facet normal 0 0 1
    outer loop
      vertex 76 48 1.3
      vertex 63.6137 52.3002 1.3
      vertex 63.6333 52 1.3
    endloop
  endfacet
  facet normal 0 0 1
    outer loop
      vertex 76 48 1.3
      vertex 63.555 52.5953 1.3
      vertex 63.6137 52.3002 1.3
    endloop
  endfacet
  facet normal 0 0 1
    outer loop
      vertex 76 48 1.3
      vertex 63.4583 52.8802 1.3
      vertex 63.555 52.5953 1.3
    endloop
  endfacet
  facet normal 0 0 1
    outer loop
      vertex 76 48 1.3
      vertex 63.3252 53.15 1.3
      vertex 63.4583 52.8802 1.3
    endloop
  endfacet
  facet normal 0 0 1
    outer loop
      vertex 76 48 1.3
      vertex 63.158 53.4002 1.3
      vertex 63.3252 53.15 1.3
    endloop
  endfacet
  facet normal 0 0 1
    outer loop
      vertex 76 48 1.3
      vertex 62.9597 53.6263 1.3
      vertex 63.158 53.4002 1.3
    endloop
  endfacet
  facet normal 0 0 1
    outer loop
      vertex 94 59.9 1.3
      vertex 62.7335 53.8247 1.3
      vertex 62.9597 53.6263 1.3
    endloop
  endfacet
  facet normal 0 0 1
    outer loop
      vertex 94 59.9 1.3
      vertex 62.4833 53.9919 1.3
      vertex 62.7335 53.8247 1.3
    endloop
  endfacet
  facet normal 0 0 1
    outer loop
      vertex 94 59.9 1.3
      vertex 62.2135 54.1249 1.3
      vertex 62.4833 53.9919 1.3
    endloop
  endfacet
  facet normal 0 0 1
    outer loop
      vertex 94 59.9 1.3
      vertex 61.9286 54.2216 1.3
      vertex 62.2135 54.1249 1.3
    endloop
  endfacet
  facet normal 0 0 1
    outer loop
      vertex 94 59.9 1.3
      vertex 61.6335 54.2803 1.3
      vertex 61.9286 54.2216 1.3
    endloop
  endfacet
  facet normal 0 0 1
    outer loop
      vertex 94 59.9 1.3
      vertex 61.3333 54.3 1.3
      vertex 61.6335 54.2803 1.3
    endloop
  endfacet
  facet normal 0 0 1
    outer loop
      vertex 94 59.9 1.3
      vertex 61.0331 54.2803 1.3
      vertex 61.3333 54.3 1.3
    endloop
  endfacet
  facet normal 0 0 1
    outer loop
      vertex 59.053 52.3002 1.3
      vertex -59.0333 52 1.3
      vertex 59.0333 52 1.3
    endloop
  endfacet
  facet normal 0 0 1
    outer loop
      vertex -59.053 52.3002 1.3
      vertex 59.053 52.3002 1.3
      vertex 59.1117 52.5953 1.3
    endloop
  endfacet
  facet normal 0 0 1
    outer loop
      vertex -59.1117 52.5953 1.3
      vertex 59.1117 52.5953 1.3
      vertex 59.2084 52.8802 1.3
    endloop
  endfacet
  facet normal 0 0 1
    outer loop
      vertex -59.2084 52.8802 1.3
      vertex 59.2084 52.8802 1.3
      vertex 59.3415 53.15 1.3
    endloop
  endfacet
  facet normal 0 0 1
    outer loop
      vertex -59.3415 53.15 1.3
      vertex 59.3415 53.15 1.3
      vertex 59.5086 53.4002 1.3
    endloop
  endfacet
  facet normal 0 0 1
    outer loop
      vertex -59.5086 53.4002 1.3
      vertex 59.5086 53.4002 1.3
      vertex 59.707 53.6263 1.3
    endloop
  endfacet
  facet normal 0 0 1
    outer loop
      vertex -59.707 53.6263 1.3
      vertex 59.707 53.6263 1.3
      vertex 59.9332 53.8247 1.3
    endloop
  endfacet
  facet normal 0 0 1
    outer loop
      vertex -59.9332 53.8247 1.3
      vertex 59.9332 53.8247 1.3
      vertex 60.1833 53.9919 1.3
    endloop
  endfacet
  facet normal 0 0 1
    outer loop
      vertex -60.1833 53.9919 1.3
      vertex 60.1833 53.9919 1.3
      vertex 60.4532 54.1249 1.3
    endloop
  endfacet
  facet normal 0 0 1
    outer loop
      vertex -60.4532 54.1249 1.3
      vertex 60.4532 54.1249 1.3
      vertex 60.738 54.2216 1.3
    endloop
  endfacet
  facet normal 0 0 1
    outer loop
      vertex -60.738 54.2216 1.3
      vertex 60.738 54.2216 1.3
      vertex 61.0331 54.2803 1.3
    endloop
  endfacet
  facet normal 0 0 1
    outer loop
      vertex -61.0331 54.2803 1.3
      vertex 61.0331 54.2803 1.3
      vertex 94 59.9 1.3
    endloop
  endfacet
  facet normal 0 0 1
    outer loop
      vertex 59.053 52.3002 1.3
      vertex -59.053 52.3002 1.3
      vertex -59.0333 52 1.3
    endloop
  endfacet
  facet normal 0 0 1
    outer loop
      vertex 59.1117 52.5953 1.3
      vertex -59.1117 52.5953 1.3
      vertex -59.053 52.3002 1.3
    endloop
  endfacet
  facet normal 0 0 1
    outer loop
      vertex 59.2084 52.8802 1.3
      vertex -59.2084 52.8802 1.3
      vertex -59.1117 52.5953 1.3
    endloop
  endfacet
  facet normal 0 0 1
    outer loop
      vertex 59.3415 53.15 1.3
      vertex -59.3415 53.15 1.3
      vertex -59.2084 52.8802 1.3
    endloop
  endfacet
  facet normal 0 0 1
    outer loop
      vertex 59.5086 53.4002 1.3
      vertex -59.5086 53.4002 1.3
      vertex -59.3415 53.15 1.3
    endloop
  endfacet
  facet normal 0 0 1
    outer loop
      vertex 59.707 53.6263 1.3
      vertex -59.707 53.6263 1.3
      vertex -59.5086 53.4002 1.3
    endloop
  endfacet
  facet normal 0 0 1
    outer loop
      vertex 59.9332 53.8247 1.3
      vertex -59.9332 53.8247 1.3
      vertex -59.707 53.6263 1.3
    endloop
  endfacet
  facet normal 0 0 1
    outer loop
      vertex 60.1833 53.9919 1.3
      vertex -60.1833 53.9919 1.3
      vertex -59.9332 53.8247 1.3
    endloop
  endfacet
  facet normal 0 0 1
    outer loop
      vertex 60.4532 54.1249 1.3
      vertex -60.4532 54.1249 1.3
      vertex -60.1833 53.9919 1.3
    endloop
  endfacet
  facet normal 0 0 1
    outer loop
      vertex 60.738 54.2216 1.3
      vertex -60.738 54.2216 1.3
      vertex -60.4532 54.1249 1.3
    endloop
  endfacet
  facet normal 0 0 1
    outer loop
      vertex 61.0331 54.2803 1.3
      vertex -61.0331 54.2803 1.3
      vertex -60.738 54.2216 1.3
    endloop
  endfacet
  facet normal -0 0 1
    outer loop
      vertex -94 59.9 1.3
      vertex -61.0331 54.2803 1.3
      vertex 94 59.9 1.3
    endloop
  endfacet
  facet normal 0 0 1
    outer loop
      vertex -63.6137 52.3002 1.3
      vertex -76 48 1.3
      vertex -63.6333 52 1.3
    endloop
  endfacet
  facet normal 0 0 1
    outer loop
      vertex -63.555 52.5953 1.3
      vertex -76 48 1.3
      vertex -63.6137 52.3002 1.3
    endloop
  endfacet
  facet normal 0 0 1
    outer loop
      vertex -63.4583 52.8802 1.3
      vertex -76 48 1.3
      vertex -63.555 52.5953 1.3
    endloop
  endfacet
  facet normal 0 0 1
    outer loop
      vertex -63.3252 53.15 1.3
      vertex -76 48 1.3
      vertex -63.4583 52.8802 1.3
    endloop
  endfacet
  facet normal 0 0 1
    outer loop
      vertex -63.158 53.4002 1.3
      vertex -76 48 1.3
      vertex -63.3252 53.15 1.3
    endloop
  endfacet
  facet normal 0 0 1
    outer loop
      vertex -62.9597 53.6263 1.3
      vertex -76 48 1.3
      vertex -63.158 53.4002 1.3
    endloop
  endfacet
  facet normal 0 0 1
    outer loop
      vertex -94 59.9 1.3
      vertex -62.9597 53.6263 1.3
      vertex -62.7335 53.8247 1.3
    endloop
  endfacet
  facet normal 0 0 1
    outer loop
      vertex -94 59.9 1.3
      vertex -62.7335 53.8247 1.3
      vertex -62.4833 53.9919 1.3
    endloop
  endfacet
  facet normal 0 0 1
    outer loop
      vertex -94 59.9 1.3
      vertex -62.4833 53.9919 1.3
      vertex -62.2135 54.1249 1.3
    endloop
  endfacet
  facet normal 0 0 1
    outer loop
      vertex -62.9597 53.6263 1.3
      vertex -94 59.9 1.3
      vertex -76 48 1.3
    endloop
  endfacet
  facet normal 0 0 1
    outer loop
      vertex -76 48 1.3
      vertex -94 59.9 1.3
      vertex -76.261 47.9829 1.3
    endloop
  endfacet
  facet normal 0 0 1
    outer loop
      vertex -76.261 47.9829 1.3
      vertex -94 59.9 1.3
      vertex -76.5176 47.9319 1.3
    endloop
  endfacet
  facet normal 0 0 1
    outer loop
      vertex -78 46 1.3
      vertex -80.7 0 1.3
      vertex -78 -38 1.3
    endloop
  endfacet
  facet normal 0 0 1
    outer loop
      vertex -78 46 1.3
      vertex -80.7197 0.30021 1.3
      vertex -80.7 0 1.3
    endloop
  endfacet
  facet normal 0 0 1
    outer loop
      vertex -78 46 1.3
      vertex -80.7784 0.595284 1.3
      vertex -80.7197 0.30021 1.3
    endloop
  endfacet
  facet normal 0 0 1
    outer loop
      vertex -78 46 1.3
      vertex -80.8751 0.880172 1.3
      vertex -80.7784 0.595284 1.3
    endloop
  endfacet
  facet normal 0 0 1
    outer loop
      vertex -78 46 1.3
      vertex -81.0081 1.15 1.3
      vertex -80.8751 0.880172 1.3
    endloop
  endfacet
  facet normal 0 0 1
    outer loop
      vertex -97 56.9 1.3
      vertex -78 46 1.3
      vertex -77.9829 46.261 1.3
    endloop
  endfacet
  facet normal 0 0 1
    outer loop
      vertex -78 46 1.3
      vertex -81.1753 1.40015 1.3
      vertex -81.0081 1.15 1.3
    endloop
  endfacet
  facet normal 0 0 1
    outer loop
      vertex -78 46 1.3
      vertex -81.3737 1.62634 1.3
      vertex -81.1753 1.40015 1.3
    endloop
  endfacet
  facet normal 0 0 1
    outer loop
      vertex -78 46 1.3
      vertex -81.5998 1.82471 1.3
      vertex -81.3737 1.62634 1.3
    endloop
  endfacet
  facet normal 0 0 1
    outer loop
      vertex -78 46 1.3
      vertex -81.85 1.99186 1.3
      vertex -81.5998 1.82471 1.3
    endloop
  endfacet
  facet normal 0 0 1
    outer loop
      vertex -78 46 1.3
      vertex -82.1198 2.12492 1.3
      vertex -81.85 1.99186 1.3
    endloop
  endfacet
  facet normal 0 0 1
    outer loop
      vertex -78 46 1.3
      vertex -82.4047 2.22163 1.3
      vertex -82.1198 2.12492 1.3
    endloop
  endfacet
  facet normal 0 0 1
    outer loop
      vertex -78 46 1.3
      vertex -82.6998 2.28032 1.3
      vertex -82.4047 2.22163 1.3
    endloop
  endfacet
  facet normal 0 0 1
    outer loop
      vertex -78 46 1.3
      vertex -83 2.3 1.3
      vertex -82.6998 2.28032 1.3
    endloop
  endfacet
  facet normal 0 0 1
    outer loop
      vertex -78 46 1.3
      vertex -83.3002 2.28032 1.3
      vertex -83 2.3 1.3
    endloop
  endfacet
  facet normal 0 0 1
    outer loop
      vertex -78 46 1.3
      vertex -83.5953 2.22163 1.3
      vertex -83.3002 2.28032 1.3
    endloop
  endfacet
  facet normal 0 0 1
    outer loop
      vertex -78 46 1.3
      vertex -83.8802 2.12492 1.3
      vertex -83.5953 2.22163 1.3
    endloop
  endfacet
  facet normal 0 0 1
    outer loop
      vertex -78 46 1.3
      vertex -84.15 1.99186 1.3
      vertex -83.8802 2.12492 1.3
    endloop
  endfacet
  facet normal 0 0 1
    outer loop
      vertex -78 46 1.3
      vertex -84.4002 1.82471 1.3
      vertex -84.15 1.99186 1.3
    endloop
  endfacet
  facet normal 0 0 1
    outer loop
      vertex -78 46 1.3
      vertex -97 56.9 1.3
      vertex -84.4002 1.82471 1.3
    endloop
  endfacet
  facet normal 0 0 1
    outer loop
      vertex -84.4002 1.82471 1.3
      vertex -97 56.9 1.3
      vertex -84.6263 1.62634 1.3
    endloop
  endfacet
  facet normal 0 0 1
    outer loop
      vertex -84.6263 1.62634 1.3
      vertex -97 56.9 1.3
      vertex -84.8247 1.40015 1.3
    endloop
  endfacet
  facet normal 0 0 1
    outer loop
      vertex -84.8247 1.40015 1.3
      vertex -97 56.9 1.3
      vertex -84.9919 1.15 1.3
    endloop
  endfacet
  facet normal 0 0 1
    outer loop
      vertex -84.9919 1.15 1.3
      vertex -97 56.9 1.3
      vertex -85.1249 0.880172 1.3
    endloop
  endfacet
  facet normal 0 0 1
    outer loop
      vertex -85.1249 0.880172 1.3
      vertex -97 56.9 1.3
      vertex -85.2216 0.595284 1.3
    endloop
  endfacet
  facet normal 0 0 1
    outer loop
      vertex -85.2216 0.595284 1.3
      vertex -97 56.9 1.3
      vertex -85.2803 0.30021 1.3
    endloop
  endfacet
  facet normal 0 0 1
    outer loop
      vertex -77.9319 46.5176 1.3
      vertex -97 56.9 1.3
      vertex -77.9829 46.261 1.3
    endloop
  endfacet
  facet normal 0 0 1
    outer loop
      vertex -77.8478 46.7654 1.3
      vertex -97 56.9 1.3
      vertex -77.9319 46.5176 1.3
    endloop
  endfacet
  facet normal -0 0 1
    outer loop
      vertex -97 56.9 1.3
      vertex -77.8478 46.7654 1.3
      vertex -94 59.9 1.3
    endloop
  endfacet
  facet normal 0 0 1
    outer loop
      vertex -77.7321 47 1.3
      vertex -94 59.9 1.3
      vertex -77.8478 46.7654 1.3
    endloop
  endfacet
  facet normal 0 0 1
    outer loop
      vertex -77.5867 47.2175 1.3
      vertex -94 59.9 1.3
      vertex -77.7321 47 1.3
    endloop
  endfacet
  facet normal 0 0 1
    outer loop
      vertex -77.4142 47.4142 1.3
      vertex -94 59.9 1.3
      vertex -77.5867 47.2175 1.3
    endloop
  endfacet
  facet normal 0 0 1
    outer loop
      vertex -77.2175 47.5867 1.3
      vertex -94 59.9 1.3
      vertex -77.4142 47.4142 1.3
    endloop
  endfacet
  facet normal 0 0 1
    outer loop
      vertex -77 47.7321 1.3
      vertex -94 59.9 1.3
      vertex -77.2175 47.5867 1.3
    endloop
  endfacet
  facet normal 0 0 1
    outer loop
      vertex -76.7654 47.8478 1.3
      vertex -94 59.9 1.3
      vertex -77 47.7321 1.3
    endloop
  endfacet
  facet normal 0 0 1
    outer loop
      vertex -76.5176 47.9319 1.3
      vertex -94 59.9 1.3
      vertex -76.7654 47.8478 1.3
    endloop
  endfacet
  facet normal 0 0 1
    outer loop
      vertex -61.9286 54.2216 1.3
      vertex -94 59.9 1.3
      vertex -62.2135 54.1249 1.3
    endloop
  endfacet
  facet normal 0 0 1
    outer loop
      vertex -61.6335 54.2803 1.3
      vertex -94 59.9 1.3
      vertex -61.9286 54.2216 1.3
    endloop
  endfacet
  facet normal 0 0 1
    outer loop
      vertex -61.3333 54.3 1.3
      vertex -94 59.9 1.3
      vertex -61.6335 54.2803 1.3
    endloop
  endfacet
  facet normal 0 0 1
    outer loop
      vertex -61.0331 54.2803 1.3
      vertex -94 59.9 1.3
      vertex -61.3333 54.3 1.3
    endloop
  endfacet
  facet normal 0 0 1
    outer loop
      vertex 96.9743 -49.2916 1.3
      vertex 94 -51.9 1.3
      vertex 96.8978 -49.6765 1.3
    endloop
  endfacet
  facet normal 0 0 1
    outer loop
      vertex 96.8978 -49.6765 1.3
      vertex 94 -51.9 1.3
      vertex 96.7716 -50.048 1.3
    endloop
  endfacet
  facet normal 0 0 1
    outer loop
      vertex 96.5981 -50.4 1.3
      vertex 94 -51.9 1.3
      vertex 96.3801 -50.7263 1.3
    endloop
  endfacet
  facet normal 0 0 1
    outer loop
      vertex 96.3801 -50.7263 1.3
      vertex 94 -51.9 1.3
      vertex 96.1213 -51.0213 1.3
    endloop
  endfacet
  facet normal 0 0 1
    outer loop
      vertex 95.8263 -51.2801 1.3
      vertex 94 -51.9 1.3
      vertex 95.5 -51.4981 1.3
    endloop
  endfacet
  facet normal 0 0 1
    outer loop
      vertex 95.5 -51.4981 1.3
      vertex 94 -51.9 1.3
      vertex 95.1481 -51.6716 1.3
    endloop
  endfacet
  facet normal 0 0 1
    outer loop
      vertex 95.1481 -51.6716 1.3
      vertex 94 -51.9 1.3
      vertex 94.7765 -51.7978 1.3
    endloop
  endfacet
  facet normal 0 0 1
    outer loop
      vertex 78 -38 1.3
      vertex 84.4002 -1.82471 1.3
      vertex 84.15 -1.99186 1.3
    endloop
  endfacet
  facet normal 0 0 1
    outer loop
      vertex 78 -38 1.3
      vertex 84.15 -1.99186 1.3
      vertex 83.8802 -2.12492 1.3
    endloop
  endfacet
  facet normal 0 0 1
    outer loop
      vertex 78 -38 1.3
      vertex 83.8802 -2.12492 1.3
      vertex 83.5953 -2.22163 1.3
    endloop
  endfacet
  facet normal 0 0 1
    outer loop
      vertex 78 -38 1.3
      vertex 83.5953 -2.22163 1.3
      vertex 83.3002 -2.28032 1.3
    endloop
  endfacet
  facet normal 0 0 1
    outer loop
      vertex 78 -38 1.3
      vertex 83.3002 -2.28032 1.3
      vertex 83 -2.3 1.3
    endloop
  endfacet
  facet normal 0 0 1
    outer loop
      vertex 78 -38 1.3
      vertex 83 -2.3 1.3
      vertex 82.6998 -2.28032 1.3
    endloop
  endfacet
  facet normal 0 0 1
    outer loop
      vertex 78 -38 1.3
      vertex 82.6998 -2.28032 1.3
      vertex 82.4047 -2.22163 1.3
    endloop
  endfacet
  facet normal 0 0 1
    outer loop
      vertex 78 -38 1.3
      vertex 82.4047 -2.22163 1.3
      vertex 82.1198 -2.12492 1.3
    endloop
  endfacet
  facet normal 0 0 1
    outer loop
      vertex 78 -38 1.3
      vertex 82.1198 -2.12492 1.3
      vertex 81.85 -1.99186 1.3
    endloop
  endfacet
  facet normal 0 0 1
    outer loop
      vertex 78 -38 1.3
      vertex 81.85 -1.99186 1.3
      vertex 81.5998 -1.82471 1.3
    endloop
  endfacet
  facet normal 0 0 1
    outer loop
      vertex 78 -38 1.3
      vertex 81.5998 -1.82471 1.3
      vertex 81.3737 -1.62634 1.3
    endloop
  endfacet
  facet normal 0 0 1
    outer loop
      vertex 78 -38 1.3
      vertex 81.3737 -1.62634 1.3
      vertex 81.1753 -1.40015 1.3
    endloop
  endfacet
  facet normal 0 0 1
    outer loop
      vertex 78 -38 1.3
      vertex 81.1753 -1.40015 1.3
      vertex 81.0081 -1.15 1.3
    endloop
  endfacet
  facet normal 0 0 1
    outer loop
      vertex 78 -38 1.3
      vertex 81.0081 -1.15 1.3
      vertex 80.8751 -0.880172 1.3
    endloop
  endfacet
  facet normal 0 0 1
    outer loop
      vertex 78 -38 1.3
      vertex 80.8751 -0.880172 1.3
      vertex 80.7784 -0.595284 1.3
    endloop
  endfacet
  facet normal 0 0 1
    outer loop
      vertex 78 -38 1.3
      vertex 80.7 0 1.3
      vertex 78 46 1.3
    endloop
  endfacet
  facet normal 0 0 1
    outer loop
      vertex 78 -38 1.3
      vertex 80.7197 -0.30021 1.3
      vertex 80.7 0 1.3
    endloop
  endfacet
  facet normal 0 0 1
    outer loop
      vertex 78 -38 1.3
      vertex 80.7784 -0.595284 1.3
      vertex 80.7197 -0.30021 1.3
    endloop
  endfacet
  facet normal 0 0 1
    outer loop
      vertex 94.7765 -51.7978 1.3
      vertex 94 -51.9 1.3
      vertex 94.3916 -51.8743 1.3
    endloop
  endfacet
  facet normal 0 0 1
    outer loop
      vertex 96.1213 -51.0213 1.3
      vertex 94 -51.9 1.3
      vertex 95.8263 -51.2801 1.3
    endloop
  endfacet
  facet normal 0 0 1
    outer loop
      vertex 96.7716 -50.048 1.3
      vertex 94 -51.9 1.3
      vertex 96.5981 -50.4 1.3
    endloop
  endfacet
  facet normal 0 0 1
    outer loop
      vertex 97 -48.9 1.3
      vertex 94 -51.9 1.3
      vertex 96.9743 -49.2916 1.3
    endloop
  endfacet
  facet normal -0 0 1
    outer loop
      vertex 77.7321 -39 1.3
      vertex 94 -51.9 1.3
      vertex 77.8478 -38.7654 1.3
    endloop
  endfacet
  facet normal -0 0 1
    outer loop
      vertex 77.5867 -39.2175 1.3
      vertex 94 -51.9 1.3
      vertex 77.7321 -39 1.3
    endloop
  endfacet
  facet normal -0 0 1
    outer loop
      vertex 77.4142 -39.4142 1.3
      vertex 94 -51.9 1.3
      vertex 77.5867 -39.2175 1.3
    endloop
  endfacet
  facet normal -0 0 1
    outer loop
      vertex 77.2175 -39.5867 1.3
      vertex 94 -51.9 1.3
      vertex 77.4142 -39.4142 1.3
    endloop
  endfacet
  facet normal -0 0 1
    outer loop
      vertex 77 -39.7321 1.3
      vertex 94 -51.9 1.3
      vertex 77.2175 -39.5867 1.3
    endloop
  endfacet
  facet normal -0 0 1
    outer loop
      vertex 76.7654 -39.8478 1.3
      vertex 94 -51.9 1.3
      vertex 77 -39.7321 1.3
    endloop
  endfacet
  facet normal -0 0 1
    outer loop
      vertex 76.5176 -39.9319 1.3
      vertex 94 -51.9 1.3
      vertex 76.7654 -39.8478 1.3
    endloop
  endfacet
  facet normal -0 0 1
    outer loop
      vertex 76.261 -39.9829 1.3
      vertex 94 -51.9 1.3
      vertex 76.5176 -39.9319 1.3
    endloop
  endfacet
  facet normal 0 0 1
    outer loop
      vertex 63.6268 -51.9 1.3
      vertex 76.261 -39.9829 1.3
      vertex 76 -40 1.3
    endloop
  endfacet
  facet normal 0 0 1
    outer loop
      vertex 76.261 -39.9829 1.3
      vertex 63.6268 -51.9 1.3
      vertex 94 -51.9 1.3
    endloop
  endfacet
  facet normal 0 0 1
    outer loop
      vertex 76 -40 1.3
      vertex 63.6137 -51.6998 1.3
      vertex 63.6268 -51.9 1.3
    endloop
  endfacet
  facet normal 0 0 1
    outer loop
      vertex 76 -40 1.3
      vertex 63.555 -51.4047 1.3
      vertex 63.6137 -51.6998 1.3
    endloop
  endfacet
  facet normal 0 0 1
    outer loop
      vertex 76 -40 1.3
      vertex 63.4583 -51.1198 1.3
      vertex 63.555 -51.4047 1.3
    endloop
  endfacet
  facet normal 0 0 1
    outer loop
      vertex 76 -40 1.3
      vertex 63.3252 -50.85 1.3
      vertex 63.4583 -51.1198 1.3
    endloop
  endfacet
  facet normal 0 0 1
    outer loop
      vertex 76 -40 1.3
      vertex 63.158 -50.5998 1.3
      vertex 63.3252 -50.85 1.3
    endloop
  endfacet
  facet normal 0 0 1
    outer loop
      vertex 76 -40 1.3
      vertex 62.9597 -50.3737 1.3
      vertex 63.158 -50.5998 1.3
    endloop
  endfacet
  facet normal 0 0 1
    outer loop
      vertex 76 -40 1.3
      vertex 62.7335 -50.1753 1.3
      vertex 62.9597 -50.3737 1.3
    endloop
  endfacet
  facet normal 0 0 1
    outer loop
      vertex 76 -40 1.3
      vertex 62.4833 -50.0081 1.3
      vertex 62.7335 -50.1753 1.3
    endloop
  endfacet
  facet normal 0 0 1
    outer loop
      vertex 76 -40 1.3
      vertex 62.2135 -49.8751 1.3
      vertex 62.4833 -50.0081 1.3
    endloop
  endfacet
  facet normal 0 0 1
    outer loop
      vertex 76 -40 1.3
      vertex 61.9286 -49.7784 1.3
      vertex 62.2135 -49.8751 1.3
    endloop
  endfacet
  facet normal 0 0 1
    outer loop
      vertex 76 -40 1.3
      vertex 61.6335 -49.7197 1.3
      vertex 61.9286 -49.7784 1.3
    endloop
  endfacet
  facet normal 0 0 1
    outer loop
      vertex 76 -40 1.3
      vertex 61.3333 -49.7 1.3
      vertex 61.6335 -49.7197 1.3
    endloop
  endfacet
  facet normal 0 0 1
    outer loop
      vertex 76 -40 1.3
      vertex 61.0331 -49.7197 1.3
      vertex 61.3333 -49.7 1.3
    endloop
  endfacet
  facet normal 0 0 1
    outer loop
      vertex 76 -40 1.3
      vertex 60.738 -49.7784 1.3
      vertex 61.0331 -49.7197 1.3
    endloop
  endfacet
  facet normal 0 0 1
    outer loop
      vertex 76 -40 1.3
      vertex 60.4532 -49.8751 1.3
      vertex 60.738 -49.7784 1.3
    endloop
  endfacet
  facet normal 0 0 1
    outer loop
      vertex 76 -40 1.3
      vertex 60.1833 -50.0081 1.3
      vertex 60.4532 -49.8751 1.3
    endloop
  endfacet
  facet normal 0 0 1
    outer loop
      vertex 59.053 -51.6998 1.3
      vertex -59.0399 -51.9 1.3
      vertex 59.0399 -51.9 1.3
    endloop
  endfacet
  facet normal 0 0 1
    outer loop
      vertex -59.053 -51.6998 1.3
      vertex 59.053 -51.6998 1.3
      vertex 59.1117 -51.4047 1.3
    endloop
  endfacet
  facet normal 0 0 1
    outer loop
      vertex -59.1117 -51.4047 1.3
      vertex 59.1117 -51.4047 1.3
      vertex 59.2084 -51.1198 1.3
    endloop
  endfacet
  facet normal 0 0 1
    outer loop
      vertex -59.2084 -51.1198 1.3
      vertex 59.2084 -51.1198 1.3
      vertex 59.3415 -50.85 1.3
    endloop
  endfacet
  facet normal 0 0 1
    outer loop
      vertex -59.3415 -50.85 1.3
      vertex 59.3415 -50.85 1.3
      vertex 59.5086 -50.5998 1.3
    endloop
  endfacet
  facet normal 0 0 1
    outer loop
      vertex -59.5086 -50.5998 1.3
      vertex 59.5086 -50.5998 1.3
      vertex 59.707 -50.3737 1.3
    endloop
  endfacet
  facet normal 0 0 1
    outer loop
      vertex -59.707 -50.3737 1.3
      vertex 59.707 -50.3737 1.3
      vertex 59.9332 -50.1753 1.3
    endloop
  endfacet
  facet normal 0 0 1
    outer loop
      vertex -59.9332 -50.1753 1.3
      vertex 59.9332 -50.1753 1.3
      vertex 60.1833 -50.0081 1.3
    endloop
  endfacet
  facet normal 0 0 1
    outer loop
      vertex -60.1833 -50.0081 1.3
      vertex 60.1833 -50.0081 1.3
      vertex 76 -40 1.3
    endloop
  endfacet
  facet normal 0 0 1
    outer loop
      vertex 59.053 -51.6998 1.3
      vertex -59.053 -51.6998 1.3
      vertex -59.0399 -51.9 1.3
    endloop
  endfacet
  facet normal 0 0 1
    outer loop
      vertex 59.1117 -51.4047 1.3
      vertex -59.1117 -51.4047 1.3
      vertex -59.053 -51.6998 1.3
    endloop
  endfacet
  facet normal 0 0 1
    outer loop
      vertex 59.2084 -51.1198 1.3
      vertex -59.2084 -51.1198 1.3
      vertex -59.1117 -51.4047 1.3
    endloop
  endfacet
  facet normal 0 0 1
    outer loop
      vertex 59.3415 -50.85 1.3
      vertex -59.3415 -50.85 1.3
      vertex -59.2084 -51.1198 1.3
    endloop
  endfacet
  facet normal 0 0 1
    outer loop
      vertex 59.5086 -50.5998 1.3
      vertex -59.5086 -50.5998 1.3
      vertex -59.3415 -50.85 1.3
    endloop
  endfacet
  facet normal 0 0 1
    outer loop
      vertex 59.707 -50.3737 1.3
      vertex -59.707 -50.3737 1.3
      vertex -59.5086 -50.5998 1.3
    endloop
  endfacet
  facet normal 0 0 1
    outer loop
      vertex 59.9332 -50.1753 1.3
      vertex -59.9332 -50.1753 1.3
      vertex -59.707 -50.3737 1.3
    endloop
  endfacet
  facet normal 0 0 1
    outer loop
      vertex 60.1833 -50.0081 1.3
      vertex -60.1833 -50.0081 1.3
      vertex -59.9332 -50.1753 1.3
    endloop
  endfacet
  facet normal -0 0 1
    outer loop
      vertex -76 -40 1.3
      vertex -60.1833 -50.0081 1.3
      vertex 76 -40 1.3
    endloop
  endfacet
  facet normal 0 0 1
    outer loop
      vertex -60.1833 -50.0081 1.3
      vertex -76 -40 1.3
      vertex -60.4532 -49.8751 1.3
    endloop
  endfacet
  facet normal 0 0 1
    outer loop
      vertex -60.4532 -49.8751 1.3
      vertex -76 -40 1.3
      vertex -60.738 -49.7784 1.3
    endloop
  endfacet
  facet normal 0 0 1
    outer loop
      vertex -60.738 -49.7784 1.3
      vertex -76 -40 1.3
      vertex -61.0331 -49.7197 1.3
    endloop
  endfacet
  facet normal 0 0 1
    outer loop
      vertex -61.0331 -49.7197 1.3
      vertex -76 -40 1.3
      vertex -61.3333 -49.7 1.3
    endloop
  endfacet
  facet normal 0 0 1
    outer loop
      vertex -61.3333 -49.7 1.3
      vertex -76 -40 1.3
      vertex -61.6335 -49.7197 1.3
    endloop
  endfacet
  facet normal 0 0 1
    outer loop
      vertex -76 -40 1.3
      vertex -61.9286 -49.7784 1.3
      vertex -61.6335 -49.7197 1.3
    endloop
  endfacet
  facet normal 0 0 1
    outer loop
      vertex -76 -40 1.3
      vertex -62.2135 -49.8751 1.3
      vertex -61.9286 -49.7784 1.3
    endloop
  endfacet
  facet normal 0 0 1
    outer loop
      vertex -76 -40 1.3
      vertex -62.4833 -50.0081 1.3
      vertex -62.2135 -49.8751 1.3
    endloop
  endfacet
  facet normal 0 0 1
    outer loop
      vertex -76 -40 1.3
      vertex -62.7335 -50.1753 1.3
      vertex -62.4833 -50.0081 1.3
    endloop
  endfacet
  facet normal 0 0 1
    outer loop
      vertex -76 -40 1.3
      vertex -62.9597 -50.3737 1.3
      vertex -62.7335 -50.1753 1.3
    endloop
  endfacet
  facet normal 0 0 1
    outer loop
      vertex -76 -40 1.3
      vertex -63.158 -50.5998 1.3
      vertex -62.9597 -50.3737 1.3
    endloop
  endfacet
  facet normal 0 0 1
    outer loop
      vertex -76 -40 1.3
      vertex -63.3252 -50.85 1.3
      vertex -63.158 -50.5998 1.3
    endloop
  endfacet
  facet normal 0 0 1
    outer loop
      vertex -76 -40 1.3
      vertex -63.4583 -51.1198 1.3
      vertex -63.3252 -50.85 1.3
    endloop
  endfacet
  facet normal 0 0 1
    outer loop
      vertex -76 -40 1.3
      vertex -63.555 -51.4047 1.3
      vertex -63.4583 -51.1198 1.3
    endloop
  endfacet
  facet normal 0 0 1
    outer loop
      vertex -76 -40 1.3
      vertex -63.6137 -51.6998 1.3
      vertex -63.555 -51.4047 1.3
    endloop
  endfacet
  facet normal 0 0 1
    outer loop
      vertex -76 -40 1.3
      vertex -63.6268 -51.9 1.3
      vertex -63.6137 -51.6998 1.3
    endloop
  endfacet
  facet normal 0 0 1
    outer loop
      vertex -76.261 -39.9829 1.3
      vertex -63.6268 -51.9 1.3
      vertex -76 -40 1.3
    endloop
  endfacet
  facet normal 0 0 1
    outer loop
      vertex -94 -51.9 1.3
      vertex -76.261 -39.9829 1.3
      vertex -76.5176 -39.9319 1.3
    endloop
  endfacet
  facet normal 0 0 1
    outer loop
      vertex -94 -51.9 1.3
      vertex -76.5176 -39.9319 1.3
      vertex -76.7654 -39.8478 1.3
    endloop
  endfacet
  facet normal 0 0 1
    outer loop
      vertex -94 -51.9 1.3
      vertex -76.7654 -39.8478 1.3
      vertex -77 -39.7321 1.3
    endloop
  endfacet
  facet normal 0 0 1
    outer loop
      vertex -94 -51.9 1.3
      vertex -77 -39.7321 1.3
      vertex -77.2175 -39.5867 1.3
    endloop
  endfacet
  facet normal 0 0 1
    outer loop
      vertex -94 -51.9 1.3
      vertex -77.2175 -39.5867 1.3
      vertex -77.4142 -39.4142 1.3
    endloop
  endfacet
  facet normal -0 0 1
    outer loop
      vertex -80.7197 -0.30021 1.3
      vertex -78 -38 1.3
      vertex -80.7 0 1.3
    endloop
  endfacet
  facet normal -0 0 1
    outer loop
      vertex -80.7784 -0.595284 1.3
      vertex -78 -38 1.3
      vertex -80.7197 -0.30021 1.3
    endloop
  endfacet
  facet normal -0 0 1
    outer loop
      vertex -80.8751 -0.880172 1.3
      vertex -78 -38 1.3
      vertex -80.7784 -0.595284 1.3
    endloop
  endfacet
  facet normal -0 0 1
    outer loop
      vertex -81.0081 -1.15 1.3
      vertex -78 -38 1.3
      vertex -80.8751 -0.880172 1.3
    endloop
  endfacet
  facet normal -0 0 1
    outer loop
      vertex -81.1753 -1.40015 1.3
      vertex -78 -38 1.3
      vertex -81.0081 -1.15 1.3
    endloop
  endfacet
  facet normal -0 0 1
    outer loop
      vertex -81.3737 -1.62634 1.3
      vertex -78 -38 1.3
      vertex -81.1753 -1.40015 1.3
    endloop
  endfacet
  facet normal -0 0 1
    outer loop
      vertex -81.5998 -1.82471 1.3
      vertex -78 -38 1.3
      vertex -81.3737 -1.62634 1.3
    endloop
  endfacet
  facet normal -0 0 1
    outer loop
      vertex -81.85 -1.99186 1.3
      vertex -78 -38 1.3
      vertex -81.5998 -1.82471 1.3
    endloop
  endfacet
  facet normal -0 0 1
    outer loop
      vertex -82.1198 -2.12492 1.3
      vertex -78 -38 1.3
      vertex -81.85 -1.99186 1.3
    endloop
  endfacet
  facet normal -0 0 1
    outer loop
      vertex -82.4047 -2.22163 1.3
      vertex -78 -38 1.3
      vertex -82.1198 -2.12492 1.3
    endloop
  endfacet
  facet normal -0 0 1
    outer loop
      vertex -82.6998 -2.28032 1.3
      vertex -78 -38 1.3
      vertex -82.4047 -2.22163 1.3
    endloop
  endfacet
  facet normal -0 0 1
    outer loop
      vertex -83 -2.3 1.3
      vertex -78 -38 1.3
      vertex -82.6998 -2.28032 1.3
    endloop
  endfacet
  facet normal 0 0 1
    outer loop
      vertex -83.3002 -2.28032 1.3
      vertex -78 -38 1.3
      vertex -83 -2.3 1.3
    endloop
  endfacet
  facet normal 0 0 1
    outer loop
      vertex -83.5953 -2.22163 1.3
      vertex -78 -38 1.3
      vertex -83.3002 -2.28032 1.3
    endloop
  endfacet
  facet normal 0 0 1
    outer loop
      vertex -83.8802 -2.12492 1.3
      vertex -78 -38 1.3
      vertex -83.5953 -2.22163 1.3
    endloop
  endfacet
  facet normal 0 0 1
    outer loop
      vertex -84.15 -1.99186 1.3
      vertex -78 -38 1.3
      vertex -83.8802 -2.12492 1.3
    endloop
  endfacet
  facet normal 0 0 1
    outer loop
      vertex -84.4002 -1.82471 1.3
      vertex -78 -38 1.3
      vertex -84.15 -1.99186 1.3
    endloop
  endfacet
  facet normal 0 0 1
    outer loop
      vertex -97 -48.9 1.3
      vertex -78 -38 1.3
      vertex -84.4002 -1.82471 1.3
    endloop
  endfacet
  facet normal 0 0 1
    outer loop
      vertex -97 -48.9 1.3
      vertex -84.4002 -1.82471 1.3
      vertex -84.6263 -1.62634 1.3
    endloop
  endfacet
  facet normal 0 0 1
    outer loop
      vertex -97 -48.9 1.3
      vertex -84.6263 -1.62634 1.3
      vertex -84.8247 -1.40015 1.3
    endloop
  endfacet
  facet normal 0 0 1
    outer loop
      vertex -97 -48.9 1.3
      vertex -84.8247 -1.40015 1.3
      vertex -84.9919 -1.15 1.3
    endloop
  endfacet
  facet normal 0 0 1
    outer loop
      vertex -97 -48.9 1.3
      vertex -84.9919 -1.15 1.3
      vertex -85.1249 -0.880172 1.3
    endloop
  endfacet
  facet normal 0 0 1
    outer loop
      vertex -97 -48.9 1.3
      vertex -85.1249 -0.880172 1.3
      vertex -85.2216 -0.595284 1.3
    endloop
  endfacet
  facet normal 0 0 1
    outer loop
      vertex -97 -48.9 1.3
      vertex -85.2216 -0.595284 1.3
      vertex -85.2803 -0.30021 1.3
    endloop
  endfacet
  facet normal 0 0 1
    outer loop
      vertex -85.2803 0.30021 1.3
      vertex -97 56.9 1.3
      vertex -85.3 0 1.3
    endloop
  endfacet
  facet normal 0 0 1
    outer loop
      vertex -76.261 -39.9829 1.3
      vertex -94 -51.9 1.3
      vertex -63.6268 -51.9 1.3
    endloop
  endfacet
  facet normal 0 0 1
    outer loop
      vertex -77.5867 -39.2175 1.3
      vertex -94 -51.9 1.3
      vertex -77.4142 -39.4142 1.3
    endloop
  endfacet
  facet normal 0 0 1
    outer loop
      vertex -77.7321 -39 1.3
      vertex -94 -51.9 1.3
      vertex -77.5867 -39.2175 1.3
    endloop
  endfacet
  facet normal 0 0 1
    outer loop
      vertex -77.8478 -38.7654 1.3
      vertex -94 -51.9 1.3
      vertex -77.7321 -39 1.3
    endloop
  endfacet
  facet normal 0 0 1
    outer loop
      vertex -97 -48.9 1.3
      vertex -77.8478 -38.7654 1.3
      vertex -77.9319 -38.5176 1.3
    endloop
  endfacet
  facet normal 0 0 1
    outer loop
      vertex -97 -48.9 1.3
      vertex -77.9319 -38.5176 1.3
      vertex -77.9829 -38.261 1.3
    endloop
  endfacet
  facet normal 0 0 1
    outer loop
      vertex -78 -38 1.3
      vertex -97 -48.9 1.3
      vertex -77.9829 -38.261 1.3
    endloop
  endfacet
  facet normal 0 0 1
    outer loop
      vertex -97 -48.9 1.3
      vertex -85.3 0 1.3
      vertex -97 56.9 1.3
    endloop
  endfacet
  facet normal 0 0 1
    outer loop
      vertex -97 56.9 1.3
      vertex -94 59.9 1.3
      vertex -94.3916 59.8743 1.3
    endloop
  endfacet
  facet normal 0 0 1
    outer loop
      vertex -85.3 0 1.3
      vertex -97 -48.9 1.3
      vertex -85.2803 -0.30021 1.3
    endloop
  endfacet
  facet normal 0 0 1
    outer loop
      vertex -97 56.9 1.3
      vertex -94.3916 59.8743 1.3
      vertex -94.7765 59.7978 1.3
    endloop
  endfacet
  facet normal 0 0 1
    outer loop
      vertex -77.8478 -38.7654 1.3
      vertex -97 -48.9 1.3
      vertex -94 -51.9 1.3
    endloop
  endfacet
  facet normal 0 0 1
    outer loop
      vertex -97 56.9 1.3
      vertex -94.7765 59.7978 1.3
      vertex -95.1481 59.6716 1.3
    endloop
  endfacet
  facet normal 0 0 1
    outer loop
      vertex -94 -51.9 1.3
      vertex -97 -48.9 1.3
      vertex -94.3916 -51.8743 1.3
    endloop
  endfacet
  facet normal 0 0 1
    outer loop
      vertex -97 56.9 1.3
      vertex -95.1481 59.6716 1.3
      vertex -95.5 59.4981 1.3
    endloop
  endfacet
  facet normal 0 0 1
    outer loop
      vertex -94.3916 -51.8743 1.3
      vertex -97 -48.9 1.3
      vertex -94.7765 -51.7978 1.3
    endloop
  endfacet
  facet normal 0 0 1
    outer loop
      vertex -97 56.9 1.3
      vertex -95.5 59.4981 1.3
      vertex -95.8263 59.2801 1.3
    endloop
  endfacet
  facet normal 0 0 1
    outer loop
      vertex -94.7765 -51.7978 1.3
      vertex -97 -48.9 1.3
      vertex -95.1481 -51.6716 1.3
    endloop
  endfacet
  facet normal 0 0 1
    outer loop
      vertex -97 56.9 1.3
      vertex -95.8263 59.2801 1.3
      vertex -96.1213 59.0213 1.3
    endloop
  endfacet
  facet normal 0 0 1
    outer loop
      vertex -95.1481 -51.6716 1.3
      vertex -97 -48.9 1.3
      vertex -95.5 -51.4981 1.3
    endloop
  endfacet
  facet normal 0 0 1
    outer loop
      vertex -97 56.9 1.3
      vertex -96.1213 59.0213 1.3
      vertex -96.3801 58.7263 1.3
    endloop
  endfacet
  facet normal 0 0 1
    outer loop
      vertex -95.5 -51.4981 1.3
      vertex -97 -48.9 1.3
      vertex -95.8263 -51.2801 1.3
    endloop
  endfacet
  facet normal 0 0 1
    outer loop
      vertex -97 56.9 1.3
      vertex -96.3801 58.7263 1.3
      vertex -96.5981 58.4 1.3
    endloop
  endfacet
  facet normal 0 0 1
    outer loop
      vertex -95.8263 -51.2801 1.3
      vertex -97 -48.9 1.3
      vertex -96.1213 -51.0213 1.3
    endloop
  endfacet
  facet normal 0 0 1
    outer loop
      vertex -97 56.9 1.3
      vertex -96.5981 58.4 1.3
      vertex -96.7716 58.048 1.3
    endloop
  endfacet
  facet normal 0 0 1
    outer loop
      vertex -96.1213 -51.0213 1.3
      vertex -97 -48.9 1.3
      vertex -96.3801 -50.7263 1.3
    endloop
  endfacet
  facet normal 0 0 1
    outer loop
      vertex -97 56.9 1.3
      vertex -96.7716 58.048 1.3
      vertex -96.8978 57.6765 1.3
    endloop
  endfacet
  facet normal 0 0 1
    outer loop
      vertex -96.3801 -50.7263 1.3
      vertex -97 -48.9 1.3
      vertex -96.5981 -50.4 1.3
    endloop
  endfacet
  facet normal 0 0 1
    outer loop
      vertex -97 56.9 1.3
      vertex -96.8978 57.6765 1.3
      vertex -96.9743 57.2916 1.3
    endloop
  endfacet
  facet normal 0 0 1
    outer loop
      vertex -96.5981 -50.4 1.3
      vertex -97 -48.9 1.3
      vertex -96.7716 -50.048 1.3
    endloop
  endfacet
  facet normal 0 0 1
    outer loop
      vertex -96.7716 -50.048 1.3
      vertex -97 -48.9 1.3
      vertex -96.8978 -49.6765 1.3
    endloop
  endfacet
  facet normal 0 0 1
    outer loop
      vertex -96.8978 -49.6765 1.3
      vertex -97 -48.9 1.3
      vertex -96.9743 -49.2916 1.3
    endloop
  endfacet
  facet normal -0 0 1
    outer loop
      vertex 63.6137 51.6998 1.3
      vertex 76 48 1.3
      vertex 63.6333 52 1.3
    endloop
  endfacet
  facet normal -0 0 1
    outer loop
      vertex 63.555 51.4047 1.3
      vertex 76 48 1.3
      vertex 63.6137 51.6998 1.3
    endloop
  endfacet
  facet normal -0 0 1
    outer loop
      vertex 63.4583 51.1198 1.3
      vertex 76 48 1.3
      vertex 63.555 51.4047 1.3
    endloop
  endfacet
  facet normal -0 0 1
    outer loop
      vertex 63.3252 50.85 1.3
      vertex 76 48 1.3
      vertex 63.4583 51.1198 1.3
    endloop
  endfacet
  facet normal -0 0 1
    outer loop
      vertex 63.158 50.5998 1.3
      vertex 76 48 1.3
      vertex 63.3252 50.85 1.3
    endloop
  endfacet
  facet normal -0 0 1
    outer loop
      vertex 62.9597 50.3737 1.3
      vertex 76 48 1.3
      vertex 63.158 50.5998 1.3
    endloop
  endfacet
  facet normal -0 0 1
    outer loop
      vertex 62.7335 50.1753 1.3
      vertex 76 48 1.3
      vertex 62.9597 50.3737 1.3
    endloop
  endfacet
  facet normal -0 0 1
    outer loop
      vertex 62.4833 50.0081 1.3
      vertex 76 48 1.3
      vertex 62.7335 50.1753 1.3
    endloop
  endfacet
  facet normal -0 0 1
    outer loop
      vertex 62.2135 49.8751 1.3
      vertex 76 48 1.3
      vertex 62.4833 50.0081 1.3
    endloop
  endfacet
  facet normal -0 0 1
    outer loop
      vertex 61.9286 49.7784 1.3
      vertex 76 48 1.3
      vertex 62.2135 49.8751 1.3
    endloop
  endfacet
  facet normal -0 0 1
    outer loop
      vertex 61.6335 49.7197 1.3
      vertex 76 48 1.3
      vertex 61.9286 49.7784 1.3
    endloop
  endfacet
  facet normal -0 0 1
    outer loop
      vertex 61.3333 49.7 1.3
      vertex 76 48 1.3
      vertex 61.6335 49.7197 1.3
    endloop
  endfacet
  facet normal 0 0 1
    outer loop
      vertex 61.0331 49.7197 1.3
      vertex 76 48 1.3
      vertex 61.3333 49.7 1.3
    endloop
  endfacet
  facet normal -0 0 1
    outer loop
      vertex -59.0333 52 1.3
      vertex 59.053 51.6998 1.3
      vertex 59.0333 52 1.3
    endloop
  endfacet
  facet normal 0 0 1
    outer loop
      vertex -59.053 51.6998 1.3
      vertex 59.053 51.6998 1.3
      vertex -59.0333 52 1.3
    endloop
  endfacet
  facet normal 0 0 1
    outer loop
      vertex 59.053 51.6998 1.3
      vertex -59.053 51.6998 1.3
      vertex 59.1117 51.4047 1.3
    endloop
  endfacet
  facet normal 0 0 1
    outer loop
      vertex -59.1117 51.4047 1.3
      vertex 59.1117 51.4047 1.3
      vertex -59.053 51.6998 1.3
    endloop
  endfacet
  facet normal 0 0 1
    outer loop
      vertex 59.1117 51.4047 1.3
      vertex -59.1117 51.4047 1.3
      vertex 59.2084 51.1198 1.3
    endloop
  endfacet
  facet normal 0 0 1
    outer loop
      vertex -59.2084 51.1198 1.3
      vertex 59.2084 51.1198 1.3
      vertex -59.1117 51.4047 1.3
    endloop
  endfacet
  facet normal 0 0 1
    outer loop
      vertex 59.2084 51.1198 1.3
      vertex -59.2084 51.1198 1.3
      vertex 59.3415 50.85 1.3
    endloop
  endfacet
  facet normal 0 0 1
    outer loop
      vertex -59.3415 50.85 1.3
      vertex 59.3415 50.85 1.3
      vertex -59.2084 51.1198 1.3
    endloop
  endfacet
  facet normal 0 0 1
    outer loop
      vertex 59.3415 50.85 1.3
      vertex -59.3415 50.85 1.3
      vertex 59.5086 50.5998 1.3
    endloop
  endfacet
  facet normal 0 0 1
    outer loop
      vertex -59.5086 50.5998 1.3
      vertex 59.5086 50.5998 1.3
      vertex -59.3415 50.85 1.3
    endloop
  endfacet
  facet normal 0 0 1
    outer loop
      vertex 59.5086 50.5998 1.3
      vertex -59.5086 50.5998 1.3
      vertex 59.707 50.3737 1.3
    endloop
  endfacet
  facet normal 0 0 1
    outer loop
      vertex -59.707 50.3737 1.3
      vertex 59.707 50.3737 1.3
      vertex -59.5086 50.5998 1.3
    endloop
  endfacet
  facet normal 0 0 1
    outer loop
      vertex 59.707 50.3737 1.3
      vertex -59.707 50.3737 1.3
      vertex 59.9332 50.1753 1.3
    endloop
  endfacet
  facet normal 0 0 1
    outer loop
      vertex -59.9332 50.1753 1.3
      vertex 59.9332 50.1753 1.3
      vertex -59.707 50.3737 1.3
    endloop
  endfacet
  facet normal 0 0 1
    outer loop
      vertex 59.9332 50.1753 1.3
      vertex -59.9332 50.1753 1.3
      vertex 60.1833 50.0081 1.3
    endloop
  endfacet
  facet normal 0 0 1
    outer loop
      vertex -60.1833 50.0081 1.3
      vertex 60.1833 50.0081 1.3
      vertex -59.9332 50.1753 1.3
    endloop
  endfacet
  facet normal 0 0 1
    outer loop
      vertex 60.1833 50.0081 1.3
      vertex -60.1833 50.0081 1.3
      vertex 60.4532 49.8751 1.3
    endloop
  endfacet
  facet normal 0 0 1
    outer loop
      vertex -60.4532 49.8751 1.3
      vertex 60.4532 49.8751 1.3
      vertex -60.1833 50.0081 1.3
    endloop
  endfacet
  facet normal 0 0 1
    outer loop
      vertex 60.4532 49.8751 1.3
      vertex -60.4532 49.8751 1.3
      vertex 60.738 49.7784 1.3
    endloop
  endfacet
  facet normal 0 0 1
    outer loop
      vertex -60.738 49.7784 1.3
      vertex 60.738 49.7784 1.3
      vertex -60.4532 49.8751 1.3
    endloop
  endfacet
  facet normal 0 0 1
    outer loop
      vertex 60.738 49.7784 1.3
      vertex -60.738 49.7784 1.3
      vertex 61.0331 49.7197 1.3
    endloop
  endfacet
  facet normal 0 0 1
    outer loop
      vertex -61.0331 49.7197 1.3
      vertex 61.0331 49.7197 1.3
      vertex -60.738 49.7784 1.3
    endloop
  endfacet
  facet normal 0 0 1
    outer loop
      vertex 61.0331 49.7197 1.3
      vertex -61.0331 49.7197 1.3
      vertex 76 48 1.3
    endloop
  endfacet
  facet normal 0 0 1
    outer loop
      vertex -76 48 1.3
      vertex -61.0331 49.7197 1.3
      vertex -61.3333 49.7 1.3
    endloop
  endfacet
  facet normal 0 0 1
    outer loop
      vertex -61.0331 49.7197 1.3
      vertex -76 48 1.3
      vertex 76 48 1.3
    endloop
  endfacet
  facet normal 0 0 1
    outer loop
      vertex -61.6335 49.7197 1.3
      vertex -76 48 1.3
      vertex -61.3333 49.7 1.3
    endloop
  endfacet
  facet normal 0 0 1
    outer loop
      vertex -61.9286 49.7784 1.3
      vertex -76 48 1.3
      vertex -61.6335 49.7197 1.3
    endloop
  endfacet
  facet normal 0 0 1
    outer loop
      vertex -62.2135 49.8751 1.3
      vertex -76 48 1.3
      vertex -61.9286 49.7784 1.3
    endloop
  endfacet
  facet normal 0 0 1
    outer loop
      vertex -62.4833 50.0081 1.3
      vertex -76 48 1.3
      vertex -62.2135 49.8751 1.3
    endloop
  endfacet
  facet normal 0 0 1
    outer loop
      vertex -62.7335 50.1753 1.3
      vertex -76 48 1.3
      vertex -62.4833 50.0081 1.3
    endloop
  endfacet
  facet normal 0 0 1
    outer loop
      vertex -62.9597 50.3737 1.3
      vertex -76 48 1.3
      vertex -62.7335 50.1753 1.3
    endloop
  endfacet
  facet normal 0 0 1
    outer loop
      vertex -63.158 50.5998 1.3
      vertex -76 48 1.3
      vertex -62.9597 50.3737 1.3
    endloop
  endfacet
  facet normal 0 0 1
    outer loop
      vertex -63.3252 50.85 1.3
      vertex -76 48 1.3
      vertex -63.158 50.5998 1.3
    endloop
  endfacet
  facet normal 0 0 1
    outer loop
      vertex -63.4583 51.1198 1.3
      vertex -76 48 1.3
      vertex -63.3252 50.85 1.3
    endloop
  endfacet
  facet normal 0 0 1
    outer loop
      vertex -63.555 51.4047 1.3
      vertex -76 48 1.3
      vertex -63.4583 51.1198 1.3
    endloop
  endfacet
  facet normal 0 0 1
    outer loop
      vertex -63.6137 51.6998 1.3
      vertex -76 48 1.3
      vertex -63.555 51.4047 1.3
    endloop
  endfacet
  facet normal 0 0 1
    outer loop
      vertex -76 48 1.3
      vertex -63.6137 51.6998 1.3
      vertex -63.6333 52 1.3
    endloop
  endfacet
  facet normal 0.980815 0.19494 0
    outer loop
      vertex -96.8978 -49.6765 3
      vertex -96.9743 -49.2916 1.3
      vertex -96.9743 -49.2916 3
    endloop
  endfacet
  facet normal 0.980815 0.19494 0
    outer loop
      vertex -96.9743 -49.2916 1.3
      vertex -96.8978 -49.6765 3
      vertex -96.8978 -49.6765 1.3
    endloop
  endfacet
  facet normal 0.946858 0.321651 0
    outer loop
      vertex -96.7716 -50.048 3
      vertex -96.8978 -49.6765 1.3
      vertex -96.8978 -49.6765 3
    endloop
  endfacet
  facet normal 0.946858 0.321651 0
    outer loop
      vertex -96.8978 -49.6765 1.3
      vertex -96.7716 -50.048 3
      vertex -96.7716 -50.048 1.3
    endloop
  endfacet
  facet normal 0.831501 0.555523 0
    outer loop
      vertex -96.3801 -50.7263 3
      vertex -96.5981 -50.4 1.3
      vertex -96.5981 -50.4 3
    endloop
  endfacet
  facet normal 0.831501 0.555523 0
    outer loop
      vertex -96.5981 -50.4 1.3
      vertex -96.3801 -50.7263 3
      vertex -96.3801 -50.7263 1.3
    endloop
  endfacet
  facet normal 0.659478 0.751724 -0
    outer loop
      vertex -95.8263 -51.2801 1.3
      vertex -96.1213 -51.0213 3
      vertex -95.8263 -51.2801 3
    endloop
  endfacet
  facet normal 0.659478 0.751724 0
    outer loop
      vertex -96.1213 -51.0213 3
      vertex -95.8263 -51.2801 1.3
      vertex -96.1213 -51.0213 1.3
    endloop
  endfacet
  facet normal -0.997853 -0.0654873 0
    outer loop
      vertex 97 56.9 1.3
      vertex 96.9743 57.2916 3
      vertex 96.9743 57.2916 1.3
    endloop
  endfacet
  facet normal -0.997853 -0.0654873 0
    outer loop
      vertex 96.9743 57.2916 3
      vertex 97 56.9 1.3
      vertex 97 56.9 3
    endloop
  endfacet
  facet normal -0.980815 -0.19494 0
    outer loop
      vertex 96.9743 57.2916 1.3
      vertex 96.8978 57.6765 3
      vertex 96.8978 57.6765 1.3
    endloop
  endfacet
  facet normal -0.980815 -0.19494 0
    outer loop
      vertex 96.8978 57.6765 3
      vertex 96.9743 57.2916 1.3
      vertex 96.9743 57.2916 3
    endloop
  endfacet
  facet normal -0.946858 -0.321651 0
    outer loop
      vertex 96.8978 57.6765 1.3
      vertex 96.7716 58.048 3
      vertex 96.7716 58.048 1.3
    endloop
  endfacet
  facet normal -0.946858 -0.321651 0
    outer loop
      vertex 96.7716 58.048 3
      vertex 96.8978 57.6765 1.3
      vertex 96.8978 57.6765 3
    endloop
  endfacet
  facet normal -0.831501 -0.555523 0
    outer loop
      vertex 96.5981 58.4 1.3
      vertex 96.3801 58.7263 3
      vertex 96.3801 58.7263 1.3
    endloop
  endfacet
  facet normal -0.831501 -0.555523 0
    outer loop
      vertex 96.3801 58.7263 3
      vertex 96.5981 58.4 1.3
      vertex 96.5981 58.4 3
    endloop
  endfacet
  facet normal -0.946858 0.321651 0
    outer loop
      vertex 96.7716 -50.048 1.3
      vertex 96.8978 -49.6765 3
      vertex 96.8978 -49.6765 1.3
    endloop
  endfacet
  facet normal -0.946858 0.321651 0
    outer loop
      vertex 96.8978 -49.6765 3
      vertex 96.7716 -50.048 1.3
      vertex 96.7716 -50.048 3
    endloop
  endfacet
  facet normal -0.555523 0.831501 0
    outer loop
      vertex 95.8263 -51.2801 1.3
      vertex 95.5 -51.4981 3
      vertex 95.8263 -51.2801 3
    endloop
  endfacet
  facet normal -0.555523 0.831501 0
    outer loop
      vertex 95.5 -51.4981 3
      vertex 95.8263 -51.2801 1.3
      vertex 95.5 -51.4981 1.3
    endloop
  endfacet
  facet normal 0.896961 0.44211 0
    outer loop
      vertex -96.5981 -50.4 3
      vertex -96.7716 -50.048 1.3
      vertex -96.7716 -50.048 3
    endloop
  endfacet
  facet normal 0.896961 0.44211 0
    outer loop
      vertex -96.7716 -50.048 1.3
      vertex -96.5981 -50.4 3
      vertex -96.5981 -50.4 1.3
    endloop
  endfacet
  facet normal 0.751724 0.659478 0
    outer loop
      vertex -96.1213 -51.0213 3
      vertex -96.3801 -50.7263 1.3
      vertex -96.3801 -50.7263 3
    endloop
  endfacet
  facet normal 0.751724 0.659478 0
    outer loop
      vertex -96.3801 -50.7263 1.3
      vertex -96.1213 -51.0213 3
      vertex -96.1213 -51.0213 1.3
    endloop
  endfacet
  facet normal -0.659478 -0.751724 0
    outer loop
      vertex 95.8263 59.2801 1.3
      vertex 96.1213 59.0213 3
      vertex 95.8263 59.2801 3
    endloop
  endfacet
  facet normal -0.659478 -0.751724 -0
    outer loop
      vertex 96.1213 59.0213 3
      vertex 95.8263 59.2801 1.3
      vertex 96.1213 59.0213 1.3
    endloop
  endfacet
  facet normal 0 0 1
    outer loop
      vertex 98.8978 59.7765 1.9
      vertex 102 60 1.9
      vertex 101.957 60.6526 1.9
    endloop
  endfacet
  facet normal 0 0 1
    outer loop
      vertex 102 60 1.9
      vertex 99 59 1.9
      vertex 102 -60 1.9
    endloop
  endfacet
  facet normal 0 0 1
    outer loop
      vertex 98.7716 60.1481 1.9
      vertex 101.957 60.6526 1.9
      vertex 101.83 61.2941 1.9
    endloop
  endfacet
  facet normal -0 0 1
    outer loop
      vertex 99 -59 1.9
      vertex 102 -60 1.9
      vertex 99 59 1.9
    endloop
  endfacet
  facet normal 0 0 1
    outer loop
      vertex 98.5981 60.5 1.9
      vertex 101.83 61.2941 1.9
      vertex 101.619 61.9134 1.9
    endloop
  endfacet
  facet normal -0 0 1
    outer loop
      vertex 98.9743 -59.3916 1.9
      vertex 102 -60 1.9
      vertex 99 -59 1.9
    endloop
  endfacet
  facet normal 0 0 1
    outer loop
      vertex 98.5981 60.5 1.9
      vertex 101.619 61.9134 1.9
      vertex 101.33 62.5 1.9
    endloop
  endfacet
  facet normal -0 0 1
    outer loop
      vertex 98.8978 -59.7765 1.9
      vertex 102 -60 1.9
      vertex 98.9743 -59.3916 1.9
    endloop
  endfacet
  facet normal 0 0 1
    outer loop
      vertex 98.3801 60.8263 1.9
      vertex 101.33 62.5 1.9
      vertex 100.967 63.0438 1.9
    endloop
  endfacet
  facet normal 0 0 1
    outer loop
      vertex 102 -60 1.9
      vertex 98.8978 -59.7765 1.9
      vertex 101.957 -60.6526 1.9
    endloop
  endfacet
  facet normal 0 0 1
    outer loop
      vertex 98.1213 61.1213 1.9
      vertex 100.967 63.0438 1.9
      vertex 100.536 63.5355 1.9
    endloop
  endfacet
  facet normal -0 0 1
    outer loop
      vertex 98.7716 -60.1481 1.9
      vertex 101.957 -60.6526 1.9
      vertex 98.8978 -59.7765 1.9
    endloop
  endfacet
  facet normal 0 0 1
    outer loop
      vertex 98.1213 61.1213 1.9
      vertex 100.536 63.5355 1.9
      vertex 100.044 63.9668 1.9
    endloop
  endfacet
  facet normal 0 0 1
    outer loop
      vertex 101.957 -60.6526 1.9
      vertex 98.7716 -60.1481 1.9
      vertex 101.83 -61.2941 1.9
    endloop
  endfacet
  facet normal 0 0 1
    outer loop
      vertex 97.8263 61.3801 1.9
      vertex 100.044 63.9668 1.9
      vertex 99.5 64.3301 1.9
    endloop
  endfacet
  facet normal -0 0 1
    outer loop
      vertex 98.5981 -60.5 1.9
      vertex 101.83 -61.2941 1.9
      vertex 98.7716 -60.1481 1.9
    endloop
  endfacet
  facet normal 0 0 1
    outer loop
      vertex 101.83 -61.2941 1.9
      vertex 98.5981 -60.5 1.9
      vertex 101.619 -61.9134 1.9
    endloop
  endfacet
  facet normal 0 0 1
    outer loop
      vertex 102 60 1.9
      vertex 98.9743 59.3916 1.9
      vertex 99 59 1.9
    endloop
  endfacet
  facet normal 0 0 1
    outer loop
      vertex 97.5 61.5981 1.9
      vertex 99.5 64.3301 1.9
      vertex 98.9134 64.6194 1.9
    endloop
  endfacet
  facet normal 0 0 1
    outer loop
      vertex 102 60 1.9
      vertex 98.8978 59.7765 1.9
      vertex 98.9743 59.3916 1.9
    endloop
  endfacet
  facet normal 0 0 1
    outer loop
      vertex 101.957 60.6526 1.9
      vertex 98.7716 60.1481 1.9
      vertex 98.8978 59.7765 1.9
    endloop
  endfacet
  facet normal 0 0 1
    outer loop
      vertex 101.83 61.2941 1.9
      vertex 98.5981 60.5 1.9
      vertex 98.7716 60.1481 1.9
    endloop
  endfacet
  facet normal 0 0 1
    outer loop
      vertex 101.33 62.5 1.9
      vertex 98.3801 60.8263 1.9
      vertex 98.5981 60.5 1.9
    endloop
  endfacet
  facet normal 0 0 1
    outer loop
      vertex 97.5 61.5981 1.9
      vertex 98.9134 64.6194 1.9
      vertex 98.2941 64.8296 1.9
    endloop
  endfacet
  facet normal 0 0 1
    outer loop
      vertex 100.967 63.0438 1.9
      vertex 98.1213 61.1213 1.9
      vertex 98.3801 60.8263 1.9
    endloop
  endfacet
  facet normal 0 0 1
    outer loop
      vertex 100.044 63.9668 1.9
      vertex 97.8263 61.3801 1.9
      vertex 98.1213 61.1213 1.9
    endloop
  endfacet
  facet normal 0 0 1
    outer loop
      vertex 97.1481 61.7716 1.9
      vertex 98.2941 64.8296 1.9
      vertex 97.6526 64.9572 1.9
    endloop
  endfacet
  facet normal 0 0 1
    outer loop
      vertex 99.5 64.3301 1.9
      vertex 97.5 61.5981 1.9
      vertex 97.8263 61.3801 1.9
    endloop
  endfacet
  facet normal 0 0 1
    outer loop
      vertex 98.2941 64.8296 1.9
      vertex 97.1481 61.7716 1.9
      vertex 97.5 61.5981 1.9
    endloop
  endfacet
  facet normal 0 0 1
    outer loop
      vertex 96.7765 61.8978 1.9
      vertex 97.6526 64.9572 1.9
      vertex 97 65 1.9
    endloop
  endfacet
  facet normal 0 0 1
    outer loop
      vertex 97.6526 64.9572 1.9
      vertex 96.7765 61.8978 1.9
      vertex 97.1481 61.7716 1.9
    endloop
  endfacet
  facet normal 0 0 1
    outer loop
      vertex 97 65 1.9
      vertex 96.3916 61.9743 1.9
      vertex 96.7765 61.8978 1.9
    endloop
  endfacet
  facet normal 0 0 1
    outer loop
      vertex 97 65 1.9
      vertex 96 62 1.9
      vertex 96.3916 61.9743 1.9
    endloop
  endfacet
  facet normal 0 0 1
    outer loop
      vertex 97 65 1.9
      vertex -96 62 1.9
      vertex 96 62 1.9
    endloop
  endfacet
  facet normal -0 0 1
    outer loop
      vertex -97 65 1.9
      vertex -96 62 1.9
      vertex 97 65 1.9
    endloop
  endfacet
  facet normal 0 0 1
    outer loop
      vertex -97 65 1.9
      vertex -96.3916 61.9743 1.9
      vertex -96 62 1.9
    endloop
  endfacet
  facet normal 0 0 1
    outer loop
      vertex -97 65 1.9
      vertex -96.7765 61.8978 1.9
      vertex -96.3916 61.9743 1.9
    endloop
  endfacet
  facet normal -0 0 1
    outer loop
      vertex -97.6526 64.9572 1.9
      vertex -96.7765 61.8978 1.9
      vertex -97 65 1.9
    endloop
  endfacet
  facet normal 0 0 1
    outer loop
      vertex -96.7765 61.8978 1.9
      vertex -97.6526 64.9572 1.9
      vertex -97.1481 61.7716 1.9
    endloop
  endfacet
  facet normal -0 0 1
    outer loop
      vertex -98.2941 64.8296 1.9
      vertex -97.1481 61.7716 1.9
      vertex -97.6526 64.9572 1.9
    endloop
  endfacet
  facet normal 0 0 1
    outer loop
      vertex -97.1481 61.7716 1.9
      vertex -98.2941 64.8296 1.9
      vertex -97.5 61.5981 1.9
    endloop
  endfacet
  facet normal -0 0 1
    outer loop
      vertex -98.9134 64.6194 1.9
      vertex -97.5 61.5981 1.9
      vertex -98.2941 64.8296 1.9
    endloop
  endfacet
  facet normal -0 0 1
    outer loop
      vertex -99.5 64.3301 1.9
      vertex -97.5 61.5981 1.9
      vertex -98.9134 64.6194 1.9
    endloop
  endfacet
  facet normal 0 0 1
    outer loop
      vertex -97.5 61.5981 1.9
      vertex -99.5 64.3301 1.9
      vertex -97.8263 61.3801 1.9
    endloop
  endfacet
  facet normal -0 0 1
    outer loop
      vertex -100.044 63.9668 1.9
      vertex -97.8263 61.3801 1.9
      vertex -99.5 64.3301 1.9
    endloop
  endfacet
  facet normal 0 0 1
    outer loop
      vertex -97.8263 61.3801 1.9
      vertex -100.044 63.9668 1.9
      vertex -98.1213 61.1213 1.9
    endloop
  endfacet
  facet normal -0 0 1
    outer loop
      vertex -100.536 63.5355 1.9
      vertex -98.1213 61.1213 1.9
      vertex -100.044 63.9668 1.9
    endloop
  endfacet
  facet normal -0 0 1
    outer loop
      vertex -100.967 63.0438 1.9
      vertex -98.1213 61.1213 1.9
      vertex -100.536 63.5355 1.9
    endloop
  endfacet
  facet normal 0 0 1
    outer loop
      vertex -98.1213 61.1213 1.9
      vertex -100.967 63.0438 1.9
      vertex -98.3801 60.8263 1.9
    endloop
  endfacet
  facet normal -0 0 1
    outer loop
      vertex -101.33 62.5 1.9
      vertex -98.3801 60.8263 1.9
      vertex -100.967 63.0438 1.9
    endloop
  endfacet
  facet normal -0 0 1
    outer loop
      vertex -101.619 61.9134 1.9
      vertex -98.5981 60.5 1.9
      vertex -101.33 62.5 1.9
    endloop
  endfacet
  facet normal 0 0 1
    outer loop
      vertex -98.3801 60.8263 1.9
      vertex -101.33 62.5 1.9
      vertex -98.5981 60.5 1.9
    endloop
  endfacet
  facet normal 0 0 1
    outer loop
      vertex 101.619 -61.9134 1.9
      vertex 98.5981 -60.5 1.9
      vertex 101.33 -62.5 1.9
    endloop
  endfacet
  facet normal -0 0 1
    outer loop
      vertex 98.3801 -60.8263 1.9
      vertex 101.33 -62.5 1.9
      vertex 98.5981 -60.5 1.9
    endloop
  endfacet
  facet normal 0 0 1
    outer loop
      vertex 101.33 -62.5 1.9
      vertex 98.3801 -60.8263 1.9
      vertex 100.967 -63.0438 1.9
    endloop
  endfacet
  facet normal -0 0 1
    outer loop
      vertex 98.1213 -61.1213 1.9
      vertex 100.967 -63.0438 1.9
      vertex 98.3801 -60.8263 1.9
    endloop
  endfacet
  facet normal 0 0 1
    outer loop
      vertex 100.967 -63.0438 1.9
      vertex 98.1213 -61.1213 1.9
      vertex 100.536 -63.5355 1.9
    endloop
  endfacet
  facet normal 0 0 1
    outer loop
      vertex 100.536 -63.5355 1.9
      vertex 98.1213 -61.1213 1.9
      vertex 100.044 -63.9668 1.9
    endloop
  endfacet
  facet normal -0 0 1
    outer loop
      vertex 97.8263 -61.3801 1.9
      vertex 100.044 -63.9668 1.9
      vertex 98.1213 -61.1213 1.9
    endloop
  endfacet
  facet normal 0 0 1
    outer loop
      vertex 100.044 -63.9668 1.9
      vertex 97.8263 -61.3801 1.9
      vertex 99.5 -64.3301 1.9
    endloop
  endfacet
  facet normal -0 0 1
    outer loop
      vertex 97.5 -61.5981 1.9
      vertex 99.5 -64.3301 1.9
      vertex 97.8263 -61.3801 1.9
    endloop
  endfacet
  facet normal 0 0 1
    outer loop
      vertex 99.5 -64.3301 1.9
      vertex 97.5 -61.5981 1.9
      vertex 98.9134 -64.6194 1.9
    endloop
  endfacet
  facet normal 0 0 1
    outer loop
      vertex 98.9134 -64.6194 1.9
      vertex 97.5 -61.5981 1.9
      vertex 98.2941 -64.8296 1.9
    endloop
  endfacet
  facet normal -0 0 1
    outer loop
      vertex 97.1481 -61.7716 1.9
      vertex 98.2941 -64.8296 1.9
      vertex 97.5 -61.5981 1.9
    endloop
  endfacet
  facet normal 0 0 1
    outer loop
      vertex 98.2941 -64.8296 1.9
      vertex 97.1481 -61.7716 1.9
      vertex 97.6526 -64.9572 1.9
    endloop
  endfacet
  facet normal -0 0 1
    outer loop
      vertex 96.7765 -61.8978 1.9
      vertex 97.6526 -64.9572 1.9
      vertex 97.1481 -61.7716 1.9
    endloop
  endfacet
  facet normal 0 0 1
    outer loop
      vertex 97.6526 -64.9572 1.9
      vertex 96.7765 -61.8978 1.9
      vertex 97 -65 1.9
    endloop
  endfacet
  facet normal -0 0 1
    outer loop
      vertex 96.3916 -61.9743 1.9
      vertex 97 -65 1.9
      vertex 96.7765 -61.8978 1.9
    endloop
  endfacet
  facet normal -0 0 1
    outer loop
      vertex 96 -62 1.9
      vertex 97 -65 1.9
      vertex 96.3916 -61.9743 1.9
    endloop
  endfacet
  facet normal 0 0 1
    outer loop
      vertex 21 -65 1.9
      vertex 96 -62 1.9
      vertex 21 -62 1.9
    endloop
  endfacet
  facet normal 0 0 1
    outer loop
      vertex 96 -62 1.9
      vertex 21 -65 1.9
      vertex 97 -65 1.9
    endloop
  endfacet
  facet normal -0 0 1
    outer loop
      vertex -96 -62 1.9
      vertex -21 -65 1.9
      vertex -21 -62 1.9
    endloop
  endfacet
  facet normal 0 0 1
    outer loop
      vertex -96 -62 1.9
      vertex -97 -65 1.9
      vertex -21 -65 1.9
    endloop
  endfacet
  facet normal 0 0 1
    outer loop
      vertex -96.3916 -61.9743 1.9
      vertex -97 -65 1.9
      vertex -96 -62 1.9
    endloop
  endfacet
  facet normal 0 0 1
    outer loop
      vertex -96.7765 -61.8978 1.9
      vertex -97 -65 1.9
      vertex -96.3916 -61.9743 1.9
    endloop
  endfacet
  facet normal 0 0 1
    outer loop
      vertex -97.6526 -64.9572 1.9
      vertex -96.7765 -61.8978 1.9
      vertex -97.1481 -61.7716 1.9
    endloop
  endfacet
  facet normal 0 0 1
    outer loop
      vertex -98.2941 -64.8296 1.9
      vertex -97.1481 -61.7716 1.9
      vertex -97.5 -61.5981 1.9
    endloop
  endfacet
  facet normal 0 0 1
    outer loop
      vertex -96.7765 -61.8978 1.9
      vertex -97.6526 -64.9572 1.9
      vertex -97 -65 1.9
    endloop
  endfacet
  facet normal 0 0 1
    outer loop
      vertex -99.5 -64.3301 1.9
      vertex -97.5 -61.5981 1.9
      vertex -97.8263 -61.3801 1.9
    endloop
  endfacet
  facet normal 0 0 1
    outer loop
      vertex -100.044 -63.9668 1.9
      vertex -97.8263 -61.3801 1.9
      vertex -98.1213 -61.1213 1.9
    endloop
  endfacet
  facet normal 0 0 1
    outer loop
      vertex -97.1481 -61.7716 1.9
      vertex -98.2941 -64.8296 1.9
      vertex -97.6526 -64.9572 1.9
    endloop
  endfacet
  facet normal 0 0 1
    outer loop
      vertex -100.967 -63.0438 1.9
      vertex -98.1213 -61.1213 1.9
      vertex -98.3801 -60.8263 1.9
    endloop
  endfacet
  facet normal 0 0 1
    outer loop
      vertex -101.33 -62.5 1.9
      vertex -98.3801 -60.8263 1.9
      vertex -98.5981 -60.5 1.9
    endloop
  endfacet
  facet normal 0 0 1
    outer loop
      vertex -101.83 -61.2941 1.9
      vertex -98.5981 -60.5 1.9
      vertex -98.7716 -60.1481 1.9
    endloop
  endfacet
  facet normal 0 0 1
    outer loop
      vertex -101.957 -60.6526 1.9
      vertex -98.7716 -60.1481 1.9
      vertex -98.8978 -59.7765 1.9
    endloop
  endfacet
  facet normal 0 0 1
    outer loop
      vertex -97.5 -61.5981 1.9
      vertex -98.9134 -64.6194 1.9
      vertex -98.2941 -64.8296 1.9
    endloop
  endfacet
  facet normal 0 0 1
    outer loop
      vertex -102 -60 1.9
      vertex -98.8978 -59.7765 1.9
      vertex -98.9743 -59.3916 1.9
    endloop
  endfacet
  facet normal 0 0 1
    outer loop
      vertex -102 -60 1.9
      vertex -98.9743 -59.3916 1.9
      vertex -99 -59 1.9
    endloop
  endfacet
  facet normal 0 0 1
    outer loop
      vertex -97.5 -61.5981 1.9
      vertex -99.5 -64.3301 1.9
      vertex -98.9134 -64.6194 1.9
    endloop
  endfacet
  facet normal 0 0 1
    outer loop
      vertex -99 59 1.9
      vertex -102 60 1.9
      vertex -99 -59 1.9
    endloop
  endfacet
  facet normal -0 0 1
    outer loop
      vertex -101.83 61.2941 1.9
      vertex -98.5981 60.5 1.9
      vertex -101.619 61.9134 1.9
    endloop
  endfacet
  facet normal 0 0 1
    outer loop
      vertex -102 -60 1.9
      vertex -99 -59 1.9
      vertex -102 60 1.9
    endloop
  endfacet
  facet normal 0 0 1
    outer loop
      vertex -98.5981 60.5 1.9
      vertex -101.83 61.2941 1.9
      vertex -98.7716 60.1481 1.9
    endloop
  endfacet
  facet normal 0 0 1
    outer loop
      vertex -98.8978 -59.7765 1.9
      vertex -102 -60 1.9
      vertex -101.957 -60.6526 1.9
    endloop
  endfacet
  facet normal -0 0 1
    outer loop
      vertex -101.957 60.6526 1.9
      vertex -98.7716 60.1481 1.9
      vertex -101.83 61.2941 1.9
    endloop
  endfacet
  facet normal 0 0 1
    outer loop
      vertex -97.8263 -61.3801 1.9
      vertex -100.044 -63.9668 1.9
      vertex -99.5 -64.3301 1.9
    endloop
  endfacet
  facet normal 0 0 1
    outer loop
      vertex -98.7716 60.1481 1.9
      vertex -101.957 60.6526 1.9
      vertex -98.8978 59.7765 1.9
    endloop
  endfacet
  facet normal 0 0 1
    outer loop
      vertex -98.1213 -61.1213 1.9
      vertex -100.536 -63.5355 1.9
      vertex -100.044 -63.9668 1.9
    endloop
  endfacet
  facet normal -0 0 1
    outer loop
      vertex -102 60 1.9
      vertex -98.8978 59.7765 1.9
      vertex -101.957 60.6526 1.9
    endloop
  endfacet
  facet normal 0 0 1
    outer loop
      vertex -98.1213 -61.1213 1.9
      vertex -100.967 -63.0438 1.9
      vertex -100.536 -63.5355 1.9
    endloop
  endfacet
  facet normal 0 0 1
    outer loop
      vertex -98.8978 59.7765 1.9
      vertex -102 60 1.9
      vertex -98.9743 59.3916 1.9
    endloop
  endfacet
  facet normal 0 0 1
    outer loop
      vertex -98.3801 -60.8263 1.9
      vertex -101.33 -62.5 1.9
      vertex -100.967 -63.0438 1.9
    endloop
  endfacet
  facet normal 0 0 1
    outer loop
      vertex -98.9743 59.3916 1.9
      vertex -102 60 1.9
      vertex -99 59 1.9
    endloop
  endfacet
  facet normal 0 0 1
    outer loop
      vertex -98.5981 -60.5 1.9
      vertex -101.619 -61.9134 1.9
      vertex -101.33 -62.5 1.9
    endloop
  endfacet
  facet normal 0 0 1
    outer loop
      vertex -98.5981 -60.5 1.9
      vertex -101.83 -61.2941 1.9
      vertex -101.619 -61.9134 1.9
    endloop
  endfacet
  facet normal 0 0 1
    outer loop
      vertex -98.7716 -60.1481 1.9
      vertex -101.957 -60.6526 1.9
      vertex -101.83 -61.2941 1.9
    endloop
  endfacet
  facet normal -0.195087 0.980786 0
    outer loop
      vertex 98.2941 -64.8296 1.9
      vertex 97.6526 -64.9572 3
      vertex 98.2941 -64.8296 3
    endloop
  endfacet
  facet normal -0.195087 0.980786 0
    outer loop
      vertex 97.6526 -64.9572 3
      vertex 98.2941 -64.8296 1.9
      vertex 97.6526 -64.9572 1.9
    endloop
  endfacet
  facet normal -0.321407 0.946941 0
    outer loop
      vertex 98.9134 -64.6194 1.9
      vertex 98.2941 -64.8296 3
      vertex 98.9134 -64.6194 3
    endloop
  endfacet
  facet normal -0.321407 0.946941 0
    outer loop
      vertex 98.2941 -64.8296 3
      vertex 98.9134 -64.6194 1.9
      vertex 98.2941 -64.8296 1.9
    endloop
  endfacet
  facet normal -0.442314 0.89686 0
    outer loop
      vertex 99.5 -64.3301 1.9
      vertex 98.9134 -64.6194 3
      vertex 99.5 -64.3301 3
    endloop
  endfacet
  facet normal -0.442314 0.89686 0
    outer loop
      vertex 98.9134 -64.6194 3
      vertex 99.5 -64.3301 1.9
      vertex 98.9134 -64.6194 1.9
    endloop
  endfacet
  facet normal -0.55537 0.831603 0
    outer loop
      vertex 100.044 -63.9668 1.9
      vertex 99.5 -64.3301 3
      vertex 100.044 -63.9668 3
    endloop
  endfacet
  facet normal -0.55537 0.831603 0
    outer loop
      vertex 99.5 -64.3301 3
      vertex 100.044 -63.9668 1.9
      vertex 99.5 -64.3301 1.9
    endloop
  endfacet
  facet normal -0.659197 0.75197 0
    outer loop
      vertex 100.536 -63.5355 1.9
      vertex 100.044 -63.9668 3
      vertex 100.536 -63.5355 3
    endloop
  endfacet
  facet normal -0.659197 0.75197 0
    outer loop
      vertex 100.044 -63.9668 3
      vertex 100.536 -63.5355 1.9
      vertex 100.044 -63.9668 1.9
    endloop
  endfacet
  facet normal -0.751998 0.659165 0
    outer loop
      vertex 100.536 -63.5355 1.9
      vertex 100.967 -63.0438 3
      vertex 100.967 -63.0438 1.9
    endloop
  endfacet
  facet normal -0.751998 0.659165 0
    outer loop
      vertex 100.967 -63.0438 3
      vertex 100.536 -63.5355 1.9
      vertex 100.536 -63.5355 3
    endloop
  endfacet
  facet normal -0.831721 0.555194 0
    outer loop
      vertex 100.967 -63.0438 1.9
      vertex 101.33 -62.5 3
      vertex 101.33 -62.5 1.9
    endloop
  endfacet
  facet normal -0.831721 0.555194 0
    outer loop
      vertex 101.33 -62.5 3
      vertex 100.967 -63.0438 1.9
      vertex 100.967 -63.0438 3
    endloop
  endfacet
  facet normal -0.897042 0.441945 0
    outer loop
      vertex 101.33 -62.5 1.9
      vertex 101.619 -61.9134 3
      vertex 101.619 -61.9134 1.9
    endloop
  endfacet
  facet normal -0.897042 0.441945 0
    outer loop
      vertex 101.619 -61.9134 3
      vertex 101.33 -62.5 1.9
      vertex 101.33 -62.5 3
    endloop
  endfacet
  facet normal -0.946569 0.322503 0
    outer loop
      vertex 101.619 -61.9134 1.9
      vertex 101.83 -61.2941 3
      vertex 101.83 -61.2941 1.9
    endloop
  endfacet
  facet normal -0.946569 0.322503 0
    outer loop
      vertex 101.83 -61.2941 3
      vertex 101.619 -61.9134 1.9
      vertex 101.619 -61.9134 3
    endloop
  endfacet
  facet normal -0.980961 0.194204 0
    outer loop
      vertex 101.83 -61.2941 1.9
      vertex 101.957 -60.6526 3
      vertex 101.957 -60.6526 1.9
    endloop
  endfacet
  facet normal -0.980961 0.194204 0
    outer loop
      vertex 101.957 -60.6526 3
      vertex 101.83 -61.2941 1.9
      vertex 101.83 -61.2941 3
    endloop
  endfacet
  facet normal -0.997836 0.0657477 0
    outer loop
      vertex 101.957 -60.6526 1.9
      vertex 102 -60 3
      vertex 102 -60 1.9
    endloop
  endfacet
  facet normal -0.997836 0.0657477 0
    outer loop
      vertex 102 -60 3
      vertex 101.957 -60.6526 1.9
      vertex 101.957 -60.6526 3
    endloop
  endfacet
  facet normal -1 0 0
    outer loop
      vertex 102 -60 1.9
      vertex 102 60 3
      vertex 102 60 1.9
    endloop
  endfacet
  facet normal -1 -0 0
    outer loop
      vertex 102 60 3
      vertex 102 -60 1.9
      vertex 102 -60 3
    endloop
  endfacet
  facet normal -0.997836 -0.0657477 0
    outer loop
      vertex 102 60 1.9
      vertex 101.957 60.6526 3
      vertex 101.957 60.6526 1.9
    endloop
  endfacet
  facet normal -0.997836 -0.0657477 0
    outer loop
      vertex 101.957 60.6526 3
      vertex 102 60 1.9
      vertex 102 60 3
    endloop
  endfacet
  facet normal -0.980961 -0.194204 0
    outer loop
      vertex 101.957 60.6526 1.9
      vertex 101.83 61.2941 3
      vertex 101.83 61.2941 1.9
    endloop
  endfacet
  facet normal -0.980961 -0.194204 0
    outer loop
      vertex 101.83 61.2941 3
      vertex 101.957 60.6526 1.9
      vertex 101.957 60.6526 3
    endloop
  endfacet
  facet normal -0.946569 -0.322503 0
    outer loop
      vertex 101.83 61.2941 1.9
      vertex 101.619 61.9134 3
      vertex 101.619 61.9134 1.9
    endloop
  endfacet
  facet normal -0.946569 -0.322503 0
    outer loop
      vertex 101.619 61.9134 3
      vertex 101.83 61.2941 1.9
      vertex 101.83 61.2941 3
    endloop
  endfacet
  facet normal -0.897042 -0.441945 0
    outer loop
      vertex 101.619 61.9134 1.9
      vertex 101.33 62.5 3
      vertex 101.33 62.5 1.9
    endloop
  endfacet
  facet normal -0.897042 -0.441945 0
    outer loop
      vertex 101.33 62.5 3
      vertex 101.619 61.9134 1.9
      vertex 101.619 61.9134 3
    endloop
  endfacet
  facet normal -0.831721 -0.555194 0
    outer loop
      vertex 101.33 62.5 1.9
      vertex 100.967 63.0438 3
      vertex 100.967 63.0438 1.9
    endloop
  endfacet
  facet normal -0.831721 -0.555194 0
    outer loop
      vertex 100.967 63.0438 3
      vertex 101.33 62.5 1.9
      vertex 101.33 62.5 3
    endloop
  endfacet
  facet normal -0.751998 -0.659165 0
    outer loop
      vertex 100.967 63.0438 1.9
      vertex 100.536 63.5355 3
      vertex 100.536 63.5355 1.9
    endloop
  endfacet
  facet normal -0.751998 -0.659165 0
    outer loop
      vertex 100.536 63.5355 3
      vertex 100.967 63.0438 1.9
      vertex 100.967 63.0438 3
    endloop
  endfacet
  facet normal -0.659197 -0.75197 0
    outer loop
      vertex 100.044 63.9668 1.9
      vertex 100.536 63.5355 3
      vertex 100.044 63.9668 3
    endloop
  endfacet
  facet normal -0.659197 -0.75197 -0
    outer loop
      vertex 100.536 63.5355 3
      vertex 100.044 63.9668 1.9
      vertex 100.536 63.5355 1.9
    endloop
  endfacet
  facet normal -0.55537 -0.831603 0
    outer loop
      vertex 99.5 64.3301 1.9
      vertex 100.044 63.9668 3
      vertex 99.5 64.3301 3
    endloop
  endfacet
  facet normal -0.55537 -0.831603 -0
    outer loop
      vertex 100.044 63.9668 3
      vertex 99.5 64.3301 1.9
      vertex 100.044 63.9668 1.9
    endloop
  endfacet
  facet normal -0.442314 -0.89686 0
    outer loop
      vertex 98.9134 64.6194 1.9
      vertex 99.5 64.3301 3
      vertex 98.9134 64.6194 3
    endloop
  endfacet
  facet normal -0.442314 -0.89686 -0
    outer loop
      vertex 99.5 64.3301 3
      vertex 98.9134 64.6194 1.9
      vertex 99.5 64.3301 1.9
    endloop
  endfacet
  facet normal -0.321407 -0.946941 0
    outer loop
      vertex 98.2941 64.8296 1.9
      vertex 98.9134 64.6194 3
      vertex 98.2941 64.8296 3
    endloop
  endfacet
  facet normal -0.321407 -0.946941 -0
    outer loop
      vertex 98.9134 64.6194 3
      vertex 98.2941 64.8296 1.9
      vertex 98.9134 64.6194 1.9
    endloop
  endfacet
  facet normal -0.195087 -0.980786 0
    outer loop
      vertex 97.6526 64.9572 1.9
      vertex 98.2941 64.8296 3
      vertex 97.6526 64.9572 3
    endloop
  endfacet
  facet normal -0.195087 -0.980786 -0
    outer loop
      vertex 98.2941 64.8296 3
      vertex 97.6526 64.9572 1.9
      vertex 98.2941 64.8296 1.9
    endloop
  endfacet
  facet normal -0.0654432 -0.997856 0
    outer loop
      vertex 97 65 1.9
      vertex 97.6526 64.9572 3
      vertex 97 65 3
    endloop
  endfacet
  facet normal -0.0654432 -0.997856 -0
    outer loop
      vertex 97.6526 64.9572 3
      vertex 97 65 1.9
      vertex 97.6526 64.9572 1.9
    endloop
  endfacet
  facet normal 0 -1 0
    outer loop
      vertex -97 65 1.9
      vertex 97 65 3
      vertex -97 65 3
    endloop
  endfacet
  facet normal 0 -1 -0
    outer loop
      vertex 97 65 3
      vertex -97 65 1.9
      vertex 97 65 1.9
    endloop
  endfacet
  facet normal 0.0654432 -0.997856 0
    outer loop
      vertex -97.6526 64.9572 1.9
      vertex -97 65 3
      vertex -97.6526 64.9572 3
    endloop
  endfacet
  facet normal 0.0654432 -0.997856 0
    outer loop
      vertex -97 65 3
      vertex -97.6526 64.9572 1.9
      vertex -97 65 1.9
    endloop
  endfacet
  facet normal 0.195087 -0.980786 0
    outer loop
      vertex -98.2941 64.8296 1.9
      vertex -97.6526 64.9572 3
      vertex -98.2941 64.8296 3
    endloop
  endfacet
  facet normal 0.195087 -0.980786 0
    outer loop
      vertex -97.6526 64.9572 3
      vertex -98.2941 64.8296 1.9
      vertex -97.6526 64.9572 1.9
    endloop
  endfacet
  facet normal 0.321407 -0.946941 0
    outer loop
      vertex -98.9134 64.6194 1.9
      vertex -98.2941 64.8296 3
      vertex -98.9134 64.6194 3
    endloop
  endfacet
  facet normal 0.321407 -0.946941 0
    outer loop
      vertex -98.2941 64.8296 3
      vertex -98.9134 64.6194 1.9
      vertex -98.2941 64.8296 1.9
    endloop
  endfacet
  facet normal 0.442314 -0.89686 0
    outer loop
      vertex -99.5 64.3301 1.9
      vertex -98.9134 64.6194 3
      vertex -99.5 64.3301 3
    endloop
  endfacet
  facet normal 0.442314 -0.89686 0
    outer loop
      vertex -98.9134 64.6194 3
      vertex -99.5 64.3301 1.9
      vertex -98.9134 64.6194 1.9
    endloop
  endfacet
  facet normal 0.55537 -0.831603 0
    outer loop
      vertex -100.044 63.9668 1.9
      vertex -99.5 64.3301 3
      vertex -100.044 63.9668 3
    endloop
  endfacet
  facet normal 0.55537 -0.831603 0
    outer loop
      vertex -99.5 64.3301 3
      vertex -100.044 63.9668 1.9
      vertex -99.5 64.3301 1.9
    endloop
  endfacet
  facet normal 0.659197 -0.75197 0
    outer loop
      vertex -100.536 63.5355 1.9
      vertex -100.044 63.9668 3
      vertex -100.536 63.5355 3
    endloop
  endfacet
  facet normal 0.659197 -0.75197 0
    outer loop
      vertex -100.044 63.9668 3
      vertex -100.536 63.5355 1.9
      vertex -100.044 63.9668 1.9
    endloop
  endfacet
  facet normal 0.751998 -0.659165 0
    outer loop
      vertex -100.967 63.0438 3
      vertex -100.536 63.5355 1.9
      vertex -100.536 63.5355 3
    endloop
  endfacet
  facet normal 0.751998 -0.659165 0
    outer loop
      vertex -100.536 63.5355 1.9
      vertex -100.967 63.0438 3
      vertex -100.967 63.0438 1.9
    endloop
  endfacet
  facet normal 0.831721 -0.555194 0
    outer loop
      vertex -101.33 62.5 3
      vertex -100.967 63.0438 1.9
      vertex -100.967 63.0438 3
    endloop
  endfacet
  facet normal 0.831721 -0.555194 0
    outer loop
      vertex -100.967 63.0438 1.9
      vertex -101.33 62.5 3
      vertex -101.33 62.5 1.9
    endloop
  endfacet
  facet normal 0.897042 -0.441945 0
    outer loop
      vertex -101.619 61.9134 3
      vertex -101.33 62.5 1.9
      vertex -101.33 62.5 3
    endloop
  endfacet
  facet normal 0.897042 -0.441945 0
    outer loop
      vertex -101.33 62.5 1.9
      vertex -101.619 61.9134 3
      vertex -101.619 61.9134 1.9
    endloop
  endfacet
  facet normal 0.946569 -0.322503 0
    outer loop
      vertex -101.83 61.2941 3
      vertex -101.619 61.9134 1.9
      vertex -101.619 61.9134 3
    endloop
  endfacet
  facet normal 0.946569 -0.322503 0
    outer loop
      vertex -101.619 61.9134 1.9
      vertex -101.83 61.2941 3
      vertex -101.83 61.2941 1.9
    endloop
  endfacet
  facet normal 0.980961 -0.194204 0
    outer loop
      vertex -101.957 60.6526 3
      vertex -101.83 61.2941 1.9
      vertex -101.83 61.2941 3
    endloop
  endfacet
  facet normal 0.980961 -0.194204 0
    outer loop
      vertex -101.83 61.2941 1.9
      vertex -101.957 60.6526 3
      vertex -101.957 60.6526 1.9
    endloop
  endfacet
  facet normal 0.997836 -0.0657477 0
    outer loop
      vertex -102 60 3
      vertex -101.957 60.6526 1.9
      vertex -101.957 60.6526 3
    endloop
  endfacet
  facet normal 0.997836 -0.0657477 0
    outer loop
      vertex -101.957 60.6526 1.9
      vertex -102 60 3
      vertex -102 60 1.9
    endloop
  endfacet
  facet normal 1 -0 0
    outer loop
      vertex -102 -60 3
      vertex -102 60 1.9
      vertex -102 60 3
    endloop
  endfacet
  facet normal 1 0 0
    outer loop
      vertex -102 60 1.9
      vertex -102 -60 3
      vertex -102 -60 1.9
    endloop
  endfacet
  facet normal 0.997836 0.0657477 0
    outer loop
      vertex -101.957 -60.6526 3
      vertex -102 -60 1.9
      vertex -102 -60 3
    endloop
  endfacet
  facet normal 0.997836 0.0657477 0
    outer loop
      vertex -102 -60 1.9
      vertex -101.957 -60.6526 3
      vertex -101.957 -60.6526 1.9
    endloop
  endfacet
  facet normal 0.980961 0.194204 0
    outer loop
      vertex -101.83 -61.2941 3
      vertex -101.957 -60.6526 1.9
      vertex -101.957 -60.6526 3
    endloop
  endfacet
  facet normal 0.980961 0.194204 0
    outer loop
      vertex -101.957 -60.6526 1.9
      vertex -101.83 -61.2941 3
      vertex -101.83 -61.2941 1.9
    endloop
  endfacet
  facet normal 0.946569 0.322503 0
    outer loop
      vertex -101.619 -61.9134 3
      vertex -101.83 -61.2941 1.9
      vertex -101.83 -61.2941 3
    endloop
  endfacet
  facet normal 0.946569 0.322503 0
    outer loop
      vertex -101.83 -61.2941 1.9
      vertex -101.619 -61.9134 3
      vertex -101.619 -61.9134 1.9
    endloop
  endfacet
  facet normal 0.897042 0.441945 0
    outer loop
      vertex -101.33 -62.5 3
      vertex -101.619 -61.9134 1.9
      vertex -101.619 -61.9134 3
    endloop
  endfacet
  facet normal 0.897042 0.441945 0
    outer loop
      vertex -101.619 -61.9134 1.9
      vertex -101.33 -62.5 3
      vertex -101.33 -62.5 1.9
    endloop
  endfacet
  facet normal 0.831721 0.555194 0
    outer loop
      vertex -100.967 -63.0438 3
      vertex -101.33 -62.5 1.9
      vertex -101.33 -62.5 3
    endloop
  endfacet
  facet normal 0.831721 0.555194 0
    outer loop
      vertex -101.33 -62.5 1.9
      vertex -100.967 -63.0438 3
      vertex -100.967 -63.0438 1.9
    endloop
  endfacet
  facet normal 0.751998 0.659165 0
    outer loop
      vertex -100.536 -63.5355 3
      vertex -100.967 -63.0438 1.9
      vertex -100.967 -63.0438 3
    endloop
  endfacet
  facet normal 0.751998 0.659165 0
    outer loop
      vertex -100.967 -63.0438 1.9
      vertex -100.536 -63.5355 3
      vertex -100.536 -63.5355 1.9
    endloop
  endfacet
  facet normal 0.659197 0.75197 -0
    outer loop
      vertex -100.044 -63.9668 1.9
      vertex -100.536 -63.5355 3
      vertex -100.044 -63.9668 3
    endloop
  endfacet
  facet normal 0.659197 0.75197 0
    outer loop
      vertex -100.536 -63.5355 3
      vertex -100.044 -63.9668 1.9
      vertex -100.536 -63.5355 1.9
    endloop
  endfacet
  facet normal 0.55537 0.831603 -0
    outer loop
      vertex -99.5 -64.3301 1.9
      vertex -100.044 -63.9668 3
      vertex -99.5 -64.3301 3
    endloop
  endfacet
  facet normal 0.55537 0.831603 0
    outer loop
      vertex -100.044 -63.9668 3
      vertex -99.5 -64.3301 1.9
      vertex -100.044 -63.9668 1.9
    endloop
  endfacet
  facet normal 0.442314 0.89686 -0
    outer loop
      vertex -98.9134 -64.6194 1.9
      vertex -99.5 -64.3301 3
      vertex -98.9134 -64.6194 3
    endloop
  endfacet
  facet normal 0.442314 0.89686 0
    outer loop
      vertex -99.5 -64.3301 3
      vertex -98.9134 -64.6194 1.9
      vertex -99.5 -64.3301 1.9
    endloop
  endfacet
  facet normal 0.321407 0.946941 -0
    outer loop
      vertex -98.2941 -64.8296 1.9
      vertex -98.9134 -64.6194 3
      vertex -98.2941 -64.8296 3
    endloop
  endfacet
  facet normal 0.321407 0.946941 0
    outer loop
      vertex -98.9134 -64.6194 3
      vertex -98.2941 -64.8296 1.9
      vertex -98.9134 -64.6194 1.9
    endloop
  endfacet
  facet normal 0.195087 0.980786 -0
    outer loop
      vertex -97.6526 -64.9572 1.9
      vertex -98.2941 -64.8296 3
      vertex -97.6526 -64.9572 3
    endloop
  endfacet
  facet normal 0.195087 0.980786 0
    outer loop
      vertex -98.2941 -64.8296 3
      vertex -97.6526 -64.9572 1.9
      vertex -98.2941 -64.8296 1.9
    endloop
  endfacet
  facet normal 0.0654432 0.997856 -0
    outer loop
      vertex -97 -65 1.9
      vertex -97.6526 -64.9572 3
      vertex -97 -65 3
    endloop
  endfacet
  facet normal 0.0654432 0.997856 0
    outer loop
      vertex -97.6526 -64.9572 3
      vertex -97 -65 1.9
      vertex -97.6526 -64.9572 1.9
    endloop
  endfacet
  facet normal 0 1 -0
    outer loop
      vertex -21 -65 1.9
      vertex -97 -65 3
      vertex -21 -65 3
    endloop
  endfacet
  facet normal 0 1 0
    outer loop
      vertex -97 -65 3
      vertex -21 -65 1.9
      vertex -97 -65 1.9
    endloop
  endfacet
  facet normal 0 1 -0
    outer loop
      vertex 97 -65 1.9
      vertex 21 -65 3
      vertex 97 -65 3
    endloop
  endfacet
  facet normal 0 1 0
    outer loop
      vertex 21 -65 3
      vertex 97 -65 1.9
      vertex 21 -65 1.9
    endloop
  endfacet
  facet normal -0.0654432 0.997856 0
    outer loop
      vertex 97.6526 -64.9572 1.9
      vertex 97 -65 3
      vertex 97.6526 -64.9572 3
    endloop
  endfacet
  facet normal -0.0654432 0.997856 0
    outer loop
      vertex 97 -65 3
      vertex 97.6526 -64.9572 1.9
      vertex 97 -65 1.9
    endloop
  endfacet
  facet normal -0.0654873 -0.997853 0
    outer loop
      vertex -96.3916 -61.9743 1.9
      vertex -96 -62 3
      vertex -96.3916 -61.9743 3
    endloop
  endfacet
  facet normal -0.0654873 -0.997853 -0
    outer loop
      vertex -96 -62 3
      vertex -96.3916 -61.9743 1.9
      vertex -96 -62 1.9
    endloop
  endfacet
  facet normal -0.19494 -0.980815 0
    outer loop
      vertex -96.7765 -61.8978 1.9
      vertex -96.3916 -61.9743 3
      vertex -96.7765 -61.8978 3
    endloop
  endfacet
  facet normal -0.19494 -0.980815 -0
    outer loop
      vertex -96.3916 -61.9743 3
      vertex -96.7765 -61.8978 1.9
      vertex -96.3916 -61.9743 1.9
    endloop
  endfacet
  facet normal -0.321574 -0.946885 0
    outer loop
      vertex -97.1481 -61.7716 1.9
      vertex -96.7765 -61.8978 3
      vertex -97.1481 -61.7716 3
    endloop
  endfacet
  facet normal -0.321574 -0.946885 -0
    outer loop
      vertex -96.7765 -61.8978 3
      vertex -97.1481 -61.7716 1.9
      vertex -96.7765 -61.8978 1.9
    endloop
  endfacet
  facet normal -0.442211 -0.896911 0
    outer loop
      vertex -97.5 -61.5981 1.9
      vertex -97.1481 -61.7716 3
      vertex -97.5 -61.5981 3
    endloop
  endfacet
  facet normal -0.442211 -0.896911 -0
    outer loop
      vertex -97.1481 -61.7716 3
      vertex -97.5 -61.5981 1.9
      vertex -97.1481 -61.7716 1.9
    endloop
  endfacet
  facet normal -0.555523 -0.831501 0
    outer loop
      vertex -97.8263 -61.3801 1.9
      vertex -97.5 -61.5981 3
      vertex -97.8263 -61.3801 3
    endloop
  endfacet
  facet normal -0.555523 -0.831501 -0
    outer loop
      vertex -97.5 -61.5981 3
      vertex -97.8263 -61.3801 1.9
      vertex -97.5 -61.5981 1.9
    endloop
  endfacet
  facet normal -0.659478 -0.751724 0
    outer loop
      vertex -98.1213 -61.1213 1.9
      vertex -97.8263 -61.3801 3
      vertex -98.1213 -61.1213 3
    endloop
  endfacet
  facet normal -0.659478 -0.751724 -0
    outer loop
      vertex -97.8263 -61.3801 3
      vertex -98.1213 -61.1213 1.9
      vertex -97.8263 -61.3801 1.9
    endloop
  endfacet
  facet normal -0.751724 -0.659478 0
    outer loop
      vertex -98.1213 -61.1213 1.9
      vertex -98.3801 -60.8263 3
      vertex -98.3801 -60.8263 1.9
    endloop
  endfacet
  facet normal -0.751724 -0.659478 0
    outer loop
      vertex -98.3801 -60.8263 3
      vertex -98.1213 -61.1213 1.9
      vertex -98.1213 -61.1213 3
    endloop
  endfacet
  facet normal -0.831501 -0.555523 0
    outer loop
      vertex -98.3801 -60.8263 1.9
      vertex -98.5981 -60.5 3
      vertex -98.5981 -60.5 1.9
    endloop
  endfacet
  facet normal -0.831501 -0.555523 0
    outer loop
      vertex -98.5981 -60.5 3
      vertex -98.3801 -60.8263 1.9
      vertex -98.3801 -60.8263 3
    endloop
  endfacet
  facet normal -0.896911 -0.442211 0
    outer loop
      vertex -98.5981 -60.5 1.9
      vertex -98.7716 -60.1481 3
      vertex -98.7716 -60.1481 1.9
    endloop
  endfacet
  facet normal -0.896911 -0.442211 0
    outer loop
      vertex -98.7716 -60.1481 3
      vertex -98.5981 -60.5 1.9
      vertex -98.5981 -60.5 3
    endloop
  endfacet
  facet normal -0.946885 -0.321574 0
    outer loop
      vertex -98.7716 -60.1481 1.9
      vertex -98.8978 -59.7765 3
      vertex -98.8978 -59.7765 1.9
    endloop
  endfacet
  facet normal -0.946885 -0.321574 0
    outer loop
      vertex -98.8978 -59.7765 3
      vertex -98.7716 -60.1481 1.9
      vertex -98.7716 -60.1481 3
    endloop
  endfacet
  facet normal -0.980815 -0.19494 0
    outer loop
      vertex -98.8978 -59.7765 1.9
      vertex -98.9743 -59.3916 3
      vertex -98.9743 -59.3916 1.9
    endloop
  endfacet
  facet normal -0.980815 -0.19494 0
    outer loop
      vertex -98.9743 -59.3916 3
      vertex -98.8978 -59.7765 1.9
      vertex -98.8978 -59.7765 3
    endloop
  endfacet
  facet normal -0.997853 -0.0654873 0
    outer loop
      vertex -98.9743 -59.3916 1.9
      vertex -99 -59 3
      vertex -99 -59 1.9
    endloop
  endfacet
  facet normal -0.997853 -0.0654873 0
    outer loop
      vertex -99 -59 3
      vertex -98.9743 -59.3916 1.9
      vertex -98.9743 -59.3916 3
    endloop
  endfacet
  facet normal -1 0 0
    outer loop
      vertex -99 -59 1.9
      vertex -99 59 3
      vertex -99 59 1.9
    endloop
  endfacet
  facet normal -1 -0 0
    outer loop
      vertex -99 59 3
      vertex -99 -59 1.9
      vertex -99 -59 3
    endloop
  endfacet
  facet normal -0.997853 0.0654873 0
    outer loop
      vertex -99 59 1.9
      vertex -98.9743 59.3916 3
      vertex -98.9743 59.3916 1.9
    endloop
  endfacet
  facet normal -0.997853 0.0654873 0
    outer loop
      vertex -98.9743 59.3916 3
      vertex -99 59 1.9
      vertex -99 59 3
    endloop
  endfacet
  facet normal -0.980815 0.19494 0
    outer loop
      vertex -98.9743 59.3916 1.9
      vertex -98.8978 59.7765 3
      vertex -98.8978 59.7765 1.9
    endloop
  endfacet
  facet normal -0.980815 0.19494 0
    outer loop
      vertex -98.8978 59.7765 3
      vertex -98.9743 59.3916 1.9
      vertex -98.9743 59.3916 3
    endloop
  endfacet
  facet normal -0.946885 0.321574 0
    outer loop
      vertex -98.8978 59.7765 1.9
      vertex -98.7716 60.1481 3
      vertex -98.7716 60.1481 1.9
    endloop
  endfacet
  facet normal -0.946885 0.321574 0
    outer loop
      vertex -98.7716 60.1481 3
      vertex -98.8978 59.7765 1.9
      vertex -98.8978 59.7765 3
    endloop
  endfacet
  facet normal -0.896911 0.442211 0
    outer loop
      vertex -98.7716 60.1481 1.9
      vertex -98.5981 60.5 3
      vertex -98.5981 60.5 1.9
    endloop
  endfacet
  facet normal -0.896911 0.442211 0
    outer loop
      vertex -98.5981 60.5 3
      vertex -98.7716 60.1481 1.9
      vertex -98.7716 60.1481 3
    endloop
  endfacet
  facet normal -0.831501 0.555523 0
    outer loop
      vertex -98.5981 60.5 1.9
      vertex -98.3801 60.8263 3
      vertex -98.3801 60.8263 1.9
    endloop
  endfacet
  facet normal -0.831501 0.555523 0
    outer loop
      vertex -98.3801 60.8263 3
      vertex -98.5981 60.5 1.9
      vertex -98.5981 60.5 3
    endloop
  endfacet
  facet normal -0.751724 0.659478 0
    outer loop
      vertex -98.3801 60.8263 1.9
      vertex -98.1213 61.1213 3
      vertex -98.1213 61.1213 1.9
    endloop
  endfacet
  facet normal -0.751724 0.659478 0
    outer loop
      vertex -98.1213 61.1213 3
      vertex -98.3801 60.8263 1.9
      vertex -98.3801 60.8263 3
    endloop
  endfacet
  facet normal -0.659478 0.751724 0
    outer loop
      vertex -97.8263 61.3801 1.9
      vertex -98.1213 61.1213 3
      vertex -97.8263 61.3801 3
    endloop
  endfacet
  facet normal -0.659478 0.751724 0
    outer loop
      vertex -98.1213 61.1213 3
      vertex -97.8263 61.3801 1.9
      vertex -98.1213 61.1213 1.9
    endloop
  endfacet
  facet normal -0.555523 0.831501 0
    outer loop
      vertex -97.5 61.5981 1.9
      vertex -97.8263 61.3801 3
      vertex -97.5 61.5981 3
    endloop
  endfacet
  facet normal -0.555523 0.831501 0
    outer loop
      vertex -97.8263 61.3801 3
      vertex -97.5 61.5981 1.9
      vertex -97.8263 61.3801 1.9
    endloop
  endfacet
  facet normal -0.442211 0.896911 0
    outer loop
      vertex -97.1481 61.7716 1.9
      vertex -97.5 61.5981 3
      vertex -97.1481 61.7716 3
    endloop
  endfacet
  facet normal -0.442211 0.896911 0
    outer loop
      vertex -97.5 61.5981 3
      vertex -97.1481 61.7716 1.9
      vertex -97.5 61.5981 1.9
    endloop
  endfacet
  facet normal -0.321574 0.946885 0
    outer loop
      vertex -96.7765 61.8978 1.9
      vertex -97.1481 61.7716 3
      vertex -96.7765 61.8978 3
    endloop
  endfacet
  facet normal -0.321574 0.946885 0
    outer loop
      vertex -97.1481 61.7716 3
      vertex -96.7765 61.8978 1.9
      vertex -97.1481 61.7716 1.9
    endloop
  endfacet
  facet normal -0.19494 0.980815 0
    outer loop
      vertex -96.3916 61.9743 1.9
      vertex -96.7765 61.8978 3
      vertex -96.3916 61.9743 3
    endloop
  endfacet
  facet normal -0.19494 0.980815 0
    outer loop
      vertex -96.7765 61.8978 3
      vertex -96.3916 61.9743 1.9
      vertex -96.7765 61.8978 1.9
    endloop
  endfacet
  facet normal -0.0654873 0.997853 0
    outer loop
      vertex -96 62 1.9
      vertex -96.3916 61.9743 3
      vertex -96 62 3
    endloop
  endfacet
  facet normal -0.0654873 0.997853 0
    outer loop
      vertex -96.3916 61.9743 3
      vertex -96 62 1.9
      vertex -96.3916 61.9743 1.9
    endloop
  endfacet
  facet normal 0 1 -0
    outer loop
      vertex 96 62 1.9
      vertex -96 62 3
      vertex 96 62 3
    endloop
  endfacet
  facet normal 0 1 0
    outer loop
      vertex -96 62 3
      vertex 96 62 1.9
      vertex -96 62 1.9
    endloop
  endfacet
  facet normal 0.0654873 0.997853 -0
    outer loop
      vertex 96.3916 61.9743 1.9
      vertex 96 62 3
      vertex 96.3916 61.9743 3
    endloop
  endfacet
  facet normal 0.0654873 0.997853 0
    outer loop
      vertex 96 62 3
      vertex 96.3916 61.9743 1.9
      vertex 96 62 1.9
    endloop
  endfacet
  facet normal 0.19494 0.980815 -0
    outer loop
      vertex 96.7765 61.8978 1.9
      vertex 96.3916 61.9743 3
      vertex 96.7765 61.8978 3
    endloop
  endfacet
  facet normal 0.19494 0.980815 0
    outer loop
      vertex 96.3916 61.9743 3
      vertex 96.7765 61.8978 1.9
      vertex 96.3916 61.9743 1.9
    endloop
  endfacet
  facet normal 0.321574 0.946885 -0
    outer loop
      vertex 97.1481 61.7716 1.9
      vertex 96.7765 61.8978 3
      vertex 97.1481 61.7716 3
    endloop
  endfacet
  facet normal 0.321574 0.946885 0
    outer loop
      vertex 96.7765 61.8978 3
      vertex 97.1481 61.7716 1.9
      vertex 96.7765 61.8978 1.9
    endloop
  endfacet
  facet normal 0.442211 0.896911 -0
    outer loop
      vertex 97.5 61.5981 1.9
      vertex 97.1481 61.7716 3
      vertex 97.5 61.5981 3
    endloop
  endfacet
  facet normal 0.442211 0.896911 0
    outer loop
      vertex 97.1481 61.7716 3
      vertex 97.5 61.5981 1.9
      vertex 97.1481 61.7716 1.9
    endloop
  endfacet
  facet normal 0.555523 0.831501 -0
    outer loop
      vertex 97.8263 61.3801 1.9
      vertex 97.5 61.5981 3
      vertex 97.8263 61.3801 3
    endloop
  endfacet
  facet normal 0.555523 0.831501 0
    outer loop
      vertex 97.5 61.5981 3
      vertex 97.8263 61.3801 1.9
      vertex 97.5 61.5981 1.9
    endloop
  endfacet
  facet normal 0.659478 0.751724 -0
    outer loop
      vertex 98.1213 61.1213 1.9
      vertex 97.8263 61.3801 3
      vertex 98.1213 61.1213 3
    endloop
  endfacet
  facet normal 0.659478 0.751724 0
    outer loop
      vertex 97.8263 61.3801 3
      vertex 98.1213 61.1213 1.9
      vertex 97.8263 61.3801 1.9
    endloop
  endfacet
  facet normal 0.751724 0.659478 0
    outer loop
      vertex 98.3801 60.8263 3
      vertex 98.1213 61.1213 1.9
      vertex 98.1213 61.1213 3
    endloop
  endfacet
  facet normal 0.751724 0.659478 0
    outer loop
      vertex 98.1213 61.1213 1.9
      vertex 98.3801 60.8263 3
      vertex 98.3801 60.8263 1.9
    endloop
  endfacet
  facet normal 0.831501 0.555523 0
    outer loop
      vertex 98.5981 60.5 3
      vertex 98.3801 60.8263 1.9
      vertex 98.3801 60.8263 3
    endloop
  endfacet
  facet normal 0.831501 0.555523 0
    outer loop
      vertex 98.3801 60.8263 1.9
      vertex 98.5981 60.5 3
      vertex 98.5981 60.5 1.9
    endloop
  endfacet
  facet normal 0.896911 0.442211 0
    outer loop
      vertex 98.7716 60.1481 3
      vertex 98.5981 60.5 1.9
      vertex 98.5981 60.5 3
    endloop
  endfacet
  facet normal 0.896911 0.442211 0
    outer loop
      vertex 98.5981 60.5 1.9
      vertex 98.7716 60.1481 3
      vertex 98.7716 60.1481 1.9
    endloop
  endfacet
  facet normal 0.946885 0.321574 0
    outer loop
      vertex 98.8978 59.7765 3
      vertex 98.7716 60.1481 1.9
      vertex 98.7716 60.1481 3
    endloop
  endfacet
  facet normal 0.946885 0.321574 0
    outer loop
      vertex 98.7716 60.1481 1.9
      vertex 98.8978 59.7765 3
      vertex 98.8978 59.7765 1.9
    endloop
  endfacet
  facet normal 0.980815 0.19494 0
    outer loop
      vertex 98.9743 59.3916 3
      vertex 98.8978 59.7765 1.9
      vertex 98.8978 59.7765 3
    endloop
  endfacet
  facet normal 0.980815 0.19494 0
    outer loop
      vertex 98.8978 59.7765 1.9
      vertex 98.9743 59.3916 3
      vertex 98.9743 59.3916 1.9
    endloop
  endfacet
  facet normal 0.997853 0.0654873 0
    outer loop
      vertex 99 59 3
      vertex 98.9743 59.3916 1.9
      vertex 98.9743 59.3916 3
    endloop
  endfacet
  facet normal 0.997853 0.0654873 0
    outer loop
      vertex 98.9743 59.3916 1.9
      vertex 99 59 3
      vertex 99 59 1.9
    endloop
  endfacet
  facet normal 1 -0 0
    outer loop
      vertex 99 -59 3
      vertex 99 59 1.9
      vertex 99 59 3
    endloop
  endfacet
  facet normal 1 0 0
    outer loop
      vertex 99 59 1.9
      vertex 99 -59 3
      vertex 99 -59 1.9
    endloop
  endfacet
  facet normal 0.997853 -0.0654873 0
    outer loop
      vertex 98.9743 -59.3916 3
      vertex 99 -59 1.9
      vertex 99 -59 3
    endloop
  endfacet
  facet normal 0.997853 -0.0654873 0
    outer loop
      vertex 99 -59 1.9
      vertex 98.9743 -59.3916 3
      vertex 98.9743 -59.3916 1.9
    endloop
  endfacet
  facet normal 0.980815 -0.19494 0
    outer loop
      vertex 98.8978 -59.7765 3
      vertex 98.9743 -59.3916 1.9
      vertex 98.9743 -59.3916 3
    endloop
  endfacet
  facet normal 0.980815 -0.19494 0
    outer loop
      vertex 98.9743 -59.3916 1.9
      vertex 98.8978 -59.7765 3
      vertex 98.8978 -59.7765 1.9
    endloop
  endfacet
  facet normal 0.946885 -0.321574 0
    outer loop
      vertex 98.7716 -60.1481 3
      vertex 98.8978 -59.7765 1.9
      vertex 98.8978 -59.7765 3
    endloop
  endfacet
  facet normal 0.946885 -0.321574 0
    outer loop
      vertex 98.8978 -59.7765 1.9
      vertex 98.7716 -60.1481 3
      vertex 98.7716 -60.1481 1.9
    endloop
  endfacet
  facet normal 0.896911 -0.442211 0
    outer loop
      vertex 98.5981 -60.5 3
      vertex 98.7716 -60.1481 1.9
      vertex 98.7716 -60.1481 3
    endloop
  endfacet
  facet normal 0.896911 -0.442211 0
    outer loop
      vertex 98.7716 -60.1481 1.9
      vertex 98.5981 -60.5 3
      vertex 98.5981 -60.5 1.9
    endloop
  endfacet
  facet normal 0.831501 -0.555523 0
    outer loop
      vertex 98.3801 -60.8263 3
      vertex 98.5981 -60.5 1.9
      vertex 98.5981 -60.5 3
    endloop
  endfacet
  facet normal 0.831501 -0.555523 0
    outer loop
      vertex 98.5981 -60.5 1.9
      vertex 98.3801 -60.8263 3
      vertex 98.3801 -60.8263 1.9
    endloop
  endfacet
  facet normal 0.751724 -0.659478 0
    outer loop
      vertex 98.1213 -61.1213 3
      vertex 98.3801 -60.8263 1.9
      vertex 98.3801 -60.8263 3
    endloop
  endfacet
  facet normal 0.751724 -0.659478 0
    outer loop
      vertex 98.3801 -60.8263 1.9
      vertex 98.1213 -61.1213 3
      vertex 98.1213 -61.1213 1.9
    endloop
  endfacet
  facet normal 0.659478 -0.751724 0
    outer loop
      vertex 97.8263 -61.3801 1.9
      vertex 98.1213 -61.1213 3
      vertex 97.8263 -61.3801 3
    endloop
  endfacet
  facet normal 0.659478 -0.751724 0
    outer loop
      vertex 98.1213 -61.1213 3
      vertex 97.8263 -61.3801 1.9
      vertex 98.1213 -61.1213 1.9
    endloop
  endfacet
  facet normal 0.555523 -0.831501 0
    outer loop
      vertex 97.5 -61.5981 1.9
      vertex 97.8263 -61.3801 3
      vertex 97.5 -61.5981 3
    endloop
  endfacet
  facet normal 0.555523 -0.831501 0
    outer loop
      vertex 97.8263 -61.3801 3
      vertex 97.5 -61.5981 1.9
      vertex 97.8263 -61.3801 1.9
    endloop
  endfacet
  facet normal 0.442211 -0.896911 0
    outer loop
      vertex 97.1481 -61.7716 1.9
      vertex 97.5 -61.5981 3
      vertex 97.1481 -61.7716 3
    endloop
  endfacet
  facet normal 0.442211 -0.896911 0
    outer loop
      vertex 97.5 -61.5981 3
      vertex 97.1481 -61.7716 1.9
      vertex 97.5 -61.5981 1.9
    endloop
  endfacet
  facet normal 0.321574 -0.946885 0
    outer loop
      vertex 96.7765 -61.8978 1.9
      vertex 97.1481 -61.7716 3
      vertex 96.7765 -61.8978 3
    endloop
  endfacet
  facet normal 0.321574 -0.946885 0
    outer loop
      vertex 97.1481 -61.7716 3
      vertex 96.7765 -61.8978 1.9
      vertex 97.1481 -61.7716 1.9
    endloop
  endfacet
  facet normal 0.19494 -0.980815 0
    outer loop
      vertex 96.3916 -61.9743 1.9
      vertex 96.7765 -61.8978 3
      vertex 96.3916 -61.9743 3
    endloop
  endfacet
  facet normal 0.19494 -0.980815 0
    outer loop
      vertex 96.7765 -61.8978 3
      vertex 96.3916 -61.9743 1.9
      vertex 96.7765 -61.8978 1.9
    endloop
  endfacet
  facet normal 0.0654873 -0.997853 0
    outer loop
      vertex 96 -62 1.9
      vertex 96.3916 -61.9743 3
      vertex 96 -62 3
    endloop
  endfacet
  facet normal 0.0654873 -0.997853 0
    outer loop
      vertex 96.3916 -61.9743 3
      vertex 96 -62 1.9
      vertex 96.3916 -61.9743 1.9
    endloop
  endfacet
  facet normal 0 -1 0
    outer loop
      vertex -96 -62 1.9
      vertex -21 -62 3
      vertex -96 -62 3
    endloop
  endfacet
  facet normal 0 -1 -0
    outer loop
      vertex -21 -62 3
      vertex -96 -62 1.9
      vertex -21 -62 1.9
    endloop
  endfacet
  facet normal 0 -1 0
    outer loop
      vertex 21 -62 1.9
      vertex 96 -62 3
      vertex 21 -62 3
    endloop
  endfacet
  facet normal 0 -1 -0
    outer loop
      vertex 96 -62 3
      vertex 21 -62 1.9
      vertex 96 -62 1.9
    endloop
  endfacet
  facet normal 1 0 0
    outer loop
      vertex -21 -65 3
      vertex -21 -68.5 3
      vertex -21 -65 1.9
    endloop
  endfacet
  facet normal 1 0 0
    outer loop
      vertex -21 -62 1.9
      vertex -21 -51.9 3
      vertex -21 -62 3
    endloop
  endfacet
  facet normal 1 0 0
    outer loop
      vertex -21 -51.9 3
      vertex -21 -62 1.9
      vertex -21 -51.9 1.5
    endloop
  endfacet
  facet normal 1 0 0
    outer loop
      vertex -21 -68.5 1.5
      vertex -21 -62 1.9
      vertex -21 -65 1.9
    endloop
  endfacet
  facet normal 1 0 0
    outer loop
      vertex -21 -62 1.9
      vertex -21 -68.5 1.5
      vertex -21 -51.9 1.5
    endloop
  endfacet
  facet normal 1 0 0
    outer loop
      vertex -21 -68.5 1.5
      vertex -21 -65 1.9
      vertex -21 -68.5 3
    endloop
  endfacet
  facet normal -1 0 0
    outer loop
      vertex 21 -51.9 1.5
      vertex 21 -62 1.9
      vertex 21 -51.9 3
    endloop
  endfacet
  facet normal -1 0 0
    outer loop
      vertex 21 -68.5 1.5
      vertex 21 -62 1.9
      vertex 21 -51.9 1.5
    endloop
  endfacet
  facet normal -1 -0 0
    outer loop
      vertex 21 -62 1.9
      vertex 21 -68.5 1.5
      vertex 21 -65 1.9
    endloop
  endfacet
  facet normal -1 0 0
    outer loop
      vertex 21 -68.5 3
      vertex 21 -65 1.9
      vertex 21 -68.5 1.5
    endloop
  endfacet
  facet normal -1 0 0
    outer loop
      vertex 21 -65 1.9
      vertex 21 -68.5 3
      vertex 21 -65 3
    endloop
  endfacet
  facet normal -1 -0 0
    outer loop
      vertex 21 -51.9 3
      vertex 21 -62 1.9
      vertex 21 -62 3
    endloop
  endfacet
  facet normal -0 0 1
    outer loop
      vertex -21 -51.9 1.5
      vertex 21 -68.5 1.5
      vertex 21 -51.9 1.5
    endloop
  endfacet
  facet normal 0 0 1
    outer loop
      vertex 21 -68.5 1.5
      vertex -21 -51.9 1.5
      vertex -21 -68.5 1.5
    endloop
  endfacet
  facet normal 0 1 -0
    outer loop
      vertex 21 -68.5 1.5
      vertex -21 -68.5 3
      vertex 21 -68.5 3
    endloop
  endfacet
  facet normal 0 1 0
    outer loop
      vertex -21 -68.5 3
      vertex 21 -68.5 1.5
      vertex -21 -68.5 1.5
    endloop
  endfacet
endsolid OpenSCAD_Model
