solid OpenSCAD_Model
  facet normal 1 -0 0
    outer loop
      vertex -10.9 -17 15
      vertex -10.9 -16 10
      vertex -10.9 -16 15
    endloop
  endfacet
  facet normal 1 0 0
    outer loop
      vertex -10.9 -16 10
      vertex -10.9 -17 15
      vertex -10.9 -17 10
    endloop
  endfacet
  facet normal -1 0 0
    outer loop
      vertex -9.1 -17 10
      vertex -9.1 -16 15
      vertex -9.1 -16 10
    endloop
  endfacet
  facet normal -1 -0 0
    outer loop
      vertex -9.1 -16 15
      vertex -9.1 -17 10
      vertex -9.1 -17 15
    endloop
  endfacet
  facet normal 0 -1 0
    outer loop
      vertex -10.9 -16 10
      vertex -9.1 -16 15
      vertex -10.9 -16 15
    endloop
  endfacet
  facet normal 0 -1 -0
    outer loop
      vertex -9.1 -16 15
      vertex -10.9 -16 10
      vertex -9.1 -16 10
    endloop
  endfacet
  facet normal -0 0 1
    outer loop
      vertex -10.9 -16 10
      vertex -9.1 -17 10
      vertex -9.1 -16 10
    endloop
  endfacet
  facet normal 0 0 1
    outer loop
      vertex -9.1 -17 10
      vertex -10.9 -16 10
      vertex -10.9 -17 10
    endloop
  endfacet
  facet normal 1 -0 0
    outer loop
      vertex -5.9 -17 15
      vertex -5.9 -16 10
      vertex -5.9 -16 15
    endloop
  endfacet
  facet normal 1 0 0
    outer loop
      vertex -5.9 -16 10
      vertex -5.9 -17 15
      vertex -5.9 -17 10
    endloop
  endfacet
  facet normal -1 0 0
    outer loop
      vertex -4.1 -17 10
      vertex -4.1 -16 15
      vertex -4.1 -16 10
    endloop
  endfacet
  facet normal -1 -0 0
    outer loop
      vertex -4.1 -16 15
      vertex -4.1 -17 10
      vertex -4.1 -17 15
    endloop
  endfacet
  facet normal 0 -1 0
    outer loop
      vertex -5.9 -16 10
      vertex -4.1 -16 15
      vertex -5.9 -16 15
    endloop
  endfacet
  facet normal 0 -1 -0
    outer loop
      vertex -4.1 -16 15
      vertex -5.9 -16 10
      vertex -4.1 -16 10
    endloop
  endfacet
  facet normal -0 0 1
    outer loop
      vertex -5.9 -16 10
      vertex -4.1 -17 10
      vertex -4.1 -16 10
    endloop
  endfacet
  facet normal 0 0 1
    outer loop
      vertex -4.1 -17 10
      vertex -5.9 -16 10
      vertex -5.9 -17 10
    endloop
  endfacet
  facet normal 1 -0 0
    outer loop
      vertex -0.9 -17 15
      vertex -0.9 -16 12.3289
      vertex -0.9 -16 15
    endloop
  endfacet
  facet normal 1 0 0
    outer loop
      vertex -0.9 -16 12.3289
      vertex -0.9 -17 15
      vertex -0.9 -17 12.3289
    endloop
  endfacet
  facet normal -1 0 0
    outer loop
      vertex 0.9 -17 12.3289
      vertex 0.9 -16 15
      vertex 0.9 -16 12.3289
    endloop
  endfacet
  facet normal -1 -0 0
    outer loop
      vertex 0.9 -16 15
      vertex 0.9 -17 12.3289
      vertex 0.9 -17 15
    endloop
  endfacet
  facet normal 0 -1 0
    outer loop
      vertex -0.9 -16 15
      vertex 0 -16 12.5
      vertex 0.9 -16 15
    endloop
  endfacet
  facet normal 0 -1 0
    outer loop
      vertex -0.9 -16 15
      vertex -0.326315 -16 12.4786
      vertex 0 -16 12.5
    endloop
  endfacet
  facet normal 0 -1 0
    outer loop
      vertex -0.9 -16 15
      vertex -0.647047 -16 12.4148
      vertex -0.326315 -16 12.4786
    endloop
  endfacet
  facet normal -0 -1 0
    outer loop
      vertex -0.647047 -16 12.4148
      vertex -0.9 -16 15
      vertex -0.9 -16 12.3289
    endloop
  endfacet
  facet normal 0 -1 0
    outer loop
      vertex 0.326315 -16 12.4786
      vertex 0.9 -16 15
      vertex 0 -16 12.5
    endloop
  endfacet
  facet normal 0 -1 0
    outer loop
      vertex 0.647047 -16 12.4148
      vertex 0.9 -16 15
      vertex 0.326315 -16 12.4786
    endloop
  endfacet
  facet normal 0 -1 -0
    outer loop
      vertex 0.9 -16 15
      vertex 0.647047 -16 12.4148
      vertex 0.9 -16 12.3289
    endloop
  endfacet
  facet normal 1 -0 0
    outer loop
      vertex 4.1 -17 15
      vertex 4.1 -16 10
      vertex 4.1 -16 15
    endloop
  endfacet
  facet normal 1 0 0
    outer loop
      vertex 4.1 -16 10
      vertex 4.1 -17 15
      vertex 4.1 -17 10
    endloop
  endfacet
  facet normal -1 0 0
    outer loop
      vertex 5.9 -17 10
      vertex 5.9 -16 15
      vertex 5.9 -16 10
    endloop
  endfacet
  facet normal -1 -0 0
    outer loop
      vertex 5.9 -16 15
      vertex 5.9 -17 10
      vertex 5.9 -17 15
    endloop
  endfacet
  facet normal 0 -1 0
    outer loop
      vertex 4.1 -16 10
      vertex 5.9 -16 15
      vertex 4.1 -16 15
    endloop
  endfacet
  facet normal 0 -1 -0
    outer loop
      vertex 5.9 -16 15
      vertex 4.1 -16 10
      vertex 5.9 -16 10
    endloop
  endfacet
  facet normal -0 0 1
    outer loop
      vertex 4.1 -16 10
      vertex 5.9 -17 10
      vertex 5.9 -16 10
    endloop
  endfacet
  facet normal 0 0 1
    outer loop
      vertex 5.9 -17 10
      vertex 4.1 -16 10
      vertex 4.1 -17 10
    endloop
  endfacet
  facet normal 1 -0 0
    outer loop
      vertex 9.1 -17 15
      vertex 9.1 -16 10
      vertex 9.1 -16 15
    endloop
  endfacet
  facet normal 1 0 0
    outer loop
      vertex 9.1 -16 10
      vertex 9.1 -17 15
      vertex 9.1 -17 10
    endloop
  endfacet
  facet normal -1 0 0
    outer loop
      vertex 10.9 -17 10
      vertex 10.9 -16 15
      vertex 10.9 -16 10
    endloop
  endfacet
  facet normal -1 -0 0
    outer loop
      vertex 10.9 -16 15
      vertex 10.9 -17 10
      vertex 10.9 -17 15
    endloop
  endfacet
  facet normal 0 -1 0
    outer loop
      vertex 9.1 -16 10
      vertex 10.9 -16 15
      vertex 9.1 -16 15
    endloop
  endfacet
  facet normal 0 -1 -0
    outer loop
      vertex 10.9 -16 15
      vertex 9.1 -16 10
      vertex 10.9 -16 10
    endloop
  endfacet
  facet normal -0 0 1
    outer loop
      vertex 9.1 -16 10
      vertex 10.9 -17 10
      vertex 10.9 -16 10
    endloop
  endfacet
  facet normal 0 0 1
    outer loop
      vertex 10.9 -17 10
      vertex 9.1 -16 10
      vertex 9.1 -17 10
    endloop
  endfacet
  facet normal -1 0 0
    outer loop
      vertex -15.98 -9.9 11
      vertex -15.98 -8.1 15
      vertex -15.98 -8.1 11
    endloop
  endfacet
  facet normal -1 -0 0
    outer loop
      vertex -15.98 -8.1 15
      vertex -15.98 -9.9 11
      vertex -15.98 -9.9 15
    endloop
  endfacet
  facet normal 0 -1 0
    outer loop
      vertex -17 -8.1 11
      vertex -15.98 -8.1 15
      vertex -17 -8.1 15
    endloop
  endfacet
  facet normal 0 -1 -0
    outer loop
      vertex -15.98 -8.1 15
      vertex -17 -8.1 11
      vertex -15.98 -8.1 11
    endloop
  endfacet
  facet normal -0 0 1
    outer loop
      vertex -17 -8.1 11
      vertex -15.98 -9.9 11
      vertex -15.98 -8.1 11
    endloop
  endfacet
  facet normal 0 0 1
    outer loop
      vertex -15.98 -9.9 11
      vertex -17 -8.1 11
      vertex -17 -9.9 11
    endloop
  endfacet
  facet normal 0 1 -0
    outer loop
      vertex -15.98 -9.9 11
      vertex -17 -9.9 15
      vertex -15.98 -9.9 15
    endloop
  endfacet
  facet normal 0 1 0
    outer loop
      vertex -17 -9.9 15
      vertex -15.98 -9.9 11
      vertex -17 -9.9 11
    endloop
  endfacet
  facet normal -1 0 0
    outer loop
      vertex -15.98 -4.9 11
      vertex -15.98 -3.1 15
      vertex -15.98 -3.1 11
    endloop
  endfacet
  facet normal -1 -0 0
    outer loop
      vertex -15.98 -3.1 15
      vertex -15.98 -4.9 11
      vertex -15.98 -4.9 15
    endloop
  endfacet
  facet normal 0 -1 0
    outer loop
      vertex -17 -3.1 11
      vertex -15.98 -3.1 15
      vertex -17 -3.1 15
    endloop
  endfacet
  facet normal 0 -1 -0
    outer loop
      vertex -15.98 -3.1 15
      vertex -17 -3.1 11
      vertex -15.98 -3.1 11
    endloop
  endfacet
  facet normal -0 0 1
    outer loop
      vertex -17 -3.1 11
      vertex -15.98 -4.9 11
      vertex -15.98 -3.1 11
    endloop
  endfacet
  facet normal 0 0 1
    outer loop
      vertex -15.98 -4.9 11
      vertex -17 -3.1 11
      vertex -17 -4.9 11
    endloop
  endfacet
  facet normal 0 1 -0
    outer loop
      vertex -15.98 -4.9 11
      vertex -17 -4.9 15
      vertex -15.98 -4.9 15
    endloop
  endfacet
  facet normal 0 1 0
    outer loop
      vertex -17 -4.9 15
      vertex -15.98 -4.9 11
      vertex -17 -4.9 11
    endloop
  endfacet
  facet normal -1 0 0
    outer loop
      vertex -15.98 0.0999994 11
      vertex -15.98 1.9 15
      vertex -15.98 1.9 11
    endloop
  endfacet
  facet normal -1 -0 0
    outer loop
      vertex -15.98 1.9 15
      vertex -15.98 0.0999994 11
      vertex -15.98 0.0999994 15
    endloop
  endfacet
  facet normal 0 -1 0
    outer loop
      vertex -17 1.9 11
      vertex -15.98 1.9 15
      vertex -17 1.9 15
    endloop
  endfacet
  facet normal 0 -1 -0
    outer loop
      vertex -15.98 1.9 15
      vertex -17 1.9 11
      vertex -15.98 1.9 11
    endloop
  endfacet
  facet normal -0 0 1
    outer loop
      vertex -17 1.9 11
      vertex -15.98 0.0999994 11
      vertex -15.98 1.9 11
    endloop
  endfacet
  facet normal 0 0 1
    outer loop
      vertex -15.98 0.0999994 11
      vertex -17 1.9 11
      vertex -17 0.0999994 11
    endloop
  endfacet
  facet normal 0 1 -0
    outer loop
      vertex -15.98 0.0999994 11
      vertex -17 0.0999994 15
      vertex -15.98 0.0999994 15
    endloop
  endfacet
  facet normal 0 1 0
    outer loop
      vertex -17 0.0999994 15
      vertex -15.98 0.0999994 11
      vertex -17 0.0999994 11
    endloop
  endfacet
  facet normal -1 0 0
    outer loop
      vertex -15.98 5.1 11
      vertex -15.98 6.9 15
      vertex -15.98 6.9 11
    endloop
  endfacet
  facet normal -1 -0 0
    outer loop
      vertex -15.98 6.9 15
      vertex -15.98 5.1 11
      vertex -15.98 5.1 15
    endloop
  endfacet
  facet normal -0 0 1
    outer loop
      vertex -17 6.9 11
      vertex -15.98 5.1 11
      vertex -15.98 6.9 11
    endloop
  endfacet
  facet normal 0 0 1
    outer loop
      vertex -15.98 5.1 11
      vertex -17 6.9 11
      vertex -17 5.1 11
    endloop
  endfacet
  facet normal 0 1 -0
    outer loop
      vertex -15.98 5.1 11
      vertex -17 5.1 15
      vertex -15.98 5.1 15
    endloop
  endfacet
  facet normal 0 1 0
    outer loop
      vertex -17 5.1 15
      vertex -15.98 5.1 11
      vertex -17 5.1 11
    endloop
  endfacet
  facet normal 0 -1 0
    outer loop
      vertex -17 6.9 11
      vertex -15.98 6.9 15
      vertex -17 6.9 15
    endloop
  endfacet
  facet normal 0 -1 -0
    outer loop
      vertex -15.98 6.9 15
      vertex -17 6.9 11
      vertex -15.98 6.9 11
    endloop
  endfacet
  facet normal 1 -0 0
    outer loop
      vertex 15.98 -9.9 15
      vertex 15.98 -8.1 11
      vertex 15.98 -8.1 15
    endloop
  endfacet
  facet normal 1 0 0
    outer loop
      vertex 15.98 -8.1 11
      vertex 15.98 -9.9 15
      vertex 15.98 -9.9 11
    endloop
  endfacet
  facet normal 0 -1 0
    outer loop
      vertex 15.98 -8.1 11
      vertex 17 -8.1 15
      vertex 15.98 -8.1 15
    endloop
  endfacet
  facet normal 0 -1 -0
    outer loop
      vertex 17 -8.1 15
      vertex 15.98 -8.1 11
      vertex 17 -8.1 11
    endloop
  endfacet
  facet normal -0 0 1
    outer loop
      vertex 15.98 -8.1 11
      vertex 17 -9.9 11
      vertex 17 -8.1 11
    endloop
  endfacet
  facet normal 0 0 1
    outer loop
      vertex 17 -9.9 11
      vertex 15.98 -8.1 11
      vertex 15.98 -9.9 11
    endloop
  endfacet
  facet normal 0 1 -0
    outer loop
      vertex 17 -9.9 11
      vertex 15.98 -9.9 15
      vertex 17 -9.9 15
    endloop
  endfacet
  facet normal 0 1 0
    outer loop
      vertex 15.98 -9.9 15
      vertex 17 -9.9 11
      vertex 15.98 -9.9 11
    endloop
  endfacet
  facet normal 1 -0 0
    outer loop
      vertex 15.98 -4.9 15
      vertex 15.98 -3.1 11
      vertex 15.98 -3.1 15
    endloop
  endfacet
  facet normal 1 0 0
    outer loop
      vertex 15.98 -3.1 11
      vertex 15.98 -4.9 15
      vertex 15.98 -4.9 11
    endloop
  endfacet
  facet normal -0 0 1
    outer loop
      vertex 15.98 -3.1 11
      vertex 17 -4.9 11
      vertex 17 -3.1 11
    endloop
  endfacet
  facet normal 0 0 1
    outer loop
      vertex 17 -4.9 11
      vertex 15.98 -3.1 11
      vertex 15.98 -4.9 11
    endloop
  endfacet
  facet normal 0 1 -0
    outer loop
      vertex 17 -4.9 11
      vertex 15.98 -4.9 15
      vertex 17 -4.9 15
    endloop
  endfacet
  facet normal 0 1 0
    outer loop
      vertex 15.98 -4.9 15
      vertex 17 -4.9 11
      vertex 15.98 -4.9 11
    endloop
  endfacet
  facet normal 0 -1 0
    outer loop
      vertex 15.98 -3.1 11
      vertex 17 -3.1 15
      vertex 15.98 -3.1 15
    endloop
  endfacet
  facet normal 0 -1 -0
    outer loop
      vertex 17 -3.1 15
      vertex 15.98 -3.1 11
      vertex 17 -3.1 11
    endloop
  endfacet
  facet normal 1 -0 0
    outer loop
      vertex 15.98 0.0999994 15
      vertex 15.98 1.9 11
      vertex 15.98 1.9 15
    endloop
  endfacet
  facet normal 1 0 0
    outer loop
      vertex 15.98 1.9 11
      vertex 15.98 0.0999994 15
      vertex 15.98 0.0999994 11
    endloop
  endfacet
  facet normal -0 0 1
    outer loop
      vertex 15.98 1.9 11
      vertex 17 0.0999994 11
      vertex 17 1.9 11
    endloop
  endfacet
  facet normal 0 0 1
    outer loop
      vertex 17 0.0999994 11
      vertex 15.98 1.9 11
      vertex 15.98 0.0999994 11
    endloop
  endfacet
  facet normal 0 1 -0
    outer loop
      vertex 17 0.0999994 11
      vertex 15.98 0.0999994 15
      vertex 17 0.0999994 15
    endloop
  endfacet
  facet normal 0 1 0
    outer loop
      vertex 15.98 0.0999994 15
      vertex 17 0.0999994 11
      vertex 15.98 0.0999994 11
    endloop
  endfacet
  facet normal 0 -1 0
    outer loop
      vertex 15.98 1.9 11
      vertex 17 1.9 15
      vertex 15.98 1.9 15
    endloop
  endfacet
  facet normal 0 -1 -0
    outer loop
      vertex 17 1.9 15
      vertex 15.98 1.9 11
      vertex 17 1.9 11
    endloop
  endfacet
  facet normal 1 -0 0
    outer loop
      vertex 15.98 5.1 15
      vertex 15.98 6.9 11
      vertex 15.98 6.9 15
    endloop
  endfacet
  facet normal 1 0 0
    outer loop
      vertex 15.98 6.9 11
      vertex 15.98 5.1 15
      vertex 15.98 5.1 11
    endloop
  endfacet
  facet normal 0 -1 0
    outer loop
      vertex 15.98 6.9 11
      vertex 17 6.9 15
      vertex 15.98 6.9 15
    endloop
  endfacet
  facet normal 0 -1 -0
    outer loop
      vertex 17 6.9 15
      vertex 15.98 6.9 11
      vertex 17 6.9 11
    endloop
  endfacet
  facet normal -0 0 1
    outer loop
      vertex 15.98 6.9 11
      vertex 17 5.1 11
      vertex 17 6.9 11
    endloop
  endfacet
  facet normal 0 0 1
    outer loop
      vertex 17 5.1 11
      vertex 15.98 6.9 11
      vertex 15.98 5.1 11
    endloop
  endfacet
  facet normal 0 1 -0
    outer loop
      vertex 17 5.1 11
      vertex 15.98 5.1 15
      vertex 17 5.1 15
    endloop
  endfacet
  facet normal 0 1 0
    outer loop
      vertex 15.98 5.1 15
      vertex 17 5.1 11
      vertex 15.98 5.1 11
    endloop
  endfacet
  facet normal 0.321574 -0.946885 0
    outer loop
      vertex 14.7765 -16.8978 0
      vertex 15.1481 -16.7716 15
      vertex 14.7765 -16.8978 15
    endloop
  endfacet
  facet normal 0.321574 -0.946885 0
    outer loop
      vertex 15.1481 -16.7716 15
      vertex 14.7765 -16.8978 0
      vertex 15.1481 -16.7716 0
    endloop
  endfacet
  facet normal 0.0654873 -0.997853 0
    outer loop
      vertex 14 -17 0
      vertex 14.3916 -16.9743 15
      vertex 14 -17 15
    endloop
  endfacet
  facet normal 0.0654873 -0.997853 0
    outer loop
      vertex 14.3916 -16.9743 15
      vertex 14 -17 0
      vertex 14.3916 -16.9743 0
    endloop
  endfacet
  facet normal -0.19494 0.980815 0
    outer loop
      vertex -14.3916 16.9743 0
      vertex -14.7765 16.8978 15
      vertex -14.3916 16.9743 15
    endloop
  endfacet
  facet normal -0.19494 0.980815 0
    outer loop
      vertex -14.7765 16.8978 15
      vertex -14.3916 16.9743 0
      vertex -14.7765 16.8978 0
    endloop
  endfacet
  facet normal 0.19494 -0.980815 0
    outer loop
      vertex 14.3916 -16.9743 0
      vertex 14.7765 -16.8978 15
      vertex 14.3916 -16.9743 15
    endloop
  endfacet
  facet normal 0.19494 -0.980815 0
    outer loop
      vertex 14.7765 -16.8978 15
      vertex 14.3916 -16.9743 0
      vertex 14.7765 -16.8978 0
    endloop
  endfacet
  facet normal 0.751724 0.659478 0
    outer loop
      vertex 16.3801 15.8263 15
      vertex 16.1213 16.1213 0
      vertex 16.1213 16.1213 15
    endloop
  endfacet
  facet normal 0.751724 0.659478 0
    outer loop
      vertex 16.1213 16.1213 0
      vertex 16.3801 15.8263 15
      vertex 16.3801 15.8263 0
    endloop
  endfacet
  facet normal 0.997853 -0.0654873 0
    outer loop
      vertex 16.9743 -14.3916 15
      vertex 17 -14 0
      vertex 17 -14 15
    endloop
  endfacet
  facet normal 0.997853 -0.0654873 0
    outer loop
      vertex 17 -14 0
      vertex 16.9743 -14.3916 15
      vertex 16.9743 -14.3916 0
    endloop
  endfacet
  facet normal -0.997853 0.0654873 0
    outer loop
      vertex -17 14 0
      vertex -16.9743 14.3916 15
      vertex -16.9743 14.3916 0
    endloop
  endfacet
  facet normal -0.997853 0.0654873 0
    outer loop
      vertex -16.9743 14.3916 15
      vertex -17 14 0
      vertex -17 14 15
    endloop
  endfacet
  facet normal 0 0 1
    outer loop
      vertex 15 13.5 15
      vertex 17 14 15
      vertex 16.9743 14.3916 15
    endloop
  endfacet
  facet normal 0 0 1
    outer loop
      vertex 15 13.5 15
      vertex 16.9743 14.3916 15
      vertex 16.8978 14.7765 15
    endloop
  endfacet
  facet normal 0 0 1
    outer loop
      vertex 15 13.5 15
      vertex 16.8978 14.7765 15
      vertex 16.7716 15.1481 15
    endloop
  endfacet
  facet normal 0 0 1
    outer loop
      vertex 15 13.5 15
      vertex 16.7716 15.1481 15
      vertex 16.5981 15.5 15
    endloop
  endfacet
  facet normal 0 0 1
    outer loop
      vertex 15 13.5 15
      vertex 16.5981 15.5 15
      vertex 16.3801 15.8263 15
    endloop
  endfacet
  facet normal 0 0 1
    outer loop
      vertex 15 13.5 15
      vertex 16.3801 15.8263 15
      vertex 16.1213 16.1213 15
    endloop
  endfacet
  facet normal 0 0 1
    outer loop
      vertex 17 14 15
      vertex 15 13.5 15
      vertex 17 6.9 15
    endloop
  endfacet
  facet normal 0 0 1
    outer loop
      vertex 15 13.5 15
      vertex 15.98 5.1 15
      vertex 15.98 6.9 15
    endloop
  endfacet
  facet normal 0 0 1
    outer loop
      vertex 15.98 5.1 15
      vertex 15 13.5 15
      vertex 15.98 1.9 15
    endloop
  endfacet
  facet normal 0 0 1
    outer loop
      vertex 15.98 1.9 15
      vertex 15 13.5 15
      vertex 15.98 0.0999994 15
    endloop
  endfacet
  facet normal 0 0 1
    outer loop
      vertex 15 -13.5 15
      vertex 15.98 0.0999994 15
      vertex 15 13.5 15
    endloop
  endfacet
  facet normal 0 0 1
    outer loop
      vertex 15.98 0.0999994 15
      vertex 15 -13.5 15
      vertex 15.98 -3.1 15
    endloop
  endfacet
  facet normal 0 0 1
    outer loop
      vertex 15.98 -4.9 15
      vertex 15 -13.5 15
      vertex 15.98 -8.1 15
    endloop
  endfacet
  facet normal 0 0 1
    outer loop
      vertex 17 6.9 15
      vertex 15 13.5 15
      vertex 15.98 6.9 15
    endloop
  endfacet
  facet normal 0 0 1
    outer loop
      vertex 15 13.5 15
      vertex 16.1213 16.1213 15
      vertex 15.8263 16.3801 15
    endloop
  endfacet
  facet normal -0 0 1
    outer loop
      vertex 15.98 5.1 15
      vertex 17 1.9 15
      vertex 17 5.1 15
    endloop
  endfacet
  facet normal 0 0 1
    outer loop
      vertex 17 1.9 15
      vertex 15.98 5.1 15
      vertex 15.98 1.9 15
    endloop
  endfacet
  facet normal -0 0 1
    outer loop
      vertex 15.98 0.0999994 15
      vertex 17 -3.1 15
      vertex 17 0.0999994 15
    endloop
  endfacet
  facet normal 0 0 1
    outer loop
      vertex 17 -3.1 15
      vertex 15.98 0.0999994 15
      vertex 15.98 -3.1 15
    endloop
  endfacet
  facet normal -0 0 1
    outer loop
      vertex 15.98 -4.9 15
      vertex 17 -8.1 15
      vertex 17 -4.9 15
    endloop
  endfacet
  facet normal 0 0 1
    outer loop
      vertex 17 -8.1 15
      vertex 15.98 -4.9 15
      vertex 15.98 -8.1 15
    endloop
  endfacet
  facet normal -0 0 1
    outer loop
      vertex 15.98 -9.9 15
      vertex 17 -14 15
      vertex 17 -9.9 15
    endloop
  endfacet
  facet normal -0 0 1
    outer loop
      vertex 14.9872 -13.6958 15
      vertex 17 -14 15
      vertex 15 -13.5 15
    endloop
  endfacet
  facet normal -0 0 1
    outer loop
      vertex 14.9489 -13.8882 15
      vertex 17 -14 15
      vertex 14.9872 -13.6958 15
    endloop
  endfacet
  facet normal 0 0 1
    outer loop
      vertex 17 -14 15
      vertex 14.9489 -13.8882 15
      vertex 16.9743 -14.3916 15
    endloop
  endfacet
  facet normal -0 0 1
    outer loop
      vertex 14.8858 -14.074 15
      vertex 16.9743 -14.3916 15
      vertex 14.9489 -13.8882 15
    endloop
  endfacet
  facet normal 0 0 1
    outer loop
      vertex 16.9743 -14.3916 15
      vertex 14.8858 -14.074 15
      vertex 16.8978 -14.7765 15
    endloop
  endfacet
  facet normal 0 0 1
    outer loop
      vertex 17 -14 15
      vertex 15.98 -9.9 15
      vertex 15 -13.5 15
    endloop
  endfacet
  facet normal 0 0 1
    outer loop
      vertex 16.8978 -14.7765 15
      vertex 14.8858 -14.074 15
      vertex 16.7716 -15.1481 15
    endloop
  endfacet
  facet normal 0 0 1
    outer loop
      vertex 15.98 -3.1 15
      vertex 15 -13.5 15
      vertex 15.98 -4.9 15
    endloop
  endfacet
  facet normal 0 0 1
    outer loop
      vertex 14.4131 14.69 15
      vertex 15.8263 16.3801 15
      vertex 15.5 16.5981 15
    endloop
  endfacet
  facet normal 0 0 1
    outer loop
      vertex 15.98 -8.1 15
      vertex 15 -13.5 15
      vertex 15.98 -9.9 15
    endloop
  endfacet
  facet normal 0 0 1
    outer loop
      vertex 14.25 14.799 15
      vertex 15.5 16.5981 15
      vertex 15.1481 16.7716 15
    endloop
  endfacet
  facet normal -0 0 1
    outer loop
      vertex 14.799 -14.25 15
      vertex 16.7716 -15.1481 15
      vertex 14.8858 -14.074 15
    endloop
  endfacet
  facet normal 0 0 1
    outer loop
      vertex 16.7716 -15.1481 15
      vertex 14.799 -14.25 15
      vertex 16.5981 -15.5 15
    endloop
  endfacet
  facet normal 0 0 1
    outer loop
      vertex 15.8263 16.3801 15
      vertex 14.9872 13.6958 15
      vertex 15 13.5 15
    endloop
  endfacet
  facet normal 0 0 1
    outer loop
      vertex 15.8263 16.3801 15
      vertex 14.9489 13.8882 15
      vertex 14.9872 13.6958 15
    endloop
  endfacet
  facet normal 0 0 1
    outer loop
      vertex 15.8263 16.3801 15
      vertex 14.8858 14.074 15
      vertex 14.9489 13.8882 15
    endloop
  endfacet
  facet normal 0 0 1
    outer loop
      vertex 15.8263 16.3801 15
      vertex 14.799 14.25 15
      vertex 14.8858 14.074 15
    endloop
  endfacet
  facet normal 0 0 1
    outer loop
      vertex 14.074 14.8858 15
      vertex 15.1481 16.7716 15
      vertex 14.7765 16.8978 15
    endloop
  endfacet
  facet normal 0 0 1
    outer loop
      vertex 15.8263 16.3801 15
      vertex 14.69 14.4131 15
      vertex 14.799 14.25 15
    endloop
  endfacet
  facet normal 0 0 1
    outer loop
      vertex 15.8263 16.3801 15
      vertex 14.5607 14.5607 15
      vertex 14.69 14.4131 15
    endloop
  endfacet
  facet normal 0 0 1
    outer loop
      vertex 15.8263 16.3801 15
      vertex 14.4131 14.69 15
      vertex 14.5607 14.5607 15
    endloop
  endfacet
  facet normal 0 0 1
    outer loop
      vertex 14.074 14.8858 15
      vertex 14.7765 16.8978 15
      vertex 14.3916 16.9743 15
    endloop
  endfacet
  facet normal 0 0 1
    outer loop
      vertex 15.5 16.5981 15
      vertex 14.25 14.799 15
      vertex 14.4131 14.69 15
    endloop
  endfacet
  facet normal 0 0 1
    outer loop
      vertex 15.1481 16.7716 15
      vertex 14.074 14.8858 15
      vertex 14.25 14.799 15
    endloop
  endfacet
  facet normal 0 0 1
    outer loop
      vertex 13.8882 14.9489 15
      vertex 14.3916 16.9743 15
      vertex 14 17 15
    endloop
  endfacet
  facet normal 0 0 1
    outer loop
      vertex 14.3916 16.9743 15
      vertex 13.8882 14.9489 15
      vertex 14.074 14.8858 15
    endloop
  endfacet
  facet normal 0 0 1
    outer loop
      vertex 14 17 15
      vertex 13.6958 14.9872 15
      vertex 13.8882 14.9489 15
    endloop
  endfacet
  facet normal 0 0 1
    outer loop
      vertex 14 17 15
      vertex 13.5 15 15
      vertex 13.6958 14.9872 15
    endloop
  endfacet
  facet normal 0 0 1
    outer loop
      vertex 14 17 15
      vertex -13.5 15 15
      vertex 13.5 15 15
    endloop
  endfacet
  facet normal -0 0 1
    outer loop
      vertex -14 17 15
      vertex -13.5 15 15
      vertex 14 17 15
    endloop
  endfacet
  facet normal 0 0 1
    outer loop
      vertex -13.5 15 15
      vertex -14 17 15
      vertex -13.6958 14.9872 15
    endloop
  endfacet
  facet normal 0 0 1
    outer loop
      vertex -14 17 15
      vertex -13.8882 14.9489 15
      vertex -13.6958 14.9872 15
    endloop
  endfacet
  facet normal -0 0 1
    outer loop
      vertex -14.3916 16.9743 15
      vertex -13.8882 14.9489 15
      vertex -14 17 15
    endloop
  endfacet
  facet normal 0 0 1
    outer loop
      vertex -13.8882 14.9489 15
      vertex -14.3916 16.9743 15
      vertex -14.074 14.8858 15
    endloop
  endfacet
  facet normal -0 0 1
    outer loop
      vertex -14.7765 16.8978 15
      vertex -14.074 14.8858 15
      vertex -14.3916 16.9743 15
    endloop
  endfacet
  facet normal -0 0 1
    outer loop
      vertex -15.1481 16.7716 15
      vertex -14.074 14.8858 15
      vertex -14.7765 16.8978 15
    endloop
  endfacet
  facet normal 0 0 1
    outer loop
      vertex -14.074 14.8858 15
      vertex -15.1481 16.7716 15
      vertex -14.25 14.799 15
    endloop
  endfacet
  facet normal -0 0 1
    outer loop
      vertex -15.5 16.5981 15
      vertex -14.25 14.799 15
      vertex -15.1481 16.7716 15
    endloop
  endfacet
  facet normal 0 0 1
    outer loop
      vertex -14.25 14.799 15
      vertex -15.5 16.5981 15
      vertex -14.4131 14.69 15
    endloop
  endfacet
  facet normal -0 0 1
    outer loop
      vertex -15.8263 16.3801 15
      vertex -14.4131 14.69 15
      vertex -15.5 16.5981 15
    endloop
  endfacet
  facet normal 0 0 1
    outer loop
      vertex -14.4131 14.69 15
      vertex -15.8263 16.3801 15
      vertex -14.5607 14.5607 15
    endloop
  endfacet
  facet normal -0 0 1
    outer loop
      vertex -16.1213 16.1213 15
      vertex -14.5607 14.5607 15
      vertex -15.8263 16.3801 15
    endloop
  endfacet
  facet normal -0 0 1
    outer loop
      vertex -16.3801 15.8263 15
      vertex -14.5607 14.5607 15
      vertex -16.1213 16.1213 15
    endloop
  endfacet
  facet normal 0 0 1
    outer loop
      vertex -14.69 14.4131 15
      vertex -16.5981 15.5 15
      vertex -14.799 14.25 15
    endloop
  endfacet
  facet normal -0 0 1
    outer loop
      vertex -16.5981 15.5 15
      vertex -14.69 14.4131 15
      vertex -16.3801 15.8263 15
    endloop
  endfacet
  facet normal 0 0 1
    outer loop
      vertex -14.5607 14.5607 15
      vertex -16.3801 15.8263 15
      vertex -14.69 14.4131 15
    endloop
  endfacet
  facet normal -0 0 1
    outer loop
      vertex -17 -4.9 15
      vertex -15.98 -8.1 15
      vertex -15.98 -4.9 15
    endloop
  endfacet
  facet normal 0 0 1
    outer loop
      vertex -15.98 -8.1 15
      vertex -17 -4.9 15
      vertex -17 -8.1 15
    endloop
  endfacet
  facet normal -0 0 1
    outer loop
      vertex -17 0.0999994 15
      vertex -15.98 -3.1 15
      vertex -15.98 0.0999994 15
    endloop
  endfacet
  facet normal 0 0 1
    outer loop
      vertex -15.98 -3.1 15
      vertex -17 0.0999994 15
      vertex -17 -3.1 15
    endloop
  endfacet
  facet normal -0 0 1
    outer loop
      vertex -17 5.1 15
      vertex -15.98 1.9 15
      vertex -15.98 5.1 15
    endloop
  endfacet
  facet normal 0 0 1
    outer loop
      vertex -15.98 1.9 15
      vertex -17 5.1 15
      vertex -17 1.9 15
    endloop
  endfacet
  facet normal 0 0 1
    outer loop
      vertex -15.98 0.0999994 15
      vertex -15 13.5 15
      vertex -15.98 1.9 15
    endloop
  endfacet
  facet normal 0 0 1
    outer loop
      vertex -15 13.5 15
      vertex -15.98 0.0999994 15
      vertex -15 -13.5 15
    endloop
  endfacet
  facet normal -0 0 1
    outer loop
      vertex -15.98 -3.1 15
      vertex -15 -13.5 15
      vertex -15.98 0.0999994 15
    endloop
  endfacet
  facet normal -0 0 1
    outer loop
      vertex -15.98 -4.9 15
      vertex -15 -13.5 15
      vertex -15.98 -3.1 15
    endloop
  endfacet
  facet normal -0 0 1
    outer loop
      vertex -15.98 -8.1 15
      vertex -15 -13.5 15
      vertex -15.98 -4.9 15
    endloop
  endfacet
  facet normal -0 0 1
    outer loop
      vertex -15.98 -9.9 15
      vertex -15 -13.5 15
      vertex -15.98 -8.1 15
    endloop
  endfacet
  facet normal 0 0 1
    outer loop
      vertex -17 -14 15
      vertex -15 -13.5 15
      vertex -15.98 -9.9 15
    endloop
  endfacet
  facet normal 0 -0 1
    outer loop
      vertex -16.9743 -14.3916 15
      vertex -15 -13.5 15
      vertex -17 -14 15
    endloop
  endfacet
  facet normal 0 0 1
    outer loop
      vertex -15 -13.5 15
      vertex -16.1213 -16.1213 15
      vertex -15.8263 -16.3801 15
    endloop
  endfacet
  facet normal 0 0 1
    outer loop
      vertex -15 -13.5 15
      vertex -16.3801 -15.8263 15
      vertex -16.1213 -16.1213 15
    endloop
  endfacet
  facet normal 0 0 1
    outer loop
      vertex -15 -13.5 15
      vertex -16.5981 -15.5 15
      vertex -16.3801 -15.8263 15
    endloop
  endfacet
  facet normal 0 0 1
    outer loop
      vertex -15 -13.5 15
      vertex -16.7716 -15.1481 15
      vertex -16.5981 -15.5 15
    endloop
  endfacet
  facet normal 0 0 1
    outer loop
      vertex -15 -13.5 15
      vertex -16.8978 -14.7765 15
      vertex -16.7716 -15.1481 15
    endloop
  endfacet
  facet normal 0 0 1
    outer loop
      vertex -17 -14 15
      vertex -15.98 -9.9 15
      vertex -17 -9.9 15
    endloop
  endfacet
  facet normal 0 0 1
    outer loop
      vertex -15 -13.5 15
      vertex -16.9743 -14.3916 15
      vertex -16.8978 -14.7765 15
    endloop
  endfacet
  facet normal 0 0 1
    outer loop
      vertex 13.5 -15 15
      vertex 9.1 -16 15
      vertex 10.9 -16 15
    endloop
  endfacet
  facet normal 0 0 1
    outer loop
      vertex 9.1 -16 15
      vertex 5.9 -16 15
      vertex 9.1 -17 15
    endloop
  endfacet
  facet normal 0 0 1
    outer loop
      vertex 13.5 -15 15
      vertex 5.9 -16 15
      vertex 9.1 -16 15
    endloop
  endfacet
  facet normal 0 0 1
    outer loop
      vertex 13.5 -15 15
      vertex 4.1 -16 15
      vertex 5.9 -16 15
    endloop
  endfacet
  facet normal 0 0 1
    outer loop
      vertex 4.1 -16 15
      vertex 0.9 -16 15
      vertex 4.1 -17 15
    endloop
  endfacet
  facet normal 0 0 1
    outer loop
      vertex 13.5 -15 15
      vertex 0.9 -16 15
      vertex 4.1 -16 15
    endloop
  endfacet
  facet normal 0 0 1
    outer loop
      vertex 13.5 -15 15
      vertex -0.9 -16 15
      vertex 0.9 -16 15
    endloop
  endfacet
  facet normal 0 0 1
    outer loop
      vertex -0.9 -16 15
      vertex -4.1 -16 15
      vertex -0.9 -17 15
    endloop
  endfacet
  facet normal -0 0 1
    outer loop
      vertex -13.5 -15 15
      vertex -0.9 -16 15
      vertex 13.5 -15 15
    endloop
  endfacet
  facet normal 0 0 1
    outer loop
      vertex -0.9 -16 15
      vertex -13.5 -15 15
      vertex -4.1 -16 15
    endloop
  endfacet
  facet normal 0 0 1
    outer loop
      vertex -5.9 -16 15
      vertex -9.1 -16 15
      vertex -5.9 -17 15
    endloop
  endfacet
  facet normal 0 0 1
    outer loop
      vertex -4.1 -16 15
      vertex -13.5 -15 15
      vertex -5.9 -16 15
    endloop
  endfacet
  facet normal 0 0 1
    outer loop
      vertex -5.9 -16 15
      vertex -13.5 -15 15
      vertex -9.1 -16 15
    endloop
  endfacet
  facet normal 0 0 1
    outer loop
      vertex -9.1 -16 15
      vertex -13.5 -15 15
      vertex -10.9 -16 15
    endloop
  endfacet
  facet normal 0 0 1
    outer loop
      vertex -14 -17 15
      vertex -10.9 -16 15
      vertex -13.5 -15 15
    endloop
  endfacet
  facet normal 0 0 1
    outer loop
      vertex -14 -17 15
      vertex -13.5 -15 15
      vertex -13.6958 -14.9872 15
    endloop
  endfacet
  facet normal 0 0 1
    outer loop
      vertex -14 -17 15
      vertex -13.6958 -14.9872 15
      vertex -13.8882 -14.9489 15
    endloop
  endfacet
  facet normal 0 0 1
    outer loop
      vertex -10.9 -16 15
      vertex -14 -17 15
      vertex -10.9 -17 15
    endloop
  endfacet
  facet normal 0 0 1
    outer loop
      vertex -14.3916 -16.9743 15
      vertex -13.8882 -14.9489 15
      vertex -14.074 -14.8858 15
    endloop
  endfacet
  facet normal 0 0 1
    outer loop
      vertex -15.1481 -16.7716 15
      vertex -14.074 -14.8858 15
      vertex -14.25 -14.799 15
    endloop
  endfacet
  facet normal 0 0 1
    outer loop
      vertex -13.8882 -14.9489 15
      vertex -14.3916 -16.9743 15
      vertex -14 -17 15
    endloop
  endfacet
  facet normal 0 0 1
    outer loop
      vertex -15.5 -16.5981 15
      vertex -14.25 -14.799 15
      vertex -14.4131 -14.69 15
    endloop
  endfacet
  facet normal 0 0 1
    outer loop
      vertex -15.8263 -16.3801 15
      vertex -14.4131 -14.69 15
      vertex -14.5607 -14.5607 15
    endloop
  endfacet
  facet normal 0 0 1
    outer loop
      vertex -15.8263 -16.3801 15
      vertex -14.5607 -14.5607 15
      vertex -14.69 -14.4131 15
    endloop
  endfacet
  facet normal 0 0 1
    outer loop
      vertex -14.074 -14.8858 15
      vertex -14.7765 -16.8978 15
      vertex -14.3916 -16.9743 15
    endloop
  endfacet
  facet normal 0 0 1
    outer loop
      vertex -15.8263 -16.3801 15
      vertex -14.69 -14.4131 15
      vertex -14.799 -14.25 15
    endloop
  endfacet
  facet normal 0 0 1
    outer loop
      vertex -15.8263 -16.3801 15
      vertex -14.799 -14.25 15
      vertex -14.8858 -14.074 15
    endloop
  endfacet
  facet normal 0 0 1
    outer loop
      vertex -15.8263 -16.3801 15
      vertex -14.8858 -14.074 15
      vertex -14.9489 -13.8882 15
    endloop
  endfacet
  facet normal 0 0 1
    outer loop
      vertex -15.8263 -16.3801 15
      vertex -14.9489 -13.8882 15
      vertex -14.9872 -13.6958 15
    endloop
  endfacet
  facet normal 0 0 1
    outer loop
      vertex -14.074 -14.8858 15
      vertex -15.1481 -16.7716 15
      vertex -14.7765 -16.8978 15
    endloop
  endfacet
  facet normal 0 0 1
    outer loop
      vertex -15.8263 -16.3801 15
      vertex -14.9872 -13.6958 15
      vertex -15 -13.5 15
    endloop
  endfacet
  facet normal 0 0 1
    outer loop
      vertex -15 13.5 15
      vertex -15.98 6.9 15
      vertex -15.98 5.1 15
    endloop
  endfacet
  facet normal -0 0 1
    outer loop
      vertex -16.7716 15.1481 15
      vertex -14.799 14.25 15
      vertex -16.5981 15.5 15
    endloop
  endfacet
  facet normal 0 0 1
    outer loop
      vertex -15 13.5 15
      vertex -15.98 5.1 15
      vertex -15.98 1.9 15
    endloop
  endfacet
  facet normal 0 0 1
    outer loop
      vertex -14.799 14.25 15
      vertex -16.7716 15.1481 15
      vertex -14.8858 14.074 15
    endloop
  endfacet
  facet normal 0 0 1
    outer loop
      vertex -14.4131 -14.69 15
      vertex -15.8263 -16.3801 15
      vertex -15.5 -16.5981 15
    endloop
  endfacet
  facet normal 0 0 1
    outer loop
      vertex -14.25 -14.799 15
      vertex -15.5 -16.5981 15
      vertex -15.1481 -16.7716 15
    endloop
  endfacet
  facet normal -0 0 1
    outer loop
      vertex -16.8978 14.7765 15
      vertex -14.8858 14.074 15
      vertex -16.7716 15.1481 15
    endloop
  endfacet
  facet normal -0 0 1
    outer loop
      vertex -16.9743 14.3916 15
      vertex -14.8858 14.074 15
      vertex -16.8978 14.7765 15
    endloop
  endfacet
  facet normal 0 0 1
    outer loop
      vertex -14.8858 14.074 15
      vertex -16.9743 14.3916 15
      vertex -14.9489 13.8882 15
    endloop
  endfacet
  facet normal -0 0 1
    outer loop
      vertex -17 14 15
      vertex -14.9489 13.8882 15
      vertex -16.9743 14.3916 15
    endloop
  endfacet
  facet normal 0 0 1
    outer loop
      vertex -14.9489 13.8882 15
      vertex -17 14 15
      vertex -14.9872 13.6958 15
    endloop
  endfacet
  facet normal 0 0 1
    outer loop
      vertex -14.9872 13.6958 15
      vertex -17 14 15
      vertex -15 13.5 15
    endloop
  endfacet
  facet normal 0 0 1
    outer loop
      vertex -17 6.9 15
      vertex -15 13.5 15
      vertex -17 14 15
    endloop
  endfacet
  facet normal 0 0 1
    outer loop
      vertex -15 13.5 15
      vertex -17 6.9 15
      vertex -15.98 6.9 15
    endloop
  endfacet
  facet normal -0 0 1
    outer loop
      vertex 14.69 -14.4131 15
      vertex 16.5981 -15.5 15
      vertex 14.799 -14.25 15
    endloop
  endfacet
  facet normal 0 0 1
    outer loop
      vertex 16.5981 -15.5 15
      vertex 14.69 -14.4131 15
      vertex 16.3801 -15.8263 15
    endloop
  endfacet
  facet normal -0 0 1
    outer loop
      vertex 14.5607 -14.5607 15
      vertex 16.3801 -15.8263 15
      vertex 14.69 -14.4131 15
    endloop
  endfacet
  facet normal 0 0 1
    outer loop
      vertex 16.3801 -15.8263 15
      vertex 14.5607 -14.5607 15
      vertex 16.1213 -16.1213 15
    endloop
  endfacet
  facet normal 0 0 1
    outer loop
      vertex 16.1213 -16.1213 15
      vertex 14.5607 -14.5607 15
      vertex 15.8263 -16.3801 15
    endloop
  endfacet
  facet normal -0 0 1
    outer loop
      vertex 14.4131 -14.69 15
      vertex 15.8263 -16.3801 15
      vertex 14.5607 -14.5607 15
    endloop
  endfacet
  facet normal 0 0 1
    outer loop
      vertex 15.8263 -16.3801 15
      vertex 14.4131 -14.69 15
      vertex 15.5 -16.5981 15
    endloop
  endfacet
  facet normal -0 0 1
    outer loop
      vertex 14.25 -14.799 15
      vertex 15.5 -16.5981 15
      vertex 14.4131 -14.69 15
    endloop
  endfacet
  facet normal 0 0 1
    outer loop
      vertex 15.5 -16.5981 15
      vertex 14.25 -14.799 15
      vertex 15.1481 -16.7716 15
    endloop
  endfacet
  facet normal -0 0 1
    outer loop
      vertex 14.074 -14.8858 15
      vertex 15.1481 -16.7716 15
      vertex 14.25 -14.799 15
    endloop
  endfacet
  facet normal 0 0 1
    outer loop
      vertex 15.1481 -16.7716 15
      vertex 14.074 -14.8858 15
      vertex 14.7765 -16.8978 15
    endloop
  endfacet
  facet normal 0 0 1
    outer loop
      vertex 14.7765 -16.8978 15
      vertex 14.074 -14.8858 15
      vertex 14.3916 -16.9743 15
    endloop
  endfacet
  facet normal -0 0 1
    outer loop
      vertex 13.8882 -14.9489 15
      vertex 14.3916 -16.9743 15
      vertex 14.074 -14.8858 15
    endloop
  endfacet
  facet normal 0 0 1
    outer loop
      vertex 14.3916 -16.9743 15
      vertex 13.8882 -14.9489 15
      vertex 14 -17 15
    endloop
  endfacet
  facet normal -0 0 1
    outer loop
      vertex 13.6958 -14.9872 15
      vertex 14 -17 15
      vertex 13.8882 -14.9489 15
    endloop
  endfacet
  facet normal -0 0 1
    outer loop
      vertex 13.5 -15 15
      vertex 14 -17 15
      vertex 13.6958 -14.9872 15
    endloop
  endfacet
  facet normal -0 0 1
    outer loop
      vertex 10.9 -16 15
      vertex 14 -17 15
      vertex 13.5 -15 15
    endloop
  endfacet
  facet normal 0 0 1
    outer loop
      vertex 14 -17 15
      vertex 10.9 -16 15
      vertex 10.9 -17 15
    endloop
  endfacet
  facet normal 0 0 1
    outer loop
      vertex 9.1 -17 15
      vertex 5.9 -16 15
      vertex 5.9 -17 15
    endloop
  endfacet
  facet normal 0 0 1
    outer loop
      vertex 4.1 -17 15
      vertex 0.9 -16 15
      vertex 0.9 -17 15
    endloop
  endfacet
  facet normal 0 0 1
    outer loop
      vertex -0.9 -17 15
      vertex -4.1 -16 15
      vertex -4.1 -17 15
    endloop
  endfacet
  facet normal 0 0 1
    outer loop
      vertex -5.9 -17 15
      vertex -9.1 -16 15
      vertex -9.1 -17 15
    endloop
  endfacet
  facet normal -1 0 0
    outer loop
      vertex -17 14 0
      vertex -17 6.9 11
      vertex -17 14 15
    endloop
  endfacet
  facet normal -1 0 0
    outer loop
      vertex -17 14 0
      vertex -17 5.1 11
      vertex -17 6.9 11
    endloop
  endfacet
  facet normal -1 0 0
    outer loop
      vertex -17 5.1 11
      vertex -17 1.9 11
      vertex -17 5.1 15
    endloop
  endfacet
  facet normal -1 0 0
    outer loop
      vertex -17 14 0
      vertex -17 1.9 11
      vertex -17 5.1 11
    endloop
  endfacet
  facet normal -1 0 0
    outer loop
      vertex -17 14 0
      vertex -17 0.0999994 11
      vertex -17 1.9 11
    endloop
  endfacet
  facet normal -1 0 0
    outer loop
      vertex -17 0.0999994 11
      vertex -17 -3.1 11
      vertex -17 0.0999994 15
    endloop
  endfacet
  facet normal -1 0 0
    outer loop
      vertex -17 -14 0
      vertex -17 0.0999994 11
      vertex -17 14 0
    endloop
  endfacet
  facet normal -1 -0 0
    outer loop
      vertex -17 0.0999994 11
      vertex -17 -14 0
      vertex -17 -3.1 11
    endloop
  endfacet
  facet normal -1 0 0
    outer loop
      vertex -17 -4.9 11
      vertex -17 -8.1 11
      vertex -17 -4.9 15
    endloop
  endfacet
  facet normal -1 -0 0
    outer loop
      vertex -17 -3.1 11
      vertex -17 -14 0
      vertex -17 -4.9 11
    endloop
  endfacet
  facet normal -1 -0 0
    outer loop
      vertex -17 -4.9 11
      vertex -17 -14 0
      vertex -17 -8.1 11
    endloop
  endfacet
  facet normal -1 -0 0
    outer loop
      vertex -17 -8.1 11
      vertex -17 -14 0
      vertex -17 -9.9 11
    endloop
  endfacet
  facet normal -1 0 0
    outer loop
      vertex -17 -14 15
      vertex -17 -9.9 11
      vertex -17 -14 0
    endloop
  endfacet
  facet normal -1 0 0
    outer loop
      vertex -17 -9.9 11
      vertex -17 -14 15
      vertex -17 -9.9 15
    endloop
  endfacet
  facet normal -1 -0 0
    outer loop
      vertex -17 14 15
      vertex -17 6.9 11
      vertex -17 6.9 15
    endloop
  endfacet
  facet normal -1 -0 0
    outer loop
      vertex -17 5.1 15
      vertex -17 1.9 11
      vertex -17 1.9 15
    endloop
  endfacet
  facet normal -1 -0 0
    outer loop
      vertex -17 0.0999994 15
      vertex -17 -3.1 11
      vertex -17 -3.1 15
    endloop
  endfacet
  facet normal -1 -0 0
    outer loop
      vertex -17 -4.9 15
      vertex -17 -8.1 11
      vertex -17 -8.1 15
    endloop
  endfacet
  facet normal 0 -1 0
    outer loop
      vertex -14 -17 15
      vertex -10.9 -17 10
      vertex -10.9 -17 15
    endloop
  endfacet
  facet normal 0 -1 0
    outer loop
      vertex -14 -17 0
      vertex -9.1 -17 10
      vertex -10.9 -17 10
    endloop
  endfacet
  facet normal 0 -1 -0
    outer loop
      vertex -9.1 -17 10
      vertex -14 -17 0
      vertex -5.9 -17 10
    endloop
  endfacet
  facet normal -0 -1 0
    outer loop
      vertex -1.76777 -17 8.23223
      vertex -5.9 -17 10
      vertex -14 -17 0
    endloop
  endfacet
  facet normal 0 -1 0
    outer loop
      vertex -4.1 -17 10
      vertex -2.47861 -17 9.67368
      vertex -2.5 -17 10
    endloop
  endfacet
  facet normal 0 -1 0
    outer loop
      vertex -4.1 -17 10
      vertex -2.41481 -17 9.35295
      vertex -2.47861 -17 9.67368
    endloop
  endfacet
  facet normal 0 -1 0
    outer loop
      vertex -4.1 -17 10
      vertex -2.3097 -17 9.04329
      vertex -2.41481 -17 9.35295
    endloop
  endfacet
  facet normal 0 -1 0
    outer loop
      vertex -4.1 -17 10
      vertex -2.16506 -17 8.75
      vertex -2.3097 -17 9.04329
    endloop
  endfacet
  facet normal 0 -1 0
    outer loop
      vertex -4.1 -17 10
      vertex -1.98338 -17 8.4781
      vertex -2.16506 -17 8.75
    endloop
  endfacet
  facet normal 0 -1 0
    outer loop
      vertex -5.9 -17 10
      vertex -1.98338 -17 8.4781
      vertex -4.1 -17 10
    endloop
  endfacet
  facet normal -0 -1 -0
    outer loop
      vertex -1.98338 -17 8.4781
      vertex -5.9 -17 10
      vertex -1.76777 -17 8.23223
    endloop
  endfacet
  facet normal 0 -1 -0
    outer loop
      vertex -1.76777 -17 8.23223
      vertex -14 -17 0
      vertex -1.5219 -17 8.01662
    endloop
  endfacet
  facet normal 0 -1 -0
    outer loop
      vertex -1.5219 -17 8.01662
      vertex -14 -17 0
      vertex -1.25 -17 7.83494
    endloop
  endfacet
  facet normal 0 -1 -0
    outer loop
      vertex -1.25 -17 7.83494
      vertex -14 -17 0
      vertex -0.956708 -17 7.6903
    endloop
  endfacet
  facet normal 0 -1 -0
    outer loop
      vertex -0.326315 -17 7.52139
      vertex -14 -17 0
      vertex 0 -17 7.5
    endloop
  endfacet
  facet normal 0 -1 -0
    outer loop
      vertex -0.647047 -17 7.58519
      vertex -14 -17 0
      vertex -0.326315 -17 7.52139
    endloop
  endfacet
  facet normal 0 -1 -0
    outer loop
      vertex -0.956708 -17 7.6903
      vertex -14 -17 0
      vertex -0.647047 -17 7.58519
    endloop
  endfacet
  facet normal 0 -1 0
    outer loop
      vertex -14 -17 0
      vertex -10.9 -17 10
      vertex -14 -17 15
    endloop
  endfacet
  facet normal 0 -1 0
    outer loop
      vertex -9.1 -17 10
      vertex -5.9 -17 15
      vertex -9.1 -17 15
    endloop
  endfacet
  facet normal 0 -1 -0
    outer loop
      vertex -5.9 -17 15
      vertex -9.1 -17 10
      vertex -5.9 -17 10
    endloop
  endfacet
  facet normal 0 -1 0
    outer loop
      vertex -1.25 -17 12.1651
      vertex -0.9 -17 15
      vertex -4.1 -17 15
    endloop
  endfacet
  facet normal 0 -1 -0
    outer loop
      vertex -0.9 -17 15
      vertex -0.956708 -17 12.3097
      vertex -0.9 -17 12.3289
    endloop
  endfacet
  facet normal 0 -1 0
    outer loop
      vertex -0.9 -17 15
      vertex -1.25 -17 12.1651
      vertex -0.956708 -17 12.3097
    endloop
  endfacet
  facet normal 0 -1 0
    outer loop
      vertex -4.1 -17 15
      vertex -1.5219 -17 11.9834
      vertex -1.25 -17 12.1651
    endloop
  endfacet
  facet normal 0 -1 0
    outer loop
      vertex -4.1 -17 15
      vertex -1.76777 -17 11.7678
      vertex -1.5219 -17 11.9834
    endloop
  endfacet
  facet normal 0 -1 0
    outer loop
      vertex -4.1 -17 15
      vertex -1.98338 -17 11.5219
      vertex -1.76777 -17 11.7678
    endloop
  endfacet
  facet normal 0 -1 0
    outer loop
      vertex -4.1 -17 15
      vertex -2.16506 -17 11.25
      vertex -1.98338 -17 11.5219
    endloop
  endfacet
  facet normal 0 -1 0
    outer loop
      vertex -4.1 -17 10
      vertex -2.16506 -17 11.25
      vertex -4.1 -17 15
    endloop
  endfacet
  facet normal 0 -1 0
    outer loop
      vertex -2.16506 -17 11.25
      vertex -4.1 -17 10
      vertex -2.3097 -17 10.9567
    endloop
  endfacet
  facet normal 0 -1 0
    outer loop
      vertex -2.3097 -17 10.9567
      vertex -4.1 -17 10
      vertex -2.41481 -17 10.647
    endloop
  endfacet
  facet normal 0 -1 0
    outer loop
      vertex -2.41481 -17 10.647
      vertex -4.1 -17 10
      vertex -2.47861 -17 10.3263
    endloop
  endfacet
  facet normal 0 -1 0
    outer loop
      vertex -2.47861 -17 10.3263
      vertex -4.1 -17 10
      vertex -2.5 -17 10
    endloop
  endfacet
  facet normal 0 -1 0
    outer loop
      vertex 0.956708 -17 12.3097
      vertex 0.9 -17 15
      vertex 0.9 -17 12.3289
    endloop
  endfacet
  facet normal 0 -1 0
    outer loop
      vertex 1.25 -17 12.1651
      vertex 0.9 -17 15
      vertex 0.956708 -17 12.3097
    endloop
  endfacet
  facet normal 0 -1 0
    outer loop
      vertex 0.9 -17 15
      vertex 1.25 -17 12.1651
      vertex 4.1 -17 15
    endloop
  endfacet
  facet normal 0 -1 0
    outer loop
      vertex 1.5219 -17 11.9834
      vertex 4.1 -17 15
      vertex 1.25 -17 12.1651
    endloop
  endfacet
  facet normal 0 -1 0
    outer loop
      vertex 1.76777 -17 11.7678
      vertex 4.1 -17 15
      vertex 1.5219 -17 11.9834
    endloop
  endfacet
  facet normal 0 -1 0
    outer loop
      vertex 1.98338 -17 11.5219
      vertex 4.1 -17 15
      vertex 1.76777 -17 11.7678
    endloop
  endfacet
  facet normal 0 -1 0
    outer loop
      vertex 2.16506 -17 11.25
      vertex 4.1 -17 15
      vertex 1.98338 -17 11.5219
    endloop
  endfacet
  facet normal 0 -1 0
    outer loop
      vertex 4.1 -17 10
      vertex 2.16506 -17 11.25
      vertex 2.3097 -17 10.9567
    endloop
  endfacet
  facet normal 0 -1 0
    outer loop
      vertex 4.1 -17 10
      vertex 2.3097 -17 10.9567
      vertex 2.41481 -17 10.647
    endloop
  endfacet
  facet normal 0 -1 0
    outer loop
      vertex 4.1 -17 10
      vertex 2.41481 -17 10.647
      vertex 2.47861 -17 10.3263
    endloop
  endfacet
  facet normal 0 -1 0
    outer loop
      vertex 4.1 -17 10
      vertex 2.47861 -17 10.3263
      vertex 2.5 -17 10
    endloop
  endfacet
  facet normal 0 -1 0
    outer loop
      vertex 2.16506 -17 11.25
      vertex 4.1 -17 10
      vertex 4.1 -17 15
    endloop
  endfacet
  facet normal 0 -1 0
    outer loop
      vertex 2.47861 -17 9.67368
      vertex 4.1 -17 10
      vertex 2.5 -17 10
    endloop
  endfacet
  facet normal 0 -1 0
    outer loop
      vertex 2.41481 -17 9.35295
      vertex 4.1 -17 10
      vertex 2.47861 -17 9.67368
    endloop
  endfacet
  facet normal 0 -1 0
    outer loop
      vertex 2.3097 -17 9.04329
      vertex 4.1 -17 10
      vertex 2.41481 -17 9.35295
    endloop
  endfacet
  facet normal 0 -1 0
    outer loop
      vertex 2.16506 -17 8.75
      vertex 4.1 -17 10
      vertex 2.3097 -17 9.04329
    endloop
  endfacet
  facet normal 0 -1 0
    outer loop
      vertex 5.9 -17 10
      vertex 9.1 -17 15
      vertex 5.9 -17 15
    endloop
  endfacet
  facet normal 0 -1 -0
    outer loop
      vertex 9.1 -17 15
      vertex 5.9 -17 10
      vertex 9.1 -17 10
    endloop
  endfacet
  facet normal 0 -1 0
    outer loop
      vertex 10.9 -17 10
      vertex 14 -17 15
      vertex 10.9 -17 15
    endloop
  endfacet
  facet normal 0 -1 0
    outer loop
      vertex 1.98338 -17 8.4781
      vertex 4.1 -17 10
      vertex 2.16506 -17 8.75
    endloop
  endfacet
  facet normal 0 -1 -0
    outer loop
      vertex 4.1 -17 10
      vertex 1.98338 -17 8.4781
      vertex 5.9 -17 10
    endloop
  endfacet
  facet normal 0 -1 0
    outer loop
      vertex 1.76777 -17 8.23223
      vertex 5.9 -17 10
      vertex 1.98338 -17 8.4781
    endloop
  endfacet
  facet normal 0 -1 0
    outer loop
      vertex 14 -17 0
      vertex 5.9 -17 10
      vertex 1.76777 -17 8.23223
    endloop
  endfacet
  facet normal 0 -1 0
    outer loop
      vertex 5.9 -17 10
      vertex 14 -17 0
      vertex 9.1 -17 10
    endloop
  endfacet
  facet normal 0 -1 0
    outer loop
      vertex 14 -17 0
      vertex 1.76777 -17 8.23223
      vertex 1.5219 -17 8.01662
    endloop
  endfacet
  facet normal 0 -1 0
    outer loop
      vertex 14 -17 0
      vertex 1.5219 -17 8.01662
      vertex 1.25 -17 7.83494
    endloop
  endfacet
  facet normal 0 -1 0
    outer loop
      vertex 14 -17 0
      vertex 1.25 -17 7.83494
      vertex 0.956708 -17 7.6903
    endloop
  endfacet
  facet normal 0 -1 0
    outer loop
      vertex 14 -17 0
      vertex 0.956708 -17 7.6903
      vertex 0.647047 -17 7.58519
    endloop
  endfacet
  facet normal 0 -1 0
    outer loop
      vertex 14 -17 0
      vertex 0 -17 7.5
      vertex -14 -17 0
    endloop
  endfacet
  facet normal 0 -1 0
    outer loop
      vertex 0 -17 7.5
      vertex 14 -17 0
      vertex 0.326315 -17 7.52139
    endloop
  endfacet
  facet normal 0 -1 0
    outer loop
      vertex 0.326315 -17 7.52139
      vertex 14 -17 0
      vertex 0.647047 -17 7.58519
    endloop
  endfacet
  facet normal 0 -1 0
    outer loop
      vertex 10.9 -17 10
      vertex 14 -17 0
      vertex 14 -17 15
    endloop
  endfacet
  facet normal 0 -1 0
    outer loop
      vertex 9.1 -17 10
      vertex 14 -17 0
      vertex 10.9 -17 10
    endloop
  endfacet
  facet normal 0.0654873 0.997853 -0
    outer loop
      vertex 14.3916 16.9743 0
      vertex 14 17 15
      vertex 14.3916 16.9743 15
    endloop
  endfacet
  facet normal 0.0654873 0.997853 0
    outer loop
      vertex 14 17 15
      vertex 14.3916 16.9743 0
      vertex 14 17 0
    endloop
  endfacet
  facet normal 0 1 -0
    outer loop
      vertex 14 17 0
      vertex -14 17 15
      vertex 14 17 15
    endloop
  endfacet
  facet normal 0 1 0
    outer loop
      vertex -14 17 15
      vertex 14 17 0
      vertex -14 17 0
    endloop
  endfacet
  facet normal 1 0 0
    outer loop
      vertex 17 -9.9 15
      vertex 17 -14 15
      vertex 17 -9.9 11
    endloop
  endfacet
  facet normal 1 0 0
    outer loop
      vertex 17 -4.9 15
      vertex 17 -8.1 15
      vertex 17 -4.9 11
    endloop
  endfacet
  facet normal 1 0 0
    outer loop
      vertex 17 0.0999994 15
      vertex 17 -3.1 15
      vertex 17 0.0999994 11
    endloop
  endfacet
  facet normal 1 0 0
    outer loop
      vertex 17 5.1 15
      vertex 17 1.9 15
      vertex 17 5.1 11
    endloop
  endfacet
  facet normal 1 0 0
    outer loop
      vertex 17 6.9 11
      vertex 17 14 15
      vertex 17 6.9 15
    endloop
  endfacet
  facet normal 1 0 0
    outer loop
      vertex 17 14 15
      vertex 17 6.9 11
      vertex 17 14 0
    endloop
  endfacet
  facet normal 1 -0 0
    outer loop
      vertex 17 5.1 11
      vertex 17 14 0
      vertex 17 6.9 11
    endloop
  endfacet
  facet normal 1 0 0
    outer loop
      vertex 17 1.9 11
      vertex 17 5.1 11
      vertex 17 1.9 15
    endloop
  endfacet
  facet normal 1 -0 0
    outer loop
      vertex 17 1.9 11
      vertex 17 14 0
      vertex 17 5.1 11
    endloop
  endfacet
  facet normal 1 -0 0
    outer loop
      vertex 17 0.0999994 11
      vertex 17 14 0
      vertex 17 1.9 11
    endloop
  endfacet
  facet normal 1 0 0
    outer loop
      vertex 17 -3.1 11
      vertex 17 0.0999994 11
      vertex 17 -3.1 15
    endloop
  endfacet
  facet normal 1 0 0
    outer loop
      vertex 17 -14 0
      vertex 17 0.0999994 11
      vertex 17 -3.1 11
    endloop
  endfacet
  facet normal 1 0 0
    outer loop
      vertex 17 -14 0
      vertex 17 -3.1 11
      vertex 17 -4.9 11
    endloop
  endfacet
  facet normal 1 0 0
    outer loop
      vertex 17 -8.1 11
      vertex 17 -4.9 11
      vertex 17 -8.1 15
    endloop
  endfacet
  facet normal 1 0 0
    outer loop
      vertex 17 -14 0
      vertex 17 -4.9 11
      vertex 17 -8.1 11
    endloop
  endfacet
  facet normal 1 0 0
    outer loop
      vertex 17 -14 0
      vertex 17 -8.1 11
      vertex 17 -9.9 11
    endloop
  endfacet
  facet normal 1 0 0
    outer loop
      vertex 17 0.0999994 11
      vertex 17 -14 0
      vertex 17 14 0
    endloop
  endfacet
  facet normal 1 0 0
    outer loop
      vertex 17 -14 0
      vertex 17 -9.9 11
      vertex 17 -14 15
    endloop
  endfacet
  facet normal 0.831501 -0.555523 0
    outer loop
      vertex 16.3801 -15.8263 15
      vertex 16.5981 -15.5 0
      vertex 16.5981 -15.5 15
    endloop
  endfacet
  facet normal 0.831501 -0.555523 0
    outer loop
      vertex 16.5981 -15.5 0
      vertex 16.3801 -15.8263 15
      vertex 16.3801 -15.8263 0
    endloop
  endfacet
  facet normal -0.751724 0.659478 0
    outer loop
      vertex -16.3801 15.8263 0
      vertex -16.1213 16.1213 15
      vertex -16.1213 16.1213 0
    endloop
  endfacet
  facet normal -0.751724 0.659478 0
    outer loop
      vertex -16.1213 16.1213 15
      vertex -16.3801 15.8263 0
      vertex -16.3801 15.8263 15
    endloop
  endfacet
  facet normal 0 0 -1
    outer loop
      vertex 14 -17 0
      vertex 17 -14 0
      vertex 16.9743 -14.3916 0
    endloop
  endfacet
  facet normal -0 0 -1
    outer loop
      vertex 17 -14 0
      vertex 14 -17 0
      vertex 17 14 0
    endloop
  endfacet
  facet normal 0 0 -1
    outer loop
      vertex 14 -17 0
      vertex 16.9743 -14.3916 0
      vertex 16.8978 -14.7765 0
    endloop
  endfacet
  facet normal 0 0 -1
    outer loop
      vertex 14 17 0
      vertex 17 14 0
      vertex 14 -17 0
    endloop
  endfacet
  facet normal 0 0 -1
    outer loop
      vertex 14 -17 0
      vertex 16.8978 -14.7765 0
      vertex 16.7716 -15.1481 0
    endloop
  endfacet
  facet normal 0 0 -1
    outer loop
      vertex 17 14 0
      vertex 14 17 0
      vertex 16.9743 14.3916 0
    endloop
  endfacet
  facet normal 0 0 -1
    outer loop
      vertex 14 -17 0
      vertex 16.7716 -15.1481 0
      vertex 16.5981 -15.5 0
    endloop
  endfacet
  facet normal 0 0 -1
    outer loop
      vertex 16.9743 14.3916 0
      vertex 14 17 0
      vertex 16.8978 14.7765 0
    endloop
  endfacet
  facet normal 0 0 -1
    outer loop
      vertex 14 -17 0
      vertex 16.5981 -15.5 0
      vertex 16.3801 -15.8263 0
    endloop
  endfacet
  facet normal 0 0 -1
    outer loop
      vertex 16.8978 14.7765 0
      vertex 14 17 0
      vertex 16.7716 15.1481 0
    endloop
  endfacet
  facet normal 0 0 -1
    outer loop
      vertex 14 -17 0
      vertex 16.3801 -15.8263 0
      vertex 16.1213 -16.1213 0
    endloop
  endfacet
  facet normal 0 0 -1
    outer loop
      vertex 16.7716 15.1481 0
      vertex 14 17 0
      vertex 16.5981 15.5 0
    endloop
  endfacet
  facet normal 0 0 -1
    outer loop
      vertex 14 -17 0
      vertex 16.1213 -16.1213 0
      vertex 15.8263 -16.3801 0
    endloop
  endfacet
  facet normal 0 0 -1
    outer loop
      vertex 16.5981 15.5 0
      vertex 14 17 0
      vertex 16.3801 15.8263 0
    endloop
  endfacet
  facet normal 0 0 -1
    outer loop
      vertex 14 -17 0
      vertex 15.8263 -16.3801 0
      vertex 15.5 -16.5981 0
    endloop
  endfacet
  facet normal 0 0 -1
    outer loop
      vertex 16.3801 15.8263 0
      vertex 14 17 0
      vertex 16.1213 16.1213 0
    endloop
  endfacet
  facet normal 0 0 -1
    outer loop
      vertex 14 -17 0
      vertex 15.5 -16.5981 0
      vertex 15.1481 -16.7716 0
    endloop
  endfacet
  facet normal 0 0 -1
    outer loop
      vertex 16.1213 16.1213 0
      vertex 14 17 0
      vertex 15.8263 16.3801 0
    endloop
  endfacet
  facet normal 0 0 -1
    outer loop
      vertex 14 -17 0
      vertex 15.1481 -16.7716 0
      vertex 14.7765 -16.8978 0
    endloop
  endfacet
  facet normal 0 0 -1
    outer loop
      vertex 15.8263 16.3801 0
      vertex 14 17 0
      vertex 15.5 16.5981 0
    endloop
  endfacet
  facet normal 0 0 -1
    outer loop
      vertex 14 -17 0
      vertex 14.7765 -16.8978 0
      vertex 14.3916 -16.9743 0
    endloop
  endfacet
  facet normal 0 0 -1
    outer loop
      vertex 15.5 16.5981 0
      vertex 14 17 0
      vertex 15.1481 16.7716 0
    endloop
  endfacet
  facet normal 0 0 -1
    outer loop
      vertex 15.1481 16.7716 0
      vertex 14 17 0
      vertex 14.7765 16.8978 0
    endloop
  endfacet
  facet normal 0 0 -1
    outer loop
      vertex 14.7765 16.8978 0
      vertex 14 17 0
      vertex 14.3916 16.9743 0
    endloop
  endfacet
  facet normal 0 0 -1
    outer loop
      vertex -14 -17 0
      vertex 14 17 0
      vertex 14 -17 0
    endloop
  endfacet
  facet normal 0 0 -1
    outer loop
      vertex -14 -17 0
      vertex -14 17 0
      vertex 14 17 0
    endloop
  endfacet
  facet normal 0 0 -1
    outer loop
      vertex -17 -14 0
      vertex -14 -17 0
      vertex -14.3916 -16.9743 0
    endloop
  endfacet
  facet normal 0 0 -1
    outer loop
      vertex -14 -17 0
      vertex -17 -14 0
      vertex -14 17 0
    endloop
  endfacet
  facet normal 0 0 -1
    outer loop
      vertex -17 -14 0
      vertex -14.3916 -16.9743 0
      vertex -14.7765 -16.8978 0
    endloop
  endfacet
  facet normal 0 0 -1
    outer loop
      vertex -17 14 0
      vertex -14 17 0
      vertex -17 -14 0
    endloop
  endfacet
  facet normal 0 0 -1
    outer loop
      vertex -17 -14 0
      vertex -14.7765 -16.8978 0
      vertex -15.1481 -16.7716 0
    endloop
  endfacet
  facet normal 0 0 -1
    outer loop
      vertex -14 17 0
      vertex -17 14 0
      vertex -14.3916 16.9743 0
    endloop
  endfacet
  facet normal 0 0 -1
    outer loop
      vertex -17 -14 0
      vertex -15.1481 -16.7716 0
      vertex -15.5 -16.5981 0
    endloop
  endfacet
  facet normal 0 0 -1
    outer loop
      vertex -14.3916 16.9743 0
      vertex -17 14 0
      vertex -14.7765 16.8978 0
    endloop
  endfacet
  facet normal 0 0 -1
    outer loop
      vertex -17 -14 0
      vertex -15.5 -16.5981 0
      vertex -15.8263 -16.3801 0
    endloop
  endfacet
  facet normal 0 0 -1
    outer loop
      vertex -14.7765 16.8978 0
      vertex -17 14 0
      vertex -15.1481 16.7716 0
    endloop
  endfacet
  facet normal 0 0 -1
    outer loop
      vertex -17 -14 0
      vertex -15.8263 -16.3801 0
      vertex -16.1213 -16.1213 0
    endloop
  endfacet
  facet normal 0 0 -1
    outer loop
      vertex -15.1481 16.7716 0
      vertex -17 14 0
      vertex -15.5 16.5981 0
    endloop
  endfacet
  facet normal 0 0 -1
    outer loop
      vertex -17 -14 0
      vertex -16.1213 -16.1213 0
      vertex -16.3801 -15.8263 0
    endloop
  endfacet
  facet normal 0 0 -1
    outer loop
      vertex -15.5 16.5981 0
      vertex -17 14 0
      vertex -15.8263 16.3801 0
    endloop
  endfacet
  facet normal 0 0 -1
    outer loop
      vertex -17 -14 0
      vertex -16.3801 -15.8263 0
      vertex -16.5981 -15.5 0
    endloop
  endfacet
  facet normal 0 0 -1
    outer loop
      vertex -15.8263 16.3801 0
      vertex -17 14 0
      vertex -16.1213 16.1213 0
    endloop
  endfacet
  facet normal 0 0 -1
    outer loop
      vertex -17 -14 0
      vertex -16.5981 -15.5 0
      vertex -16.7716 -15.1481 0
    endloop
  endfacet
  facet normal 0 0 -1
    outer loop
      vertex -16.1213 16.1213 0
      vertex -17 14 0
      vertex -16.3801 15.8263 0
    endloop
  endfacet
  facet normal 0 0 -1
    outer loop
      vertex -17 -14 0
      vertex -16.7716 -15.1481 0
      vertex -16.8978 -14.7765 0
    endloop
  endfacet
  facet normal 0 0 -1
    outer loop
      vertex -16.3801 15.8263 0
      vertex -17 14 0
      vertex -16.5981 15.5 0
    endloop
  endfacet
  facet normal 0 0 -1
    outer loop
      vertex -17 -14 0
      vertex -16.8978 -14.7765 0
      vertex -16.9743 -14.3916 0
    endloop
  endfacet
  facet normal 0 0 -1
    outer loop
      vertex -16.5981 15.5 0
      vertex -17 14 0
      vertex -16.7716 15.1481 0
    endloop
  endfacet
  facet normal 0 0 -1
    outer loop
      vertex -16.7716 15.1481 0
      vertex -17 14 0
      vertex -16.8978 14.7765 0
    endloop
  endfacet
  facet normal 0 0 -1
    outer loop
      vertex -16.8978 14.7765 0
      vertex -17 14 0
      vertex -16.9743 14.3916 0
    endloop
  endfacet
  facet normal -0.751724 -0.659478 0
    outer loop
      vertex -16.1213 -16.1213 0
      vertex -16.3801 -15.8263 15
      vertex -16.3801 -15.8263 0
    endloop
  endfacet
  facet normal -0.751724 -0.659478 0
    outer loop
      vertex -16.3801 -15.8263 15
      vertex -16.1213 -16.1213 0
      vertex -16.1213 -16.1213 15
    endloop
  endfacet
  facet normal 0.442211 0.896911 -0
    outer loop
      vertex 15.5 16.5981 0
      vertex 15.1481 16.7716 15
      vertex 15.5 16.5981 15
    endloop
  endfacet
  facet normal 0.442211 0.896911 0
    outer loop
      vertex 15.1481 16.7716 15
      vertex 15.5 16.5981 0
      vertex 15.1481 16.7716 0
    endloop
  endfacet
  facet normal 0.321574 0.946885 -0
    outer loop
      vertex 15.1481 16.7716 0
      vertex 14.7765 16.8978 15
      vertex 15.1481 16.7716 15
    endloop
  endfacet
  facet normal 0.321574 0.946885 0
    outer loop
      vertex 14.7765 16.8978 15
      vertex 15.1481 16.7716 0
      vertex 14.7765 16.8978 0
    endloop
  endfacet
  facet normal -0.0654873 0.997853 0
    outer loop
      vertex -14 17 0
      vertex -14.3916 16.9743 15
      vertex -14 17 15
    endloop
  endfacet
  facet normal -0.0654873 0.997853 0
    outer loop
      vertex -14.3916 16.9743 15
      vertex -14 17 0
      vertex -14.3916 16.9743 0
    endloop
  endfacet
  facet normal -0.442211 0.896911 0
    outer loop
      vertex -15.1481 16.7716 0
      vertex -15.5 16.5981 15
      vertex -15.1481 16.7716 15
    endloop
  endfacet
  facet normal -0.442211 0.896911 0
    outer loop
      vertex -15.5 16.5981 15
      vertex -15.1481 16.7716 0
      vertex -15.5 16.5981 0
    endloop
  endfacet
  facet normal -0.321574 0.946885 0
    outer loop
      vertex -14.7765 16.8978 0
      vertex -15.1481 16.7716 15
      vertex -14.7765 16.8978 15
    endloop
  endfacet
  facet normal -0.321574 0.946885 0
    outer loop
      vertex -15.1481 16.7716 15
      vertex -14.7765 16.8978 0
      vertex -15.1481 16.7716 0
    endloop
  endfacet
  facet normal -0.946885 0.321574 0
    outer loop
      vertex -16.8978 14.7765 0
      vertex -16.7716 15.1481 15
      vertex -16.7716 15.1481 0
    endloop
  endfacet
  facet normal -0.946885 0.321574 0
    outer loop
      vertex -16.7716 15.1481 15
      vertex -16.8978 14.7765 0
      vertex -16.8978 14.7765 15
    endloop
  endfacet
  facet normal -0.980815 0.19494 0
    outer loop
      vertex -16.9743 14.3916 0
      vertex -16.8978 14.7765 15
      vertex -16.8978 14.7765 0
    endloop
  endfacet
  facet normal -0.980815 0.19494 0
    outer loop
      vertex -16.8978 14.7765 15
      vertex -16.9743 14.3916 0
      vertex -16.9743 14.3916 15
    endloop
  endfacet
  facet normal -0.831501 0.555523 0
    outer loop
      vertex -16.5981 15.5 0
      vertex -16.3801 15.8263 15
      vertex -16.3801 15.8263 0
    endloop
  endfacet
  facet normal -0.831501 0.555523 0
    outer loop
      vertex -16.3801 15.8263 15
      vertex -16.5981 15.5 0
      vertex -16.5981 15.5 15
    endloop
  endfacet
  facet normal -0.997853 -0.0654873 0
    outer loop
      vertex -16.9743 -14.3916 0
      vertex -17 -14 15
      vertex -17 -14 0
    endloop
  endfacet
  facet normal -0.997853 -0.0654873 0
    outer loop
      vertex -17 -14 15
      vertex -16.9743 -14.3916 0
      vertex -16.9743 -14.3916 15
    endloop
  endfacet
  facet normal -0.659478 -0.751724 0
    outer loop
      vertex -16.1213 -16.1213 0
      vertex -15.8263 -16.3801 15
      vertex -16.1213 -16.1213 15
    endloop
  endfacet
  facet normal -0.659478 -0.751724 -0
    outer loop
      vertex -15.8263 -16.3801 15
      vertex -16.1213 -16.1213 0
      vertex -15.8263 -16.3801 0
    endloop
  endfacet
  facet normal -0.19494 -0.980815 0
    outer loop
      vertex -14.7765 -16.8978 0
      vertex -14.3916 -16.9743 15
      vertex -14.7765 -16.8978 15
    endloop
  endfacet
  facet normal -0.19494 -0.980815 -0
    outer loop
      vertex -14.3916 -16.9743 15
      vertex -14.7765 -16.8978 0
      vertex -14.3916 -16.9743 0
    endloop
  endfacet
  facet normal -0.442211 -0.896911 0
    outer loop
      vertex -15.5 -16.5981 0
      vertex -15.1481 -16.7716 15
      vertex -15.5 -16.5981 15
    endloop
  endfacet
  facet normal -0.442211 -0.896911 -0
    outer loop
      vertex -15.1481 -16.7716 15
      vertex -15.5 -16.5981 0
      vertex -15.1481 -16.7716 0
    endloop
  endfacet
  facet normal 0.555523 0.831501 -0
    outer loop
      vertex 15.8263 16.3801 0
      vertex 15.5 16.5981 15
      vertex 15.8263 16.3801 15
    endloop
  endfacet
  facet normal 0.555523 0.831501 0
    outer loop
      vertex 15.5 16.5981 15
      vertex 15.8263 16.3801 0
      vertex 15.5 16.5981 0
    endloop
  endfacet
  facet normal 0.659478 0.751724 -0
    outer loop
      vertex 16.1213 16.1213 0
      vertex 15.8263 16.3801 15
      vertex 16.1213 16.1213 15
    endloop
  endfacet
  facet normal 0.659478 0.751724 0
    outer loop
      vertex 15.8263 16.3801 15
      vertex 16.1213 16.1213 0
      vertex 15.8263 16.3801 0
    endloop
  endfacet
  facet normal 0.19494 0.980815 -0
    outer loop
      vertex 14.7765 16.8978 0
      vertex 14.3916 16.9743 15
      vertex 14.7765 16.8978 15
    endloop
  endfacet
  facet normal 0.19494 0.980815 0
    outer loop
      vertex 14.3916 16.9743 15
      vertex 14.7765 16.8978 0
      vertex 14.3916 16.9743 0
    endloop
  endfacet
  facet normal 0.946885 0.321574 0
    outer loop
      vertex 16.8978 14.7765 15
      vertex 16.7716 15.1481 0
      vertex 16.7716 15.1481 15
    endloop
  endfacet
  facet normal 0.946885 0.321574 0
    outer loop
      vertex 16.7716 15.1481 0
      vertex 16.8978 14.7765 15
      vertex 16.8978 14.7765 0
    endloop
  endfacet
  facet normal 0.980815 0.19494 0
    outer loop
      vertex 16.9743 14.3916 15
      vertex 16.8978 14.7765 0
      vertex 16.8978 14.7765 15
    endloop
  endfacet
  facet normal 0.980815 0.19494 0
    outer loop
      vertex 16.8978 14.7765 0
      vertex 16.9743 14.3916 15
      vertex 16.9743 14.3916 0
    endloop
  endfacet
  facet normal 0.896911 0.442211 0
    outer loop
      vertex 16.7716 15.1481 15
      vertex 16.5981 15.5 0
      vertex 16.5981 15.5 15
    endloop
  endfacet
  facet normal 0.896911 0.442211 0
    outer loop
      vertex 16.5981 15.5 0
      vertex 16.7716 15.1481 15
      vertex 16.7716 15.1481 0
    endloop
  endfacet
  facet normal 0.896911 -0.442211 0
    outer loop
      vertex 16.5981 -15.5 15
      vertex 16.7716 -15.1481 0
      vertex 16.7716 -15.1481 15
    endloop
  endfacet
  facet normal 0.896911 -0.442211 0
    outer loop
      vertex 16.7716 -15.1481 0
      vertex 16.5981 -15.5 15
      vertex 16.5981 -15.5 0
    endloop
  endfacet
  facet normal 0.980815 -0.19494 0
    outer loop
      vertex 16.8978 -14.7765 15
      vertex 16.9743 -14.3916 0
      vertex 16.9743 -14.3916 15
    endloop
  endfacet
  facet normal 0.980815 -0.19494 0
    outer loop
      vertex 16.9743 -14.3916 0
      vertex 16.8978 -14.7765 15
      vertex 16.8978 -14.7765 0
    endloop
  endfacet
  facet normal 0.751724 -0.659478 0
    outer loop
      vertex 16.1213 -16.1213 15
      vertex 16.3801 -15.8263 0
      vertex 16.3801 -15.8263 15
    endloop
  endfacet
  facet normal 0.751724 -0.659478 0
    outer loop
      vertex 16.3801 -15.8263 0
      vertex 16.1213 -16.1213 15
      vertex 16.1213 -16.1213 0
    endloop
  endfacet
  facet normal 0.442211 -0.896911 0
    outer loop
      vertex 15.1481 -16.7716 0
      vertex 15.5 -16.5981 15
      vertex 15.1481 -16.7716 15
    endloop
  endfacet
  facet normal 0.442211 -0.896911 0
    outer loop
      vertex 15.5 -16.5981 15
      vertex 15.1481 -16.7716 0
      vertex 15.5 -16.5981 0
    endloop
  endfacet
  facet normal -0.659478 0.751724 0
    outer loop
      vertex -15.8263 16.3801 0
      vertex -16.1213 16.1213 15
      vertex -15.8263 16.3801 15
    endloop
  endfacet
  facet normal -0.659478 0.751724 0
    outer loop
      vertex -16.1213 16.1213 15
      vertex -15.8263 16.3801 0
      vertex -16.1213 16.1213 0
    endloop
  endfacet
  facet normal -0.555523 0.831501 0
    outer loop
      vertex -15.5 16.5981 0
      vertex -15.8263 16.3801 15
      vertex -15.5 16.5981 15
    endloop
  endfacet
  facet normal -0.555523 0.831501 0
    outer loop
      vertex -15.8263 16.3801 15
      vertex -15.5 16.5981 0
      vertex -15.8263 16.3801 0
    endloop
  endfacet
  facet normal -0.896911 0.442211 0
    outer loop
      vertex -16.7716 15.1481 0
      vertex -16.5981 15.5 15
      vertex -16.5981 15.5 0
    endloop
  endfacet
  facet normal -0.896911 0.442211 0
    outer loop
      vertex -16.5981 15.5 15
      vertex -16.7716 15.1481 0
      vertex -16.7716 15.1481 15
    endloop
  endfacet
  facet normal -0.980815 -0.19494 0
    outer loop
      vertex -16.8978 -14.7765 0
      vertex -16.9743 -14.3916 15
      vertex -16.9743 -14.3916 0
    endloop
  endfacet
  facet normal -0.980815 -0.19494 0
    outer loop
      vertex -16.9743 -14.3916 15
      vertex -16.8978 -14.7765 0
      vertex -16.8978 -14.7765 15
    endloop
  endfacet
  facet normal -0.946885 -0.321574 0
    outer loop
      vertex -16.7716 -15.1481 0
      vertex -16.8978 -14.7765 15
      vertex -16.8978 -14.7765 0
    endloop
  endfacet
  facet normal -0.946885 -0.321574 0
    outer loop
      vertex -16.8978 -14.7765 15
      vertex -16.7716 -15.1481 0
      vertex -16.7716 -15.1481 15
    endloop
  endfacet
  facet normal -0.831501 -0.555523 0
    outer loop
      vertex -16.3801 -15.8263 0
      vertex -16.5981 -15.5 15
      vertex -16.5981 -15.5 0
    endloop
  endfacet
  facet normal -0.831501 -0.555523 0
    outer loop
      vertex -16.5981 -15.5 15
      vertex -16.3801 -15.8263 0
      vertex -16.3801 -15.8263 15
    endloop
  endfacet
  facet normal -0.555523 -0.831501 0
    outer loop
      vertex -15.8263 -16.3801 0
      vertex -15.5 -16.5981 15
      vertex -15.8263 -16.3801 15
    endloop
  endfacet
  facet normal -0.555523 -0.831501 -0
    outer loop
      vertex -15.5 -16.5981 15
      vertex -15.8263 -16.3801 0
      vertex -15.5 -16.5981 0
    endloop
  endfacet
  facet normal -0.0654873 -0.997853 0
    outer loop
      vertex -14.3916 -16.9743 0
      vertex -14 -17 15
      vertex -14.3916 -16.9743 15
    endloop
  endfacet
  facet normal -0.0654873 -0.997853 -0
    outer loop
      vertex -14 -17 15
      vertex -14.3916 -16.9743 0
      vertex -14 -17 0
    endloop
  endfacet
  facet normal -0.321574 -0.946885 0
    outer loop
      vertex -15.1481 -16.7716 0
      vertex -14.7765 -16.8978 15
      vertex -15.1481 -16.7716 15
    endloop
  endfacet
  facet normal -0.321574 -0.946885 -0
    outer loop
      vertex -14.7765 -16.8978 15
      vertex -15.1481 -16.7716 0
      vertex -14.7765 -16.8978 0
    endloop
  endfacet
  facet normal 0.831501 0.555523 0
    outer loop
      vertex 16.5981 15.5 15
      vertex 16.3801 15.8263 0
      vertex 16.3801 15.8263 15
    endloop
  endfacet
  facet normal 0.831501 0.555523 0
    outer loop
      vertex 16.3801 15.8263 0
      vertex 16.5981 15.5 15
      vertex 16.5981 15.5 0
    endloop
  endfacet
  facet normal 0.946885 -0.321574 0
    outer loop
      vertex 16.7716 -15.1481 15
      vertex 16.8978 -14.7765 0
      vertex 16.8978 -14.7765 15
    endloop
  endfacet
  facet normal 0.946885 -0.321574 0
    outer loop
      vertex 16.8978 -14.7765 0
      vertex 16.7716 -15.1481 15
      vertex 16.7716 -15.1481 0
    endloop
  endfacet
  facet normal 0.555523 -0.831501 0
    outer loop
      vertex 15.5 -16.5981 0
      vertex 15.8263 -16.3801 15
      vertex 15.5 -16.5981 15
    endloop
  endfacet
  facet normal 0.555523 -0.831501 0
    outer loop
      vertex 15.8263 -16.3801 15
      vertex 15.5 -16.5981 0
      vertex 15.8263 -16.3801 0
    endloop
  endfacet
  facet normal 0.659478 -0.751724 0
    outer loop
      vertex 15.8263 -16.3801 0
      vertex 16.1213 -16.1213 15
      vertex 15.8263 -16.3801 15
    endloop
  endfacet
  facet normal 0.659478 -0.751724 0
    outer loop
      vertex 16.1213 -16.1213 15
      vertex 15.8263 -16.3801 0
      vertex 16.1213 -16.1213 0
    endloop
  endfacet
  facet normal -0.896911 -0.442211 0
    outer loop
      vertex -16.5981 -15.5 0
      vertex -16.7716 -15.1481 15
      vertex -16.7716 -15.1481 0
    endloop
  endfacet
  facet normal -0.896911 -0.442211 0
    outer loop
      vertex -16.7716 -15.1481 15
      vertex -16.5981 -15.5 0
      vertex -16.5981 -15.5 15
    endloop
  endfacet
  facet normal 0.997853 0.0654873 0
    outer loop
      vertex 17 14 15
      vertex 16.9743 14.3916 0
      vertex 16.9743 14.3916 15
    endloop
  endfacet
  facet normal 0.997853 0.0654873 0
    outer loop
      vertex 16.9743 14.3916 0
      vertex 17 14 15
      vertex 17 14 0
    endloop
  endfacet
  facet normal 0 1 0
    outer loop
      vertex 13.5 -15 15
      vertex 0 -15 12.5
      vertex -13.5 -15 15
    endloop
  endfacet
  facet normal 0 1 0
    outer loop
      vertex 13.5 -15 15
      vertex 0.326315 -15 12.4786
      vertex 0 -15 12.5
    endloop
  endfacet
  facet normal 0 1 0
    outer loop
      vertex 13.5 -15 15
      vertex 0.647047 -15 12.4148
      vertex 0.326315 -15 12.4786
    endloop
  endfacet
  facet normal 0 1 0
    outer loop
      vertex 13.5 -15 15
      vertex 0.956708 -15 12.3097
      vertex 0.647047 -15 12.4148
    endloop
  endfacet
  facet normal 0 1 0
    outer loop
      vertex 13.5 -15 15
      vertex 1.25 -15 12.1651
      vertex 0.956708 -15 12.3097
    endloop
  endfacet
  facet normal 0 1 0
    outer loop
      vertex 13.5 -15 15
      vertex 1.5219 -15 11.9834
      vertex 1.25 -15 12.1651
    endloop
  endfacet
  facet normal 0 1 0
    outer loop
      vertex 13.5 -15 15
      vertex 1.76777 -15 11.7678
      vertex 1.5219 -15 11.9834
    endloop
  endfacet
  facet normal 0 1 0
    outer loop
      vertex 13.5 -15 15
      vertex 1.98338 -15 11.5219
      vertex 1.76777 -15 11.7678
    endloop
  endfacet
  facet normal 0 1 0
    outer loop
      vertex 13.5 -15 15
      vertex 2.16506 -15 11.25
      vertex 1.98338 -15 11.5219
    endloop
  endfacet
  facet normal 0 1 0
    outer loop
      vertex 13.5 -15 15
      vertex 2.3097 -15 10.9567
      vertex 2.16506 -15 11.25
    endloop
  endfacet
  facet normal 0 1 0
    outer loop
      vertex 13.5 -15 15
      vertex 2.41481 -15 10.647
      vertex 2.3097 -15 10.9567
    endloop
  endfacet
  facet normal 0 1 0
    outer loop
      vertex 13.5 -15 15
      vertex 2.47861 -15 10.3263
      vertex 2.41481 -15 10.647
    endloop
  endfacet
  facet normal 0 1 0
    outer loop
      vertex 13.5 -15 15
      vertex 2.5 -15 10
      vertex 2.47861 -15 10.3263
    endloop
  endfacet
  facet normal 0 1 0
    outer loop
      vertex 13.5 -15 15
      vertex 2.47861 -15 9.67368
      vertex 2.5 -15 10
    endloop
  endfacet
  facet normal 0 1 -0
    outer loop
      vertex 13.5 -15 2
      vertex 2.47861 -15 9.67368
      vertex 13.5 -15 15
    endloop
  endfacet
  facet normal 0 1 0
    outer loop
      vertex 2.47861 -15 9.67368
      vertex 13.5 -15 2
      vertex 2.41481 -15 9.35295
    endloop
  endfacet
  facet normal 0 1 0
    outer loop
      vertex 2.41481 -15 9.35295
      vertex 13.5 -15 2
      vertex 2.3097 -15 9.04329
    endloop
  endfacet
  facet normal 0 1 0
    outer loop
      vertex 2.3097 -15 9.04329
      vertex 13.5 -15 2
      vertex 2.16506 -15 8.75
    endloop
  endfacet
  facet normal 0 1 0
    outer loop
      vertex 2.16506 -15 8.75
      vertex 13.5 -15 2
      vertex 1.98338 -15 8.4781
    endloop
  endfacet
  facet normal 0 1 0
    outer loop
      vertex 1.98338 -15 8.4781
      vertex 13.5 -15 2
      vertex 1.76777 -15 8.23223
    endloop
  endfacet
  facet normal 0 1 0
    outer loop
      vertex 1.76777 -15 8.23223
      vertex 13.5 -15 2
      vertex 1.5219 -15 8.01662
    endloop
  endfacet
  facet normal 0 1 0
    outer loop
      vertex 0.326315 -15 7.52139
      vertex 13.5 -15 2
      vertex 0 -15 7.5
    endloop
  endfacet
  facet normal 0 1 0
    outer loop
      vertex 0.647047 -15 7.58519
      vertex 13.5 -15 2
      vertex 0.326315 -15 7.52139
    endloop
  endfacet
  facet normal 0 1 0
    outer loop
      vertex 0.956708 -15 7.6903
      vertex 13.5 -15 2
      vertex 0.647047 -15 7.58519
    endloop
  endfacet
  facet normal 0 1 0
    outer loop
      vertex 1.25 -15 7.83494
      vertex 13.5 -15 2
      vertex 0.956708 -15 7.6903
    endloop
  endfacet
  facet normal 0 1 0
    outer loop
      vertex 1.5219 -15 8.01662
      vertex 13.5 -15 2
      vertex 1.25 -15 7.83494
    endloop
  endfacet
  facet normal 0 1 -0
    outer loop
      vertex -0.326315 -15 12.4786
      vertex -13.5 -15 15
      vertex 0 -15 12.5
    endloop
  endfacet
  facet normal 0 1 -0
    outer loop
      vertex -0.647047 -15 12.4148
      vertex -13.5 -15 15
      vertex -0.326315 -15 12.4786
    endloop
  endfacet
  facet normal 0 1 -0
    outer loop
      vertex -0.956708 -15 12.3097
      vertex -13.5 -15 15
      vertex -0.647047 -15 12.4148
    endloop
  endfacet
  facet normal 0 1 -0
    outer loop
      vertex -1.25 -15 12.1651
      vertex -13.5 -15 15
      vertex -0.956708 -15 12.3097
    endloop
  endfacet
  facet normal 0 1 -0
    outer loop
      vertex -1.5219 -15 11.9834
      vertex -13.5 -15 15
      vertex -1.25 -15 12.1651
    endloop
  endfacet
  facet normal 0 1 -0
    outer loop
      vertex -1.76777 -15 11.7678
      vertex -13.5 -15 15
      vertex -1.5219 -15 11.9834
    endloop
  endfacet
  facet normal 0 1 -0
    outer loop
      vertex -1.98338 -15 11.5219
      vertex -13.5 -15 15
      vertex -1.76777 -15 11.7678
    endloop
  endfacet
  facet normal 0 1 -0
    outer loop
      vertex -2.16506 -15 11.25
      vertex -13.5 -15 15
      vertex -1.98338 -15 11.5219
    endloop
  endfacet
  facet normal 0 1 -0
    outer loop
      vertex -2.3097 -15 10.9567
      vertex -13.5 -15 15
      vertex -2.16506 -15 11.25
    endloop
  endfacet
  facet normal 0 1 -0
    outer loop
      vertex -2.41481 -15 10.647
      vertex -13.5 -15 15
      vertex -2.3097 -15 10.9567
    endloop
  endfacet
  facet normal 0 1 -0
    outer loop
      vertex -2.47861 -15 10.3263
      vertex -13.5 -15 15
      vertex -2.41481 -15 10.647
    endloop
  endfacet
  facet normal 0 1 -0
    outer loop
      vertex -2.5 -15 10
      vertex -13.5 -15 15
      vertex -2.47861 -15 10.3263
    endloop
  endfacet
  facet normal 0 1 0
    outer loop
      vertex -2.47861 -15 9.67368
      vertex -13.5 -15 15
      vertex -2.5 -15 10
    endloop
  endfacet
  facet normal 0 1 0
    outer loop
      vertex -13.5 -15 2
      vertex -2.47861 -15 9.67368
      vertex -2.41481 -15 9.35295
    endloop
  endfacet
  facet normal 0 1 0
    outer loop
      vertex -13.5 -15 2
      vertex -2.41481 -15 9.35295
      vertex -2.3097 -15 9.04329
    endloop
  endfacet
  facet normal 0 1 0
    outer loop
      vertex -13.5 -15 2
      vertex -2.3097 -15 9.04329
      vertex -2.16506 -15 8.75
    endloop
  endfacet
  facet normal 0 1 0
    outer loop
      vertex -13.5 -15 2
      vertex -2.16506 -15 8.75
      vertex -1.98338 -15 8.4781
    endloop
  endfacet
  facet normal 0 1 0
    outer loop
      vertex -13.5 -15 2
      vertex -1.98338 -15 8.4781
      vertex -1.76777 -15 8.23223
    endloop
  endfacet
  facet normal 0 1 0
    outer loop
      vertex -13.5 -15 2
      vertex -1.76777 -15 8.23223
      vertex -1.5219 -15 8.01662
    endloop
  endfacet
  facet normal 0 1 0
    outer loop
      vertex -13.5 -15 2
      vertex -1.5219 -15 8.01662
      vertex -1.25 -15 7.83494
    endloop
  endfacet
  facet normal 0 1 0
    outer loop
      vertex -13.5 -15 2
      vertex 0 -15 7.5
      vertex 13.5 -15 2
    endloop
  endfacet
  facet normal 0 1 0
    outer loop
      vertex 0 -15 7.5
      vertex -13.5 -15 2
      vertex -0.326315 -15 7.52139
    endloop
  endfacet
  facet normal 0 1 0
    outer loop
      vertex -0.326315 -15 7.52139
      vertex -13.5 -15 2
      vertex -0.647047 -15 7.58519
    endloop
  endfacet
  facet normal 0 1 0
    outer loop
      vertex -2.47861 -15 9.67368
      vertex -13.5 -15 2
      vertex -13.5 -15 15
    endloop
  endfacet
  facet normal 0 1 0
    outer loop
      vertex -0.956708 -15 7.6903
      vertex -13.5 -15 2
      vertex -1.25 -15 7.83494
    endloop
  endfacet
  facet normal 0 1 0
    outer loop
      vertex -0.647047 -15 7.58519
      vertex -13.5 -15 2
      vertex -0.956708 -15 7.6903
    endloop
  endfacet
  facet normal -0.0652336 0.99787 0
    outer loop
      vertex 13.6958 -14.9872 2
      vertex 13.5 -15 15
      vertex 13.6958 -14.9872 15
    endloop
  endfacet
  facet normal -0.0652336 0.99787 0
    outer loop
      vertex 13.5 -15 15
      vertex 13.6958 -14.9872 2
      vertex 13.5 -15 2
    endloop
  endfacet
  facet normal -0.195234 0.980757 0
    outer loop
      vertex 13.8882 -14.9489 2
      vertex 13.6958 -14.9872 15
      vertex 13.8882 -14.9489 15
    endloop
  endfacet
  facet normal -0.195234 0.980757 0
    outer loop
      vertex 13.6958 -14.9872 15
      vertex 13.8882 -14.9489 2
      vertex 13.6958 -14.9872 2
    endloop
  endfacet
  facet normal 0.0652336 -0.99787 0
    outer loop
      vertex -13.6958 14.9872 2
      vertex -13.5 15 15
      vertex -13.6958 14.9872 15
    endloop
  endfacet
  facet normal 0.0652336 -0.99787 0
    outer loop
      vertex -13.5 15 15
      vertex -13.6958 14.9872 2
      vertex -13.5 15 2
    endloop
  endfacet
  facet normal -0.0652336 -0.99787 0
    outer loop
      vertex 13.5 15 2
      vertex 13.6958 14.9872 15
      vertex 13.5 15 15
    endloop
  endfacet
  facet normal -0.0652336 -0.99787 -0
    outer loop
      vertex 13.6958 14.9872 15
      vertex 13.5 15 2
      vertex 13.6958 14.9872 2
    endloop
  endfacet
  facet normal 0.752198 0.658937 0
    outer loop
      vertex -14.5607 -14.5607 15
      vertex -14.69 -14.4131 2
      vertex -14.69 -14.4131 15
    endloop
  endfacet
  facet normal 0.752198 0.658937 0
    outer loop
      vertex -14.69 -14.4131 2
      vertex -14.5607 -14.5607 15
      vertex -14.5607 -14.5607 2
    endloop
  endfacet
  facet normal 0 -1 0
    outer loop
      vertex -13.5 15 2
      vertex 13.5 15 15
      vertex -13.5 15 15
    endloop
  endfacet
  facet normal 0 -1 -0
    outer loop
      vertex 13.5 15 15
      vertex -13.5 15 2
      vertex 13.5 15 2
    endloop
  endfacet
  facet normal 0.442315 -0.89686 0
    outer loop
      vertex -14.25 14.799 2
      vertex -14.074 14.8858 15
      vertex -14.25 14.799 15
    endloop
  endfacet
  facet normal 0.442315 -0.89686 0
    outer loop
      vertex -14.074 14.8858 15
      vertex -14.25 14.799 2
      vertex -14.074 14.8858 2
    endloop
  endfacet
  facet normal 0.99787 0.0652336 0
    outer loop
      vertex -14.9872 -13.6958 15
      vertex -15 -13.5 2
      vertex -15 -13.5 15
    endloop
  endfacet
  facet normal 0.99787 0.0652336 0
    outer loop
      vertex -15 -13.5 2
      vertex -14.9872 -13.6958 15
      vertex -14.9872 -13.6958 2
    endloop
  endfacet
  facet normal 1 -0 0
    outer loop
      vertex -15 -13.5 15
      vertex -15 13.5 2
      vertex -15 13.5 15
    endloop
  endfacet
  facet normal 1 0 0
    outer loop
      vertex -15 13.5 2
      vertex -15 -13.5 15
      vertex -15 -13.5 2
    endloop
  endfacet
  facet normal 0.321574 0.946885 -0
    outer loop
      vertex -13.8882 -14.9489 2
      vertex -14.074 -14.8858 15
      vertex -13.8882 -14.9489 15
    endloop
  endfacet
  facet normal 0.321574 0.946885 0
    outer loop
      vertex -14.074 -14.8858 15
      vertex -13.8882 -14.9489 2
      vertex -14.074 -14.8858 2
    endloop
  endfacet
  facet normal 0.555641 0.831422 -0
    outer loop
      vertex -14.25 -14.799 2
      vertex -14.4131 -14.69 15
      vertex -14.25 -14.799 15
    endloop
  endfacet
  facet normal 0.555641 0.831422 0
    outer loop
      vertex -14.4131 -14.69 15
      vertex -14.25 -14.799 2
      vertex -14.4131 -14.69 2
    endloop
  endfacet
  facet normal -1 0 0
    outer loop
      vertex 15 -13.5 2
      vertex 15 13.5 15
      vertex 15 13.5 2
    endloop
  endfacet
  facet normal -1 -0 0
    outer loop
      vertex 15 13.5 15
      vertex 15 -13.5 2
      vertex 15 -13.5 15
    endloop
  endfacet
  facet normal -0.752198 -0.658937 0
    outer loop
      vertex 14.69 14.4131 2
      vertex 14.5607 14.5607 15
      vertex 14.5607 14.5607 2
    endloop
  endfacet
  facet normal -0.752198 -0.658937 0
    outer loop
      vertex 14.5607 14.5607 15
      vertex 14.69 14.4131 2
      vertex 14.69 14.4131 15
    endloop
  endfacet
  facet normal 0.99787 -0.0652336 0
    outer loop
      vertex -15 13.5 15
      vertex -14.9872 13.6958 2
      vertex -14.9872 13.6958 15
    endloop
  endfacet
  facet normal 0.99787 -0.0652336 0
    outer loop
      vertex -14.9872 13.6958 2
      vertex -15 13.5 15
      vertex -15 13.5 2
    endloop
  endfacet
  facet normal 0.0652336 0.99787 -0
    outer loop
      vertex -13.5 -15 2
      vertex -13.6958 -14.9872 15
      vertex -13.5 -15 15
    endloop
  endfacet
  facet normal 0.0652336 0.99787 0
    outer loop
      vertex -13.6958 -14.9872 15
      vertex -13.5 -15 2
      vertex -13.6958 -14.9872 2
    endloop
  endfacet
  facet normal 0.658937 0.752198 -0
    outer loop
      vertex -14.4131 -14.69 2
      vertex -14.5607 -14.5607 15
      vertex -14.4131 -14.69 15
    endloop
  endfacet
  facet normal 0.658937 0.752198 0
    outer loop
      vertex -14.5607 -14.5607 15
      vertex -14.4131 -14.69 2
      vertex -14.5607 -14.5607 2
    endloop
  endfacet
  facet normal -0.555641 0.831422 0
    outer loop
      vertex 14.4131 -14.69 2
      vertex 14.25 -14.799 15
      vertex 14.4131 -14.69 15
    endloop
  endfacet
  facet normal -0.555641 0.831422 0
    outer loop
      vertex 14.25 -14.799 15
      vertex 14.4131 -14.69 2
      vertex 14.25 -14.799 2
    endloop
  endfacet
  facet normal -0.195234 -0.980757 0
    outer loop
      vertex 13.6958 14.9872 2
      vertex 13.8882 14.9489 15
      vertex 13.6958 14.9872 15
    endloop
  endfacet
  facet normal -0.195234 -0.980757 -0
    outer loop
      vertex 13.8882 14.9489 15
      vertex 13.6958 14.9872 2
      vertex 13.8882 14.9489 2
    endloop
  endfacet
  facet normal -0.555641 -0.831422 0
    outer loop
      vertex 14.25 14.799 2
      vertex 14.4131 14.69 15
      vertex 14.25 14.799 15
    endloop
  endfacet
  facet normal -0.555641 -0.831422 -0
    outer loop
      vertex 14.4131 14.69 15
      vertex 14.25 14.799 2
      vertex 14.4131 14.69 2
    endloop
  endfacet
  facet normal -0.442315 -0.89686 0
    outer loop
      vertex 14.074 14.8858 2
      vertex 14.25 14.799 15
      vertex 14.074 14.8858 15
    endloop
  endfacet
  facet normal -0.442315 -0.89686 -0
    outer loop
      vertex 14.25 14.799 15
      vertex 14.074 14.8858 2
      vertex 14.25 14.799 2
    endloop
  endfacet
  facet normal -0.658937 -0.752198 0
    outer loop
      vertex 14.4131 14.69 2
      vertex 14.5607 14.5607 15
      vertex 14.4131 14.69 15
    endloop
  endfacet
  facet normal -0.658937 -0.752198 -0
    outer loop
      vertex 14.5607 14.5607 15
      vertex 14.4131 14.69 2
      vertex 14.5607 14.5607 2
    endloop
  endfacet
  facet normal 0.555641 -0.831422 0
    outer loop
      vertex -14.4131 14.69 2
      vertex -14.25 14.799 15
      vertex -14.4131 14.69 15
    endloop
  endfacet
  facet normal 0.555641 -0.831422 0
    outer loop
      vertex -14.25 14.799 15
      vertex -14.4131 14.69 2
      vertex -14.25 14.799 2
    endloop
  endfacet
  facet normal 0.946885 -0.321574 0
    outer loop
      vertex -14.9489 13.8882 15
      vertex -14.8858 14.074 2
      vertex -14.8858 14.074 15
    endloop
  endfacet
  facet normal 0.946885 -0.321574 0
    outer loop
      vertex -14.8858 14.074 2
      vertex -14.9489 13.8882 15
      vertex -14.9489 13.8882 2
    endloop
  endfacet
  facet normal 0.980757 -0.195234 0
    outer loop
      vertex -14.9872 13.6958 15
      vertex -14.9489 13.8882 2
      vertex -14.9489 13.8882 15
    endloop
  endfacet
  facet normal 0.980757 -0.195234 0
    outer loop
      vertex -14.9489 13.8882 2
      vertex -14.9872 13.6958 15
      vertex -14.9872 13.6958 2
    endloop
  endfacet
  facet normal -0 0 1
    outer loop
      vertex -11.5 7 2
      vertex -9.5 -2 2
      vertex -9.5 7 2
    endloop
  endfacet
  facet normal 0 0 1
    outer loop
      vertex -9.5 -2 2
      vertex -11.5 7 2
      vertex -11.5 -2 2
    endloop
  endfacet
  facet normal -0 0 1
    outer loop
      vertex 11.5 7 2
      vertex 13.5 -2 2
      vertex 13.5 7 2
    endloop
  endfacet
  facet normal 0 0 1
    outer loop
      vertex 13.5 -2 2
      vertex 11.5 7 2
      vertex 11.5 -2 2
    endloop
  endfacet
  facet normal 0 0 1
    outer loop
      vertex 13.5 15 2
      vertex 11.5 12 2
      vertex 13.5 12 2
    endloop
  endfacet
  facet normal 0 0 1
    outer loop
      vertex -9.5 7 2
      vertex 11.5 7 2
      vertex 11.5 12 2
    endloop
  endfacet
  facet normal 0 0 1
    outer loop
      vertex 11.5 7 2
      vertex -9.5 7 2
      vertex 11.5 -2 2
    endloop
  endfacet
  facet normal 0 0 1
    outer loop
      vertex -9.5 7 2
      vertex 11.5 12 2
      vertex -9.5 12 2
    endloop
  endfacet
  facet normal 0 0 1
    outer loop
      vertex 13.5 15 2
      vertex -9.5 12 2
      vertex 11.5 12 2
    endloop
  endfacet
  facet normal -0 0 1
    outer loop
      vertex -13.5 15 2
      vertex -9.5 12 2
      vertex 13.5 15 2
    endloop
  endfacet
  facet normal 0 0 1
    outer loop
      vertex -15 13.5 2
      vertex -11.5 7 2
      vertex -11.5 12 2
    endloop
  endfacet
  facet normal 0 0 1
    outer loop
      vertex -11.5 7 2
      vertex -15 13.5 2
      vertex -11.5 -2 2
    endloop
  endfacet
  facet normal -0 0 1
    outer loop
      vertex -15 13.5 2
      vertex -11.5 12 2
      vertex -13.5 15 2
    endloop
  endfacet
  facet normal 0 0 1
    outer loop
      vertex -9.5 12 2
      vertex -13.5 15 2
      vertex -11.5 12 2
    endloop
  endfacet
  facet normal 0 0 1
    outer loop
      vertex 13.5 12 2
      vertex 15 13.5 2
      vertex 14.9872 13.6958 2
    endloop
  endfacet
  facet normal 0 0 1
    outer loop
      vertex 15 13.5 2
      vertex 13.5 -2 2
      vertex 15 -13.5 2
    endloop
  endfacet
  facet normal 0 0 1
    outer loop
      vertex 13.5 12 2
      vertex 14.9872 13.6958 2
      vertex 14.9489 13.8882 2
    endloop
  endfacet
  facet normal -0 0 1
    outer loop
      vertex 13.5 -7 2
      vertex 15 -13.5 2
      vertex 13.5 -2 2
    endloop
  endfacet
  facet normal 0 0 1
    outer loop
      vertex 13.5 12 2
      vertex 14.9489 13.8882 2
      vertex 14.8858 14.074 2
    endloop
  endfacet
  facet normal -0 0 1
    outer loop
      vertex 11.5 -7 2
      vertex 15 -13.5 2
      vertex 13.5 -7 2
    endloop
  endfacet
  facet normal 0 0 1
    outer loop
      vertex 13.5 12 2
      vertex 14.8858 14.074 2
      vertex 14.799 14.25 2
    endloop
  endfacet
  facet normal 0 -0 1
    outer loop
      vertex 13.5 -15 2
      vertex 15 -13.5 2
      vertex 11.5 -7 2
    endloop
  endfacet
  facet normal 0 0 1
    outer loop
      vertex 13.5 12 2
      vertex 14.799 14.25 2
      vertex 14.69 14.4131 2
    endloop
  endfacet
  facet normal 0 0 1
    outer loop
      vertex 15 -13.5 2
      vertex 13.5 -15 2
      vertex 14.9872 -13.6958 2
    endloop
  endfacet
  facet normal 0 0 1
    outer loop
      vertex 13.5 12 2
      vertex 14.69 14.4131 2
      vertex 14.5607 14.5607 2
    endloop
  endfacet
  facet normal 0 0 1
    outer loop
      vertex 14.9872 -13.6958 2
      vertex 13.5 -15 2
      vertex 14.9489 -13.8882 2
    endloop
  endfacet
  facet normal 0 0 1
    outer loop
      vertex 13.5 12 2
      vertex 14.5607 14.5607 2
      vertex 14.4131 14.69 2
    endloop
  endfacet
  facet normal 0 0 1
    outer loop
      vertex 14.9489 -13.8882 2
      vertex 13.5 -15 2
      vertex 14.8858 -14.074 2
    endloop
  endfacet
  facet normal 0 0 1
    outer loop
      vertex 13.5 12 2
      vertex 14.4131 14.69 2
      vertex 14.25 14.799 2
    endloop
  endfacet
  facet normal 0 0 1
    outer loop
      vertex 14.8858 -14.074 2
      vertex 13.5 -15 2
      vertex 14.799 -14.25 2
    endloop
  endfacet
  facet normal 0 0 1
    outer loop
      vertex 13.5 12 2
      vertex 14.25 14.799 2
      vertex 14.074 14.8858 2
    endloop
  endfacet
  facet normal 0 0 1
    outer loop
      vertex 14.69 -14.4131 2
      vertex 13.5 -15 2
      vertex 14.5607 -14.5607 2
    endloop
  endfacet
  facet normal 0 0 1
    outer loop
      vertex 13.5 12 2
      vertex 14.074 14.8858 2
      vertex 13.8882 14.9489 2
    endloop
  endfacet
  facet normal 0 0 1
    outer loop
      vertex 14.5607 -14.5607 2
      vertex 13.5 -15 2
      vertex 14.4131 -14.69 2
    endloop
  endfacet
  facet normal 0 0 1
    outer loop
      vertex 13.5 12 2
      vertex 13.8882 14.9489 2
      vertex 13.6958 14.9872 2
    endloop
  endfacet
  facet normal 0 0 1
    outer loop
      vertex 15 13.5 2
      vertex 13.5 7 2
      vertex 13.5 -2 2
    endloop
  endfacet
  facet normal 0 0 1
    outer loop
      vertex 13.5 12 2
      vertex 13.6958 14.9872 2
      vertex 13.5 15 2
    endloop
  endfacet
  facet normal 0 0 1
    outer loop
      vertex 15 13.5 2
      vertex 13.5 12 2
      vertex 13.5 7 2
    endloop
  endfacet
  facet normal 0 0 1
    outer loop
      vertex 14.4131 -14.69 2
      vertex 13.5 -15 2
      vertex 14.25 -14.799 2
    endloop
  endfacet
  facet normal 0 0 1
    outer loop
      vertex 14.25 -14.799 2
      vertex 13.5 -15 2
      vertex 14.074 -14.8858 2
    endloop
  endfacet
  facet normal 0 0 1
    outer loop
      vertex 14.074 -14.8858 2
      vertex 13.5 -15 2
      vertex 13.8882 -14.9489 2
    endloop
  endfacet
  facet normal 0 0 1
    outer loop
      vertex 13.8882 -14.9489 2
      vertex 13.5 -15 2
      vertex 13.6958 -14.9872 2
    endloop
  endfacet
  facet normal 0 0 1
    outer loop
      vertex 14.799 -14.25 2
      vertex 13.5 -15 2
      vertex 14.69 -14.4131 2
    endloop
  endfacet
  facet normal 0 0 1
    outer loop
      vertex -9.5 -2 2
      vertex 11.5 -2 2
      vertex -9.5 7 2
    endloop
  endfacet
  facet normal 0 0 1
    outer loop
      vertex 11.5 -2 2
      vertex -9.5 -2 2
      vertex 11.5 -7 2
    endloop
  endfacet
  facet normal 0 0 1
    outer loop
      vertex -9.5 -7 2
      vertex 11.5 -7 2
      vertex -9.5 -2 2
    endloop
  endfacet
  facet normal 0 0 1
    outer loop
      vertex 11.5 -7 2
      vertex -9.5 -7 2
      vertex 13.5 -15 2
    endloop
  endfacet
  facet normal 0 0 1
    outer loop
      vertex -13.5 -15 2
      vertex -9.5 -7 2
      vertex -11.5 -7 2
    endloop
  endfacet
  facet normal 0 0 1
    outer loop
      vertex -9.5 -7 2
      vertex -13.5 -15 2
      vertex 13.5 -15 2
    endloop
  endfacet
  facet normal 0 0 1
    outer loop
      vertex -15 -13.5 2
      vertex -11.5 -2 2
      vertex -15 13.5 2
    endloop
  endfacet
  facet normal 0 0 1
    outer loop
      vertex -15 13.5 2
      vertex -13.5 15 2
      vertex -13.6958 14.9872 2
    endloop
  endfacet
  facet normal 0 0 1
    outer loop
      vertex -11.5 -2 2
      vertex -15 -13.5 2
      vertex -11.5 -7 2
    endloop
  endfacet
  facet normal 0 0 1
    outer loop
      vertex -15 13.5 2
      vertex -13.6958 14.9872 2
      vertex -13.8882 14.9489 2
    endloop
  endfacet
  facet normal 0 0 1
    outer loop
      vertex -11.5 -7 2
      vertex -15 -13.5 2
      vertex -13.5 -15 2
    endloop
  endfacet
  facet normal 0 0 1
    outer loop
      vertex -15 13.5 2
      vertex -13.8882 14.9489 2
      vertex -14.074 14.8858 2
    endloop
  endfacet
  facet normal 0 0 1
    outer loop
      vertex -13.5 -15 2
      vertex -15 -13.5 2
      vertex -13.6958 -14.9872 2
    endloop
  endfacet
  facet normal 0 0 1
    outer loop
      vertex -15 13.5 2
      vertex -14.074 14.8858 2
      vertex -14.25 14.799 2
    endloop
  endfacet
  facet normal 0 0 1
    outer loop
      vertex -13.6958 -14.9872 2
      vertex -15 -13.5 2
      vertex -13.8882 -14.9489 2
    endloop
  endfacet
  facet normal 0 0 1
    outer loop
      vertex -15 13.5 2
      vertex -14.25 14.799 2
      vertex -14.4131 14.69 2
    endloop
  endfacet
  facet normal 0 0 1
    outer loop
      vertex -13.8882 -14.9489 2
      vertex -15 -13.5 2
      vertex -14.074 -14.8858 2
    endloop
  endfacet
  facet normal 0 0 1
    outer loop
      vertex -15 13.5 2
      vertex -14.4131 14.69 2
      vertex -14.5607 14.5607 2
    endloop
  endfacet
  facet normal 0 0 1
    outer loop
      vertex -14.074 -14.8858 2
      vertex -15 -13.5 2
      vertex -14.25 -14.799 2
    endloop
  endfacet
  facet normal 0 0 1
    outer loop
      vertex -15 13.5 2
      vertex -14.5607 14.5607 2
      vertex -14.69 14.4131 2
    endloop
  endfacet
  facet normal 0 0 1
    outer loop
      vertex -14.25 -14.799 2
      vertex -15 -13.5 2
      vertex -14.4131 -14.69 2
    endloop
  endfacet
  facet normal 0 0 1
    outer loop
      vertex -15 13.5 2
      vertex -14.69 14.4131 2
      vertex -14.799 14.25 2
    endloop
  endfacet
  facet normal 0 0 1
    outer loop
      vertex -14.4131 -14.69 2
      vertex -15 -13.5 2
      vertex -14.5607 -14.5607 2
    endloop
  endfacet
  facet normal 0 0 1
    outer loop
      vertex -15 13.5 2
      vertex -14.799 14.25 2
      vertex -14.8858 14.074 2
    endloop
  endfacet
  facet normal 0 0 1
    outer loop
      vertex -14.5607 -14.5607 2
      vertex -15 -13.5 2
      vertex -14.69 -14.4131 2
    endloop
  endfacet
  facet normal 0 0 1
    outer loop
      vertex -15 13.5 2
      vertex -14.8858 14.074 2
      vertex -14.9489 13.8882 2
    endloop
  endfacet
  facet normal 0 0 1
    outer loop
      vertex -14.69 -14.4131 2
      vertex -15 -13.5 2
      vertex -14.799 -14.25 2
    endloop
  endfacet
  facet normal 0 0 1
    outer loop
      vertex -15 13.5 2
      vertex -14.9489 13.8882 2
      vertex -14.9872 13.6958 2
    endloop
  endfacet
  facet normal 0 0 1
    outer loop
      vertex -14.799 -14.25 2
      vertex -15 -13.5 2
      vertex -14.8858 -14.074 2
    endloop
  endfacet
  facet normal 0 0 1
    outer loop
      vertex -14.8858 -14.074 2
      vertex -15 -13.5 2
      vertex -14.9489 -13.8882 2
    endloop
  endfacet
  facet normal 0 0 1
    outer loop
      vertex -14.9489 -13.8882 2
      vertex -15 -13.5 2
      vertex -14.9872 -13.6958 2
    endloop
  endfacet
  facet normal 0.195234 0.980757 -0
    outer loop
      vertex -13.6958 -14.9872 2
      vertex -13.8882 -14.9489 15
      vertex -13.6958 -14.9872 15
    endloop
  endfacet
  facet normal 0.195234 0.980757 0
    outer loop
      vertex -13.8882 -14.9489 15
      vertex -13.6958 -14.9872 2
      vertex -13.8882 -14.9489 2
    endloop
  endfacet
  facet normal 0.442315 0.89686 -0
    outer loop
      vertex -14.074 -14.8858 2
      vertex -14.25 -14.799 15
      vertex -14.074 -14.8858 15
    endloop
  endfacet
  facet normal 0.442315 0.89686 0
    outer loop
      vertex -14.25 -14.799 15
      vertex -14.074 -14.8858 2
      vertex -14.25 -14.799 2
    endloop
  endfacet
  facet normal -0.831422 0.555641 0
    outer loop
      vertex 14.69 -14.4131 2
      vertex 14.799 -14.25 15
      vertex 14.799 -14.25 2
    endloop
  endfacet
  facet normal -0.831422 0.555641 0
    outer loop
      vertex 14.799 -14.25 15
      vertex 14.69 -14.4131 2
      vertex 14.69 -14.4131 15
    endloop
  endfacet
  facet normal -0.321574 0.946885 0
    outer loop
      vertex 14.074 -14.8858 2
      vertex 13.8882 -14.9489 15
      vertex 14.074 -14.8858 15
    endloop
  endfacet
  facet normal -0.321574 0.946885 0
    outer loop
      vertex 13.8882 -14.9489 15
      vertex 14.074 -14.8858 2
      vertex 13.8882 -14.9489 2
    endloop
  endfacet
  facet normal -0.321574 -0.946885 0
    outer loop
      vertex 13.8882 14.9489 2
      vertex 14.074 14.8858 15
      vertex 13.8882 14.9489 15
    endloop
  endfacet
  facet normal -0.321574 -0.946885 -0
    outer loop
      vertex 14.074 14.8858 15
      vertex 13.8882 14.9489 2
      vertex 14.074 14.8858 2
    endloop
  endfacet
  facet normal 0.89686 0.442315 0
    outer loop
      vertex -14.799 -14.25 15
      vertex -14.8858 -14.074 2
      vertex -14.8858 -14.074 15
    endloop
  endfacet
  facet normal 0.89686 0.442315 0
    outer loop
      vertex -14.8858 -14.074 2
      vertex -14.799 -14.25 15
      vertex -14.799 -14.25 2
    endloop
  endfacet
  facet normal 0.980757 0.195234 0
    outer loop
      vertex -14.9489 -13.8882 15
      vertex -14.9872 -13.6958 2
      vertex -14.9872 -13.6958 15
    endloop
  endfacet
  facet normal 0.980757 0.195234 0
    outer loop
      vertex -14.9872 -13.6958 2
      vertex -14.9489 -13.8882 15
      vertex -14.9489 -13.8882 2
    endloop
  endfacet
  facet normal -0.99787 -0.0652336 0
    outer loop
      vertex 15 13.5 2
      vertex 14.9872 13.6958 15
      vertex 14.9872 13.6958 2
    endloop
  endfacet
  facet normal -0.99787 -0.0652336 0
    outer loop
      vertex 14.9872 13.6958 15
      vertex 15 13.5 2
      vertex 15 13.5 15
    endloop
  endfacet
  facet normal -0.946885 -0.321574 0
    outer loop
      vertex 14.9489 13.8882 2
      vertex 14.8858 14.074 15
      vertex 14.8858 14.074 2
    endloop
  endfacet
  facet normal -0.946885 -0.321574 0
    outer loop
      vertex 14.8858 14.074 15
      vertex 14.9489 13.8882 2
      vertex 14.9489 13.8882 15
    endloop
  endfacet
  facet normal -0.99787 0.0652336 0
    outer loop
      vertex 14.9872 -13.6958 2
      vertex 15 -13.5 15
      vertex 15 -13.5 2
    endloop
  endfacet
  facet normal -0.99787 0.0652336 0
    outer loop
      vertex 15 -13.5 15
      vertex 14.9872 -13.6958 2
      vertex 14.9872 -13.6958 15
    endloop
  endfacet
  facet normal -0.89686 0.442315 0
    outer loop
      vertex 14.799 -14.25 2
      vertex 14.8858 -14.074 15
      vertex 14.8858 -14.074 2
    endloop
  endfacet
  facet normal -0.89686 0.442315 0
    outer loop
      vertex 14.8858 -14.074 15
      vertex 14.799 -14.25 2
      vertex 14.799 -14.25 15
    endloop
  endfacet
  facet normal -0.658937 0.752198 0
    outer loop
      vertex 14.5607 -14.5607 2
      vertex 14.4131 -14.69 15
      vertex 14.5607 -14.5607 15
    endloop
  endfacet
  facet normal -0.658937 0.752198 0
    outer loop
      vertex 14.4131 -14.69 15
      vertex 14.5607 -14.5607 2
      vertex 14.4131 -14.69 2
    endloop
  endfacet
  facet normal -0.752198 0.658937 0
    outer loop
      vertex 14.5607 -14.5607 2
      vertex 14.69 -14.4131 15
      vertex 14.69 -14.4131 2
    endloop
  endfacet
  facet normal -0.752198 0.658937 0
    outer loop
      vertex 14.69 -14.4131 15
      vertex 14.5607 -14.5607 2
      vertex 14.5607 -14.5607 15
    endloop
  endfacet
  facet normal 0.752198 -0.658937 0
    outer loop
      vertex -14.69 14.4131 15
      vertex -14.5607 14.5607 2
      vertex -14.5607 14.5607 15
    endloop
  endfacet
  facet normal 0.752198 -0.658937 0
    outer loop
      vertex -14.5607 14.5607 2
      vertex -14.69 14.4131 15
      vertex -14.69 14.4131 2
    endloop
  endfacet
  facet normal 0.658937 -0.752198 0
    outer loop
      vertex -14.5607 14.5607 2
      vertex -14.4131 14.69 15
      vertex -14.5607 14.5607 15
    endloop
  endfacet
  facet normal 0.658937 -0.752198 0
    outer loop
      vertex -14.4131 14.69 15
      vertex -14.5607 14.5607 2
      vertex -14.4131 14.69 2
    endloop
  endfacet
  facet normal 0.89686 -0.442315 0
    outer loop
      vertex -14.8858 14.074 15
      vertex -14.799 14.25 2
      vertex -14.799 14.25 15
    endloop
  endfacet
  facet normal 0.89686 -0.442315 0
    outer loop
      vertex -14.799 14.25 2
      vertex -14.8858 14.074 15
      vertex -14.8858 14.074 2
    endloop
  endfacet
  facet normal 0.831422 -0.555641 0
    outer loop
      vertex -14.799 14.25 15
      vertex -14.69 14.4131 2
      vertex -14.69 14.4131 15
    endloop
  endfacet
  facet normal 0.831422 -0.555641 0
    outer loop
      vertex -14.69 14.4131 2
      vertex -14.799 14.25 15
      vertex -14.799 14.25 2
    endloop
  endfacet
  facet normal 0.831422 0.555641 0
    outer loop
      vertex -14.69 -14.4131 15
      vertex -14.799 -14.25 2
      vertex -14.799 -14.25 15
    endloop
  endfacet
  facet normal 0.831422 0.555641 0
    outer loop
      vertex -14.799 -14.25 2
      vertex -14.69 -14.4131 15
      vertex -14.69 -14.4131 2
    endloop
  endfacet
  facet normal 0.946885 0.321574 0
    outer loop
      vertex -14.8858 -14.074 15
      vertex -14.9489 -13.8882 2
      vertex -14.9489 -13.8882 15
    endloop
  endfacet
  facet normal 0.946885 0.321574 0
    outer loop
      vertex -14.9489 -13.8882 2
      vertex -14.8858 -14.074 15
      vertex -14.8858 -14.074 2
    endloop
  endfacet
  facet normal -0.831422 -0.555641 0
    outer loop
      vertex 14.799 14.25 2
      vertex 14.69 14.4131 15
      vertex 14.69 14.4131 2
    endloop
  endfacet
  facet normal -0.831422 -0.555641 0
    outer loop
      vertex 14.69 14.4131 15
      vertex 14.799 14.25 2
      vertex 14.799 14.25 15
    endloop
  endfacet
  facet normal -0.89686 -0.442315 0
    outer loop
      vertex 14.8858 14.074 2
      vertex 14.799 14.25 15
      vertex 14.799 14.25 2
    endloop
  endfacet
  facet normal -0.89686 -0.442315 0
    outer loop
      vertex 14.799 14.25 15
      vertex 14.8858 14.074 2
      vertex 14.8858 14.074 15
    endloop
  endfacet
  facet normal -0.980757 -0.195234 0
    outer loop
      vertex 14.9872 13.6958 2
      vertex 14.9489 13.8882 15
      vertex 14.9489 13.8882 2
    endloop
  endfacet
  facet normal -0.980757 -0.195234 0
    outer loop
      vertex 14.9489 13.8882 15
      vertex 14.9872 13.6958 2
      vertex 14.9872 13.6958 15
    endloop
  endfacet
  facet normal -0.980757 0.195234 0
    outer loop
      vertex 14.9489 -13.8882 2
      vertex 14.9872 -13.6958 15
      vertex 14.9872 -13.6958 2
    endloop
  endfacet
  facet normal -0.980757 0.195234 0
    outer loop
      vertex 14.9872 -13.6958 15
      vertex 14.9489 -13.8882 2
      vertex 14.9489 -13.8882 15
    endloop
  endfacet
  facet normal -0.946885 0.321574 0
    outer loop
      vertex 14.8858 -14.074 2
      vertex 14.9489 -13.8882 15
      vertex 14.9489 -13.8882 2
    endloop
  endfacet
  facet normal -0.946885 0.321574 0
    outer loop
      vertex 14.9489 -13.8882 15
      vertex 14.8858 -14.074 2
      vertex 14.8858 -14.074 15
    endloop
  endfacet
  facet normal -0.442315 0.89686 0
    outer loop
      vertex 14.25 -14.799 2
      vertex 14.074 -14.8858 15
      vertex 14.25 -14.799 15
    endloop
  endfacet
  facet normal -0.442315 0.89686 0
    outer loop
      vertex 14.074 -14.8858 15
      vertex 14.25 -14.799 2
      vertex 14.074 -14.8858 2
    endloop
  endfacet
  facet normal 0.321574 -0.946885 0
    outer loop
      vertex -14.074 14.8858 2
      vertex -13.8882 14.9489 15
      vertex -14.074 14.8858 15
    endloop
  endfacet
  facet normal 0.321574 -0.946885 0
    outer loop
      vertex -13.8882 14.9489 15
      vertex -14.074 14.8858 2
      vertex -13.8882 14.9489 2
    endloop
  endfacet
  facet normal 0.195234 -0.980757 0
    outer loop
      vertex -13.8882 14.9489 2
      vertex -13.6958 14.9872 15
      vertex -13.8882 14.9489 15
    endloop
  endfacet
  facet normal 0.195234 -0.980757 0
    outer loop
      vertex -13.6958 14.9872 15
      vertex -13.8882 14.9489 2
      vertex -13.6958 14.9872 2
    endloop
  endfacet
  facet normal -0.997858 0 -0.0654128
    outer loop
      vertex 2.5 -17 10
      vertex 2.47861 -15 10.3263
      vertex 2.5 -15 10
    endloop
  endfacet
  facet normal -0.997858 -0 -0.0654128
    outer loop
      vertex 2.47861 -15 10.3263
      vertex 2.5 -17 10
      vertex 2.47861 -17 10.3263
    endloop
  endfacet
  facet normal -0.98078 0 -0.195116
    outer loop
      vertex 2.47861 -17 10.3263
      vertex 2.41481 -15 10.647
      vertex 2.47861 -15 10.3263
    endloop
  endfacet
  facet normal -0.98078 -0 -0.195116
    outer loop
      vertex 2.41481 -15 10.647
      vertex 2.47861 -17 10.3263
      vertex 2.41481 -17 10.647
    endloop
  endfacet
  facet normal 0.0654402 0 -0.997856
    outer loop
      vertex -0.326315 -16 12.4786
      vertex 0 -15 12.5
      vertex 0 -16 12.5
    endloop
  endfacet
  facet normal 0.0654402 0 -0.997856
    outer loop
      vertex 0 -15 12.5
      vertex -0.326315 -16 12.4786
      vertex -0.326315 -15 12.4786
    endloop
  endfacet
  facet normal -0.659307 0 -0.751873
    outer loop
      vertex 1.5219 -17 11.9834
      vertex 1.76777 -15 11.7678
      vertex 1.76777 -17 11.7678
    endloop
  endfacet
  facet normal -0.659307 0 -0.751873
    outer loop
      vertex 1.76777 -15 11.7678
      vertex 1.5219 -17 11.9834
      vertex 1.5219 -15 11.9834
    endloop
  endfacet
  facet normal 0.751898 0 -0.659279
    outer loop
      vertex -1.76777 -17 11.7678
      vertex -1.98338 -15 11.5219
      vertex -1.76777 -15 11.7678
    endloop
  endfacet
  facet normal 0.751898 0 -0.659279
    outer loop
      vertex -1.98338 -15 11.5219
      vertex -1.76777 -17 11.7678
      vertex -1.98338 -17 11.5219
    endloop
  endfacet
  facet normal 0.442201 0 -0.896916
    outer loop
      vertex -1.25 -17 12.1651
      vertex -0.956708 -15 12.3097
      vertex -0.956708 -17 12.3097
    endloop
  endfacet
  facet normal 0.442201 0 -0.896916
    outer loop
      vertex -0.956708 -15 12.3097
      vertex -1.25 -17 12.1651
      vertex -1.25 -15 12.1651
    endloop
  endfacet
  facet normal -0.195097 0 0.980784
    outer loop
      vertex 0.326315 -15 7.52139
      vertex 0.647047 -17 7.58519
      vertex 0.647047 -15 7.58519
    endloop
  endfacet
  facet normal -0.195097 0 0.980784
    outer loop
      vertex 0.647047 -17 7.58519
      vertex 0.326315 -15 7.52139
      vertex 0.326315 -17 7.52139
    endloop
  endfacet
  facet normal -0.896872 0 -0.44229
    outer loop
      vertex 2.3097 -17 10.9567
      vertex 2.16506 -15 11.25
      vertex 2.3097 -15 10.9567
    endloop
  endfacet
  facet normal -0.896872 -0 -0.44229
    outer loop
      vertex 2.16506 -15 11.25
      vertex 2.3097 -17 10.9567
      vertex 2.16506 -17 11.25
    endloop
  endfacet
  facet normal -0.320694 -0 -0.947183
    outer loop
      vertex 0.9 -16 12.3289
      vertex 0.956708 -17 12.3097
      vertex 0.9 -17 12.3289
    endloop
  endfacet
  facet normal -0.320694 0 -0.947183
    outer loop
      vertex 0.956708 -17 12.3097
      vertex 0.9 -16 12.3289
      vertex 0.956708 -15 12.3097
    endloop
  endfacet
  facet normal -0.321554 -0 -0.946891
    outer loop
      vertex 0.647047 -15 12.4148
      vertex 0.9 -16 12.3289
      vertex 0.647047 -16 12.4148
    endloop
  endfacet
  facet normal -0.321396 4.4401e-05 -0.946945
    outer loop
      vertex 0.9 -16 12.3289
      vertex 0.647047 -15 12.4148
      vertex 0.956708 -15 12.3097
    endloop
  endfacet
  facet normal 0.831466 0 -0.555575
    outer loop
      vertex -1.98338 -17 11.5219
      vertex -2.16506 -15 11.25
      vertex -1.98338 -15 11.5219
    endloop
  endfacet
  facet normal 0.831466 0 -0.555575
    outer loop
      vertex -2.16506 -15 11.25
      vertex -1.98338 -17 11.5219
      vertex -2.16506 -17 11.25
    endloop
  endfacet
  facet normal 0.659307 0 -0.751873
    outer loop
      vertex -1.76777 -17 11.7678
      vertex -1.5219 -15 11.9834
      vertex -1.5219 -17 11.9834
    endloop
  endfacet
  facet normal 0.659307 0 -0.751873
    outer loop
      vertex -1.5219 -15 11.9834
      vertex -1.76777 -17 11.7678
      vertex -1.76777 -15 11.7678
    endloop
  endfacet
  facet normal 0.195097 0 -0.980784
    outer loop
      vertex -0.647047 -16 12.4148
      vertex -0.326315 -15 12.4786
      vertex -0.326315 -16 12.4786
    endloop
  endfacet
  facet normal 0.195097 0 -0.980784
    outer loop
      vertex -0.326315 -15 12.4786
      vertex -0.647047 -16 12.4148
      vertex -0.647047 -15 12.4148
    endloop
  endfacet
  facet normal 0.659325 0 0.751858
    outer loop
      vertex -1.76777 -15 8.23223
      vertex -1.5219 -17 8.01662
      vertex -1.5219 -15 8.01662
    endloop
  endfacet
  facet normal 0.659325 0 0.751858
    outer loop
      vertex -1.5219 -17 8.01662
      vertex -1.76777 -15 8.23223
      vertex -1.76777 -17 8.23223
    endloop
  endfacet
  facet normal -0.946948 0 -0.321387
    outer loop
      vertex 2.41481 -17 10.647
      vertex 2.3097 -15 10.9567
      vertex 2.41481 -15 10.647
    endloop
  endfacet
  facet normal -0.946948 -0 -0.321387
    outer loop
      vertex 2.3097 -15 10.9567
      vertex 2.41481 -17 10.647
      vertex 2.3097 -17 10.9567
    endloop
  endfacet
  facet normal -0.0654402 0 -0.997856
    outer loop
      vertex 0 -16 12.5
      vertex 0.326315 -15 12.4786
      vertex 0.326315 -16 12.4786
    endloop
  endfacet
  facet normal -0.0654402 0 -0.997856
    outer loop
      vertex 0.326315 -15 12.4786
      vertex 0 -16 12.5
      vertex 0 -15 12.5
    endloop
  endfacet
  facet normal -0.555617 0 -0.831438
    outer loop
      vertex 1.25 -17 12.1651
      vertex 1.5219 -15 11.9834
      vertex 1.5219 -17 11.9834
    endloop
  endfacet
  facet normal -0.555617 0 -0.831438
    outer loop
      vertex 1.5219 -15 11.9834
      vertex 1.25 -17 12.1651
      vertex 1.25 -15 12.1651
    endloop
  endfacet
  facet normal 0.946948 0 -0.321387
    outer loop
      vertex -2.3097 -17 10.9567
      vertex -2.41481 -15 10.647
      vertex -2.3097 -15 10.9567
    endloop
  endfacet
  facet normal 0.946948 0 -0.321387
    outer loop
      vertex -2.41481 -15 10.647
      vertex -2.3097 -17 10.9567
      vertex -2.41481 -17 10.647
    endloop
  endfacet
  facet normal 0.896872 0 -0.44229
    outer loop
      vertex -2.16506 -17 11.25
      vertex -2.3097 -15 10.9567
      vertex -2.16506 -15 11.25
    endloop
  endfacet
  facet normal 0.896872 0 -0.44229
    outer loop
      vertex -2.3097 -15 10.9567
      vertex -2.16506 -17 11.25
      vertex -2.3097 -17 10.9567
    endloop
  endfacet
  facet normal 0.997858 0 -0.0654128
    outer loop
      vertex -2.47861 -17 10.3263
      vertex -2.5 -15 10
      vertex -2.47861 -15 10.3263
    endloop
  endfacet
  facet normal 0.997858 0 -0.0654128
    outer loop
      vertex -2.5 -15 10
      vertex -2.47861 -17 10.3263
      vertex -2.5 -17 10
    endloop
  endfacet
  facet normal 0.997859 -0 0.0654088
    outer loop
      vertex -2.5 -17 10
      vertex -2.47861 -15 9.67368
      vertex -2.5 -15 10
    endloop
  endfacet
  facet normal 0.997859 0 0.0654088
    outer loop
      vertex -2.47861 -15 9.67368
      vertex -2.5 -17 10
      vertex -2.47861 -17 9.67368
    endloop
  endfacet
  facet normal -0.321424 0 0.946935
    outer loop
      vertex 0.647047 -15 7.58519
      vertex 0.956708 -17 7.6903
      vertex 0.956708 -15 7.6903
    endloop
  endfacet
  facet normal -0.321424 0 0.946935
    outer loop
      vertex 0.956708 -17 7.6903
      vertex 0.647047 -15 7.58519
      vertex 0.647047 -17 7.58519
    endloop
  endfacet
  facet normal -0.751858 0 0.659325
    outer loop
      vertex 1.76777 -17 8.23223
      vertex 1.98338 -15 8.4781
      vertex 1.76777 -15 8.23223
    endloop
  endfacet
  facet normal -0.751858 0 0.659325
    outer loop
      vertex 1.98338 -15 8.4781
      vertex 1.76777 -17 8.23223
      vertex 1.98338 -17 8.4781
    endloop
  endfacet
  facet normal -0.946935 0 0.321425
    outer loop
      vertex 2.3097 -17 9.04329
      vertex 2.41481 -15 9.35295
      vertex 2.3097 -15 9.04329
    endloop
  endfacet
  facet normal -0.946935 0 0.321425
    outer loop
      vertex 2.41481 -15 9.35295
      vertex 2.3097 -17 9.04329
      vertex 2.41481 -17 9.35295
    endloop
  endfacet
  facet normal -0.831466 0 0.555575
    outer loop
      vertex 1.98338 -17 8.4781
      vertex 2.16506 -15 8.75
      vertex 1.98338 -15 8.4781
    endloop
  endfacet
  facet normal -0.831466 0 0.555575
    outer loop
      vertex 2.16506 -15 8.75
      vertex 1.98338 -17 8.4781
      vertex 2.16506 -17 8.75
    endloop
  endfacet
  facet normal -0.896866 0 0.442302
    outer loop
      vertex 2.16506 -17 8.75
      vertex 2.3097 -15 9.04329
      vertex 2.16506 -15 8.75
    endloop
  endfacet
  facet normal -0.896866 0 0.442302
    outer loop
      vertex 2.3097 -15 9.04329
      vertex 2.16506 -17 8.75
      vertex 2.3097 -17 9.04329
    endloop
  endfacet
  facet normal 0.195097 0 0.980784
    outer loop
      vertex -0.647047 -15 7.58519
      vertex -0.326315 -17 7.52139
      vertex -0.326315 -15 7.52139
    endloop
  endfacet
  facet normal 0.195097 0 0.980784
    outer loop
      vertex -0.326315 -17 7.52139
      vertex -0.647047 -15 7.58519
      vertex -0.647047 -17 7.58519
    endloop
  endfacet
  facet normal 0.555575 0 0.831466
    outer loop
      vertex -1.5219 -15 8.01662
      vertex -1.25 -17 7.83494
      vertex -1.25 -15 7.83494
    endloop
  endfacet
  facet normal 0.555575 0 0.831466
    outer loop
      vertex -1.25 -17 7.83494
      vertex -1.5219 -15 8.01662
      vertex -1.5219 -17 8.01662
    endloop
  endfacet
  facet normal 0.831466 -0 0.555575
    outer loop
      vertex -2.16506 -17 8.75
      vertex -1.98338 -15 8.4781
      vertex -2.16506 -15 8.75
    endloop
  endfacet
  facet normal 0.831466 0 0.555575
    outer loop
      vertex -1.98338 -15 8.4781
      vertex -2.16506 -17 8.75
      vertex -1.98338 -17 8.4781
    endloop
  endfacet
  facet normal 0.896866 -0 0.442302
    outer loop
      vertex -2.3097 -17 9.04329
      vertex -2.16506 -15 8.75
      vertex -2.3097 -15 9.04329
    endloop
  endfacet
  facet normal 0.896866 0 0.442302
    outer loop
      vertex -2.16506 -15 8.75
      vertex -2.3097 -17 9.04329
      vertex -2.16506 -17 8.75
    endloop
  endfacet
  facet normal 0.980784 -0 0.195099
    outer loop
      vertex -2.47861 -17 9.67368
      vertex -2.41481 -15 9.35295
      vertex -2.47861 -15 9.67368
    endloop
  endfacet
  facet normal 0.980784 0 0.195099
    outer loop
      vertex -2.41481 -15 9.35295
      vertex -2.47861 -17 9.67368
      vertex -2.41481 -17 9.35295
    endloop
  endfacet
  facet normal -0.831466 0 -0.555575
    outer loop
      vertex 2.16506 -17 11.25
      vertex 1.98338 -15 11.5219
      vertex 2.16506 -15 11.25
    endloop
  endfacet
  facet normal -0.831466 -0 -0.555575
    outer loop
      vertex 1.98338 -15 11.5219
      vertex 2.16506 -17 11.25
      vertex 1.98338 -17 11.5219
    endloop
  endfacet
  facet normal -0.751898 0 -0.659279
    outer loop
      vertex 1.98338 -17 11.5219
      vertex 1.76777 -15 11.7678
      vertex 1.98338 -15 11.5219
    endloop
  endfacet
  facet normal -0.751898 -0 -0.659279
    outer loop
      vertex 1.76777 -15 11.7678
      vertex 1.98338 -17 11.5219
      vertex 1.76777 -17 11.7678
    endloop
  endfacet
  facet normal -0.195097 0 -0.980784
    outer loop
      vertex 0.326315 -16 12.4786
      vertex 0.647047 -15 12.4148
      vertex 0.647047 -16 12.4148
    endloop
  endfacet
  facet normal -0.195097 0 -0.980784
    outer loop
      vertex 0.647047 -15 12.4148
      vertex 0.326315 -16 12.4786
      vertex 0.326315 -15 12.4786
    endloop
  endfacet
  facet normal -0.442201 0 -0.896916
    outer loop
      vertex 0.956708 -17 12.3097
      vertex 1.25 -15 12.1651
      vertex 1.25 -17 12.1651
    endloop
  endfacet
  facet normal -0.442201 0 -0.896916
    outer loop
      vertex 1.25 -15 12.1651
      vertex 0.956708 -17 12.3097
      vertex 0.956708 -15 12.3097
    endloop
  endfacet
  facet normal 0.98078 0 -0.195116
    outer loop
      vertex -2.41481 -17 10.647
      vertex -2.47861 -15 10.3263
      vertex -2.41481 -15 10.647
    endloop
  endfacet
  facet normal 0.98078 0 -0.195116
    outer loop
      vertex -2.47861 -15 10.3263
      vertex -2.41481 -17 10.647
      vertex -2.47861 -17 10.3263
    endloop
  endfacet
  facet normal 0.555617 0 -0.831438
    outer loop
      vertex -1.5219 -17 11.9834
      vertex -1.25 -15 12.1651
      vertex -1.25 -17 12.1651
    endloop
  endfacet
  facet normal 0.555617 0 -0.831438
    outer loop
      vertex -1.25 -15 12.1651
      vertex -1.5219 -17 11.9834
      vertex -1.5219 -15 11.9834
    endloop
  endfacet
  facet normal 0.320694 0 -0.947183
    outer loop
      vertex -0.9 -17 12.3289
      vertex -0.956708 -17 12.3097
      vertex -0.9 -16 12.3289
    endloop
  endfacet
  facet normal 0.321554 0 -0.946891
    outer loop
      vertex -0.9 -16 12.3289
      vertex -0.647047 -15 12.4148
      vertex -0.647047 -16 12.4148
    endloop
  endfacet
  facet normal 0.321396 4.4401e-05 -0.946945
    outer loop
      vertex -0.9 -16 12.3289
      vertex -0.956708 -15 12.3097
      vertex -0.647047 -15 12.4148
    endloop
  endfacet
  facet normal 0.320694 0 -0.947183
    outer loop
      vertex -0.956708 -15 12.3097
      vertex -0.9 -16 12.3289
      vertex -0.956708 -17 12.3097
    endloop
  endfacet
  facet normal -0.980784 0 0.195099
    outer loop
      vertex 2.41481 -17 9.35295
      vertex 2.47861 -15 9.67368
      vertex 2.41481 -15 9.35295
    endloop
  endfacet
  facet normal -0.980784 0 0.195099
    outer loop
      vertex 2.47861 -15 9.67368
      vertex 2.41481 -17 9.35295
      vertex 2.47861 -17 9.67368
    endloop
  endfacet
  facet normal -0.997859 0 0.0654088
    outer loop
      vertex 2.47861 -17 9.67368
      vertex 2.5 -15 10
      vertex 2.47861 -15 9.67368
    endloop
  endfacet
  facet normal -0.997859 0 0.0654088
    outer loop
      vertex 2.5 -15 10
      vertex 2.47861 -17 9.67368
      vertex 2.5 -17 10
    endloop
  endfacet
  facet normal -0.442299 0 0.896867
    outer loop
      vertex 0.956708 -15 7.6903
      vertex 1.25 -17 7.83494
      vertex 1.25 -15 7.83494
    endloop
  endfacet
  facet normal -0.442299 0 0.896867
    outer loop
      vertex 1.25 -17 7.83494
      vertex 0.956708 -15 7.6903
      vertex 0.956708 -17 7.6903
    endloop
  endfacet
  facet normal -0.555575 0 0.831466
    outer loop
      vertex 1.25 -15 7.83494
      vertex 1.5219 -17 8.01662
      vertex 1.5219 -15 8.01662
    endloop
  endfacet
  facet normal -0.555575 0 0.831466
    outer loop
      vertex 1.5219 -17 8.01662
      vertex 1.25 -15 7.83494
      vertex 1.25 -17 7.83494
    endloop
  endfacet
  facet normal -0.659325 0 0.751858
    outer loop
      vertex 1.5219 -15 8.01662
      vertex 1.76777 -17 8.23223
      vertex 1.76777 -15 8.23223
    endloop
  endfacet
  facet normal -0.659325 0 0.751858
    outer loop
      vertex 1.76777 -17 8.23223
      vertex 1.5219 -15 8.01662
      vertex 1.5219 -17 8.01662
    endloop
  endfacet
  facet normal 0.442299 0 0.896867
    outer loop
      vertex -1.25 -15 7.83494
      vertex -0.956708 -17 7.6903
      vertex -0.956708 -15 7.6903
    endloop
  endfacet
  facet normal 0.442299 0 0.896867
    outer loop
      vertex -0.956708 -17 7.6903
      vertex -1.25 -15 7.83494
      vertex -1.25 -17 7.83494
    endloop
  endfacet
  facet normal 0.321424 0 0.946935
    outer loop
      vertex -0.956708 -15 7.6903
      vertex -0.647047 -17 7.58519
      vertex -0.647047 -15 7.58519
    endloop
  endfacet
  facet normal 0.321424 0 0.946935
    outer loop
      vertex -0.647047 -17 7.58519
      vertex -0.956708 -15 7.6903
      vertex -0.956708 -17 7.6903
    endloop
  endfacet
  facet normal 0.0654098 0 0.997858
    outer loop
      vertex -0.326315 -15 7.52139
      vertex 0 -17 7.5
      vertex 0 -15 7.5
    endloop
  endfacet
  facet normal 0.0654098 0 0.997858
    outer loop
      vertex 0 -17 7.5
      vertex -0.326315 -15 7.52139
      vertex -0.326315 -17 7.52139
    endloop
  endfacet
  facet normal -0.0654098 0 0.997858
    outer loop
      vertex 0 -15 7.5
      vertex 0.326315 -17 7.52139
      vertex 0.326315 -15 7.52139
    endloop
  endfacet
  facet normal -0.0654098 0 0.997858
    outer loop
      vertex 0.326315 -17 7.52139
      vertex 0 -15 7.5
      vertex 0 -17 7.5
    endloop
  endfacet
  facet normal 0.751858 -0 0.659325
    outer loop
      vertex -1.98338 -17 8.4781
      vertex -1.76777 -15 8.23223
      vertex -1.98338 -15 8.4781
    endloop
  endfacet
  facet normal 0.751858 0 0.659325
    outer loop
      vertex -1.76777 -15 8.23223
      vertex -1.98338 -17 8.4781
      vertex -1.76777 -17 8.23223
    endloop
  endfacet
  facet normal 0.946935 -0 0.321425
    outer loop
      vertex -2.41481 -17 9.35295
      vertex -2.3097 -15 9.04329
      vertex -2.41481 -15 9.35295
    endloop
  endfacet
  facet normal 0.946935 0 0.321425
    outer loop
      vertex -2.3097 -15 9.04329
      vertex -2.41481 -17 9.35295
      vertex -2.3097 -17 9.04329
    endloop
  endfacet
  facet normal -1 0 0
    outer loop
      vertex -11.5 -7 2
      vertex -11.5 -2 9
      vertex -11.5 -2 2
    endloop
  endfacet
  facet normal -1 -0 0
    outer loop
      vertex -11.5 -2 9
      vertex -11.5 -7 2
      vertex -11.5 -7 9
    endloop
  endfacet
  facet normal -0 0 1
    outer loop
      vertex -11.5 -2 9
      vertex -9.5 -7 9
      vertex -9.5 -2 9
    endloop
  endfacet
  facet normal 0 0 1
    outer loop
      vertex -9.5 -7 9
      vertex -11.5 -2 9
      vertex -11.5 -7 9
    endloop
  endfacet
  facet normal 1 -0 0
    outer loop
      vertex -9.5 -7 9
      vertex -9.5 -2 2
      vertex -9.5 -2 9
    endloop
  endfacet
  facet normal 1 0 0
    outer loop
      vertex -9.5 -2 2
      vertex -9.5 -7 9
      vertex -9.5 -7 2
    endloop
  endfacet
  facet normal 0 1 -0
    outer loop
      vertex -9.5 -2 2
      vertex -11.5 -2 9
      vertex -9.5 -2 9
    endloop
  endfacet
  facet normal 0 1 0
    outer loop
      vertex -11.5 -2 9
      vertex -9.5 -2 2
      vertex -11.5 -2 2
    endloop
  endfacet
  facet normal 0 -1 0
    outer loop
      vertex -11.5 -7 2
      vertex -9.5 -7 9
      vertex -11.5 -7 9
    endloop
  endfacet
  facet normal 0 -1 -0
    outer loop
      vertex -9.5 -7 9
      vertex -11.5 -7 2
      vertex -9.5 -7 2
    endloop
  endfacet
  facet normal -1 0 0
    outer loop
      vertex -11.5 7 2
      vertex -11.5 12 9
      vertex -11.5 12 2
    endloop
  endfacet
  facet normal -1 -0 0
    outer loop
      vertex -11.5 12 9
      vertex -11.5 7 2
      vertex -11.5 7 9
    endloop
  endfacet
  facet normal -0 0 1
    outer loop
      vertex -11.5 12 9
      vertex -9.5 7 9
      vertex -9.5 12 9
    endloop
  endfacet
  facet normal 0 0 1
    outer loop
      vertex -9.5 7 9
      vertex -11.5 12 9
      vertex -11.5 7 9
    endloop
  endfacet
  facet normal 1 -0 0
    outer loop
      vertex -9.5 7 9
      vertex -9.5 12 2
      vertex -9.5 12 9
    endloop
  endfacet
  facet normal 1 0 0
    outer loop
      vertex -9.5 12 2
      vertex -9.5 7 9
      vertex -9.5 7 2
    endloop
  endfacet
  facet normal 0 1 -0
    outer loop
      vertex -9.5 12 2
      vertex -11.5 12 9
      vertex -9.5 12 9
    endloop
  endfacet
  facet normal 0 1 0
    outer loop
      vertex -11.5 12 9
      vertex -9.5 12 2
      vertex -11.5 12 2
    endloop
  endfacet
  facet normal 0 -1 0
    outer loop
      vertex -11.5 7 2
      vertex -9.5 7 9
      vertex -11.5 7 9
    endloop
  endfacet
  facet normal 0 -1 -0
    outer loop
      vertex -9.5 7 9
      vertex -11.5 7 2
      vertex -9.5 7 2
    endloop
  endfacet
  facet normal -1 0 0
    outer loop
      vertex 11.5 -7 2
      vertex 11.5 -2 9
      vertex 11.5 -2 2
    endloop
  endfacet
  facet normal -1 -0 0
    outer loop
      vertex 11.5 -2 9
      vertex 11.5 -7 2
      vertex 11.5 -7 9
    endloop
  endfacet
  facet normal -0 0 1
    outer loop
      vertex 11.5 -2 9
      vertex 13.5 -7 9
      vertex 13.5 -2 9
    endloop
  endfacet
  facet normal 0 0 1
    outer loop
      vertex 13.5 -7 9
      vertex 11.5 -2 9
      vertex 11.5 -7 9
    endloop
  endfacet
  facet normal 1 -0 0
    outer loop
      vertex 13.5 -7 9
      vertex 13.5 -2 2
      vertex 13.5 -2 9
    endloop
  endfacet
  facet normal 1 0 0
    outer loop
      vertex 13.5 -2 2
      vertex 13.5 -7 9
      vertex 13.5 -7 2
    endloop
  endfacet
  facet normal 0 -1 0
    outer loop
      vertex 11.5 -7 2
      vertex 13.5 -7 9
      vertex 11.5 -7 9
    endloop
  endfacet
  facet normal 0 -1 -0
    outer loop
      vertex 13.5 -7 9
      vertex 11.5 -7 2
      vertex 13.5 -7 2
    endloop
  endfacet
  facet normal 0 1 -0
    outer loop
      vertex 13.5 -2 2
      vertex 11.5 -2 9
      vertex 13.5 -2 9
    endloop
  endfacet
  facet normal 0 1 0
    outer loop
      vertex 11.5 -2 9
      vertex 13.5 -2 2
      vertex 11.5 -2 2
    endloop
  endfacet
  facet normal -1 0 0
    outer loop
      vertex 11.5 7 2
      vertex 11.5 12 9
      vertex 11.5 12 2
    endloop
  endfacet
  facet normal -1 -0 0
    outer loop
      vertex 11.5 12 9
      vertex 11.5 7 2
      vertex 11.5 7 9
    endloop
  endfacet
  facet normal -0 0 1
    outer loop
      vertex 11.5 12 9
      vertex 13.5 7 9
      vertex 13.5 12 9
    endloop
  endfacet
  facet normal 0 0 1
    outer loop
      vertex 13.5 7 9
      vertex 11.5 12 9
      vertex 11.5 7 9
    endloop
  endfacet
  facet normal 1 -0 0
    outer loop
      vertex 13.5 7 9
      vertex 13.5 12 2
      vertex 13.5 12 9
    endloop
  endfacet
  facet normal 1 0 0
    outer loop
      vertex 13.5 12 2
      vertex 13.5 7 9
      vertex 13.5 7 2
    endloop
  endfacet
  facet normal 0 -1 0
    outer loop
      vertex 11.5 7 2
      vertex 13.5 7 9
      vertex 11.5 7 9
    endloop
  endfacet
  facet normal 0 -1 -0
    outer loop
      vertex 13.5 7 9
      vertex 11.5 7 2
      vertex 13.5 7 2
    endloop
  endfacet
  facet normal 0 1 -0
    outer loop
      vertex 13.5 12 2
      vertex 11.5 12 9
      vertex 13.5 12 9
    endloop
  endfacet
  facet normal 0 1 0
    outer loop
      vertex 11.5 12 9
      vertex 13.5 12 2
      vertex 11.5 12 2
    endloop
  endfacet
endsolid OpenSCAD_Model
