solid OpenSCAD_Model
  facet normal 0.321574 -0.946885 0
    outer loop
      vertex -6.22354 -13.8978 0
      vertex -5.85194 -13.7716 4
      vertex -6.22354 -13.8978 4
    endloop
  endfacet
  facet normal 0.321574 -0.946885 0
    outer loop
      vertex -5.85194 -13.7716 4
      vertex -6.22354 -13.8978 0
      vertex -5.85194 -13.7716 0
    endloop
  endfacet
  facet normal -0.19494 0.980815 0
    outer loop
      vertex -29.3916 13.9743 0
      vertex -29.7765 13.8978 4
      vertex -29.3916 13.9743 4
    endloop
  endfacet
  facet normal -0.19494 0.980815 0
    outer loop
      vertex -29.7765 13.8978 4
      vertex -29.3916 13.9743 0
      vertex -29.7765 13.8978 0
    endloop
  endfacet
  facet normal 0.194945 -0.980814 0
    outer loop
      vertex -6.60843 -13.9743 0
      vertex -6.22354 -13.8978 4
      vertex -6.60843 -13.9743 4
    endloop
  endfacet
  facet normal 0.194945 -0.980814 0
    outer loop
      vertex -6.22354 -13.8978 4
      vertex -6.60843 -13.9743 0
      vertex -6.22354 -13.8978 0
    endloop
  endfacet
  facet normal 0.831489 0.555541 0
    outer loop
      vertex -4.40192 12.5 4
      vertex -4.61993 12.8263 0
      vertex -4.61993 12.8263 4
    endloop
  endfacet
  facet normal 0.831489 0.555541 0
    outer loop
      vertex -4.61993 12.8263 0
      vertex -4.40192 12.5 4
      vertex -4.40192 12.5 0
    endloop
  endfacet
  facet normal -0.997853 0.0654873 0
    outer loop
      vertex -32 11 0
      vertex -31.9743 11.3916 4
      vertex -31.9743 11.3916 0
    endloop
  endfacet
  facet normal -0.997853 0.0654873 0
    outer loop
      vertex -31.9743 11.3916 4
      vertex -32 11 0
      vertex -32 11 4
    endloop
  endfacet
  facet normal -1 0 0
    outer loop
      vertex -32 -11 0
      vertex -32 11 4
      vertex -32 11 0
    endloop
  endfacet
  facet normal -1 -0 0
    outer loop
      vertex -32 11 4
      vertex -32 -11 0
      vertex -32 -11 4
    endloop
  endfacet
  facet normal 0 -1 0
    outer loop
      vertex -29 -14 0
      vertex -7 -14 4
      vertex -29 -14 4
    endloop
  endfacet
  facet normal 0 -1 -0
    outer loop
      vertex -7 -14 4
      vertex -29 -14 0
      vertex -7 -14 0
    endloop
  endfacet
  facet normal 0.0654923 0.997853 -0
    outer loop
      vertex -6.60843 13.9743 0
      vertex -7 14 4
      vertex -6.60843 13.9743 4
    endloop
  endfacet
  facet normal 0.0654923 0.997853 0
    outer loop
      vertex -7 14 4
      vertex -6.60843 13.9743 0
      vertex -7 14 0
    endloop
  endfacet
  facet normal 0 1 -0
    outer loop
      vertex -7 14 0
      vertex -29 14 4
      vertex -7 14 4
    endloop
  endfacet
  facet normal 0 1 0
    outer loop
      vertex -29 14 4
      vertex -7 14 0
      vertex -29 14 0
    endloop
  endfacet
  facet normal 1 -0 0
    outer loop
      vertex -4 -11 4
      vertex -4 11 0
      vertex -4 11 4
    endloop
  endfacet
  facet normal 1 0 0
    outer loop
      vertex -4 11 0
      vertex -4 -11 4
      vertex -4 -11 0
    endloop
  endfacet
  facet normal -0.751724 0.659478 0
    outer loop
      vertex -31.3801 12.8263 0
      vertex -31.1213 13.1213 4
      vertex -31.1213 13.1213 0
    endloop
  endfacet
  facet normal -0.751724 0.659478 0
    outer loop
      vertex -31.1213 13.1213 4
      vertex -31.3801 12.8263 0
      vertex -31.3801 12.8263 4
    endloop
  endfacet
  facet normal 0 0 -1
    outer loop
      vertex -7 -14 0
      vertex -4 -11 0
      vertex -4.02567 -11.3916 0
    endloop
  endfacet
  facet normal -0 0 -1
    outer loop
      vertex -4 -11 0
      vertex -7 -14 0
      vertex -4 11 0
    endloop
  endfacet
  facet normal 0 0 -1
    outer loop
      vertex -7 -14 0
      vertex -4.02567 -11.3916 0
      vertex -4.10222 -11.7765 0
    endloop
  endfacet
  facet normal 0 0 -1
    outer loop
      vertex -7 14 0
      vertex -4 11 0
      vertex -7 -14 0
    endloop
  endfacet
  facet normal 0 0 -1
    outer loop
      vertex -7 -14 0
      vertex -4.10222 -11.7765 0
      vertex -4.22836 -12.1481 0
    endloop
  endfacet
  facet normal 0 0 -1
    outer loop
      vertex -4 11 0
      vertex -7 14 0
      vertex -4.02567 11.3916 0
    endloop
  endfacet
  facet normal 0 0 -1
    outer loop
      vertex -7 -14 0
      vertex -4.22836 -12.1481 0
      vertex -4.40192 -12.5 0
    endloop
  endfacet
  facet normal 0 0 -1
    outer loop
      vertex -4.02567 11.3916 0
      vertex -7 14 0
      vertex -4.10222 11.7765 0
    endloop
  endfacet
  facet normal 0 0 -1
    outer loop
      vertex -7 -14 0
      vertex -4.40192 -12.5 0
      vertex -4.61993 -12.8263 0
    endloop
  endfacet
  facet normal 0 0 -1
    outer loop
      vertex -4.10222 11.7765 0
      vertex -7 14 0
      vertex -4.22836 12.1481 0
    endloop
  endfacet
  facet normal 0 0 -1
    outer loop
      vertex -7 -14 0
      vertex -4.61993 -12.8263 0
      vertex -4.87868 -13.1213 0
    endloop
  endfacet
  facet normal 0 0 -1
    outer loop
      vertex -4.22836 12.1481 0
      vertex -7 14 0
      vertex -4.40192 12.5 0
    endloop
  endfacet
  facet normal 0 0 -1
    outer loop
      vertex -7 -14 0
      vertex -4.87868 -13.1213 0
      vertex -5.17372 -13.3801 0
    endloop
  endfacet
  facet normal 0 0 -1
    outer loop
      vertex -4.40192 12.5 0
      vertex -7 14 0
      vertex -4.61993 12.8263 0
    endloop
  endfacet
  facet normal 0 0 -1
    outer loop
      vertex -7 -14 0
      vertex -5.17372 -13.3801 0
      vertex -5.5 -13.5981 0
    endloop
  endfacet
  facet normal 0 0 -1
    outer loop
      vertex -4.61993 12.8263 0
      vertex -7 14 0
      vertex -4.87868 13.1213 0
    endloop
  endfacet
  facet normal 0 0 -1
    outer loop
      vertex -7 -14 0
      vertex -5.5 -13.5981 0
      vertex -5.85194 -13.7716 0
    endloop
  endfacet
  facet normal 0 0 -1
    outer loop
      vertex -4.87868 13.1213 0
      vertex -7 14 0
      vertex -5.17372 13.3801 0
    endloop
  endfacet
  facet normal 0 0 -1
    outer loop
      vertex -7 -14 0
      vertex -5.85194 -13.7716 0
      vertex -6.22354 -13.8978 0
    endloop
  endfacet
  facet normal 0 0 -1
    outer loop
      vertex -5.17372 13.3801 0
      vertex -7 14 0
      vertex -5.5 13.5981 0
    endloop
  endfacet
  facet normal 0 0 -1
    outer loop
      vertex -7 -14 0
      vertex -6.22354 -13.8978 0
      vertex -6.60843 -13.9743 0
    endloop
  endfacet
  facet normal 0 0 -1
    outer loop
      vertex -5.5 13.5981 0
      vertex -7 14 0
      vertex -5.85194 13.7716 0
    endloop
  endfacet
  facet normal 0 0 -1
    outer loop
      vertex -5.85194 13.7716 0
      vertex -7 14 0
      vertex -6.22354 13.8978 0
    endloop
  endfacet
  facet normal 0 0 -1
    outer loop
      vertex -6.22354 13.8978 0
      vertex -7 14 0
      vertex -6.60843 13.9743 0
    endloop
  endfacet
  facet normal 0 0 -1
    outer loop
      vertex -29 -14 0
      vertex -7 14 0
      vertex -7 -14 0
    endloop
  endfacet
  facet normal 0 0 -1
    outer loop
      vertex -29 -14 0
      vertex -29 14 0
      vertex -7 14 0
    endloop
  endfacet
  facet normal 0 0 -1
    outer loop
      vertex -32 -11 0
      vertex -29 -14 0
      vertex -29.3916 -13.9743 0
    endloop
  endfacet
  facet normal 0 0 -1
    outer loop
      vertex -29 -14 0
      vertex -32 -11 0
      vertex -29 14 0
    endloop
  endfacet
  facet normal 0 0 -1
    outer loop
      vertex -32 -11 0
      vertex -29.3916 -13.9743 0
      vertex -29.7765 -13.8978 0
    endloop
  endfacet
  facet normal 0 0 -1
    outer loop
      vertex -32 11 0
      vertex -29 14 0
      vertex -32 -11 0
    endloop
  endfacet
  facet normal 0 0 -1
    outer loop
      vertex -32 -11 0
      vertex -29.7765 -13.8978 0
      vertex -30.1481 -13.7716 0
    endloop
  endfacet
  facet normal 0 0 -1
    outer loop
      vertex -29 14 0
      vertex -32 11 0
      vertex -29.3916 13.9743 0
    endloop
  endfacet
  facet normal 0 0 -1
    outer loop
      vertex -32 -11 0
      vertex -30.1481 -13.7716 0
      vertex -30.5 -13.5981 0
    endloop
  endfacet
  facet normal 0 0 -1
    outer loop
      vertex -29.3916 13.9743 0
      vertex -32 11 0
      vertex -29.7765 13.8978 0
    endloop
  endfacet
  facet normal 0 0 -1
    outer loop
      vertex -32 -11 0
      vertex -30.5 -13.5981 0
      vertex -30.8263 -13.3801 0
    endloop
  endfacet
  facet normal 0 0 -1
    outer loop
      vertex -29.7765 13.8978 0
      vertex -32 11 0
      vertex -30.1481 13.7716 0
    endloop
  endfacet
  facet normal 0 0 -1
    outer loop
      vertex -32 -11 0
      vertex -30.8263 -13.3801 0
      vertex -31.1213 -13.1213 0
    endloop
  endfacet
  facet normal 0 0 -1
    outer loop
      vertex -30.1481 13.7716 0
      vertex -32 11 0
      vertex -30.5 13.5981 0
    endloop
  endfacet
  facet normal 0 0 -1
    outer loop
      vertex -32 -11 0
      vertex -31.1213 -13.1213 0
      vertex -31.3801 -12.8263 0
    endloop
  endfacet
  facet normal 0 0 -1
    outer loop
      vertex -30.5 13.5981 0
      vertex -32 11 0
      vertex -30.8263 13.3801 0
    endloop
  endfacet
  facet normal 0 0 -1
    outer loop
      vertex -32 -11 0
      vertex -31.3801 -12.8263 0
      vertex -31.5981 -12.5 0
    endloop
  endfacet
  facet normal 0 0 -1
    outer loop
      vertex -30.8263 13.3801 0
      vertex -32 11 0
      vertex -31.1213 13.1213 0
    endloop
  endfacet
  facet normal 0 0 -1
    outer loop
      vertex -32 -11 0
      vertex -31.5981 -12.5 0
      vertex -31.7716 -12.1481 0
    endloop
  endfacet
  facet normal 0 0 -1
    outer loop
      vertex -31.1213 13.1213 0
      vertex -32 11 0
      vertex -31.3801 12.8263 0
    endloop
  endfacet
  facet normal 0 0 -1
    outer loop
      vertex -32 -11 0
      vertex -31.7716 -12.1481 0
      vertex -31.8978 -11.7765 0
    endloop
  endfacet
  facet normal 0 0 -1
    outer loop
      vertex -31.3801 12.8263 0
      vertex -32 11 0
      vertex -31.5981 12.5 0
    endloop
  endfacet
  facet normal 0 0 -1
    outer loop
      vertex -32 -11 0
      vertex -31.8978 -11.7765 0
      vertex -31.9743 -11.3916 0
    endloop
  endfacet
  facet normal 0 0 -1
    outer loop
      vertex -31.5981 12.5 0
      vertex -32 11 0
      vertex -31.7716 12.1481 0
    endloop
  endfacet
  facet normal 0 0 -1
    outer loop
      vertex -31.7716 12.1481 0
      vertex -32 11 0
      vertex -31.8978 11.7765 0
    endloop
  endfacet
  facet normal 0 0 -1
    outer loop
      vertex -31.8978 11.7765 0
      vertex -32 11 0
      vertex -31.9743 11.3916 0
    endloop
  endfacet
  facet normal -0.751724 -0.659478 0
    outer loop
      vertex -31.1213 -13.1213 0
      vertex -31.3801 -12.8263 4
      vertex -31.3801 -12.8263 0
    endloop
  endfacet
  facet normal -0.751724 -0.659478 0
    outer loop
      vertex -31.3801 -12.8263 4
      vertex -31.1213 -13.1213 0
      vertex -31.1213 -13.1213 4
    endloop
  endfacet
  facet normal 0.0654923 -0.997853 0
    outer loop
      vertex -7 -14 0
      vertex -6.60843 -13.9743 4
      vertex -7 -14 4
    endloop
  endfacet
  facet normal 0.0654923 -0.997853 0
    outer loop
      vertex -6.60843 -13.9743 4
      vertex -7 -14 0
      vertex -6.60843 -13.9743 0
    endloop
  endfacet
  facet normal 0.555547 0.831485 -0
    outer loop
      vertex -5.17372 13.3801 0
      vertex -5.5 13.5981 4
      vertex -5.17372 13.3801 4
    endloop
  endfacet
  facet normal 0.555547 0.831485 0
    outer loop
      vertex -5.5 13.5981 4
      vertex -5.17372 13.3801 0
      vertex -5.5 13.5981 0
    endloop
  endfacet
  facet normal 0.751787 0.659406 0
    outer loop
      vertex -4.61993 12.8263 4
      vertex -4.87868 13.1213 0
      vertex -4.87868 13.1213 4
    endloop
  endfacet
  facet normal 0.751787 0.659406 0
    outer loop
      vertex -4.87868 13.1213 0
      vertex -4.61993 12.8263 4
      vertex -4.61993 12.8263 0
    endloop
  endfacet
  facet normal -0.0654873 0.997853 0
    outer loop
      vertex -29 14 0
      vertex -29.3916 13.9743 4
      vertex -29 14 4
    endloop
  endfacet
  facet normal -0.0654873 0.997853 0
    outer loop
      vertex -29.3916 13.9743 4
      vertex -29 14 0
      vertex -29.3916 13.9743 0
    endloop
  endfacet
  facet normal -0.442211 0.896911 0
    outer loop
      vertex -30.1481 13.7716 0
      vertex -30.5 13.5981 4
      vertex -30.1481 13.7716 4
    endloop
  endfacet
  facet normal -0.442211 0.896911 0
    outer loop
      vertex -30.5 13.5981 4
      vertex -30.1481 13.7716 0
      vertex -30.5 13.5981 0
    endloop
  endfacet
  facet normal -0.321574 0.946885 0
    outer loop
      vertex -29.7765 13.8978 0
      vertex -30.1481 13.7716 4
      vertex -29.7765 13.8978 4
    endloop
  endfacet
  facet normal -0.321574 0.946885 0
    outer loop
      vertex -30.1481 13.7716 4
      vertex -29.7765 13.8978 0
      vertex -30.1481 13.7716 0
    endloop
  endfacet
  facet normal -0.946885 0.321574 0
    outer loop
      vertex -31.8978 11.7765 0
      vertex -31.7716 12.1481 4
      vertex -31.7716 12.1481 0
    endloop
  endfacet
  facet normal -0.946885 0.321574 0
    outer loop
      vertex -31.7716 12.1481 4
      vertex -31.8978 11.7765 0
      vertex -31.8978 11.7765 4
    endloop
  endfacet
  facet normal -0.980815 0.19494 0
    outer loop
      vertex -31.9743 11.3916 0
      vertex -31.8978 11.7765 4
      vertex -31.8978 11.7765 0
    endloop
  endfacet
  facet normal -0.980815 0.19494 0
    outer loop
      vertex -31.8978 11.7765 4
      vertex -31.9743 11.3916 0
      vertex -31.9743 11.3916 4
    endloop
  endfacet
  facet normal -0.831501 0.555523 0
    outer loop
      vertex -31.5981 12.5 0
      vertex -31.3801 12.8263 4
      vertex -31.3801 12.8263 0
    endloop
  endfacet
  facet normal -0.831501 0.555523 0
    outer loop
      vertex -31.3801 12.8263 4
      vertex -31.5981 12.5 0
      vertex -31.5981 12.5 4
    endloop
  endfacet
  facet normal -0.997853 -0.0654873 0
    outer loop
      vertex -31.9743 -11.3916 0
      vertex -32 -11 4
      vertex -32 -11 0
    endloop
  endfacet
  facet normal -0.997853 -0.0654873 0
    outer loop
      vertex -32 -11 4
      vertex -31.9743 -11.3916 0
      vertex -31.9743 -11.3916 4
    endloop
  endfacet
  facet normal -0.659478 -0.751724 0
    outer loop
      vertex -31.1213 -13.1213 0
      vertex -30.8263 -13.3801 4
      vertex -31.1213 -13.1213 4
    endloop
  endfacet
  facet normal -0.659478 -0.751724 -0
    outer loop
      vertex -30.8263 -13.3801 4
      vertex -31.1213 -13.1213 0
      vertex -30.8263 -13.3801 0
    endloop
  endfacet
  facet normal -0.19494 -0.980815 0
    outer loop
      vertex -29.7765 -13.8978 0
      vertex -29.3916 -13.9743 4
      vertex -29.7765 -13.8978 4
    endloop
  endfacet
  facet normal -0.19494 -0.980815 -0
    outer loop
      vertex -29.3916 -13.9743 4
      vertex -29.7765 -13.8978 0
      vertex -29.3916 -13.9743 0
    endloop
  endfacet
  facet normal -0.442211 -0.896911 0
    outer loop
      vertex -30.5 -13.5981 0
      vertex -30.1481 -13.7716 4
      vertex -30.5 -13.5981 4
    endloop
  endfacet
  facet normal -0.442211 -0.896911 -0
    outer loop
      vertex -30.1481 -13.7716 4
      vertex -30.5 -13.5981 0
      vertex -30.1481 -13.7716 0
    endloop
  endfacet
  facet normal 0.659428 0.751768 -0
    outer loop
      vertex -4.87868 13.1213 0
      vertex -5.17372 13.3801 4
      vertex -4.87868 13.1213 4
    endloop
  endfacet
  facet normal 0.659428 0.751768 0
    outer loop
      vertex -5.17372 13.3801 4
      vertex -4.87868 13.1213 0
      vertex -5.17372 13.3801 0
    endloop
  endfacet
  facet normal 0.321574 0.946885 -0
    outer loop
      vertex -5.85194 13.7716 0
      vertex -6.22354 13.8978 4
      vertex -5.85194 13.7716 4
    endloop
  endfacet
  facet normal 0.321574 0.946885 0
    outer loop
      vertex -6.22354 13.8978 4
      vertex -5.85194 13.7716 0
      vertex -6.22354 13.8978 0
    endloop
  endfacet
  facet normal 0.194945 0.980814 -0
    outer loop
      vertex -6.22354 13.8978 0
      vertex -6.60843 13.9743 4
      vertex -6.22354 13.8978 4
    endloop
  endfacet
  facet normal 0.194945 0.980814 0
    outer loop
      vertex -6.60843 13.9743 4
      vertex -6.22354 13.8978 0
      vertex -6.60843 13.9743 0
    endloop
  endfacet
  facet normal 0.442171 0.896931 -0
    outer loop
      vertex -5.5 13.5981 0
      vertex -5.85194 13.7716 4
      vertex -5.5 13.5981 4
    endloop
  endfacet
  facet normal 0.442171 0.896931 0
    outer loop
      vertex -5.85194 13.7716 4
      vertex -5.5 13.5981 0
      vertex -5.85194 13.7716 0
    endloop
  endfacet
  facet normal 0.980791 0.195062 0
    outer loop
      vertex -4.02567 11.3916 4
      vertex -4.10222 11.7765 0
      vertex -4.10222 11.7765 4
    endloop
  endfacet
  facet normal 0.980791 0.195062 0
    outer loop
      vertex -4.10222 11.7765 0
      vertex -4.02567 11.3916 4
      vertex -4.02567 11.3916 0
    endloop
  endfacet
  facet normal 0.997858 0.0654112 0
    outer loop
      vertex -4 11 4
      vertex -4.02567 11.3916 0
      vertex -4.02567 11.3916 4
    endloop
  endfacet
  facet normal 0.997858 0.0654112 0
    outer loop
      vertex -4.02567 11.3916 0
      vertex -4 11 4
      vertex -4 11 0
    endloop
  endfacet
  facet normal 0.89685 -0.442334 0
    outer loop
      vertex -4.40192 -12.5 4
      vertex -4.22836 -12.1481 0
      vertex -4.22836 -12.1481 4
    endloop
  endfacet
  facet normal 0.89685 -0.442334 0
    outer loop
      vertex -4.22836 -12.1481 0
      vertex -4.40192 -12.5 4
      vertex -4.40192 -12.5 0
    endloop
  endfacet
  facet normal 0.980791 -0.195062 0
    outer loop
      vertex -4.10222 -11.7765 4
      vertex -4.02567 -11.3916 0
      vertex -4.02567 -11.3916 4
    endloop
  endfacet
  facet normal 0.980791 -0.195062 0
    outer loop
      vertex -4.02567 -11.3916 0
      vertex -4.10222 -11.7765 4
      vertex -4.10222 -11.7765 0
    endloop
  endfacet
  facet normal 0.751787 -0.659406 0
    outer loop
      vertex -4.87868 -13.1213 4
      vertex -4.61993 -12.8263 0
      vertex -4.61993 -12.8263 4
    endloop
  endfacet
  facet normal 0.751787 -0.659406 0
    outer loop
      vertex -4.61993 -12.8263 0
      vertex -4.87868 -13.1213 4
      vertex -4.87868 -13.1213 0
    endloop
  endfacet
  facet normal 0.442171 -0.896931 0
    outer loop
      vertex -5.85194 -13.7716 0
      vertex -5.5 -13.5981 4
      vertex -5.85194 -13.7716 4
    endloop
  endfacet
  facet normal 0.442171 -0.896931 0
    outer loop
      vertex -5.5 -13.5981 4
      vertex -5.85194 -13.7716 0
      vertex -5.5 -13.5981 0
    endloop
  endfacet
  facet normal -0.659478 0.751724 0
    outer loop
      vertex -30.8263 13.3801 0
      vertex -31.1213 13.1213 4
      vertex -30.8263 13.3801 4
    endloop
  endfacet
  facet normal -0.659478 0.751724 0
    outer loop
      vertex -31.1213 13.1213 4
      vertex -30.8263 13.3801 0
      vertex -31.1213 13.1213 0
    endloop
  endfacet
  facet normal -0.555523 0.831501 0
    outer loop
      vertex -30.5 13.5981 0
      vertex -30.8263 13.3801 4
      vertex -30.5 13.5981 4
    endloop
  endfacet
  facet normal -0.555523 0.831501 0
    outer loop
      vertex -30.8263 13.3801 4
      vertex -30.5 13.5981 0
      vertex -30.8263 13.3801 0
    endloop
  endfacet
  facet normal -0.896911 0.442211 0
    outer loop
      vertex -31.7716 12.1481 0
      vertex -31.5981 12.5 4
      vertex -31.5981 12.5 0
    endloop
  endfacet
  facet normal -0.896911 0.442211 0
    outer loop
      vertex -31.5981 12.5 4
      vertex -31.7716 12.1481 0
      vertex -31.7716 12.1481 4
    endloop
  endfacet
  facet normal -0.980815 -0.19494 0
    outer loop
      vertex -31.8978 -11.7765 0
      vertex -31.9743 -11.3916 4
      vertex -31.9743 -11.3916 0
    endloop
  endfacet
  facet normal -0.980815 -0.19494 0
    outer loop
      vertex -31.9743 -11.3916 4
      vertex -31.8978 -11.7765 0
      vertex -31.8978 -11.7765 4
    endloop
  endfacet
  facet normal 0 0 1
    outer loop
      vertex -7 14 4
      vertex -4 11 4
      vertex -4.02567 11.3916 4
    endloop
  endfacet
  facet normal 0 0 1
    outer loop
      vertex -4 11 4
      vertex -13 0 4
      vertex -4 -11 4
    endloop
  endfacet
  facet normal 0 0 1
    outer loop
      vertex -7 14 4
      vertex -4.02567 11.3916 4
      vertex -4.10222 11.7765 4
    endloop
  endfacet
  facet normal -0 0 1
    outer loop
      vertex -13.0428 -0.652631 4
      vertex -4 -11 4
      vertex -13 0 4
    endloop
  endfacet
  facet normal 0 0 1
    outer loop
      vertex -7 14 4
      vertex -4.10222 11.7765 4
      vertex -4.22836 12.1481 4
    endloop
  endfacet
  facet normal -0 0 1
    outer loop
      vertex -13.1704 -1.2941 4
      vertex -4 -11 4
      vertex -13.0428 -0.652631 4
    endloop
  endfacet
  facet normal 0 0 1
    outer loop
      vertex -7 14 4
      vertex -4.22836 12.1481 4
      vertex -4.40192 12.5 4
    endloop
  endfacet
  facet normal -0 0 1
    outer loop
      vertex -13.3806 -1.91342 4
      vertex -4 -11 4
      vertex -13.1704 -1.2941 4
    endloop
  endfacet
  facet normal 0 0 1
    outer loop
      vertex -7 14 4
      vertex -4.40192 12.5 4
      vertex -4.61993 12.8263 4
    endloop
  endfacet
  facet normal -0 0 1
    outer loop
      vertex -13.6699 -2.5 4
      vertex -4 -11 4
      vertex -13.3806 -1.91342 4
    endloop
  endfacet
  facet normal 0 0 1
    outer loop
      vertex -7 14 4
      vertex -4.61993 12.8263 4
      vertex -4.87868 13.1213 4
    endloop
  endfacet
  facet normal -0 0 1
    outer loop
      vertex -14.0332 -3.04381 4
      vertex -4 -11 4
      vertex -13.6699 -2.5 4
    endloop
  endfacet
  facet normal 0 0 1
    outer loop
      vertex -7 14 4
      vertex -4.87868 13.1213 4
      vertex -5.17372 13.3801 4
    endloop
  endfacet
  facet normal -0 0 1
    outer loop
      vertex -14.4645 -3.53553 4
      vertex -4 -11 4
      vertex -14.0332 -3.04381 4
    endloop
  endfacet
  facet normal 0 0 1
    outer loop
      vertex -7 14 4
      vertex -5.17372 13.3801 4
      vertex -5.5 13.5981 4
    endloop
  endfacet
  facet normal 0 -0 1
    outer loop
      vertex -7 -14 4
      vertex -4 -11 4
      vertex -14.4645 -3.53553 4
    endloop
  endfacet
  facet normal 0 0 1
    outer loop
      vertex -7 14 4
      vertex -5.5 13.5981 4
      vertex -5.85194 13.7716 4
    endloop
  endfacet
  facet normal 0 0 1
    outer loop
      vertex -4 -11 4
      vertex -7 -14 4
      vertex -4.02567 -11.3916 4
    endloop
  endfacet
  facet normal 0 0 1
    outer loop
      vertex -7 14 4
      vertex -5.85194 13.7716 4
      vertex -6.22354 13.8978 4
    endloop
  endfacet
  facet normal 0 0 1
    outer loop
      vertex -4.10222 -11.7765 4
      vertex -7 -14 4
      vertex -4.22836 -12.1481 4
    endloop
  endfacet
  facet normal 0 0 1
    outer loop
      vertex -7 14 4
      vertex -6.22354 13.8978 4
      vertex -6.60843 13.9743 4
    endloop
  endfacet
  facet normal 0 0 1
    outer loop
      vertex -4.22836 -12.1481 4
      vertex -7 -14 4
      vertex -4.40192 -12.5 4
    endloop
  endfacet
  facet normal 0 0 1
    outer loop
      vertex -4 11 4
      vertex -7 14 4
      vertex -14.4645 3.53553 4
    endloop
  endfacet
  facet normal 0 0 1
    outer loop
      vertex -4.40192 -12.5 4
      vertex -7 -14 4
      vertex -4.61993 -12.8263 4
    endloop
  endfacet
  facet normal 0 0 1
    outer loop
      vertex -4.61993 -12.8263 4
      vertex -7 -14 4
      vertex -4.87868 -13.1213 4
    endloop
  endfacet
  facet normal 0 0 1
    outer loop
      vertex -4 11 4
      vertex -13.0428 0.652631 4
      vertex -13 0 4
    endloop
  endfacet
  facet normal 0 0 1
    outer loop
      vertex -4 11 4
      vertex -13.1704 1.2941 4
      vertex -13.0428 0.652631 4
    endloop
  endfacet
  facet normal 0 0 1
    outer loop
      vertex -4 11 4
      vertex -13.3806 1.91342 4
      vertex -13.1704 1.2941 4
    endloop
  endfacet
  facet normal 0 0 1
    outer loop
      vertex -4 11 4
      vertex -13.6699 2.5 4
      vertex -13.3806 1.91342 4
    endloop
  endfacet
  facet normal 0 0 1
    outer loop
      vertex -4 11 4
      vertex -14.0332 3.04381 4
      vertex -13.6699 2.5 4
    endloop
  endfacet
  facet normal 0 0 1
    outer loop
      vertex -4 11 4
      vertex -14.4645 3.53553 4
      vertex -14.0332 3.04381 4
    endloop
  endfacet
  facet normal 0 0 1
    outer loop
      vertex -7 14 4
      vertex -14.9562 3.96677 4
      vertex -14.4645 3.53553 4
    endloop
  endfacet
  facet normal 0 0 1
    outer loop
      vertex -7 14 4
      vertex -15.5 4.33013 4
      vertex -14.9562 3.96677 4
    endloop
  endfacet
  facet normal 0 0 1
    outer loop
      vertex -7 14 4
      vertex -16.0866 4.6194 4
      vertex -15.5 4.33013 4
    endloop
  endfacet
  facet normal 0 0 1
    outer loop
      vertex -7 14 4
      vertex -16.7059 4.82963 4
      vertex -16.0866 4.6194 4
    endloop
  endfacet
  facet normal 0 0 1
    outer loop
      vertex -7 14 4
      vertex -17.3474 4.95722 4
      vertex -16.7059 4.82963 4
    endloop
  endfacet
  facet normal 0 0 1
    outer loop
      vertex -7 14 4
      vertex -18 5 4
      vertex -17.3474 4.95722 4
    endloop
  endfacet
  facet normal -0 0 1
    outer loop
      vertex -29 14 4
      vertex -18 5 4
      vertex -7 14 4
    endloop
  endfacet
  facet normal 0 0 1
    outer loop
      vertex -18 5 4
      vertex -29 14 4
      vertex -18.6526 4.95722 4
    endloop
  endfacet
  facet normal 0 0 1
    outer loop
      vertex -18.6526 4.95722 4
      vertex -29 14 4
      vertex -19.2941 4.82963 4
    endloop
  endfacet
  facet normal 0 0 1
    outer loop
      vertex -19.2941 4.82963 4
      vertex -29 14 4
      vertex -19.9134 4.6194 4
    endloop
  endfacet
  facet normal 0 0 1
    outer loop
      vertex -19.9134 4.6194 4
      vertex -29 14 4
      vertex -20.5 4.33013 4
    endloop
  endfacet
  facet normal 0 0 1
    outer loop
      vertex -22.8296 1.2941 4
      vertex -32 11 4
      vertex -22.9572 0.652631 4
    endloop
  endfacet
  facet normal 0 0 1
    outer loop
      vertex -22.6194 1.91342 4
      vertex -32 11 4
      vertex -22.8296 1.2941 4
    endloop
  endfacet
  facet normal 0 0 1
    outer loop
      vertex -22.3301 2.5 4
      vertex -32 11 4
      vertex -22.6194 1.91342 4
    endloop
  endfacet
  facet normal 0 0 1
    outer loop
      vertex -21.9668 3.04381 4
      vertex -32 11 4
      vertex -22.3301 2.5 4
    endloop
  endfacet
  facet normal 0 0 1
    outer loop
      vertex -21.5355 3.53553 4
      vertex -32 11 4
      vertex -21.9668 3.04381 4
    endloop
  endfacet
  facet normal -0 0 1
    outer loop
      vertex -32 11 4
      vertex -21.5355 3.53553 4
      vertex -29 14 4
    endloop
  endfacet
  facet normal 0 0 1
    outer loop
      vertex -21.0438 3.96677 4
      vertex -29 14 4
      vertex -21.5355 3.53553 4
    endloop
  endfacet
  facet normal 0 0 1
    outer loop
      vertex -20.5 4.33013 4
      vertex -29 14 4
      vertex -21.0438 3.96677 4
    endloop
  endfacet
  facet normal 0 0 1
    outer loop
      vertex -4.87868 -13.1213 4
      vertex -7 -14 4
      vertex -5.17372 -13.3801 4
    endloop
  endfacet
  facet normal 0 0 1
    outer loop
      vertex -5.5 -13.5981 4
      vertex -7 -14 4
      vertex -5.85194 -13.7716 4
    endloop
  endfacet
  facet normal 0 0 1
    outer loop
      vertex -5.85194 -13.7716 4
      vertex -7 -14 4
      vertex -6.22354 -13.8978 4
    endloop
  endfacet
  facet normal 0 0 1
    outer loop
      vertex -6.22354 -13.8978 4
      vertex -7 -14 4
      vertex -6.60843 -13.9743 4
    endloop
  endfacet
  facet normal 0 0 1
    outer loop
      vertex -5.17372 -13.3801 4
      vertex -7 -14 4
      vertex -5.5 -13.5981 4
    endloop
  endfacet
  facet normal 0 0 1
    outer loop
      vertex -4.02567 -11.3916 4
      vertex -7 -14 4
      vertex -4.10222 -11.7765 4
    endloop
  endfacet
  facet normal -0 0 1
    outer loop
      vertex -14.9562 -3.96677 4
      vertex -7 -14 4
      vertex -14.4645 -3.53553 4
    endloop
  endfacet
  facet normal -0 0 1
    outer loop
      vertex -15.5 -4.33013 4
      vertex -7 -14 4
      vertex -14.9562 -3.96677 4
    endloop
  endfacet
  facet normal -0 0 1
    outer loop
      vertex -16.0866 -4.6194 4
      vertex -7 -14 4
      vertex -15.5 -4.33013 4
    endloop
  endfacet
  facet normal -0 0 1
    outer loop
      vertex -16.7059 -4.82963 4
      vertex -7 -14 4
      vertex -16.0866 -4.6194 4
    endloop
  endfacet
  facet normal -0 0 1
    outer loop
      vertex -17.3474 -4.95722 4
      vertex -7 -14 4
      vertex -16.7059 -4.82963 4
    endloop
  endfacet
  facet normal -0 0 1
    outer loop
      vertex -18 -5 4
      vertex -7 -14 4
      vertex -17.3474 -4.95722 4
    endloop
  endfacet
  facet normal 0 0 1
    outer loop
      vertex -29 -14 4
      vertex -18 -5 4
      vertex -18.6526 -4.95722 4
    endloop
  endfacet
  facet normal 0 0 1
    outer loop
      vertex -29 -14 4
      vertex -18.6526 -4.95722 4
      vertex -19.2941 -4.82963 4
    endloop
  endfacet
  facet normal 0 0 1
    outer loop
      vertex -29 -14 4
      vertex -19.2941 -4.82963 4
      vertex -19.9134 -4.6194 4
    endloop
  endfacet
  facet normal 0 0 1
    outer loop
      vertex -29 -14 4
      vertex -19.9134 -4.6194 4
      vertex -20.5 -4.33013 4
    endloop
  endfacet
  facet normal 0 0 1
    outer loop
      vertex -29 -14 4
      vertex -20.5 -4.33013 4
      vertex -21.0438 -3.96677 4
    endloop
  endfacet
  facet normal 0 0 1
    outer loop
      vertex -22.9572 0.652631 4
      vertex -32 11 4
      vertex -23 0 4
    endloop
  endfacet
  facet normal 0 0 1
    outer loop
      vertex -32 -11 4
      vertex -23 0 4
      vertex -32 11 4
    endloop
  endfacet
  facet normal 0 0 1
    outer loop
      vertex -23 0 4
      vertex -32 -11 4
      vertex -22.9572 -0.652631 4
    endloop
  endfacet
  facet normal 0 0 1
    outer loop
      vertex -18 -5 4
      vertex -29 -14 4
      vertex -7 -14 4
    endloop
  endfacet
  facet normal 0 0 1
    outer loop
      vertex -21.5355 -3.53553 4
      vertex -29 -14 4
      vertex -21.0438 -3.96677 4
    endloop
  endfacet
  facet normal 0 0 1
    outer loop
      vertex -32 -11 4
      vertex -21.5355 -3.53553 4
      vertex -21.9668 -3.04381 4
    endloop
  endfacet
  facet normal 0 0 1
    outer loop
      vertex -32 -11 4
      vertex -21.9668 -3.04381 4
      vertex -22.3301 -2.5 4
    endloop
  endfacet
  facet normal 0 0 1
    outer loop
      vertex -32 -11 4
      vertex -22.3301 -2.5 4
      vertex -22.6194 -1.91342 4
    endloop
  endfacet
  facet normal 0 0 1
    outer loop
      vertex -22.9572 -0.652631 4
      vertex -32 -11 4
      vertex -22.8296 -1.2941 4
    endloop
  endfacet
  facet normal 0 0 1
    outer loop
      vertex -32 11 4
      vertex -29 14 4
      vertex -29.3916 13.9743 4
    endloop
  endfacet
  facet normal 0 0 1
    outer loop
      vertex -22.8296 -1.2941 4
      vertex -32 -11 4
      vertex -22.6194 -1.91342 4
    endloop
  endfacet
  facet normal 0 0 1
    outer loop
      vertex -32 11 4
      vertex -29.3916 13.9743 4
      vertex -29.7765 13.8978 4
    endloop
  endfacet
  facet normal 0 0 1
    outer loop
      vertex -21.5355 -3.53553 4
      vertex -32 -11 4
      vertex -29 -14 4
    endloop
  endfacet
  facet normal 0 0 1
    outer loop
      vertex -32 11 4
      vertex -29.7765 13.8978 4
      vertex -30.1481 13.7716 4
    endloop
  endfacet
  facet normal 0 0 1
    outer loop
      vertex -29 -14 4
      vertex -32 -11 4
      vertex -29.3916 -13.9743 4
    endloop
  endfacet
  facet normal 0 0 1
    outer loop
      vertex -32 11 4
      vertex -30.1481 13.7716 4
      vertex -30.5 13.5981 4
    endloop
  endfacet
  facet normal 0 0 1
    outer loop
      vertex -29.3916 -13.9743 4
      vertex -32 -11 4
      vertex -29.7765 -13.8978 4
    endloop
  endfacet
  facet normal 0 0 1
    outer loop
      vertex -32 11 4
      vertex -30.5 13.5981 4
      vertex -30.8263 13.3801 4
    endloop
  endfacet
  facet normal 0 0 1
    outer loop
      vertex -29.7765 -13.8978 4
      vertex -32 -11 4
      vertex -30.1481 -13.7716 4
    endloop
  endfacet
  facet normal 0 0 1
    outer loop
      vertex -32 11 4
      vertex -30.8263 13.3801 4
      vertex -31.1213 13.1213 4
    endloop
  endfacet
  facet normal 0 0 1
    outer loop
      vertex -30.1481 -13.7716 4
      vertex -32 -11 4
      vertex -30.5 -13.5981 4
    endloop
  endfacet
  facet normal 0 0 1
    outer loop
      vertex -32 11 4
      vertex -31.1213 13.1213 4
      vertex -31.3801 12.8263 4
    endloop
  endfacet
  facet normal 0 0 1
    outer loop
      vertex -30.5 -13.5981 4
      vertex -32 -11 4
      vertex -30.8263 -13.3801 4
    endloop
  endfacet
  facet normal 0 0 1
    outer loop
      vertex -32 11 4
      vertex -31.3801 12.8263 4
      vertex -31.5981 12.5 4
    endloop
  endfacet
  facet normal 0 0 1
    outer loop
      vertex -30.8263 -13.3801 4
      vertex -32 -11 4
      vertex -31.1213 -13.1213 4
    endloop
  endfacet
  facet normal 0 0 1
    outer loop
      vertex -32 11 4
      vertex -31.5981 12.5 4
      vertex -31.7716 12.1481 4
    endloop
  endfacet
  facet normal 0 0 1
    outer loop
      vertex -31.1213 -13.1213 4
      vertex -32 -11 4
      vertex -31.3801 -12.8263 4
    endloop
  endfacet
  facet normal 0 0 1
    outer loop
      vertex -32 11 4
      vertex -31.7716 12.1481 4
      vertex -31.8978 11.7765 4
    endloop
  endfacet
  facet normal 0 0 1
    outer loop
      vertex -31.3801 -12.8263 4
      vertex -32 -11 4
      vertex -31.5981 -12.5 4
    endloop
  endfacet
  facet normal 0 0 1
    outer loop
      vertex -32 11 4
      vertex -31.8978 11.7765 4
      vertex -31.9743 11.3916 4
    endloop
  endfacet
  facet normal 0 0 1
    outer loop
      vertex -31.5981 -12.5 4
      vertex -32 -11 4
      vertex -31.7716 -12.1481 4
    endloop
  endfacet
  facet normal 0 0 1
    outer loop
      vertex -31.7716 -12.1481 4
      vertex -32 -11 4
      vertex -31.8978 -11.7765 4
    endloop
  endfacet
  facet normal 0 0 1
    outer loop
      vertex -31.8978 -11.7765 4
      vertex -32 -11 4
      vertex -31.9743 -11.3916 4
    endloop
  endfacet
  facet normal -0.946885 -0.321574 0
    outer loop
      vertex -31.7716 -12.1481 0
      vertex -31.8978 -11.7765 4
      vertex -31.8978 -11.7765 0
    endloop
  endfacet
  facet normal -0.946885 -0.321574 0
    outer loop
      vertex -31.8978 -11.7765 4
      vertex -31.7716 -12.1481 0
      vertex -31.7716 -12.1481 4
    endloop
  endfacet
  facet normal -0.831501 -0.555523 0
    outer loop
      vertex -31.3801 -12.8263 0
      vertex -31.5981 -12.5 4
      vertex -31.5981 -12.5 0
    endloop
  endfacet
  facet normal -0.831501 -0.555523 0
    outer loop
      vertex -31.5981 -12.5 4
      vertex -31.3801 -12.8263 0
      vertex -31.3801 -12.8263 4
    endloop
  endfacet
  facet normal -0.555523 -0.831501 0
    outer loop
      vertex -30.8263 -13.3801 0
      vertex -30.5 -13.5981 4
      vertex -30.8263 -13.3801 4
    endloop
  endfacet
  facet normal -0.555523 -0.831501 -0
    outer loop
      vertex -30.5 -13.5981 4
      vertex -30.8263 -13.3801 0
      vertex -30.5 -13.5981 0
    endloop
  endfacet
  facet normal -0.0654873 -0.997853 0
    outer loop
      vertex -29.3916 -13.9743 0
      vertex -29 -14 4
      vertex -29.3916 -13.9743 4
    endloop
  endfacet
  facet normal -0.0654873 -0.997853 -0
    outer loop
      vertex -29 -14 4
      vertex -29.3916 -13.9743 0
      vertex -29 -14 0
    endloop
  endfacet
  facet normal -0.321574 -0.946885 0
    outer loop
      vertex -30.1481 -13.7716 0
      vertex -29.7765 -13.8978 4
      vertex -30.1481 -13.7716 4
    endloop
  endfacet
  facet normal -0.321574 -0.946885 -0
    outer loop
      vertex -29.7765 -13.8978 4
      vertex -30.1481 -13.7716 0
      vertex -29.7765 -13.8978 0
    endloop
  endfacet
  facet normal 0.946931 0.321437 0
    outer loop
      vertex -4.10222 11.7765 4
      vertex -4.22836 12.1481 0
      vertex -4.22836 12.1481 4
    endloop
  endfacet
  facet normal 0.946931 0.321437 0
    outer loop
      vertex -4.22836 12.1481 0
      vertex -4.10222 11.7765 4
      vertex -4.10222 11.7765 0
    endloop
  endfacet
  facet normal 0.89685 0.442334 0
    outer loop
      vertex -4.22836 12.1481 4
      vertex -4.40192 12.5 0
      vertex -4.40192 12.5 4
    endloop
  endfacet
  facet normal 0.89685 0.442334 0
    outer loop
      vertex -4.40192 12.5 0
      vertex -4.22836 12.1481 4
      vertex -4.22836 12.1481 0
    endloop
  endfacet
  facet normal 0.946931 -0.321437 0
    outer loop
      vertex -4.22836 -12.1481 4
      vertex -4.10222 -11.7765 0
      vertex -4.10222 -11.7765 4
    endloop
  endfacet
  facet normal 0.946931 -0.321437 0
    outer loop
      vertex -4.10222 -11.7765 0
      vertex -4.22836 -12.1481 4
      vertex -4.22836 -12.1481 0
    endloop
  endfacet
  facet normal 0.997858 -0.0654112 0
    outer loop
      vertex -4.02567 -11.3916 4
      vertex -4 -11 0
      vertex -4 -11 4
    endloop
  endfacet
  facet normal 0.997858 -0.0654112 0
    outer loop
      vertex -4 -11 0
      vertex -4.02567 -11.3916 4
      vertex -4.02567 -11.3916 0
    endloop
  endfacet
  facet normal 0.831489 -0.555541 0
    outer loop
      vertex -4.61993 -12.8263 4
      vertex -4.40192 -12.5 0
      vertex -4.40192 -12.5 4
    endloop
  endfacet
  facet normal 0.831489 -0.555541 0
    outer loop
      vertex -4.40192 -12.5 0
      vertex -4.61993 -12.8263 4
      vertex -4.61993 -12.8263 0
    endloop
  endfacet
  facet normal 0.555547 -0.831485 0
    outer loop
      vertex -5.5 -13.5981 0
      vertex -5.17372 -13.3801 4
      vertex -5.5 -13.5981 4
    endloop
  endfacet
  facet normal 0.555547 -0.831485 0
    outer loop
      vertex -5.17372 -13.3801 4
      vertex -5.5 -13.5981 0
      vertex -5.17372 -13.3801 0
    endloop
  endfacet
  facet normal -0.896911 -0.442211 0
    outer loop
      vertex -31.5981 -12.5 0
      vertex -31.7716 -12.1481 4
      vertex -31.7716 -12.1481 0
    endloop
  endfacet
  facet normal -0.896911 -0.442211 0
    outer loop
      vertex -31.7716 -12.1481 4
      vertex -31.5981 -12.5 0
      vertex -31.5981 -12.5 4
    endloop
  endfacet
  facet normal 0.659428 -0.751768 0
    outer loop
      vertex -5.17372 -13.3801 0
      vertex -4.87868 -13.1213 4
      vertex -5.17372 -13.3801 4
    endloop
  endfacet
  facet normal 0.659428 -0.751768 0
    outer loop
      vertex -4.87868 -13.1213 4
      vertex -5.17372 -13.3801 0
      vertex -4.87868 -13.1213 0
    endloop
  endfacet
  facet normal 0.997856 0.0654401 0
    outer loop
      vertex -13 0 12.02
      vertex -13.0428 0.652631 4
      vertex -13.0428 0.652631 12.02
    endloop
  endfacet
  facet normal 0.997856 0.0654401 0
    outer loop
      vertex -13.0428 0.652631 4
      vertex -13 0 12.02
      vertex -13 0 4
    endloop
  endfacet
  facet normal -0.997856 0.0654401 0
    outer loop
      vertex -23 0 4
      vertex -22.9572 0.652631 12.02
      vertex -22.9572 0.652631 4
    endloop
  endfacet
  facet normal -0.997856 0.0654401 0
    outer loop
      vertex -22.9572 0.652631 12.02
      vertex -23 0 4
      vertex -23 0 12.02
    endloop
  endfacet
  facet normal 0.0654128 0.997858 -0
    outer loop
      vertex -17.3474 4.95722 4
      vertex -18 5 12.02
      vertex -17.3474 4.95722 12.02
    endloop
  endfacet
  facet normal 0.0654128 0.997858 0
    outer loop
      vertex -18 5 12.02
      vertex -17.3474 4.95722 4
      vertex -18 5 4
    endloop
  endfacet
  facet normal 0.751784 0.659409 0
    outer loop
      vertex -14.0332 3.04381 12.02
      vertex -14.4645 3.53553 4
      vertex -14.4645 3.53553 12.02
    endloop
  endfacet
  facet normal 0.751784 0.659409 0
    outer loop
      vertex -14.4645 3.53553 4
      vertex -14.0332 3.04381 12.02
      vertex -14.0332 3.04381 4
    endloop
  endfacet
  facet normal -0.659372 0.751817 0
    outer loop
      vertex -21.0438 3.96677 4
      vertex -21.5355 3.53553 12.02
      vertex -21.0438 3.96677 12.02
    endloop
  endfacet
  facet normal -0.659372 0.751817 0
    outer loop
      vertex -21.5355 3.53553 12.02
      vertex -21.0438 3.96677 4
      vertex -21.5355 3.53553 4
    endloop
  endfacet
  facet normal -0.321448 0.946927 0
    outer loop
      vertex -19.2941 4.82963 4
      vertex -19.9134 4.6194 12.02
      vertex -19.2941 4.82963 12.02
    endloop
  endfacet
  facet normal -0.321448 0.946927 0
    outer loop
      vertex -19.9134 4.6194 12.02
      vertex -19.2941 4.82963 4
      vertex -19.9134 4.6194 4
    endloop
  endfacet
  facet normal 0.896854 0.442327 0
    outer loop
      vertex -13.3806 1.91342 12.02
      vertex -13.6699 2.5 4
      vertex -13.6699 2.5 12.02
    endloop
  endfacet
  facet normal 0.896854 0.442327 0
    outer loop
      vertex -13.6699 2.5 4
      vertex -13.3806 1.91342 12.02
      vertex -13.3806 1.91342 4
    endloop
  endfacet
  facet normal 0.980784 0.195096 0
    outer loop
      vertex -13.0428 0.652631 12.02
      vertex -13.1704 1.2941 4
      vertex -13.1704 1.2941 12.02
    endloop
  endfacet
  facet normal 0.980784 0.195096 0
    outer loop
      vertex -13.1704 1.2941 4
      vertex -13.0428 0.652631 12.02
      vertex -13.0428 0.652631 4
    endloop
  endfacet
  facet normal 0.831514 0.555504 0
    outer loop
      vertex -13.6699 2.5 12.02
      vertex -14.0332 3.04381 4
      vertex -14.0332 3.04381 12.02
    endloop
  endfacet
  facet normal 0.831514 0.555504 0
    outer loop
      vertex -14.0332 3.04381 4
      vertex -13.6699 2.5 12.02
      vertex -13.6699 2.5 4
    endloop
  endfacet
  facet normal 0.442277 0.896878 -0
    outer loop
      vertex -15.5 4.33013 4
      vertex -16.0866 4.6194 12.02
      vertex -15.5 4.33013 12.02
    endloop
  endfacet
  facet normal 0.442277 0.896878 0
    outer loop
      vertex -16.0866 4.6194 12.02
      vertex -15.5 4.33013 4
      vertex -16.0866 4.6194 4
    endloop
  endfacet
  facet normal 0.321448 0.946927 -0
    outer loop
      vertex -16.0866 4.6194 4
      vertex -16.7059 4.82963 12.02
      vertex -16.0866 4.6194 12.02
    endloop
  endfacet
  facet normal 0.321448 0.946927 0
    outer loop
      vertex -16.7059 4.82963 12.02
      vertex -16.0866 4.6194 4
      vertex -16.7059 4.82963 4
    endloop
  endfacet
  facet normal 0.555575 0.831466 -0
    outer loop
      vertex -14.9562 3.96677 4
      vertex -15.5 4.33013 12.02
      vertex -14.9562 3.96677 12.02
    endloop
  endfacet
  facet normal 0.555575 0.831466 0
    outer loop
      vertex -15.5 4.33013 12.02
      vertex -14.9562 3.96677 4
      vertex -15.5 4.33013 4
    endloop
  endfacet
  facet normal -0.896854 0.442327 0
    outer loop
      vertex -22.6194 1.91342 4
      vertex -22.3301 2.5 12.02
      vertex -22.3301 2.5 4
    endloop
  endfacet
  facet normal -0.896854 0.442327 0
    outer loop
      vertex -22.3301 2.5 12.02
      vertex -22.6194 1.91342 4
      vertex -22.6194 1.91342 12.02
    endloop
  endfacet
  facet normal -0.946944 0.321397 0
    outer loop
      vertex -22.8296 1.2941 4
      vertex -22.6194 1.91342 12.02
      vertex -22.6194 1.91342 4
    endloop
  endfacet
  facet normal -0.946944 0.321397 0
    outer loop
      vertex -22.6194 1.91342 12.02
      vertex -22.8296 1.2941 4
      vertex -22.8296 1.2941 12.02
    endloop
  endfacet
  facet normal -0.442277 0.896878 0
    outer loop
      vertex -19.9134 4.6194 4
      vertex -20.5 4.33013 12.02
      vertex -19.9134 4.6194 12.02
    endloop
  endfacet
  facet normal -0.442277 0.896878 0
    outer loop
      vertex -20.5 4.33013 12.02
      vertex -19.9134 4.6194 4
      vertex -20.5 4.33013 4
    endloop
  endfacet
  facet normal -0.195072 0.980789 0
    outer loop
      vertex -18.6526 4.95722 4
      vertex -19.2941 4.82963 12.02
      vertex -18.6526 4.95722 12.02
    endloop
  endfacet
  facet normal -0.195072 0.980789 0
    outer loop
      vertex -19.2941 4.82963 12.02
      vertex -18.6526 4.95722 4
      vertex -19.2941 4.82963 4
    endloop
  endfacet
  facet normal 0.442277 -0.896878 0
    outer loop
      vertex -16.0866 -4.6194 4
      vertex -15.5 -4.33013 12.02
      vertex -16.0866 -4.6194 12.02
    endloop
  endfacet
  facet normal 0.442277 -0.896878 0
    outer loop
      vertex -15.5 -4.33013 12.02
      vertex -16.0866 -4.6194 4
      vertex -15.5 -4.33013 4
    endloop
  endfacet
  facet normal -0.321448 -0.946927 0
    outer loop
      vertex -19.9134 -4.6194 4
      vertex -19.2941 -4.82963 12.02
      vertex -19.9134 -4.6194 12.02
    endloop
  endfacet
  facet normal -0.321448 -0.946927 -0
    outer loop
      vertex -19.2941 -4.82963 12.02
      vertex -19.9134 -4.6194 4
      vertex -19.2941 -4.82963 4
    endloop
  endfacet
  facet normal -0.896854 -0.442327 0
    outer loop
      vertex -22.3301 -2.5 4
      vertex -22.6194 -1.91342 12.02
      vertex -22.6194 -1.91342 4
    endloop
  endfacet
  facet normal -0.896854 -0.442327 0
    outer loop
      vertex -22.6194 -1.91342 12.02
      vertex -22.3301 -2.5 4
      vertex -22.3301 -2.5 12.02
    endloop
  endfacet
  facet normal 0.946944 0.321397 0
    outer loop
      vertex -13.1704 1.2941 12.02
      vertex -13.3806 1.91342 4
      vertex -13.3806 1.91342 12.02
    endloop
  endfacet
  facet normal 0.946944 0.321397 0
    outer loop
      vertex -13.3806 1.91342 4
      vertex -13.1704 1.2941 12.02
      vertex -13.1704 1.2941 4
    endloop
  endfacet
  facet normal 0.195072 0.980789 -0
    outer loop
      vertex -16.7059 4.82963 4
      vertex -17.3474 4.95722 12.02
      vertex -16.7059 4.82963 12.02
    endloop
  endfacet
  facet normal 0.195072 0.980789 0
    outer loop
      vertex -17.3474 4.95722 12.02
      vertex -16.7059 4.82963 4
      vertex -17.3474 4.95722 4
    endloop
  endfacet
  facet normal 0.659372 0.751817 -0
    outer loop
      vertex -14.4645 3.53553 4
      vertex -14.9562 3.96677 12.02
      vertex -14.4645 3.53553 12.02
    endloop
  endfacet
  facet normal 0.659372 0.751817 0
    outer loop
      vertex -14.9562 3.96677 12.02
      vertex -14.4645 3.53553 4
      vertex -14.9562 3.96677 4
    endloop
  endfacet
  facet normal -0.831514 0.555504 0
    outer loop
      vertex -22.3301 2.5 4
      vertex -21.9668 3.04381 12.02
      vertex -21.9668 3.04381 4
    endloop
  endfacet
  facet normal -0.831514 0.555504 0
    outer loop
      vertex -21.9668 3.04381 12.02
      vertex -22.3301 2.5 4
      vertex -22.3301 2.5 12.02
    endloop
  endfacet
  facet normal -0.751784 0.659409 0
    outer loop
      vertex -21.9668 3.04381 4
      vertex -21.5355 3.53553 12.02
      vertex -21.5355 3.53553 4
    endloop
  endfacet
  facet normal -0.751784 0.659409 0
    outer loop
      vertex -21.5355 3.53553 12.02
      vertex -21.9668 3.04381 4
      vertex -21.9668 3.04381 12.02
    endloop
  endfacet
  facet normal -0.980784 0.195096 0
    outer loop
      vertex -22.9572 0.652631 4
      vertex -22.8296 1.2941 12.02
      vertex -22.8296 1.2941 4
    endloop
  endfacet
  facet normal -0.980784 0.195096 0
    outer loop
      vertex -22.8296 1.2941 12.02
      vertex -22.9572 0.652631 4
      vertex -22.9572 0.652631 12.02
    endloop
  endfacet
  facet normal 0 0 1
    outer loop
      vertex -14 0 12.02
      vertex -13 0 12.02
      vertex -13.0428 0.652631 12.02
    endloop
  endfacet
  facet normal 0 0 1
    outer loop
      vertex -14.0342 0.522104 12.02
      vertex -13.0428 0.652631 12.02
      vertex -13.1704 1.2941 12.02
    endloop
  endfacet
  facet normal 0 0 1
    outer loop
      vertex -13 0 12.02
      vertex -14 0 12.02
      vertex -13.0428 -0.652631 12.02
    endloop
  endfacet
  facet normal 0 0 1
    outer loop
      vertex -14.1363 1.03528 12.02
      vertex -13.1704 1.2941 12.02
      vertex -13.3806 1.91342 12.02
    endloop
  endfacet
  facet normal -0 0 1
    outer loop
      vertex -14.0342 -0.522104 12.02
      vertex -13.0428 -0.652631 12.02
      vertex -14 0 12.02
    endloop
  endfacet
  facet normal 0 0 1
    outer loop
      vertex -14.3045 1.53073 12.02
      vertex -13.3806 1.91342 12.02
      vertex -13.6699 2.5 12.02
    endloop
  endfacet
  facet normal 0 0 1
    outer loop
      vertex -13.0428 -0.652631 12.02
      vertex -14.0342 -0.522104 12.02
      vertex -13.1704 -1.2941 12.02
    endloop
  endfacet
  facet normal -0 0 1
    outer loop
      vertex -14.1363 -1.03528 12.02
      vertex -13.1704 -1.2941 12.02
      vertex -14.0342 -0.522104 12.02
    endloop
  endfacet
  facet normal 0 0 1
    outer loop
      vertex -14.5359 2 12.02
      vertex -13.6699 2.5 12.02
      vertex -14.0332 3.04381 12.02
    endloop
  endfacet
  facet normal 0 0 1
    outer loop
      vertex -13.0428 0.652631 12.02
      vertex -14.0342 0.522104 12.02
      vertex -14 0 12.02
    endloop
  endfacet
  facet normal 0 0 1
    outer loop
      vertex -13.1704 1.2941 12.02
      vertex -14.1363 1.03528 12.02
      vertex -14.0342 0.522104 12.02
    endloop
  endfacet
  facet normal 0 0 1
    outer loop
      vertex -13.3806 1.91342 12.02
      vertex -14.3045 1.53073 12.02
      vertex -14.1363 1.03528 12.02
    endloop
  endfacet
  facet normal 0 0 1
    outer loop
      vertex -14.8266 2.43505 12.02
      vertex -14.0332 3.04381 12.02
      vertex -14.4645 3.53553 12.02
    endloop
  endfacet
  facet normal 0 0 1
    outer loop
      vertex -13.6699 2.5 12.02
      vertex -14.5359 2 12.02
      vertex -14.3045 1.53073 12.02
    endloop
  endfacet
  facet normal 0 0 1
    outer loop
      vertex -14.0332 3.04381 12.02
      vertex -14.8266 2.43505 12.02
      vertex -14.5359 2 12.02
    endloop
  endfacet
  facet normal 0 0 1
    outer loop
      vertex -15.1716 2.82843 12.02
      vertex -14.4645 3.53553 12.02
      vertex -14.9562 3.96677 12.02
    endloop
  endfacet
  facet normal 0 0 1
    outer loop
      vertex -14.4645 3.53553 12.02
      vertex -15.1716 2.82843 12.02
      vertex -14.8266 2.43505 12.02
    endloop
  endfacet
  facet normal 0 0 1
    outer loop
      vertex -15.565 3.17341 12.02
      vertex -14.9562 3.96677 12.02
      vertex -15.5 4.33013 12.02
    endloop
  endfacet
  facet normal 0 0 1
    outer loop
      vertex -14.9562 3.96677 12.02
      vertex -15.565 3.17341 12.02
      vertex -15.1716 2.82843 12.02
    endloop
  endfacet
  facet normal 0 0 1
    outer loop
      vertex -15.5 4.33013 12.02
      vertex -16 3.4641 12.02
      vertex -15.565 3.17341 12.02
    endloop
  endfacet
  facet normal 0 0 1
    outer loop
      vertex -16.0866 4.6194 12.02
      vertex -16 3.4641 12.02
      vertex -15.5 4.33013 12.02
    endloop
  endfacet
  facet normal 0 0 1
    outer loop
      vertex -16.0866 4.6194 12.02
      vertex -16.4693 3.69552 12.02
      vertex -16 3.4641 12.02
    endloop
  endfacet
  facet normal 0 0 1
    outer loop
      vertex -16.7059 4.82963 12.02
      vertex -16.4693 3.69552 12.02
      vertex -16.0866 4.6194 12.02
    endloop
  endfacet
  facet normal 0 0 1
    outer loop
      vertex -16.7059 4.82963 12.02
      vertex -16.9647 3.8637 12.02
      vertex -16.4693 3.69552 12.02
    endloop
  endfacet
  facet normal 0 0 1
    outer loop
      vertex -17.3474 4.95722 12.02
      vertex -16.9647 3.8637 12.02
      vertex -16.7059 4.82963 12.02
    endloop
  endfacet
  facet normal 0 0 1
    outer loop
      vertex -17.3474 4.95722 12.02
      vertex -17.4779 3.96578 12.02
      vertex -16.9647 3.8637 12.02
    endloop
  endfacet
  facet normal 0 0 1
    outer loop
      vertex -18 5 12.02
      vertex -17.4779 3.96578 12.02
      vertex -17.3474 4.95722 12.02
    endloop
  endfacet
  facet normal 0 0 1
    outer loop
      vertex -18 5 12.02
      vertex -18 4 12.02
      vertex -17.4779 3.96578 12.02
    endloop
  endfacet
  facet normal 0 0 1
    outer loop
      vertex -18 5 12.02
      vertex -18.5221 3.96578 12.02
      vertex -18 4 12.02
    endloop
  endfacet
  facet normal -0 0 1
    outer loop
      vertex -18.6526 4.95722 12.02
      vertex -18.5221 3.96578 12.02
      vertex -18 5 12.02
    endloop
  endfacet
  facet normal 0 0 1
    outer loop
      vertex -18.6526 4.95722 12.02
      vertex -19.0353 3.8637 12.02
      vertex -18.5221 3.96578 12.02
    endloop
  endfacet
  facet normal -0 0 1
    outer loop
      vertex -19.2941 4.82963 12.02
      vertex -19.0353 3.8637 12.02
      vertex -18.6526 4.95722 12.02
    endloop
  endfacet
  facet normal 0 0 1
    outer loop
      vertex -19.2941 4.82963 12.02
      vertex -19.5307 3.69552 12.02
      vertex -19.0353 3.8637 12.02
    endloop
  endfacet
  facet normal -0 0 1
    outer loop
      vertex -19.9134 4.6194 12.02
      vertex -19.5307 3.69552 12.02
      vertex -19.2941 4.82963 12.02
    endloop
  endfacet
  facet normal 0 0 1
    outer loop
      vertex -19.9134 4.6194 12.02
      vertex -20 3.4641 12.02
      vertex -19.5307 3.69552 12.02
    endloop
  endfacet
  facet normal -0 0 1
    outer loop
      vertex -20.5 4.33013 12.02
      vertex -20 3.4641 12.02
      vertex -19.9134 4.6194 12.02
    endloop
  endfacet
  facet normal 0 0 1
    outer loop
      vertex -20 3.4641 12.02
      vertex -20.5 4.33013 12.02
      vertex -20.435 3.17341 12.02
    endloop
  endfacet
  facet normal -0 0 1
    outer loop
      vertex -21.0438 3.96677 12.02
      vertex -20.435 3.17341 12.02
      vertex -20.5 4.33013 12.02
    endloop
  endfacet
  facet normal 0 0 1
    outer loop
      vertex -20.435 3.17341 12.02
      vertex -21.0438 3.96677 12.02
      vertex -20.8284 2.82843 12.02
    endloop
  endfacet
  facet normal -0 0 1
    outer loop
      vertex -21.5355 3.53553 12.02
      vertex -20.8284 2.82843 12.02
      vertex -21.0438 3.96677 12.02
    endloop
  endfacet
  facet normal 0 0 1
    outer loop
      vertex -20.8284 2.82843 12.02
      vertex -21.5355 3.53553 12.02
      vertex -21.1734 2.43505 12.02
    endloop
  endfacet
  facet normal -0 0 1
    outer loop
      vertex -21.9668 3.04381 12.02
      vertex -21.1734 2.43505 12.02
      vertex -21.5355 3.53553 12.02
    endloop
  endfacet
  facet normal 0 0 1
    outer loop
      vertex -21.1734 2.43505 12.02
      vertex -21.9668 3.04381 12.02
      vertex -21.4641 2 12.02
    endloop
  endfacet
  facet normal -0 0 1
    outer loop
      vertex -22.3301 2.5 12.02
      vertex -21.4641 2 12.02
      vertex -21.9668 3.04381 12.02
    endloop
  endfacet
  facet normal 0 0 1
    outer loop
      vertex -21.4641 2 12.02
      vertex -22.3301 2.5 12.02
      vertex -21.6955 1.53073 12.02
    endloop
  endfacet
  facet normal -0 0 1
    outer loop
      vertex -22.6194 1.91342 12.02
      vertex -21.6955 1.53073 12.02
      vertex -22.3301 2.5 12.02
    endloop
  endfacet
  facet normal 0 0 1
    outer loop
      vertex -21.6955 1.53073 12.02
      vertex -22.6194 1.91342 12.02
      vertex -21.8637 1.03528 12.02
    endloop
  endfacet
  facet normal -0 0 1
    outer loop
      vertex -22.8296 1.2941 12.02
      vertex -21.8637 1.03528 12.02
      vertex -22.6194 1.91342 12.02
    endloop
  endfacet
  facet normal 0 0 1
    outer loop
      vertex -13.1704 -1.2941 12.02
      vertex -14.1363 -1.03528 12.02
      vertex -13.3806 -1.91342 12.02
    endloop
  endfacet
  facet normal -0 0 1
    outer loop
      vertex -14.3045 -1.53073 12.02
      vertex -13.3806 -1.91342 12.02
      vertex -14.1363 -1.03528 12.02
    endloop
  endfacet
  facet normal 0 0 1
    outer loop
      vertex -13.3806 -1.91342 12.02
      vertex -14.3045 -1.53073 12.02
      vertex -13.6699 -2.5 12.02
    endloop
  endfacet
  facet normal -0 0 1
    outer loop
      vertex -14.5359 -2 12.02
      vertex -13.6699 -2.5 12.02
      vertex -14.3045 -1.53073 12.02
    endloop
  endfacet
  facet normal 0 0 1
    outer loop
      vertex -13.6699 -2.5 12.02
      vertex -14.5359 -2 12.02
      vertex -14.0332 -3.04381 12.02
    endloop
  endfacet
  facet normal -0 0 1
    outer loop
      vertex -14.8266 -2.43505 12.02
      vertex -14.0332 -3.04381 12.02
      vertex -14.5359 -2 12.02
    endloop
  endfacet
  facet normal 0 0 1
    outer loop
      vertex -14.0332 -3.04381 12.02
      vertex -14.8266 -2.43505 12.02
      vertex -14.4645 -3.53553 12.02
    endloop
  endfacet
  facet normal -0 0 1
    outer loop
      vertex -15.1716 -2.82843 12.02
      vertex -14.4645 -3.53553 12.02
      vertex -14.8266 -2.43505 12.02
    endloop
  endfacet
  facet normal 0 0 1
    outer loop
      vertex -14.4645 -3.53553 12.02
      vertex -15.1716 -2.82843 12.02
      vertex -14.9562 -3.96677 12.02
    endloop
  endfacet
  facet normal -0 0 1
    outer loop
      vertex -15.565 -3.17341 12.02
      vertex -14.9562 -3.96677 12.02
      vertex -15.1716 -2.82843 12.02
    endloop
  endfacet
  facet normal 0 0 1
    outer loop
      vertex -14.9562 -3.96677 12.02
      vertex -15.565 -3.17341 12.02
      vertex -15.5 -4.33013 12.02
    endloop
  endfacet
  facet normal -0 0 1
    outer loop
      vertex -16 -3.4641 12.02
      vertex -15.5 -4.33013 12.02
      vertex -15.565 -3.17341 12.02
    endloop
  endfacet
  facet normal 0 0 1
    outer loop
      vertex -16 -3.4641 12.02
      vertex -16.0866 -4.6194 12.02
      vertex -15.5 -4.33013 12.02
    endloop
  endfacet
  facet normal -0 0 1
    outer loop
      vertex -16.4693 -3.69552 12.02
      vertex -16.0866 -4.6194 12.02
      vertex -16 -3.4641 12.02
    endloop
  endfacet
  facet normal 0 0 1
    outer loop
      vertex -16.4693 -3.69552 12.02
      vertex -16.7059 -4.82963 12.02
      vertex -16.0866 -4.6194 12.02
    endloop
  endfacet
  facet normal -0 0 1
    outer loop
      vertex -16.9647 -3.8637 12.02
      vertex -16.7059 -4.82963 12.02
      vertex -16.4693 -3.69552 12.02
    endloop
  endfacet
  facet normal 0 0 1
    outer loop
      vertex -16.9647 -3.8637 12.02
      vertex -17.3474 -4.95722 12.02
      vertex -16.7059 -4.82963 12.02
    endloop
  endfacet
  facet normal -0 0 1
    outer loop
      vertex -17.4779 -3.96578 12.02
      vertex -17.3474 -4.95722 12.02
      vertex -16.9647 -3.8637 12.02
    endloop
  endfacet
  facet normal -0 0 1
    outer loop
      vertex -18 -4 12.02
      vertex -17.3474 -4.95722 12.02
      vertex -17.4779 -3.96578 12.02
    endloop
  endfacet
  facet normal 0 0 1
    outer loop
      vertex -18 -4 12.02
      vertex -18 -5 12.02
      vertex -17.3474 -4.95722 12.02
    endloop
  endfacet
  facet normal 0 0 1
    outer loop
      vertex -18.5221 -3.96578 12.02
      vertex -18 -5 12.02
      vertex -18 -4 12.02
    endloop
  endfacet
  facet normal 0 0 1
    outer loop
      vertex -18.5221 -3.96578 12.02
      vertex -18.6526 -4.95722 12.02
      vertex -18 -5 12.02
    endloop
  endfacet
  facet normal 0 0 1
    outer loop
      vertex -19.0353 -3.8637 12.02
      vertex -18.6526 -4.95722 12.02
      vertex -18.5221 -3.96578 12.02
    endloop
  endfacet
  facet normal 0 0 1
    outer loop
      vertex -19.0353 -3.8637 12.02
      vertex -19.2941 -4.82963 12.02
      vertex -18.6526 -4.95722 12.02
    endloop
  endfacet
  facet normal 0 0 1
    outer loop
      vertex -19.5307 -3.69552 12.02
      vertex -19.2941 -4.82963 12.02
      vertex -19.0353 -3.8637 12.02
    endloop
  endfacet
  facet normal 0 0 1
    outer loop
      vertex -19.5307 -3.69552 12.02
      vertex -19.9134 -4.6194 12.02
      vertex -19.2941 -4.82963 12.02
    endloop
  endfacet
  facet normal 0 0 1
    outer loop
      vertex -20 -3.4641 12.02
      vertex -19.9134 -4.6194 12.02
      vertex -19.5307 -3.69552 12.02
    endloop
  endfacet
  facet normal 0 0 1
    outer loop
      vertex -20.5 -4.33013 12.02
      vertex -20 -3.4641 12.02
      vertex -20.435 -3.17341 12.02
    endloop
  endfacet
  facet normal 0 0 1
    outer loop
      vertex -20 -3.4641 12.02
      vertex -20.5 -4.33013 12.02
      vertex -19.9134 -4.6194 12.02
    endloop
  endfacet
  facet normal 0 0 1
    outer loop
      vertex -21.0438 -3.96677 12.02
      vertex -20.435 -3.17341 12.02
      vertex -20.8284 -2.82843 12.02
    endloop
  endfacet
  facet normal 0 0 1
    outer loop
      vertex -20.435 -3.17341 12.02
      vertex -21.0438 -3.96677 12.02
      vertex -20.5 -4.33013 12.02
    endloop
  endfacet
  facet normal 0 0 1
    outer loop
      vertex -21.5355 -3.53553 12.02
      vertex -20.8284 -2.82843 12.02
      vertex -21.1734 -2.43505 12.02
    endloop
  endfacet
  facet normal 0 0 1
    outer loop
      vertex -21.9668 -3.04381 12.02
      vertex -21.1734 -2.43505 12.02
      vertex -21.4641 -2 12.02
    endloop
  endfacet
  facet normal 0 0 1
    outer loop
      vertex -20.8284 -2.82843 12.02
      vertex -21.5355 -3.53553 12.02
      vertex -21.0438 -3.96677 12.02
    endloop
  endfacet
  facet normal 0 0 1
    outer loop
      vertex -22.3301 -2.5 12.02
      vertex -21.4641 -2 12.02
      vertex -21.6955 -1.53073 12.02
    endloop
  endfacet
  facet normal 0 0 1
    outer loop
      vertex -22.6194 -1.91342 12.02
      vertex -21.6955 -1.53073 12.02
      vertex -21.8637 -1.03528 12.02
    endloop
  endfacet
  facet normal 0 0 1
    outer loop
      vertex -22.8296 -1.2941 12.02
      vertex -21.8637 -1.03528 12.02
      vertex -21.9658 -0.522104 12.02
    endloop
  endfacet
  facet normal 0 0 1
    outer loop
      vertex -21.1734 -2.43505 12.02
      vertex -21.9668 -3.04381 12.02
      vertex -21.5355 -3.53553 12.02
    endloop
  endfacet
  facet normal 0 0 1
    outer loop
      vertex -22.9572 -0.652631 12.02
      vertex -21.9658 -0.522104 12.02
      vertex -22 0 12.02
    endloop
  endfacet
  facet normal 0 0 1
    outer loop
      vertex -21.8637 1.03528 12.02
      vertex -22.8296 1.2941 12.02
      vertex -21.9658 0.522104 12.02
    endloop
  endfacet
  facet normal 0 0 1
    outer loop
      vertex -21.4641 -2 12.02
      vertex -22.3301 -2.5 12.02
      vertex -21.9668 -3.04381 12.02
    endloop
  endfacet
  facet normal -0 0 1
    outer loop
      vertex -22.9572 0.652631 12.02
      vertex -21.9658 0.522104 12.02
      vertex -22.8296 1.2941 12.02
    endloop
  endfacet
  facet normal 0 0 1
    outer loop
      vertex -21.6955 -1.53073 12.02
      vertex -22.6194 -1.91342 12.02
      vertex -22.3301 -2.5 12.02
    endloop
  endfacet
  facet normal 0 0 1
    outer loop
      vertex -21.9658 0.522104 12.02
      vertex -22.9572 0.652631 12.02
      vertex -22 0 12.02
    endloop
  endfacet
  facet normal 0 0 1
    outer loop
      vertex -21.8637 -1.03528 12.02
      vertex -22.8296 -1.2941 12.02
      vertex -22.6194 -1.91342 12.02
    endloop
  endfacet
  facet normal 0 0 1
    outer loop
      vertex -23 0 12.02
      vertex -22 0 12.02
      vertex -22.9572 0.652631 12.02
    endloop
  endfacet
  facet normal 0 0 1
    outer loop
      vertex -21.9658 -0.522104 12.02
      vertex -22.9572 -0.652631 12.02
      vertex -22.8296 -1.2941 12.02
    endloop
  endfacet
  facet normal 0 0 1
    outer loop
      vertex -22 0 12.02
      vertex -23 0 12.02
      vertex -22.9572 -0.652631 12.02
    endloop
  endfacet
  facet normal -0.555575 0.831466 0
    outer loop
      vertex -20.5 4.33013 4
      vertex -21.0438 3.96677 12.02
      vertex -20.5 4.33013 12.02
    endloop
  endfacet
  facet normal -0.555575 0.831466 0
    outer loop
      vertex -21.0438 3.96677 12.02
      vertex -20.5 4.33013 4
      vertex -21.0438 3.96677 4
    endloop
  endfacet
  facet normal -0.0654128 0.997858 0
    outer loop
      vertex -18 5 4
      vertex -18.6526 4.95722 12.02
      vertex -18 5 12.02
    endloop
  endfacet
  facet normal -0.0654128 0.997858 0
    outer loop
      vertex -18.6526 4.95722 12.02
      vertex -18 5 4
      vertex -18.6526 4.95722 4
    endloop
  endfacet
  facet normal 0.0654128 -0.997858 0
    outer loop
      vertex -18 -5 4
      vertex -17.3474 -4.95722 12.02
      vertex -18 -5 12.02
    endloop
  endfacet
  facet normal 0.0654128 -0.997858 0
    outer loop
      vertex -17.3474 -4.95722 12.02
      vertex -18 -5 4
      vertex -17.3474 -4.95722 4
    endloop
  endfacet
  facet normal 0.321448 -0.946927 0
    outer loop
      vertex -16.7059 -4.82963 4
      vertex -16.0866 -4.6194 12.02
      vertex -16.7059 -4.82963 12.02
    endloop
  endfacet
  facet normal 0.321448 -0.946927 0
    outer loop
      vertex -16.0866 -4.6194 12.02
      vertex -16.7059 -4.82963 4
      vertex -16.0866 -4.6194 4
    endloop
  endfacet
  facet normal 0.555575 -0.831466 0
    outer loop
      vertex -15.5 -4.33013 4
      vertex -14.9562 -3.96677 12.02
      vertex -15.5 -4.33013 12.02
    endloop
  endfacet
  facet normal 0.555575 -0.831466 0
    outer loop
      vertex -14.9562 -3.96677 12.02
      vertex -15.5 -4.33013 4
      vertex -14.9562 -3.96677 4
    endloop
  endfacet
  facet normal 0.946944 -0.321397 0
    outer loop
      vertex -13.3806 -1.91342 12.02
      vertex -13.1704 -1.2941 4
      vertex -13.1704 -1.2941 12.02
    endloop
  endfacet
  facet normal 0.946944 -0.321397 0
    outer loop
      vertex -13.1704 -1.2941 4
      vertex -13.3806 -1.91342 12.02
      vertex -13.3806 -1.91342 4
    endloop
  endfacet
  facet normal 0.751784 -0.659409 0
    outer loop
      vertex -14.4645 -3.53553 12.02
      vertex -14.0332 -3.04381 4
      vertex -14.0332 -3.04381 12.02
    endloop
  endfacet
  facet normal 0.751784 -0.659409 0
    outer loop
      vertex -14.0332 -3.04381 4
      vertex -14.4645 -3.53553 12.02
      vertex -14.4645 -3.53553 4
    endloop
  endfacet
  facet normal -0.659372 -0.751817 0
    outer loop
      vertex -21.5355 -3.53553 4
      vertex -21.0438 -3.96677 12.02
      vertex -21.5355 -3.53553 12.02
    endloop
  endfacet
  facet normal -0.659372 -0.751817 -0
    outer loop
      vertex -21.0438 -3.96677 12.02
      vertex -21.5355 -3.53553 4
      vertex -21.0438 -3.96677 4
    endloop
  endfacet
  facet normal -0.442277 -0.896878 0
    outer loop
      vertex -20.5 -4.33013 4
      vertex -19.9134 -4.6194 12.02
      vertex -20.5 -4.33013 12.02
    endloop
  endfacet
  facet normal -0.442277 -0.896878 -0
    outer loop
      vertex -19.9134 -4.6194 12.02
      vertex -20.5 -4.33013 4
      vertex -19.9134 -4.6194 4
    endloop
  endfacet
  facet normal -0.195072 -0.980789 0
    outer loop
      vertex -19.2941 -4.82963 4
      vertex -18.6526 -4.95722 12.02
      vertex -19.2941 -4.82963 12.02
    endloop
  endfacet
  facet normal -0.195072 -0.980789 -0
    outer loop
      vertex -18.6526 -4.95722 12.02
      vertex -19.2941 -4.82963 4
      vertex -18.6526 -4.95722 4
    endloop
  endfacet
  facet normal -0.831514 -0.555504 0
    outer loop
      vertex -21.9668 -3.04381 4
      vertex -22.3301 -2.5 12.02
      vertex -22.3301 -2.5 4
    endloop
  endfacet
  facet normal -0.831514 -0.555504 0
    outer loop
      vertex -22.3301 -2.5 12.02
      vertex -21.9668 -3.04381 4
      vertex -21.9668 -3.04381 12.02
    endloop
  endfacet
  facet normal -0.946944 -0.321397 0
    outer loop
      vertex -22.6194 -1.91342 4
      vertex -22.8296 -1.2941 12.02
      vertex -22.8296 -1.2941 4
    endloop
  endfacet
  facet normal -0.946944 -0.321397 0
    outer loop
      vertex -22.8296 -1.2941 12.02
      vertex -22.6194 -1.91342 4
      vertex -22.6194 -1.91342 12.02
    endloop
  endfacet
  facet normal -0.997856 -0.0654401 0
    outer loop
      vertex -22.9572 -0.652631 4
      vertex -23 0 12.02
      vertex -23 0 4
    endloop
  endfacet
  facet normal -0.997856 -0.0654401 0
    outer loop
      vertex -23 0 12.02
      vertex -22.9572 -0.652631 4
      vertex -22.9572 -0.652631 12.02
    endloop
  endfacet
  facet normal 0.195072 -0.980789 0
    outer loop
      vertex -17.3474 -4.95722 4
      vertex -16.7059 -4.82963 12.02
      vertex -17.3474 -4.95722 12.02
    endloop
  endfacet
  facet normal 0.195072 -0.980789 0
    outer loop
      vertex -16.7059 -4.82963 12.02
      vertex -17.3474 -4.95722 4
      vertex -16.7059 -4.82963 4
    endloop
  endfacet
  facet normal 0.659372 -0.751817 0
    outer loop
      vertex -14.9562 -3.96677 4
      vertex -14.4645 -3.53553 12.02
      vertex -14.9562 -3.96677 12.02
    endloop
  endfacet
  facet normal 0.659372 -0.751817 0
    outer loop
      vertex -14.4645 -3.53553 12.02
      vertex -14.9562 -3.96677 4
      vertex -14.4645 -3.53553 4
    endloop
  endfacet
  facet normal 0.896854 -0.442327 0
    outer loop
      vertex -13.6699 -2.5 12.02
      vertex -13.3806 -1.91342 4
      vertex -13.3806 -1.91342 12.02
    endloop
  endfacet
  facet normal 0.896854 -0.442327 0
    outer loop
      vertex -13.3806 -1.91342 4
      vertex -13.6699 -2.5 12.02
      vertex -13.6699 -2.5 4
    endloop
  endfacet
  facet normal 0.980784 -0.195096 0
    outer loop
      vertex -13.1704 -1.2941 12.02
      vertex -13.0428 -0.652631 4
      vertex -13.0428 -0.652631 12.02
    endloop
  endfacet
  facet normal 0.980784 -0.195096 0
    outer loop
      vertex -13.0428 -0.652631 4
      vertex -13.1704 -1.2941 12.02
      vertex -13.1704 -1.2941 4
    endloop
  endfacet
  facet normal -0.555575 -0.831466 0
    outer loop
      vertex -21.0438 -3.96677 4
      vertex -20.5 -4.33013 12.02
      vertex -21.0438 -3.96677 12.02
    endloop
  endfacet
  facet normal -0.555575 -0.831466 -0
    outer loop
      vertex -20.5 -4.33013 12.02
      vertex -21.0438 -3.96677 4
      vertex -20.5 -4.33013 4
    endloop
  endfacet
  facet normal -0.0654128 -0.997858 0
    outer loop
      vertex -18.6526 -4.95722 4
      vertex -18 -5 12.02
      vertex -18.6526 -4.95722 12.02
    endloop
  endfacet
  facet normal -0.0654128 -0.997858 -0
    outer loop
      vertex -18 -5 12.02
      vertex -18.6526 -4.95722 4
      vertex -18 -5 4
    endloop
  endfacet
  facet normal -0.751784 -0.659409 0
    outer loop
      vertex -21.5355 -3.53553 4
      vertex -21.9668 -3.04381 12.02
      vertex -21.9668 -3.04381 4
    endloop
  endfacet
  facet normal -0.751784 -0.659409 0
    outer loop
      vertex -21.9668 -3.04381 12.02
      vertex -21.5355 -3.53553 4
      vertex -21.5355 -3.53553 12.02
    endloop
  endfacet
  facet normal -0.980784 -0.195096 0
    outer loop
      vertex -22.8296 -1.2941 4
      vertex -22.9572 -0.652631 12.02
      vertex -22.9572 -0.652631 4
    endloop
  endfacet
  facet normal -0.980784 -0.195096 0
    outer loop
      vertex -22.9572 -0.652631 12.02
      vertex -22.8296 -1.2941 4
      vertex -22.8296 -1.2941 12.02
    endloop
  endfacet
  facet normal 0.831514 -0.555504 0
    outer loop
      vertex -14.0332 -3.04381 12.02
      vertex -13.6699 -2.5 4
      vertex -13.6699 -2.5 12.02
    endloop
  endfacet
  facet normal 0.831514 -0.555504 0
    outer loop
      vertex -13.6699 -2.5 4
      vertex -14.0332 -3.04381 12.02
      vertex -14.0332 -3.04381 4
    endloop
  endfacet
  facet normal 0.997856 -0.0654401 0
    outer loop
      vertex -13.0428 -0.652631 12.02
      vertex -13 0 4
      vertex -13 0 12.02
    endloop
  endfacet
  facet normal 0.997856 -0.0654401 0
    outer loop
      vertex -13 0 4
      vertex -13.0428 -0.652631 12.02
      vertex -13.0428 -0.652631 4
    endloop
  endfacet
  facet normal 0.997861 0.0653641 0
    outer loop
      vertex -14 0 13.5
      vertex -14.0342 0.522104 12.02
      vertex -14.0342 0.522104 13.5
    endloop
  endfacet
  facet normal 0.997861 0.0653641 0
    outer loop
      vertex -14.0342 0.522104 12.02
      vertex -14 0 13.5
      vertex -14 0 12.02
    endloop
  endfacet
  facet normal -0.997861 0.0653641 0
    outer loop
      vertex -22 0 12.02
      vertex -21.9658 0.522104 13.5
      vertex -21.9658 0.522104 12.02
    endloop
  endfacet
  facet normal -0.997861 0.0653641 0
    outer loop
      vertex -21.9658 0.522104 13.5
      vertex -22 0 12.02
      vertex -22 0 13.5
    endloop
  endfacet
  facet normal 0.0654027 0.997859 -0
    outer loop
      vertex -17.4779 3.96578 12.02
      vertex -18 4 13.5
      vertex -17.4779 3.96578 13.5
    endloop
  endfacet
  facet normal 0.0654027 0.997859 0
    outer loop
      vertex -18 4 13.5
      vertex -17.4779 3.96578 12.02
      vertex -18 4 12.02
    endloop
  endfacet
  facet normal 0.659321 0.751861 -0
    outer loop
      vertex -15.1716 2.82843 12.02
      vertex -15.565 3.17341 13.5
      vertex -15.1716 2.82843 13.5
    endloop
  endfacet
  facet normal 0.659321 0.751861 0
    outer loop
      vertex -15.565 3.17341 13.5
      vertex -15.1716 2.82843 12.02
      vertex -15.565 3.17341 12.02
    endloop
  endfacet
  facet normal -0.659321 0.751861 0
    outer loop
      vertex -20.435 3.17341 12.02
      vertex -20.8284 2.82843 13.5
      vertex -20.435 3.17341 13.5
    endloop
  endfacet
  facet normal -0.659321 0.751861 0
    outer loop
      vertex -20.8284 2.82843 13.5
      vertex -20.435 3.17341 12.02
      vertex -20.8284 2.82843 12.02
    endloop
  endfacet
  facet normal -0.321464 0.946922 0
    outer loop
      vertex -19.0353 3.8637 12.02
      vertex -19.5307 3.69552 13.5
      vertex -19.0353 3.8637 13.5
    endloop
  endfacet
  facet normal -0.321464 0.946922 0
    outer loop
      vertex -19.5307 3.69552 13.5
      vertex -19.0353 3.8637 12.02
      vertex -19.5307 3.69552 12.02
    endloop
  endfacet
  facet normal -0.94692 -0.321469 0
    outer loop
      vertex -21.6955 -1.53073 12.02
      vertex -21.8637 -1.03528 13.5
      vertex -21.8637 -1.03528 12.02
    endloop
  endfacet
  facet normal -0.94692 -0.321469 0
    outer loop
      vertex -21.8637 -1.03528 13.5
      vertex -21.6955 -1.53073 12.02
      vertex -21.6955 -1.53073 13.5
    endloop
  endfacet
  facet normal 0.896887 0.44226 0
    outer loop
      vertex -14.3045 1.53073 13.5
      vertex -14.5359 2 12.02
      vertex -14.5359 2 13.5
    endloop
  endfacet
  facet normal 0.896887 0.44226 0
    outer loop
      vertex -14.5359 2 12.02
      vertex -14.3045 1.53073 13.5
      vertex -14.3045 1.53073 12.02
    endloop
  endfacet
  facet normal 0.831462 0.555582 0
    outer loop
      vertex -14.5359 2 13.5
      vertex -14.8266 2.43505 12.02
      vertex -14.8266 2.43505 13.5
    endloop
  endfacet
  facet normal 0.831462 0.555582 0
    outer loop
      vertex -14.8266 2.43505 12.02
      vertex -14.5359 2 13.5
      vertex -14.5359 2 12.02
    endloop
  endfacet
  facet normal 0.442268 0.896883 -0
    outer loop
      vertex -16 3.4641 12.02
      vertex -16.4693 3.69552 13.5
      vertex -16 3.4641 13.5
    endloop
  endfacet
  facet normal 0.442268 0.896883 0
    outer loop
      vertex -16.4693 3.69552 13.5
      vertex -16 3.4641 12.02
      vertex -16.4693 3.69552 12.02
    endloop
  endfacet
  facet normal 0.555613 0.831441 -0
    outer loop
      vertex -15.565 3.17341 12.02
      vertex -16 3.4641 13.5
      vertex -15.565 3.17341 13.5
    endloop
  endfacet
  facet normal 0.555613 0.831441 0
    outer loop
      vertex -16 3.4641 13.5
      vertex -15.565 3.17341 12.02
      vertex -16 3.4641 12.02
    endloop
  endfacet
  facet normal -0.896887 0.44226 0
    outer loop
      vertex -21.6955 1.53073 12.02
      vertex -21.4641 2 13.5
      vertex -21.4641 2 12.02
    endloop
  endfacet
  facet normal -0.896887 0.44226 0
    outer loop
      vertex -21.4641 2 13.5
      vertex -21.6955 1.53073 12.02
      vertex -21.6955 1.53073 13.5
    endloop
  endfacet
  facet normal -0.751826 0.659362 0
    outer loop
      vertex -21.1734 2.43505 12.02
      vertex -20.8284 2.82843 13.5
      vertex -20.8284 2.82843 12.02
    endloop
  endfacet
  facet normal -0.751826 0.659362 0
    outer loop
      vertex -20.8284 2.82843 13.5
      vertex -21.1734 2.43505 12.02
      vertex -21.1734 2.43505 13.5
    endloop
  endfacet
  facet normal 0 0 1
    outer loop
      vertex -15.7 0 13.5
      vertex -14 0 13.5
      vertex -14.0342 0.522104 13.5
    endloop
  endfacet
  facet normal 0 0 1
    outer loop
      vertex -15.7197 0.30021 13.5
      vertex -14.0342 0.522104 13.5
      vertex -14.1363 1.03528 13.5
    endloop
  endfacet
  facet normal 0 0 1
    outer loop
      vertex -14 0 13.5
      vertex -15.7 0 13.5
      vertex -14.0342 -0.522104 13.5
    endloop
  endfacet
  facet normal 0 0 1
    outer loop
      vertex -15.7784 0.595284 13.5
      vertex -14.1363 1.03528 13.5
      vertex -14.3045 1.53073 13.5
    endloop
  endfacet
  facet normal -0 0 1
    outer loop
      vertex -15.7197 -0.30021 13.5
      vertex -14.0342 -0.522104 13.5
      vertex -15.7 0 13.5
    endloop
  endfacet
  facet normal 0 0 1
    outer loop
      vertex -15.8751 0.880172 13.5
      vertex -14.3045 1.53073 13.5
      vertex -14.5359 2 13.5
    endloop
  endfacet
  facet normal 0 0 1
    outer loop
      vertex -14.0342 -0.522104 13.5
      vertex -15.7197 -0.30021 13.5
      vertex -14.1363 -1.03528 13.5
    endloop
  endfacet
  facet normal 0 0 1
    outer loop
      vertex -16.0081 1.15 13.5
      vertex -14.5359 2 13.5
      vertex -14.8266 2.43505 13.5
    endloop
  endfacet
  facet normal -0 0 1
    outer loop
      vertex -15.7784 -0.595284 13.5
      vertex -14.1363 -1.03528 13.5
      vertex -15.7197 -0.30021 13.5
    endloop
  endfacet
  facet normal 0 0 1
    outer loop
      vertex -16.1753 1.40015 13.5
      vertex -14.8266 2.43505 13.5
      vertex -15.1716 2.82843 13.5
    endloop
  endfacet
  facet normal 0 0 1
    outer loop
      vertex -14.1363 -1.03528 13.5
      vertex -15.7784 -0.595284 13.5
      vertex -14.3045 -1.53073 13.5
    endloop
  endfacet
  facet normal 0 0 1
    outer loop
      vertex -16.3737 1.62634 13.5
      vertex -15.1716 2.82843 13.5
      vertex -15.565 3.17341 13.5
    endloop
  endfacet
  facet normal -0 0 1
    outer loop
      vertex -15.8751 -0.880172 13.5
      vertex -14.3045 -1.53073 13.5
      vertex -15.7784 -0.595284 13.5
    endloop
  endfacet
  facet normal 0 0 1
    outer loop
      vertex -14.3045 -1.53073 13.5
      vertex -15.8751 -0.880172 13.5
      vertex -14.5359 -2 13.5
    endloop
  endfacet
  facet normal 0 0 1
    outer loop
      vertex -14.0342 0.522104 13.5
      vertex -15.7197 0.30021 13.5
      vertex -15.7 0 13.5
    endloop
  endfacet
  facet normal 0 0 1
    outer loop
      vertex -14.1363 1.03528 13.5
      vertex -15.7784 0.595284 13.5
      vertex -15.7197 0.30021 13.5
    endloop
  endfacet
  facet normal 0 0 1
    outer loop
      vertex -14.3045 1.53073 13.5
      vertex -15.8751 0.880172 13.5
      vertex -15.7784 0.595284 13.5
    endloop
  endfacet
  facet normal 0 0 1
    outer loop
      vertex -16.5998 1.82471 13.5
      vertex -15.565 3.17341 13.5
      vertex -16 3.4641 13.5
    endloop
  endfacet
  facet normal 0 0 1
    outer loop
      vertex -14.5359 2 13.5
      vertex -16.0081 1.15 13.5
      vertex -15.8751 0.880172 13.5
    endloop
  endfacet
  facet normal 0 0 1
    outer loop
      vertex -14.8266 2.43505 13.5
      vertex -16.1753 1.40015 13.5
      vertex -16.0081 1.15 13.5
    endloop
  endfacet
  facet normal 0 0 1
    outer loop
      vertex -15.1716 2.82843 13.5
      vertex -16.3737 1.62634 13.5
      vertex -16.1753 1.40015 13.5
    endloop
  endfacet
  facet normal 0 0 1
    outer loop
      vertex -16.85 1.99186 13.5
      vertex -16 3.4641 13.5
      vertex -16.4693 3.69552 13.5
    endloop
  endfacet
  facet normal 0 0 1
    outer loop
      vertex -15.565 3.17341 13.5
      vertex -16.5998 1.82471 13.5
      vertex -16.3737 1.62634 13.5
    endloop
  endfacet
  facet normal 0 0 1
    outer loop
      vertex -16 3.4641 13.5
      vertex -16.85 1.99186 13.5
      vertex -16.5998 1.82471 13.5
    endloop
  endfacet
  facet normal 0 0 1
    outer loop
      vertex -17.1198 2.12492 13.5
      vertex -16.4693 3.69552 13.5
      vertex -16.9647 3.8637 13.5
    endloop
  endfacet
  facet normal 0 0 1
    outer loop
      vertex -16.4693 3.69552 13.5
      vertex -17.1198 2.12492 13.5
      vertex -16.85 1.99186 13.5
    endloop
  endfacet
  facet normal 0 0 1
    outer loop
      vertex -16.9647 3.8637 13.5
      vertex -17.4047 2.22163 13.5
      vertex -17.1198 2.12492 13.5
    endloop
  endfacet
  facet normal 0 0 1
    outer loop
      vertex -17.4779 3.96578 13.5
      vertex -17.4047 2.22163 13.5
      vertex -16.9647 3.8637 13.5
    endloop
  endfacet
  facet normal 0 0 1
    outer loop
      vertex -17.4779 3.96578 13.5
      vertex -17.6998 2.28032 13.5
      vertex -17.4047 2.22163 13.5
    endloop
  endfacet
  facet normal 0 0 1
    outer loop
      vertex -18 4 13.5
      vertex -17.6998 2.28032 13.5
      vertex -17.4779 3.96578 13.5
    endloop
  endfacet
  facet normal 0 0 1
    outer loop
      vertex -18 4 13.5
      vertex -18 2.3 13.5
      vertex -17.6998 2.28032 13.5
    endloop
  endfacet
  facet normal 0 0 1
    outer loop
      vertex -18 4 13.5
      vertex -18.3002 2.28032 13.5
      vertex -18 2.3 13.5
    endloop
  endfacet
  facet normal -0 0 1
    outer loop
      vertex -18.5221 3.96578 13.5
      vertex -18.3002 2.28032 13.5
      vertex -18 4 13.5
    endloop
  endfacet
  facet normal 0 0 1
    outer loop
      vertex -18.5221 3.96578 13.5
      vertex -18.5953 2.22163 13.5
      vertex -18.3002 2.28032 13.5
    endloop
  endfacet
  facet normal -0 0 1
    outer loop
      vertex -19.0353 3.8637 13.5
      vertex -18.5953 2.22163 13.5
      vertex -18.5221 3.96578 13.5
    endloop
  endfacet
  facet normal 0 0 1
    outer loop
      vertex -18.5953 2.22163 13.5
      vertex -19.0353 3.8637 13.5
      vertex -18.8802 2.12492 13.5
    endloop
  endfacet
  facet normal -0 0 1
    outer loop
      vertex -19.5307 3.69552 13.5
      vertex -18.8802 2.12492 13.5
      vertex -19.0353 3.8637 13.5
    endloop
  endfacet
  facet normal 0 0 1
    outer loop
      vertex -18.8802 2.12492 13.5
      vertex -19.5307 3.69552 13.5
      vertex -19.15 1.99186 13.5
    endloop
  endfacet
  facet normal -0 0 1
    outer loop
      vertex -20 3.4641 13.5
      vertex -19.15 1.99186 13.5
      vertex -19.5307 3.69552 13.5
    endloop
  endfacet
  facet normal 0 0 1
    outer loop
      vertex -19.15 1.99186 13.5
      vertex -20 3.4641 13.5
      vertex -19.4002 1.82471 13.5
    endloop
  endfacet
  facet normal -0 0 1
    outer loop
      vertex -20.435 3.17341 13.5
      vertex -19.4002 1.82471 13.5
      vertex -20 3.4641 13.5
    endloop
  endfacet
  facet normal 0 0 1
    outer loop
      vertex -19.4002 1.82471 13.5
      vertex -20.435 3.17341 13.5
      vertex -19.6263 1.62634 13.5
    endloop
  endfacet
  facet normal -0 0 1
    outer loop
      vertex -20.8284 2.82843 13.5
      vertex -19.6263 1.62634 13.5
      vertex -20.435 3.17341 13.5
    endloop
  endfacet
  facet normal 0 0 1
    outer loop
      vertex -19.6263 1.62634 13.5
      vertex -20.8284 2.82843 13.5
      vertex -19.8247 1.40015 13.5
    endloop
  endfacet
  facet normal -0 0 1
    outer loop
      vertex -21.1734 2.43505 13.5
      vertex -19.8247 1.40015 13.5
      vertex -20.8284 2.82843 13.5
    endloop
  endfacet
  facet normal 0 0 1
    outer loop
      vertex -19.8247 1.40015 13.5
      vertex -21.1734 2.43505 13.5
      vertex -19.9919 1.15 13.5
    endloop
  endfacet
  facet normal 0 0 1
    outer loop
      vertex -19.9919 1.15 13.5
      vertex -21.4641 2 13.5
      vertex -20.1249 0.880172 13.5
    endloop
  endfacet
  facet normal -0 0 1
    outer loop
      vertex -21.4641 2 13.5
      vertex -19.9919 1.15 13.5
      vertex -21.1734 2.43505 13.5
    endloop
  endfacet
  facet normal -0 0 1
    outer loop
      vertex -16.0081 -1.15 13.5
      vertex -14.5359 -2 13.5
      vertex -15.8751 -0.880172 13.5
    endloop
  endfacet
  facet normal 0 0 1
    outer loop
      vertex -14.5359 -2 13.5
      vertex -16.0081 -1.15 13.5
      vertex -14.8266 -2.43505 13.5
    endloop
  endfacet
  facet normal -0 0 1
    outer loop
      vertex -16.1753 -1.40015 13.5
      vertex -14.8266 -2.43505 13.5
      vertex -16.0081 -1.15 13.5
    endloop
  endfacet
  facet normal 0 0 1
    outer loop
      vertex -14.8266 -2.43505 13.5
      vertex -16.1753 -1.40015 13.5
      vertex -15.1716 -2.82843 13.5
    endloop
  endfacet
  facet normal -0 0 1
    outer loop
      vertex -16.3737 -1.62634 13.5
      vertex -15.1716 -2.82843 13.5
      vertex -16.1753 -1.40015 13.5
    endloop
  endfacet
  facet normal 0 0 1
    outer loop
      vertex -15.1716 -2.82843 13.5
      vertex -16.3737 -1.62634 13.5
      vertex -15.565 -3.17341 13.5
    endloop
  endfacet
  facet normal -0 0 1
    outer loop
      vertex -16.5998 -1.82471 13.5
      vertex -15.565 -3.17341 13.5
      vertex -16.3737 -1.62634 13.5
    endloop
  endfacet
  facet normal 0 0 1
    outer loop
      vertex -15.565 -3.17341 13.5
      vertex -16.5998 -1.82471 13.5
      vertex -16 -3.4641 13.5
    endloop
  endfacet
  facet normal -0 0 1
    outer loop
      vertex -16.85 -1.99186 13.5
      vertex -16 -3.4641 13.5
      vertex -16.5998 -1.82471 13.5
    endloop
  endfacet
  facet normal 0 0 1
    outer loop
      vertex -16 -3.4641 13.5
      vertex -16.85 -1.99186 13.5
      vertex -16.4693 -3.69552 13.5
    endloop
  endfacet
  facet normal -0 0 1
    outer loop
      vertex -17.1198 -2.12492 13.5
      vertex -16.4693 -3.69552 13.5
      vertex -16.85 -1.99186 13.5
    endloop
  endfacet
  facet normal 0 0 1
    outer loop
      vertex -16.4693 -3.69552 13.5
      vertex -17.1198 -2.12492 13.5
      vertex -16.9647 -3.8637 13.5
    endloop
  endfacet
  facet normal -0 0 1
    outer loop
      vertex -17.4047 -2.22163 13.5
      vertex -16.9647 -3.8637 13.5
      vertex -17.1198 -2.12492 13.5
    endloop
  endfacet
  facet normal 0 0 1
    outer loop
      vertex -17.4047 -2.22163 13.5
      vertex -17.4779 -3.96578 13.5
      vertex -16.9647 -3.8637 13.5
    endloop
  endfacet
  facet normal -0 0 1
    outer loop
      vertex -17.6998 -2.28032 13.5
      vertex -17.4779 -3.96578 13.5
      vertex -17.4047 -2.22163 13.5
    endloop
  endfacet
  facet normal -0 0 1
    outer loop
      vertex -18 -2.3 13.5
      vertex -17.4779 -3.96578 13.5
      vertex -17.6998 -2.28032 13.5
    endloop
  endfacet
  facet normal 0 0 1
    outer loop
      vertex -18 -2.3 13.5
      vertex -18 -4 13.5
      vertex -17.4779 -3.96578 13.5
    endloop
  endfacet
  facet normal 0 0 1
    outer loop
      vertex -18.3002 -2.28032 13.5
      vertex -18 -4 13.5
      vertex -18 -2.3 13.5
    endloop
  endfacet
  facet normal 0 0 1
    outer loop
      vertex -18.3002 -2.28032 13.5
      vertex -18.5221 -3.96578 13.5
      vertex -18 -4 13.5
    endloop
  endfacet
  facet normal 0 0 1
    outer loop
      vertex -18.5953 -2.22163 13.5
      vertex -18.5221 -3.96578 13.5
      vertex -18.3002 -2.28032 13.5
    endloop
  endfacet
  facet normal 0 0 1
    outer loop
      vertex -19.0353 -3.8637 13.5
      vertex -18.5953 -2.22163 13.5
      vertex -18.8802 -2.12492 13.5
    endloop
  endfacet
  facet normal 0 0 1
    outer loop
      vertex -18.5953 -2.22163 13.5
      vertex -19.0353 -3.8637 13.5
      vertex -18.5221 -3.96578 13.5
    endloop
  endfacet
  facet normal 0 0 1
    outer loop
      vertex -19.5307 -3.69552 13.5
      vertex -18.8802 -2.12492 13.5
      vertex -19.15 -1.99186 13.5
    endloop
  endfacet
  facet normal 0 0 1
    outer loop
      vertex -20 -3.4641 13.5
      vertex -19.15 -1.99186 13.5
      vertex -19.4002 -1.82471 13.5
    endloop
  endfacet
  facet normal 0 0 1
    outer loop
      vertex -18.8802 -2.12492 13.5
      vertex -19.5307 -3.69552 13.5
      vertex -19.0353 -3.8637 13.5
    endloop
  endfacet
  facet normal 0 0 1
    outer loop
      vertex -20.435 -3.17341 13.5
      vertex -19.4002 -1.82471 13.5
      vertex -19.6263 -1.62634 13.5
    endloop
  endfacet
  facet normal 0 0 1
    outer loop
      vertex -20.8284 -2.82843 13.5
      vertex -19.6263 -1.62634 13.5
      vertex -19.8247 -1.40015 13.5
    endloop
  endfacet
  facet normal 0 0 1
    outer loop
      vertex -21.1734 -2.43505 13.5
      vertex -19.8247 -1.40015 13.5
      vertex -19.9919 -1.15 13.5
    endloop
  endfacet
  facet normal 0 0 1
    outer loop
      vertex -19.15 -1.99186 13.5
      vertex -20 -3.4641 13.5
      vertex -19.5307 -3.69552 13.5
    endloop
  endfacet
  facet normal 0 0 1
    outer loop
      vertex -21.4641 -2 13.5
      vertex -19.9919 -1.15 13.5
      vertex -20.1249 -0.880172 13.5
    endloop
  endfacet
  facet normal 0 0 1
    outer loop
      vertex -21.6955 -1.53073 13.5
      vertex -20.1249 -0.880172 13.5
      vertex -20.2216 -0.595284 13.5
    endloop
  endfacet
  facet normal 0 0 1
    outer loop
      vertex -21.8637 -1.03528 13.5
      vertex -20.2216 -0.595284 13.5
      vertex -20.2803 -0.30021 13.5
    endloop
  endfacet
  facet normal 0 0 1
    outer loop
      vertex -19.4002 -1.82471 13.5
      vertex -20.435 -3.17341 13.5
      vertex -20 -3.4641 13.5
    endloop
  endfacet
  facet normal 0 0 1
    outer loop
      vertex -21.9658 -0.522104 13.5
      vertex -20.2803 -0.30021 13.5
      vertex -20.3 0 13.5
    endloop
  endfacet
  facet normal -0 0 1
    outer loop
      vertex -21.6955 1.53073 13.5
      vertex -20.1249 0.880172 13.5
      vertex -21.4641 2 13.5
    endloop
  endfacet
  facet normal 0 0 1
    outer loop
      vertex -20.1249 0.880172 13.5
      vertex -21.6955 1.53073 13.5
      vertex -20.2216 0.595284 13.5
    endloop
  endfacet
  facet normal 0 0 1
    outer loop
      vertex -19.6263 -1.62634 13.5
      vertex -20.8284 -2.82843 13.5
      vertex -20.435 -3.17341 13.5
    endloop
  endfacet
  facet normal -0 0 1
    outer loop
      vertex -21.8637 1.03528 13.5
      vertex -20.2216 0.595284 13.5
      vertex -21.6955 1.53073 13.5
    endloop
  endfacet
  facet normal 0 0 1
    outer loop
      vertex -19.8247 -1.40015 13.5
      vertex -21.1734 -2.43505 13.5
      vertex -20.8284 -2.82843 13.5
    endloop
  endfacet
  facet normal 0 0 1
    outer loop
      vertex -20.2216 0.595284 13.5
      vertex -21.8637 1.03528 13.5
      vertex -20.2803 0.30021 13.5
    endloop
  endfacet
  facet normal 0 0 1
    outer loop
      vertex -19.9919 -1.15 13.5
      vertex -21.4641 -2 13.5
      vertex -21.1734 -2.43505 13.5
    endloop
  endfacet
  facet normal -0 0 1
    outer loop
      vertex -21.9658 0.522104 13.5
      vertex -20.2803 0.30021 13.5
      vertex -21.8637 1.03528 13.5
    endloop
  endfacet
  facet normal 0 0 1
    outer loop
      vertex -20.1249 -0.880172 13.5
      vertex -21.6955 -1.53073 13.5
      vertex -21.4641 -2 13.5
    endloop
  endfacet
  facet normal 0 0 1
    outer loop
      vertex -20.2803 0.30021 13.5
      vertex -21.9658 0.522104 13.5
      vertex -20.3 0 13.5
    endloop
  endfacet
  facet normal 0 0 1
    outer loop
      vertex -20.2216 -0.595284 13.5
      vertex -21.8637 -1.03528 13.5
      vertex -21.6955 -1.53073 13.5
    endloop
  endfacet
  facet normal 0 0 1
    outer loop
      vertex -22 0 13.5
      vertex -20.3 0 13.5
      vertex -21.9658 0.522104 13.5
    endloop
  endfacet
  facet normal 0 0 1
    outer loop
      vertex -20.2803 -0.30021 13.5
      vertex -21.9658 -0.522104 13.5
      vertex -21.8637 -1.03528 13.5
    endloop
  endfacet
  facet normal 0 0 1
    outer loop
      vertex -20.3 0 13.5
      vertex -22 0 13.5
      vertex -21.9658 -0.522104 13.5
    endloop
  endfacet
  facet normal -0.0654027 0.997859 0
    outer loop
      vertex -18 4 12.02
      vertex -18.5221 3.96578 13.5
      vertex -18 4 13.5
    endloop
  endfacet
  facet normal -0.0654027 0.997859 0
    outer loop
      vertex -18.5221 3.96578 13.5
      vertex -18 4 12.02
      vertex -18.5221 3.96578 12.02
    endloop
  endfacet
  facet normal 0.94692 -0.321469 0
    outer loop
      vertex -14.3045 -1.53073 13.5
      vertex -14.1363 -1.03528 12.02
      vertex -14.1363 -1.03528 13.5
    endloop
  endfacet
  facet normal 0.94692 -0.321469 0
    outer loop
      vertex -14.1363 -1.03528 12.02
      vertex -14.3045 -1.53073 13.5
      vertex -14.3045 -1.53073 12.02
    endloop
  endfacet
  facet normal 0.442268 -0.896883 0
    outer loop
      vertex -16.4693 -3.69552 12.02
      vertex -16 -3.4641 13.5
      vertex -16.4693 -3.69552 13.5
    endloop
  endfacet
  facet normal 0.442268 -0.896883 0
    outer loop
      vertex -16 -3.4641 13.5
      vertex -16.4693 -3.69552 12.02
      vertex -16 -3.4641 12.02
    endloop
  endfacet
  facet normal 0.555613 -0.831441 0
    outer loop
      vertex -16 -3.4641 12.02
      vertex -15.565 -3.17341 13.5
      vertex -16 -3.4641 13.5
    endloop
  endfacet
  facet normal 0.555613 -0.831441 0
    outer loop
      vertex -15.565 -3.17341 13.5
      vertex -16 -3.4641 12.02
      vertex -15.565 -3.17341 12.02
    endloop
  endfacet
  facet normal -0.659321 -0.751861 0
    outer loop
      vertex -20.8284 -2.82843 12.02
      vertex -20.435 -3.17341 13.5
      vertex -20.8284 -2.82843 13.5
    endloop
  endfacet
  facet normal -0.659321 -0.751861 -0
    outer loop
      vertex -20.435 -3.17341 13.5
      vertex -20.8284 -2.82843 12.02
      vertex -20.435 -3.17341 12.02
    endloop
  endfacet
  facet normal -0.997861 -0.0653641 0
    outer loop
      vertex -21.9658 -0.522104 12.02
      vertex -22 0 13.5
      vertex -22 0 12.02
    endloop
  endfacet
  facet normal -0.997861 -0.0653641 0
    outer loop
      vertex -22 0 13.5
      vertex -21.9658 -0.522104 12.02
      vertex -21.9658 -0.522104 13.5
    endloop
  endfacet
  facet normal 0.94692 0.321469 0
    outer loop
      vertex -14.1363 1.03528 13.5
      vertex -14.3045 1.53073 12.02
      vertex -14.3045 1.53073 13.5
    endloop
  endfacet
  facet normal 0.94692 0.321469 0
    outer loop
      vertex -14.3045 1.53073 12.02
      vertex -14.1363 1.03528 13.5
      vertex -14.1363 1.03528 12.02
    endloop
  endfacet
  facet normal 0.980777 0.195133 0
    outer loop
      vertex -14.0342 0.522104 13.5
      vertex -14.1363 1.03528 12.02
      vertex -14.1363 1.03528 13.5
    endloop
  endfacet
  facet normal 0.980777 0.195133 0
    outer loop
      vertex -14.1363 1.03528 12.02
      vertex -14.0342 0.522104 13.5
      vertex -14.0342 0.522104 12.02
    endloop
  endfacet
  facet normal 0.751826 0.659362 0
    outer loop
      vertex -14.8266 2.43505 13.5
      vertex -15.1716 2.82843 12.02
      vertex -15.1716 2.82843 13.5
    endloop
  endfacet
  facet normal 0.751826 0.659362 0
    outer loop
      vertex -15.1716 2.82843 12.02
      vertex -14.8266 2.43505 13.5
      vertex -14.8266 2.43505 12.02
    endloop
  endfacet
  facet normal 0.321464 0.946922 -0
    outer loop
      vertex -16.4693 3.69552 12.02
      vertex -16.9647 3.8637 13.5
      vertex -16.4693 3.69552 13.5
    endloop
  endfacet
  facet normal 0.321464 0.946922 0
    outer loop
      vertex -16.9647 3.8637 13.5
      vertex -16.4693 3.69552 12.02
      vertex -16.9647 3.8637 12.02
    endloop
  endfacet
  facet normal 0.195087 0.980786 -0
    outer loop
      vertex -16.9647 3.8637 12.02
      vertex -17.4779 3.96578 13.5
      vertex -16.9647 3.8637 13.5
    endloop
  endfacet
  facet normal 0.195087 0.980786 0
    outer loop
      vertex -17.4779 3.96578 13.5
      vertex -16.9647 3.8637 12.02
      vertex -17.4779 3.96578 12.02
    endloop
  endfacet
  facet normal -0.831462 0.555582 0
    outer loop
      vertex -21.4641 2 12.02
      vertex -21.1734 2.43505 13.5
      vertex -21.1734 2.43505 12.02
    endloop
  endfacet
  facet normal -0.831462 0.555582 0
    outer loop
      vertex -21.1734 2.43505 13.5
      vertex -21.4641 2 12.02
      vertex -21.4641 2 13.5
    endloop
  endfacet
  facet normal -0.94692 0.321469 0
    outer loop
      vertex -21.8637 1.03528 12.02
      vertex -21.6955 1.53073 13.5
      vertex -21.6955 1.53073 12.02
    endloop
  endfacet
  facet normal -0.94692 0.321469 0
    outer loop
      vertex -21.6955 1.53073 13.5
      vertex -21.8637 1.03528 12.02
      vertex -21.8637 1.03528 13.5
    endloop
  endfacet
  facet normal -0.980777 0.195133 0
    outer loop
      vertex -21.9658 0.522104 12.02
      vertex -21.8637 1.03528 13.5
      vertex -21.8637 1.03528 12.02
    endloop
  endfacet
  facet normal -0.980777 0.195133 0
    outer loop
      vertex -21.8637 1.03528 13.5
      vertex -21.9658 0.522104 12.02
      vertex -21.9658 0.522104 13.5
    endloop
  endfacet
  facet normal -0.442268 0.896883 0
    outer loop
      vertex -19.5307 3.69552 12.02
      vertex -20 3.4641 13.5
      vertex -19.5307 3.69552 13.5
    endloop
  endfacet
  facet normal -0.442268 0.896883 0
    outer loop
      vertex -20 3.4641 13.5
      vertex -19.5307 3.69552 12.02
      vertex -20 3.4641 12.02
    endloop
  endfacet
  facet normal -0.555613 0.831441 0
    outer loop
      vertex -20 3.4641 12.02
      vertex -20.435 3.17341 13.5
      vertex -20 3.4641 13.5
    endloop
  endfacet
  facet normal -0.555613 0.831441 0
    outer loop
      vertex -20.435 3.17341 13.5
      vertex -20 3.4641 12.02
      vertex -20.435 3.17341 12.02
    endloop
  endfacet
  facet normal -0.195087 0.980786 0
    outer loop
      vertex -18.5221 3.96578 12.02
      vertex -19.0353 3.8637 13.5
      vertex -18.5221 3.96578 13.5
    endloop
  endfacet
  facet normal -0.195087 0.980786 0
    outer loop
      vertex -19.0353 3.8637 13.5
      vertex -18.5221 3.96578 12.02
      vertex -19.0353 3.8637 12.02
    endloop
  endfacet
  facet normal 0.997861 -0.0653641 0
    outer loop
      vertex -14.0342 -0.522104 13.5
      vertex -14 0 12.02
      vertex -14 0 13.5
    endloop
  endfacet
  facet normal 0.997861 -0.0653641 0
    outer loop
      vertex -14 0 12.02
      vertex -14.0342 -0.522104 13.5
      vertex -14.0342 -0.522104 12.02
    endloop
  endfacet
  facet normal 0.0654027 -0.997859 0
    outer loop
      vertex -18 -4 12.02
      vertex -17.4779 -3.96578 13.5
      vertex -18 -4 13.5
    endloop
  endfacet
  facet normal 0.0654027 -0.997859 0
    outer loop
      vertex -17.4779 -3.96578 13.5
      vertex -18 -4 12.02
      vertex -17.4779 -3.96578 12.02
    endloop
  endfacet
  facet normal 0.321464 -0.946922 0
    outer loop
      vertex -16.9647 -3.8637 12.02
      vertex -16.4693 -3.69552 13.5
      vertex -16.9647 -3.8637 13.5
    endloop
  endfacet
  facet normal 0.321464 -0.946922 0
    outer loop
      vertex -16.4693 -3.69552 13.5
      vertex -16.9647 -3.8637 12.02
      vertex -16.4693 -3.69552 12.02
    endloop
  endfacet
  facet normal 0.659321 -0.751861 0
    outer loop
      vertex -15.565 -3.17341 12.02
      vertex -15.1716 -2.82843 13.5
      vertex -15.565 -3.17341 13.5
    endloop
  endfacet
  facet normal 0.659321 -0.751861 0
    outer loop
      vertex -15.1716 -2.82843 13.5
      vertex -15.565 -3.17341 12.02
      vertex -15.1716 -2.82843 12.02
    endloop
  endfacet
  facet normal 0.831462 -0.555582 0
    outer loop
      vertex -14.8266 -2.43505 13.5
      vertex -14.5359 -2 12.02
      vertex -14.5359 -2 13.5
    endloop
  endfacet
  facet normal 0.831462 -0.555582 0
    outer loop
      vertex -14.5359 -2 12.02
      vertex -14.8266 -2.43505 13.5
      vertex -14.8266 -2.43505 12.02
    endloop
  endfacet
  facet normal -0.555613 -0.831441 0
    outer loop
      vertex -20.435 -3.17341 12.02
      vertex -20 -3.4641 13.5
      vertex -20.435 -3.17341 13.5
    endloop
  endfacet
  facet normal -0.555613 -0.831441 -0
    outer loop
      vertex -20 -3.4641 13.5
      vertex -20.435 -3.17341 12.02
      vertex -20 -3.4641 12.02
    endloop
  endfacet
  facet normal -0.321464 -0.946922 0
    outer loop
      vertex -19.5307 -3.69552 12.02
      vertex -19.0353 -3.8637 13.5
      vertex -19.5307 -3.69552 13.5
    endloop
  endfacet
  facet normal -0.321464 -0.946922 -0
    outer loop
      vertex -19.0353 -3.8637 13.5
      vertex -19.5307 -3.69552 12.02
      vertex -19.0353 -3.8637 12.02
    endloop
  endfacet
  facet normal -0.0654027 -0.997859 0
    outer loop
      vertex -18.5221 -3.96578 12.02
      vertex -18 -4 13.5
      vertex -18.5221 -3.96578 13.5
    endloop
  endfacet
  facet normal -0.0654027 -0.997859 -0
    outer loop
      vertex -18 -4 13.5
      vertex -18.5221 -3.96578 12.02
      vertex -18 -4 12.02
    endloop
  endfacet
  facet normal -0.896887 -0.44226 0
    outer loop
      vertex -21.4641 -2 12.02
      vertex -21.6955 -1.53073 13.5
      vertex -21.6955 -1.53073 12.02
    endloop
  endfacet
  facet normal -0.896887 -0.44226 0
    outer loop
      vertex -21.6955 -1.53073 13.5
      vertex -21.4641 -2 12.02
      vertex -21.4641 -2 13.5
    endloop
  endfacet
  facet normal -0.751826 -0.659362 0
    outer loop
      vertex -20.8284 -2.82843 12.02
      vertex -21.1734 -2.43505 13.5
      vertex -21.1734 -2.43505 12.02
    endloop
  endfacet
  facet normal -0.751826 -0.659362 0
    outer loop
      vertex -21.1734 -2.43505 13.5
      vertex -20.8284 -2.82843 12.02
      vertex -20.8284 -2.82843 13.5
    endloop
  endfacet
  facet normal -0.980777 -0.195133 0
    outer loop
      vertex -21.8637 -1.03528 12.02
      vertex -21.9658 -0.522104 13.5
      vertex -21.9658 -0.522104 12.02
    endloop
  endfacet
  facet normal -0.980777 -0.195133 0
    outer loop
      vertex -21.9658 -0.522104 13.5
      vertex -21.8637 -1.03528 12.02
      vertex -21.8637 -1.03528 13.5
    endloop
  endfacet
  facet normal 0.195087 -0.980786 0
    outer loop
      vertex -17.4779 -3.96578 12.02
      vertex -16.9647 -3.8637 13.5
      vertex -17.4779 -3.96578 13.5
    endloop
  endfacet
  facet normal 0.195087 -0.980786 0
    outer loop
      vertex -16.9647 -3.8637 13.5
      vertex -17.4779 -3.96578 12.02
      vertex -16.9647 -3.8637 12.02
    endloop
  endfacet
  facet normal 0.751826 -0.659362 0
    outer loop
      vertex -15.1716 -2.82843 13.5
      vertex -14.8266 -2.43505 12.02
      vertex -14.8266 -2.43505 13.5
    endloop
  endfacet
  facet normal 0.751826 -0.659362 0
    outer loop
      vertex -14.8266 -2.43505 12.02
      vertex -15.1716 -2.82843 13.5
      vertex -15.1716 -2.82843 12.02
    endloop
  endfacet
  facet normal 0.980777 -0.195133 0
    outer loop
      vertex -14.1363 -1.03528 13.5
      vertex -14.0342 -0.522104 12.02
      vertex -14.0342 -0.522104 13.5
    endloop
  endfacet
  facet normal 0.980777 -0.195133 0
    outer loop
      vertex -14.0342 -0.522104 12.02
      vertex -14.1363 -1.03528 13.5
      vertex -14.1363 -1.03528 12.02
    endloop
  endfacet
  facet normal 0.896887 -0.44226 0
    outer loop
      vertex -14.5359 -2 13.5
      vertex -14.3045 -1.53073 12.02
      vertex -14.3045 -1.53073 13.5
    endloop
  endfacet
  facet normal 0.896887 -0.44226 0
    outer loop
      vertex -14.3045 -1.53073 12.02
      vertex -14.5359 -2 13.5
      vertex -14.5359 -2 12.02
    endloop
  endfacet
  facet normal -0.442268 -0.896883 0
    outer loop
      vertex -20 -3.4641 12.02
      vertex -19.5307 -3.69552 13.5
      vertex -20 -3.4641 13.5
    endloop
  endfacet
  facet normal -0.442268 -0.896883 -0
    outer loop
      vertex -19.5307 -3.69552 13.5
      vertex -20 -3.4641 12.02
      vertex -19.5307 -3.69552 12.02
    endloop
  endfacet
  facet normal -0.195087 -0.980786 0
    outer loop
      vertex -19.0353 -3.8637 12.02
      vertex -18.5221 -3.96578 13.5
      vertex -19.0353 -3.8637 13.5
    endloop
  endfacet
  facet normal -0.195087 -0.980786 -0
    outer loop
      vertex -18.5221 -3.96578 13.5
      vertex -19.0353 -3.8637 12.02
      vertex -18.5221 -3.96578 12.02
    endloop
  endfacet
  facet normal -0.831462 -0.555582 0
    outer loop
      vertex -21.1734 -2.43505 12.02
      vertex -21.4641 -2 13.5
      vertex -21.4641 -2 12.02
    endloop
  endfacet
  facet normal -0.831462 -0.555582 0
    outer loop
      vertex -21.4641 -2 13.5
      vertex -21.1734 -2.43505 12.02
      vertex -21.1734 -2.43505 13.5
    endloop
  endfacet
  facet normal -0.896958 -0.442116 0
    outer loop
      vertex -15.8751 0.880172 7
      vertex -16.0081 1.15 13.5
      vertex -16.0081 1.15 7
    endloop
  endfacet
  facet normal -0.896958 -0.442116 0
    outer loop
      vertex -16.0081 1.15 13.5
      vertex -15.8751 0.880172 7
      vertex -15.8751 0.880172 13.5
    endloop
  endfacet
  facet normal -0.831385 -0.555697 0
    outer loop
      vertex -16.0081 1.15 7
      vertex -16.1753 1.40015 13.5
      vertex -16.1753 1.40015 7
    endloop
  endfacet
  facet normal -0.831385 -0.555697 0
    outer loop
      vertex -16.1753 1.40015 13.5
      vertex -16.0081 1.15 7
      vertex -16.0081 1.15 13.5
    endloop
  endfacet
  facet normal -0.195061 -0.980791 0
    outer loop
      vertex -17.6998 2.28032 7
      vertex -17.4047 2.22163 13.5
      vertex -17.6998 2.28032 13.5
    endloop
  endfacet
  facet normal -0.195061 -0.980791 -0
    outer loop
      vertex -17.4047 2.22163 13.5
      vertex -17.6998 2.28032 7
      vertex -17.4047 2.22163 7
    endloop
  endfacet
  facet normal -0.321438 -0.946931 0
    outer loop
      vertex -17.4047 2.22163 7
      vertex -17.1198 2.12492 13.5
      vertex -17.4047 2.22163 13.5
    endloop
  endfacet
  facet normal -0.321438 -0.946931 -0
    outer loop
      vertex -17.1198 2.12492 13.5
      vertex -17.4047 2.22163 7
      vertex -17.1198 2.12492 7
    endloop
  endfacet
  facet normal 0.442314 -0.89686 0
    outer loop
      vertex -19.15 1.99186 7
      vertex -18.8802 2.12492 13.5
      vertex -19.15 1.99186 13.5
    endloop
  endfacet
  facet normal 0.442314 -0.89686 0
    outer loop
      vertex -18.8802 2.12492 13.5
      vertex -19.15 1.99186 7
      vertex -18.8802 2.12492 7
    endloop
  endfacet
  facet normal 0.896958 -0.442116 0
    outer loop
      vertex -20.1249 0.880172 13.5
      vertex -19.9919 1.15 7
      vertex -19.9919 1.15 13.5
    endloop
  endfacet
  facet normal 0.896958 -0.442116 0
    outer loop
      vertex -19.9919 1.15 7
      vertex -20.1249 0.880172 13.5
      vertex -20.1249 0.880172 7
    endloop
  endfacet
  facet normal -0.980781 0.19511 0
    outer loop
      vertex -15.7784 -0.595284 7
      vertex -15.7197 -0.30021 13.5
      vertex -15.7197 -0.30021 7
    endloop
  endfacet
  facet normal -0.980781 0.19511 0
    outer loop
      vertex -15.7197 -0.30021 13.5
      vertex -15.7784 -0.595284 7
      vertex -15.7784 -0.595284 13.5
    endloop
  endfacet
  facet normal -0.442314 0.89686 0
    outer loop
      vertex -16.85 -1.99186 7
      vertex -17.1198 -2.12492 13.5
      vertex -16.85 -1.99186 13.5
    endloop
  endfacet
  facet normal -0.442314 0.89686 0
    outer loop
      vertex -17.1198 -2.12492 13.5
      vertex -16.85 -1.99186 7
      vertex -17.1198 -2.12492 7
    endloop
  endfacet
  facet normal -0.0654159 -0.997858 0
    outer loop
      vertex -18 2.3 7
      vertex -17.6998 2.28032 13.5
      vertex -18 2.3 13.5
    endloop
  endfacet
  facet normal -0.0654159 -0.997858 -0
    outer loop
      vertex -17.6998 2.28032 13.5
      vertex -18 2.3 7
      vertex -17.6998 2.28032 7
    endloop
  endfacet
  facet normal 0.997854 -0.0654799 0
    outer loop
      vertex -20.3 0 13.5
      vertex -20.2803 0.30021 7
      vertex -20.2803 0.30021 13.5
    endloop
  endfacet
  facet normal 0.997854 -0.0654799 0
    outer loop
      vertex -20.2803 0.30021 7
      vertex -20.3 0 13.5
      vertex -20.3 0 7
    endloop
  endfacet
  facet normal 0.980781 -0.19511 0
    outer loop
      vertex -20.2803 0.30021 13.5
      vertex -20.2216 0.595284 7
      vertex -20.2216 0.595284 13.5
    endloop
  endfacet
  facet normal 0.980781 -0.19511 0
    outer loop
      vertex -20.2216 0.595284 7
      vertex -20.2803 0.30021 13.5
      vertex -20.2803 0.30021 7
    endloop
  endfacet
  facet normal 0.831385 -0.555697 0
    outer loop
      vertex -19.9919 1.15 13.5
      vertex -19.8247 1.40015 7
      vertex -19.8247 1.40015 13.5
    endloop
  endfacet
  facet normal 0.831385 -0.555697 0
    outer loop
      vertex -19.8247 1.40015 7
      vertex -19.9919 1.15 13.5
      vertex -19.9919 1.15 7
    endloop
  endfacet
  facet normal 0.555505 -0.831513 0
    outer loop
      vertex -19.4002 1.82471 7
      vertex -19.15 1.99186 13.5
      vertex -19.4002 1.82471 13.5
    endloop
  endfacet
  facet normal 0.555505 -0.831513 0
    outer loop
      vertex -19.15 1.99186 13.5
      vertex -19.4002 1.82471 7
      vertex -19.15 1.99186 7
    endloop
  endfacet
  facet normal 0.659507 -0.751699 0
    outer loop
      vertex -19.6263 1.62634 7
      vertex -19.4002 1.82471 13.5
      vertex -19.6263 1.62634 13.5
    endloop
  endfacet
  facet normal 0.659507 -0.751699 0
    outer loop
      vertex -19.4002 1.82471 13.5
      vertex -19.6263 1.62634 7
      vertex -19.4002 1.82471 7
    endloop
  endfacet
  facet normal -0.555505 0.831513 0
    outer loop
      vertex -16.5998 -1.82471 7
      vertex -16.85 -1.99186 13.5
      vertex -16.5998 -1.82471 13.5
    endloop
  endfacet
  facet normal -0.555505 0.831513 0
    outer loop
      vertex -16.85 -1.99186 13.5
      vertex -16.5998 -1.82471 7
      vertex -16.85 -1.99186 7
    endloop
  endfacet
  facet normal -0.946937 0.32142 0
    outer loop
      vertex -15.8751 -0.880172 7
      vertex -15.7784 -0.595284 13.5
      vertex -15.7784 -0.595284 7
    endloop
  endfacet
  facet normal -0.946937 0.32142 0
    outer loop
      vertex -15.7784 -0.595284 13.5
      vertex -15.8751 -0.880172 7
      vertex -15.8751 -0.880172 13.5
    endloop
  endfacet
  facet normal -0.321438 0.946931 0
    outer loop
      vertex -17.1198 -2.12492 7
      vertex -17.4047 -2.22163 13.5
      vertex -17.1198 -2.12492 13.5
    endloop
  endfacet
  facet normal -0.321438 0.946931 0
    outer loop
      vertex -17.4047 -2.22163 13.5
      vertex -17.1198 -2.12492 7
      vertex -17.4047 -2.22163 7
    endloop
  endfacet
  facet normal -0.946937 -0.32142 0
    outer loop
      vertex -15.7784 0.595284 7
      vertex -15.8751 0.880172 13.5
      vertex -15.8751 0.880172 7
    endloop
  endfacet
  facet normal -0.946937 -0.32142 0
    outer loop
      vertex -15.8751 0.880172 13.5
      vertex -15.7784 0.595284 7
      vertex -15.7784 0.595284 13.5
    endloop
  endfacet
  facet normal -0.659507 -0.751699 0
    outer loop
      vertex -16.5998 1.82471 7
      vertex -16.3737 1.62634 13.5
      vertex -16.5998 1.82471 13.5
    endloop
  endfacet
  facet normal -0.659507 -0.751699 -0
    outer loop
      vertex -16.3737 1.62634 13.5
      vertex -16.5998 1.82471 7
      vertex -16.3737 1.62634 7
    endloop
  endfacet
  facet normal 0.0654159 -0.997858 0
    outer loop
      vertex -18.3002 2.28032 7
      vertex -18 2.3 13.5
      vertex -18.3002 2.28032 13.5
    endloop
  endfacet
  facet normal 0.0654159 -0.997858 0
    outer loop
      vertex -18 2.3 13.5
      vertex -18.3002 2.28032 7
      vertex -18 2.3 7
    endloop
  endfacet
  facet normal -0.555505 -0.831513 0
    outer loop
      vertex -16.85 1.99186 7
      vertex -16.5998 1.82471 13.5
      vertex -16.85 1.99186 13.5
    endloop
  endfacet
  facet normal -0.555505 -0.831513 -0
    outer loop
      vertex -16.5998 1.82471 13.5
      vertex -16.85 1.99186 7
      vertex -16.5998 1.82471 7
    endloop
  endfacet
  facet normal -0.442314 -0.89686 0
    outer loop
      vertex -17.1198 2.12492 7
      vertex -16.85 1.99186 13.5
      vertex -17.1198 2.12492 13.5
    endloop
  endfacet
  facet normal -0.442314 -0.89686 -0
    outer loop
      vertex -16.85 1.99186 13.5
      vertex -17.1198 2.12492 7
      vertex -16.85 1.99186 7
    endloop
  endfacet
  facet normal 0.946937 -0.32142 0
    outer loop
      vertex -20.2216 0.595284 13.5
      vertex -20.1249 0.880172 7
      vertex -20.1249 0.880172 13.5
    endloop
  endfacet
  facet normal 0.946937 -0.32142 0
    outer loop
      vertex -20.1249 0.880172 7
      vertex -20.2216 0.595284 13.5
      vertex -20.2216 0.595284 7
    endloop
  endfacet
  facet normal 0.195061 -0.980791 0
    outer loop
      vertex -18.5953 2.22163 7
      vertex -18.3002 2.28032 13.5
      vertex -18.5953 2.22163 13.5
    endloop
  endfacet
  facet normal 0.195061 -0.980791 0
    outer loop
      vertex -18.3002 2.28032 13.5
      vertex -18.5953 2.22163 7
      vertex -18.3002 2.28032 7
    endloop
  endfacet
  facet normal 0.321438 -0.946931 0
    outer loop
      vertex -18.8802 2.12492 7
      vertex -18.5953 2.22163 13.5
      vertex -18.8802 2.12492 13.5
    endloop
  endfacet
  facet normal 0.321438 -0.946931 0
    outer loop
      vertex -18.5953 2.22163 13.5
      vertex -18.8802 2.12492 7
      vertex -18.5953 2.22163 7
    endloop
  endfacet
  facet normal 0.751779 -0.659415 0
    outer loop
      vertex -19.8247 1.40015 13.5
      vertex -19.6263 1.62634 7
      vertex -19.6263 1.62634 13.5
    endloop
  endfacet
  facet normal 0.751779 -0.659415 0
    outer loop
      vertex -19.6263 1.62634 7
      vertex -19.8247 1.40015 13.5
      vertex -19.8247 1.40015 7
    endloop
  endfacet
  facet normal -0.997854 -0.0654799 0
    outer loop
      vertex -15.7 0 7
      vertex -15.7197 0.30021 13.5
      vertex -15.7197 0.30021 7
    endloop
  endfacet
  facet normal -0.997854 -0.0654799 0
    outer loop
      vertex -15.7197 0.30021 13.5
      vertex -15.7 0 7
      vertex -15.7 0 13.5
    endloop
  endfacet
  facet normal -0.831385 0.555697 0
    outer loop
      vertex -16.1753 -1.40015 7
      vertex -16.0081 -1.15 13.5
      vertex -16.0081 -1.15 7
    endloop
  endfacet
  facet normal -0.831385 0.555697 0
    outer loop
      vertex -16.0081 -1.15 13.5
      vertex -16.1753 -1.40015 7
      vertex -16.1753 -1.40015 13.5
    endloop
  endfacet
  facet normal -0.896958 0.442116 0
    outer loop
      vertex -16.0081 -1.15 7
      vertex -15.8751 -0.880172 13.5
      vertex -15.8751 -0.880172 7
    endloop
  endfacet
  facet normal -0.896958 0.442116 0
    outer loop
      vertex -15.8751 -0.880172 13.5
      vertex -16.0081 -1.15 7
      vertex -16.0081 -1.15 13.5
    endloop
  endfacet
  facet normal 0.997854 0.0654799 0
    outer loop
      vertex -20.2803 -0.30021 13.5
      vertex -20.3 0 7
      vertex -20.3 0 13.5
    endloop
  endfacet
  facet normal 0.997854 0.0654799 0
    outer loop
      vertex -20.3 0 7
      vertex -20.2803 -0.30021 13.5
      vertex -20.2803 -0.30021 7
    endloop
  endfacet
  facet normal 0.980781 0.19511 0
    outer loop
      vertex -20.2216 -0.595284 13.5
      vertex -20.2803 -0.30021 7
      vertex -20.2803 -0.30021 13.5
    endloop
  endfacet
  facet normal 0.980781 0.19511 0
    outer loop
      vertex -20.2803 -0.30021 7
      vertex -20.2216 -0.595284 13.5
      vertex -20.2216 -0.595284 7
    endloop
  endfacet
  facet normal -0.195061 0.980791 0
    outer loop
      vertex -17.4047 -2.22163 7
      vertex -17.6998 -2.28032 13.5
      vertex -17.4047 -2.22163 13.5
    endloop
  endfacet
  facet normal -0.195061 0.980791 0
    outer loop
      vertex -17.6998 -2.28032 13.5
      vertex -17.4047 -2.22163 7
      vertex -17.6998 -2.28032 7
    endloop
  endfacet
  facet normal -0.980781 -0.19511 0
    outer loop
      vertex -15.7197 0.30021 7
      vertex -15.7784 0.595284 13.5
      vertex -15.7784 0.595284 7
    endloop
  endfacet
  facet normal -0.980781 -0.19511 0
    outer loop
      vertex -15.7784 0.595284 13.5
      vertex -15.7197 0.30021 7
      vertex -15.7197 0.30021 13.5
    endloop
  endfacet
  facet normal -0.751779 -0.659415 0
    outer loop
      vertex -16.1753 1.40015 7
      vertex -16.3737 1.62634 13.5
      vertex -16.3737 1.62634 7
    endloop
  endfacet
  facet normal -0.751779 -0.659415 0
    outer loop
      vertex -16.3737 1.62634 13.5
      vertex -16.1753 1.40015 7
      vertex -16.1753 1.40015 13.5
    endloop
  endfacet
  facet normal -0.997854 0.0654799 0
    outer loop
      vertex -15.7197 -0.30021 7
      vertex -15.7 0 13.5
      vertex -15.7 0 7
    endloop
  endfacet
  facet normal -0.997854 0.0654799 0
    outer loop
      vertex -15.7 0 13.5
      vertex -15.7197 -0.30021 7
      vertex -15.7197 -0.30021 13.5
    endloop
  endfacet
  facet normal 0.321438 0.946931 -0
    outer loop
      vertex -18.5953 -2.22163 7
      vertex -18.8802 -2.12492 13.5
      vertex -18.5953 -2.22163 13.5
    endloop
  endfacet
  facet normal 0.321438 0.946931 0
    outer loop
      vertex -18.8802 -2.12492 13.5
      vertex -18.5953 -2.22163 7
      vertex -18.8802 -2.12492 7
    endloop
  endfacet
  facet normal 0 0 1
    outer loop
      vertex -15.7197 0.30021 7
      vertex -15.7197 -0.30021 7
      vertex -15.7 0 7
    endloop
  endfacet
  facet normal 0 0 1
    outer loop
      vertex -15.7784 0.595284 7
      vertex -15.7197 -0.30021 7
      vertex -15.7197 0.30021 7
    endloop
  endfacet
  facet normal 0 0 1
    outer loop
      vertex -15.7784 0.595284 7
      vertex -15.7784 -0.595284 7
      vertex -15.7197 -0.30021 7
    endloop
  endfacet
  facet normal 0 0 1
    outer loop
      vertex -15.8751 0.880172 7
      vertex -15.7784 -0.595284 7
      vertex -15.7784 0.595284 7
    endloop
  endfacet
  facet normal 0 0 1
    outer loop
      vertex -15.8751 0.880172 7
      vertex -15.8751 -0.880172 7
      vertex -15.7784 -0.595284 7
    endloop
  endfacet
  facet normal 0 0 1
    outer loop
      vertex -16.0081 1.15 7
      vertex -15.8751 -0.880172 7
      vertex -15.8751 0.880172 7
    endloop
  endfacet
  facet normal 0 0 1
    outer loop
      vertex -16.0081 1.15 7
      vertex -16.0081 -1.15 7
      vertex -15.8751 -0.880172 7
    endloop
  endfacet
  facet normal 0 0 1
    outer loop
      vertex -16.1753 1.40015 7
      vertex -16.0081 -1.15 7
      vertex -16.0081 1.15 7
    endloop
  endfacet
  facet normal 0 0 1
    outer loop
      vertex -16.1753 1.40015 7
      vertex -16.1753 -1.40015 7
      vertex -16.0081 -1.15 7
    endloop
  endfacet
  facet normal 0 0 1
    outer loop
      vertex -16.3737 1.62634 7
      vertex -16.1753 -1.40015 7
      vertex -16.1753 1.40015 7
    endloop
  endfacet
  facet normal 0 0 1
    outer loop
      vertex -16.3737 1.62634 7
      vertex -16.3737 -1.62634 7
      vertex -16.1753 -1.40015 7
    endloop
  endfacet
  facet normal 0 0 1
    outer loop
      vertex -16.5998 1.82471 7
      vertex -16.3737 -1.62634 7
      vertex -16.3737 1.62634 7
    endloop
  endfacet
  facet normal 0 0 1
    outer loop
      vertex -16.5998 1.82471 7
      vertex -16.5998 -1.82471 7
      vertex -16.3737 -1.62634 7
    endloop
  endfacet
  facet normal 0 0 1
    outer loop
      vertex -16.85 1.99186 7
      vertex -16.5998 -1.82471 7
      vertex -16.5998 1.82471 7
    endloop
  endfacet
  facet normal 0 0 1
    outer loop
      vertex -16.85 1.99186 7
      vertex -16.85 -1.99186 7
      vertex -16.5998 -1.82471 7
    endloop
  endfacet
  facet normal 0 0 1
    outer loop
      vertex -17.1198 2.12492 7
      vertex -16.85 -1.99186 7
      vertex -16.85 1.99186 7
    endloop
  endfacet
  facet normal 0 0 1
    outer loop
      vertex -17.1198 2.12492 7
      vertex -17.1198 -2.12492 7
      vertex -16.85 -1.99186 7
    endloop
  endfacet
  facet normal 0 0 1
    outer loop
      vertex -17.4047 2.22163 7
      vertex -17.1198 -2.12492 7
      vertex -17.1198 2.12492 7
    endloop
  endfacet
  facet normal 0 0 1
    outer loop
      vertex -17.4047 2.22163 7
      vertex -17.4047 -2.22163 7
      vertex -17.1198 -2.12492 7
    endloop
  endfacet
  facet normal 0 0 1
    outer loop
      vertex -17.6998 2.28032 7
      vertex -17.4047 -2.22163 7
      vertex -17.4047 2.22163 7
    endloop
  endfacet
  facet normal 0 0 1
    outer loop
      vertex -17.6998 2.28032 7
      vertex -17.6998 -2.28032 7
      vertex -17.4047 -2.22163 7
    endloop
  endfacet
  facet normal 0 0 1
    outer loop
      vertex -18 2.3 7
      vertex -17.6998 -2.28032 7
      vertex -17.6998 2.28032 7
    endloop
  endfacet
  facet normal 0 0 1
    outer loop
      vertex -18 2.3 7
      vertex -18 -2.3 7
      vertex -17.6998 -2.28032 7
    endloop
  endfacet
  facet normal -0 0 1
    outer loop
      vertex -18.3002 2.28032 7
      vertex -18 -2.3 7
      vertex -18 2.3 7
    endloop
  endfacet
  facet normal 0 0 1
    outer loop
      vertex -18.3002 2.28032 7
      vertex -18.3002 -2.28032 7
      vertex -18 -2.3 7
    endloop
  endfacet
  facet normal -0 0 1
    outer loop
      vertex -18.5953 2.22163 7
      vertex -18.3002 -2.28032 7
      vertex -18.3002 2.28032 7
    endloop
  endfacet
  facet normal 0 0 1
    outer loop
      vertex -18.5953 2.22163 7
      vertex -18.5953 -2.22163 7
      vertex -18.3002 -2.28032 7
    endloop
  endfacet
  facet normal -0 0 1
    outer loop
      vertex -18.8802 2.12492 7
      vertex -18.5953 -2.22163 7
      vertex -18.5953 2.22163 7
    endloop
  endfacet
  facet normal 0 0 1
    outer loop
      vertex -18.8802 2.12492 7
      vertex -18.8802 -2.12492 7
      vertex -18.5953 -2.22163 7
    endloop
  endfacet
  facet normal -0 0 1
    outer loop
      vertex -19.15 1.99186 7
      vertex -18.8802 -2.12492 7
      vertex -18.8802 2.12492 7
    endloop
  endfacet
  facet normal 0 0 1
    outer loop
      vertex -19.15 1.99186 7
      vertex -19.15 -1.99186 7
      vertex -18.8802 -2.12492 7
    endloop
  endfacet
  facet normal -0 0 1
    outer loop
      vertex -19.4002 1.82471 7
      vertex -19.15 -1.99186 7
      vertex -19.15 1.99186 7
    endloop
  endfacet
  facet normal 0 0 1
    outer loop
      vertex -19.4002 1.82471 7
      vertex -19.4002 -1.82471 7
      vertex -19.15 -1.99186 7
    endloop
  endfacet
  facet normal -0 0 1
    outer loop
      vertex -19.6263 1.62634 7
      vertex -19.4002 -1.82471 7
      vertex -19.4002 1.82471 7
    endloop
  endfacet
  facet normal 0 0 1
    outer loop
      vertex -19.6263 1.62634 7
      vertex -19.6263 -1.62634 7
      vertex -19.4002 -1.82471 7
    endloop
  endfacet
  facet normal -0 0 1
    outer loop
      vertex -19.8247 1.40015 7
      vertex -19.6263 -1.62634 7
      vertex -19.6263 1.62634 7
    endloop
  endfacet
  facet normal 0 0 1
    outer loop
      vertex -19.8247 1.40015 7
      vertex -19.8247 -1.40015 7
      vertex -19.6263 -1.62634 7
    endloop
  endfacet
  facet normal -0 0 1
    outer loop
      vertex -19.9919 1.15 7
      vertex -19.8247 -1.40015 7
      vertex -19.8247 1.40015 7
    endloop
  endfacet
  facet normal 0 0 1
    outer loop
      vertex -19.9919 1.15 7
      vertex -19.9919 -1.15 7
      vertex -19.8247 -1.40015 7
    endloop
  endfacet
  facet normal -0 0 1
    outer loop
      vertex -20.1249 0.880172 7
      vertex -19.9919 -1.15 7
      vertex -19.9919 1.15 7
    endloop
  endfacet
  facet normal 0 0 1
    outer loop
      vertex -20.1249 0.880172 7
      vertex -20.1249 -0.880172 7
      vertex -19.9919 -1.15 7
    endloop
  endfacet
  facet normal -0 0 1
    outer loop
      vertex -20.2216 0.595284 7
      vertex -20.1249 -0.880172 7
      vertex -20.1249 0.880172 7
    endloop
  endfacet
  facet normal 0 0 1
    outer loop
      vertex -20.2216 0.595284 7
      vertex -20.2216 -0.595284 7
      vertex -20.1249 -0.880172 7
    endloop
  endfacet
  facet normal -0 0 1
    outer loop
      vertex -20.2803 0.30021 7
      vertex -20.2216 -0.595284 7
      vertex -20.2216 0.595284 7
    endloop
  endfacet
  facet normal 0 0 1
    outer loop
      vertex -20.2803 0.30021 7
      vertex -20.2803 -0.30021 7
      vertex -20.2216 -0.595284 7
    endloop
  endfacet
  facet normal 0 -0 1
    outer loop
      vertex -20.2803 -0.30021 7
      vertex -20.2803 0.30021 7
      vertex -20.3 0 7
    endloop
  endfacet
  facet normal 0.946937 0.32142 0
    outer loop
      vertex -20.1249 -0.880172 13.5
      vertex -20.2216 -0.595284 7
      vertex -20.2216 -0.595284 13.5
    endloop
  endfacet
  facet normal 0.946937 0.32142 0
    outer loop
      vertex -20.2216 -0.595284 7
      vertex -20.1249 -0.880172 13.5
      vertex -20.1249 -0.880172 7
    endloop
  endfacet
  facet normal 0.751779 0.659415 0
    outer loop
      vertex -19.6263 -1.62634 13.5
      vertex -19.8247 -1.40015 7
      vertex -19.8247 -1.40015 13.5
    endloop
  endfacet
  facet normal 0.751779 0.659415 0
    outer loop
      vertex -19.8247 -1.40015 7
      vertex -19.6263 -1.62634 13.5
      vertex -19.6263 -1.62634 7
    endloop
  endfacet
  facet normal -0.659507 0.751699 0
    outer loop
      vertex -16.3737 -1.62634 7
      vertex -16.5998 -1.82471 13.5
      vertex -16.3737 -1.62634 13.5
    endloop
  endfacet
  facet normal -0.659507 0.751699 0
    outer loop
      vertex -16.5998 -1.82471 13.5
      vertex -16.3737 -1.62634 7
      vertex -16.5998 -1.82471 7
    endloop
  endfacet
  facet normal 0.555505 0.831513 -0
    outer loop
      vertex -19.15 -1.99186 7
      vertex -19.4002 -1.82471 13.5
      vertex -19.15 -1.99186 13.5
    endloop
  endfacet
  facet normal 0.555505 0.831513 0
    outer loop
      vertex -19.4002 -1.82471 13.5
      vertex -19.15 -1.99186 7
      vertex -19.4002 -1.82471 7
    endloop
  endfacet
  facet normal -0.0654159 0.997858 0
    outer loop
      vertex -17.6998 -2.28032 7
      vertex -18 -2.3 13.5
      vertex -17.6998 -2.28032 13.5
    endloop
  endfacet
  facet normal -0.0654159 0.997858 0
    outer loop
      vertex -18 -2.3 13.5
      vertex -17.6998 -2.28032 7
      vertex -18 -2.3 7
    endloop
  endfacet
  facet normal 0.0654159 0.997858 -0
    outer loop
      vertex -18 -2.3 7
      vertex -18.3002 -2.28032 13.5
      vertex -18 -2.3 13.5
    endloop
  endfacet
  facet normal 0.0654159 0.997858 0
    outer loop
      vertex -18.3002 -2.28032 13.5
      vertex -18 -2.3 7
      vertex -18.3002 -2.28032 7
    endloop
  endfacet
  facet normal 0.195061 0.980791 -0
    outer loop
      vertex -18.3002 -2.28032 7
      vertex -18.5953 -2.22163 13.5
      vertex -18.3002 -2.28032 13.5
    endloop
  endfacet
  facet normal 0.195061 0.980791 0
    outer loop
      vertex -18.5953 -2.22163 13.5
      vertex -18.3002 -2.28032 7
      vertex -18.5953 -2.22163 7
    endloop
  endfacet
  facet normal 0.659507 0.751699 -0
    outer loop
      vertex -19.4002 -1.82471 7
      vertex -19.6263 -1.62634 13.5
      vertex -19.4002 -1.82471 13.5
    endloop
  endfacet
  facet normal 0.659507 0.751699 0
    outer loop
      vertex -19.6263 -1.62634 13.5
      vertex -19.4002 -1.82471 7
      vertex -19.6263 -1.62634 7
    endloop
  endfacet
  facet normal 0.831385 0.555697 0
    outer loop
      vertex -19.8247 -1.40015 13.5
      vertex -19.9919 -1.15 7
      vertex -19.9919 -1.15 13.5
    endloop
  endfacet
  facet normal 0.831385 0.555697 0
    outer loop
      vertex -19.9919 -1.15 7
      vertex -19.8247 -1.40015 13.5
      vertex -19.8247 -1.40015 7
    endloop
  endfacet
  facet normal 0.896958 0.442116 0
    outer loop
      vertex -19.9919 -1.15 13.5
      vertex -20.1249 -0.880172 7
      vertex -20.1249 -0.880172 13.5
    endloop
  endfacet
  facet normal 0.896958 0.442116 0
    outer loop
      vertex -20.1249 -0.880172 7
      vertex -19.9919 -1.15 13.5
      vertex -19.9919 -1.15 7
    endloop
  endfacet
  facet normal -0.751779 0.659415 0
    outer loop
      vertex -16.3737 -1.62634 7
      vertex -16.1753 -1.40015 13.5
      vertex -16.1753 -1.40015 7
    endloop
  endfacet
  facet normal -0.751779 0.659415 0
    outer loop
      vertex -16.1753 -1.40015 13.5
      vertex -16.3737 -1.62634 7
      vertex -16.3737 -1.62634 13.5
    endloop
  endfacet
  facet normal 0.442314 0.89686 -0
    outer loop
      vertex -18.8802 -2.12492 7
      vertex -19.15 -1.99186 13.5
      vertex -18.8802 -2.12492 13.5
    endloop
  endfacet
  facet normal 0.442314 0.89686 0
    outer loop
      vertex -19.15 -1.99186 13.5
      vertex -18.8802 -2.12492 7
      vertex -19.15 -1.99186 7
    endloop
  endfacet
  facet normal 0.321574 -0.946885 0
    outer loop
      vertex 29.7765 -13.8978 0
      vertex 30.1481 -13.7716 3
      vertex 29.7765 -13.8978 3
    endloop
  endfacet
  facet normal 0.321574 -0.946885 0
    outer loop
      vertex 30.1481 -13.7716 3
      vertex 29.7765 -13.8978 0
      vertex 30.1481 -13.7716 0
    endloop
  endfacet
  facet normal -0.194945 0.980814 0
    outer loop
      vertex 6.60843 13.9743 0
      vertex 6.22354 13.8978 3
      vertex 6.60843 13.9743 3
    endloop
  endfacet
  facet normal -0.194945 0.980814 0
    outer loop
      vertex 6.22354 13.8978 3
      vertex 6.60843 13.9743 0
      vertex 6.22354 13.8978 0
    endloop
  endfacet
  facet normal 0.19494 -0.980815 0
    outer loop
      vertex 29.3916 -13.9743 0
      vertex 29.7765 -13.8978 3
      vertex 29.3916 -13.9743 3
    endloop
  endfacet
  facet normal 0.19494 -0.980815 0
    outer loop
      vertex 29.7765 -13.8978 3
      vertex 29.3916 -13.9743 0
      vertex 29.7765 -13.8978 0
    endloop
  endfacet
  facet normal 0.831501 0.555523 0
    outer loop
      vertex 31.5981 12.5 3
      vertex 31.3801 12.8263 0
      vertex 31.3801 12.8263 3
    endloop
  endfacet
  facet normal 0.831501 0.555523 0
    outer loop
      vertex 31.3801 12.8263 0
      vertex 31.5981 12.5 3
      vertex 31.5981 12.5 0
    endloop
  endfacet
  facet normal -0.997858 0.0654112 0
    outer loop
      vertex 4 11 0
      vertex 4.02567 11.3916 3
      vertex 4.02567 11.3916 0
    endloop
  endfacet
  facet normal -0.997858 0.0654112 0
    outer loop
      vertex 4.02567 11.3916 3
      vertex 4 11 0
      vertex 4 11 3
    endloop
  endfacet
  facet normal -1 0 0
    outer loop
      vertex 4 -11 0
      vertex 4 11 3
      vertex 4 11 0
    endloop
  endfacet
  facet normal -1 -0 0
    outer loop
      vertex 4 11 3
      vertex 4 -11 0
      vertex 4 -11 3
    endloop
  endfacet
  facet normal 0 -1 0
    outer loop
      vertex 7 -14 0
      vertex 29 -14 3
      vertex 7 -14 3
    endloop
  endfacet
  facet normal 0 -1 -0
    outer loop
      vertex 29 -14 3
      vertex 7 -14 0
      vertex 29 -14 0
    endloop
  endfacet
  facet normal 0.0654873 0.997853 -0
    outer loop
      vertex 29.3916 13.9743 0
      vertex 29 14 3
      vertex 29.3916 13.9743 3
    endloop
  endfacet
  facet normal 0.0654873 0.997853 0
    outer loop
      vertex 29 14 3
      vertex 29.3916 13.9743 0
      vertex 29 14 0
    endloop
  endfacet
  facet normal 0 1 -0
    outer loop
      vertex 29 14 0
      vertex 7 14 3
      vertex 29 14 3
    endloop
  endfacet
  facet normal 0 1 0
    outer loop
      vertex 7 14 3
      vertex 29 14 0
      vertex 7 14 0
    endloop
  endfacet
  facet normal 1 -0 0
    outer loop
      vertex 32 -11 3
      vertex 32 11 0
      vertex 32 11 3
    endloop
  endfacet
  facet normal 1 0 0
    outer loop
      vertex 32 11 0
      vertex 32 -11 3
      vertex 32 -11 0
    endloop
  endfacet
  facet normal -0.751787 0.659406 0
    outer loop
      vertex 4.61993 12.8263 0
      vertex 4.87868 13.1213 3
      vertex 4.87868 13.1213 0
    endloop
  endfacet
  facet normal -0.751787 0.659406 0
    outer loop
      vertex 4.87868 13.1213 3
      vertex 4.61993 12.8263 0
      vertex 4.61993 12.8263 3
    endloop
  endfacet
  facet normal 0 0 -1
    outer loop
      vertex 29 -14 0
      vertex 32 -11 0
      vertex 31.9743 -11.3916 0
    endloop
  endfacet
  facet normal 0 0 -1
    outer loop
      vertex 32 -11 0
      vertex 22.25 0 0
      vertex 32 11 0
    endloop
  endfacet
  facet normal 0 0 -1
    outer loop
      vertex 29 -14 0
      vertex 31.9743 -11.3916 0
      vertex 31.8978 -11.7765 0
    endloop
  endfacet
  facet normal 0 0 -1
    outer loop
      vertex 22.2136 0.554736 0
      vertex 32 11 0
      vertex 22.25 0 0
    endloop
  endfacet
  facet normal 0 0 -1
    outer loop
      vertex 29 -14 0
      vertex 31.8978 -11.7765 0
      vertex 31.7716 -12.1481 0
    endloop
  endfacet
  facet normal 0 0 -1
    outer loop
      vertex 22.1052 1.09998 0
      vertex 32 11 0
      vertex 22.2136 0.554736 0
    endloop
  endfacet
  facet normal 0 0 -1
    outer loop
      vertex 29 -14 0
      vertex 31.7716 -12.1481 0
      vertex 31.5981 -12.5 0
    endloop
  endfacet
  facet normal 0 0 -1
    outer loop
      vertex 21.9265 1.6264 0
      vertex 32 11 0
      vertex 22.1052 1.09998 0
    endloop
  endfacet
  facet normal 0 0 -1
    outer loop
      vertex 29 -14 0
      vertex 31.5981 -12.5 0
      vertex 31.3801 -12.8263 0
    endloop
  endfacet
  facet normal 0 0 -1
    outer loop
      vertex 21.6806 2.125 0
      vertex 32 11 0
      vertex 21.9265 1.6264 0
    endloop
  endfacet
  facet normal 0 0 -1
    outer loop
      vertex 29 -14 0
      vertex 31.3801 -12.8263 0
      vertex 31.1213 -13.1213 0
    endloop
  endfacet
  facet normal 0 0 -1
    outer loop
      vertex 21.3717 2.58724 0
      vertex 32 11 0
      vertex 21.6806 2.125 0
    endloop
  endfacet
  facet normal 0 0 -1
    outer loop
      vertex 29 -14 0
      vertex 31.1213 -13.1213 0
      vertex 30.8263 -13.3801 0
    endloop
  endfacet
  facet normal 0 0 -1
    outer loop
      vertex 21.0052 3.0052 0
      vertex 32 11 0
      vertex 21.3717 2.58724 0
    endloop
  endfacet
  facet normal 0 0 -1
    outer loop
      vertex 29 -14 0
      vertex 30.8263 -13.3801 0
      vertex 30.5 -13.5981 0
    endloop
  endfacet
  facet normal 0 -0 -1
    outer loop
      vertex 29 14 0
      vertex 32 11 0
      vertex 21.0052 3.0052 0
    endloop
  endfacet
  facet normal 0 0 -1
    outer loop
      vertex 29 -14 0
      vertex 30.5 -13.5981 0
      vertex 30.1481 -13.7716 0
    endloop
  endfacet
  facet normal 0 0 -1
    outer loop
      vertex 32 11 0
      vertex 29 14 0
      vertex 31.9743 11.3916 0
    endloop
  endfacet
  facet normal 0 0 -1
    outer loop
      vertex 29 -14 0
      vertex 30.1481 -13.7716 0
      vertex 29.7765 -13.8978 0
    endloop
  endfacet
  facet normal 0 0 -1
    outer loop
      vertex 31.8978 11.7765 0
      vertex 29 14 0
      vertex 31.7716 12.1481 0
    endloop
  endfacet
  facet normal 0 0 -1
    outer loop
      vertex 29 -14 0
      vertex 29.7765 -13.8978 0
      vertex 29.3916 -13.9743 0
    endloop
  endfacet
  facet normal 0 0 -1
    outer loop
      vertex 31.7716 12.1481 0
      vertex 29 14 0
      vertex 31.5981 12.5 0
    endloop
  endfacet
  facet normal -0 0 -1
    outer loop
      vertex 32 -11 0
      vertex 29 -14 0
      vertex 21.0052 -3.0052 0
    endloop
  endfacet
  facet normal 0 0 -1
    outer loop
      vertex 31.5981 12.5 0
      vertex 29 14 0
      vertex 31.3801 12.8263 0
    endloop
  endfacet
  facet normal 0 0 -1
    outer loop
      vertex 31.3801 12.8263 0
      vertex 29 14 0
      vertex 31.1213 13.1213 0
    endloop
  endfacet
  facet normal 0 0 -1
    outer loop
      vertex 32 -11 0
      vertex 22.2136 -0.554736 0
      vertex 22.25 0 0
    endloop
  endfacet
  facet normal 0 0 -1
    outer loop
      vertex 32 -11 0
      vertex 22.1052 -1.09998 0
      vertex 22.2136 -0.554736 0
    endloop
  endfacet
  facet normal 0 0 -1
    outer loop
      vertex 32 -11 0
      vertex 21.9265 -1.6264 0
      vertex 22.1052 -1.09998 0
    endloop
  endfacet
  facet normal 0 0 -1
    outer loop
      vertex 32 -11 0
      vertex 21.6806 -2.125 0
      vertex 21.9265 -1.6264 0
    endloop
  endfacet
  facet normal 0 0 -1
    outer loop
      vertex 32 -11 0
      vertex 21.3717 -2.58724 0
      vertex 21.6806 -2.125 0
    endloop
  endfacet
  facet normal 0 0 -1
    outer loop
      vertex 32 -11 0
      vertex 21.0052 -3.0052 0
      vertex 21.3717 -2.58724 0
    endloop
  endfacet
  facet normal 0 0 -1
    outer loop
      vertex 29 -14 0
      vertex 20.5872 -3.37175 0
      vertex 21.0052 -3.0052 0
    endloop
  endfacet
  facet normal 0 0 -1
    outer loop
      vertex 29 -14 0
      vertex 20.125 -3.68061 0
      vertex 20.5872 -3.37175 0
    endloop
  endfacet
  facet normal 0 0 -1
    outer loop
      vertex 29 -14 0
      vertex 19.6264 -3.92649 0
      vertex 20.125 -3.68061 0
    endloop
  endfacet
  facet normal 0 0 -1
    outer loop
      vertex 29 -14 0
      vertex 19.1 -4.10518 0
      vertex 19.6264 -3.92649 0
    endloop
  endfacet
  facet normal 0 0 -1
    outer loop
      vertex 29 -14 0
      vertex 18.5547 -4.21364 0
      vertex 19.1 -4.10518 0
    endloop
  endfacet
  facet normal 0 0 -1
    outer loop
      vertex 29 -14 0
      vertex 18 -4.25 0
      vertex 18.5547 -4.21364 0
    endloop
  endfacet
  facet normal 0 0 -1
    outer loop
      vertex 7 -14 0
      vertex 18 -4.25 0
      vertex 29 -14 0
    endloop
  endfacet
  facet normal -0 0 -1
    outer loop
      vertex 18 -4.25 0
      vertex 7 -14 0
      vertex 17.4453 -4.21364 0
    endloop
  endfacet
  facet normal -0 0 -1
    outer loop
      vertex 17.4453 -4.21364 0
      vertex 7 -14 0
      vertex 16.9 -4.10518 0
    endloop
  endfacet
  facet normal -0 0 -1
    outer loop
      vertex 16.9 -4.10518 0
      vertex 7 -14 0
      vertex 16.3736 -3.92649 0
    endloop
  endfacet
  facet normal -0 0 -1
    outer loop
      vertex 16.3736 -3.92649 0
      vertex 7 -14 0
      vertex 15.875 -3.68061 0
    endloop
  endfacet
  facet normal -0 0 -1
    outer loop
      vertex 13.8948 -1.09998 0
      vertex 4 -11 0
      vertex 13.7864 -0.554736 0
    endloop
  endfacet
  facet normal -0 0 -1
    outer loop
      vertex 14.0735 -1.6264 0
      vertex 4 -11 0
      vertex 13.8948 -1.09998 0
    endloop
  endfacet
  facet normal -0 0 -1
    outer loop
      vertex 14.3194 -2.125 0
      vertex 4 -11 0
      vertex 14.0735 -1.6264 0
    endloop
  endfacet
  facet normal -0 0 -1
    outer loop
      vertex 14.6282 -2.58724 0
      vertex 4 -11 0
      vertex 14.3194 -2.125 0
    endloop
  endfacet
  facet normal -0 0 -1
    outer loop
      vertex 14.9948 -3.0052 0
      vertex 4 -11 0
      vertex 14.6282 -2.58724 0
    endloop
  endfacet
  facet normal 0 0 -1
    outer loop
      vertex 4 -11 0
      vertex 14.9948 -3.0052 0
      vertex 7 -14 0
    endloop
  endfacet
  facet normal -0 0 -1
    outer loop
      vertex 15.4128 -3.37175 0
      vertex 7 -14 0
      vertex 14.9948 -3.0052 0
    endloop
  endfacet
  facet normal -0 0 -1
    outer loop
      vertex 15.875 -3.68061 0
      vertex 7 -14 0
      vertex 15.4128 -3.37175 0
    endloop
  endfacet
  facet normal 0 0 -1
    outer loop
      vertex 30.8263 13.3801 0
      vertex 29 14 0
      vertex 30.5 13.5981 0
    endloop
  endfacet
  facet normal 0 0 -1
    outer loop
      vertex 30.5 13.5981 0
      vertex 29 14 0
      vertex 30.1481 13.7716 0
    endloop
  endfacet
  facet normal 0 0 -1
    outer loop
      vertex 30.1481 13.7716 0
      vertex 29 14 0
      vertex 29.7765 13.8978 0
    endloop
  endfacet
  facet normal 0 0 -1
    outer loop
      vertex 29.7765 13.8978 0
      vertex 29 14 0
      vertex 29.3916 13.9743 0
    endloop
  endfacet
  facet normal 0 0 -1
    outer loop
      vertex 31.1213 13.1213 0
      vertex 29 14 0
      vertex 30.8263 13.3801 0
    endloop
  endfacet
  facet normal 0 0 -1
    outer loop
      vertex 31.9743 11.3916 0
      vertex 29 14 0
      vertex 31.8978 11.7765 0
    endloop
  endfacet
  facet normal 0 0 -1
    outer loop
      vertex 20.5872 3.37175 0
      vertex 29 14 0
      vertex 21.0052 3.0052 0
    endloop
  endfacet
  facet normal 0 0 -1
    outer loop
      vertex 20.125 3.68061 0
      vertex 29 14 0
      vertex 20.5872 3.37175 0
    endloop
  endfacet
  facet normal 0 0 -1
    outer loop
      vertex 19.6264 3.92649 0
      vertex 29 14 0
      vertex 20.125 3.68061 0
    endloop
  endfacet
  facet normal 0 0 -1
    outer loop
      vertex 19.1 4.10518 0
      vertex 29 14 0
      vertex 19.6264 3.92649 0
    endloop
  endfacet
  facet normal 0 0 -1
    outer loop
      vertex 18.5547 4.21364 0
      vertex 29 14 0
      vertex 19.1 4.10518 0
    endloop
  endfacet
  facet normal 0 0 -1
    outer loop
      vertex 18 4.25 0
      vertex 29 14 0
      vertex 18.5547 4.21364 0
    endloop
  endfacet
  facet normal 0 0 -1
    outer loop
      vertex 7 14 0
      vertex 18 4.25 0
      vertex 17.4453 4.21364 0
    endloop
  endfacet
  facet normal 0 0 -1
    outer loop
      vertex 7 14 0
      vertex 17.4453 4.21364 0
      vertex 16.9 4.10518 0
    endloop
  endfacet
  facet normal 0 0 -1
    outer loop
      vertex 7 14 0
      vertex 16.9 4.10518 0
      vertex 16.3736 3.92649 0
    endloop
  endfacet
  facet normal 0 0 -1
    outer loop
      vertex 7 14 0
      vertex 16.3736 3.92649 0
      vertex 15.875 3.68061 0
    endloop
  endfacet
  facet normal 0 0 -1
    outer loop
      vertex 7 14 0
      vertex 15.875 3.68061 0
      vertex 15.4128 3.37175 0
    endloop
  endfacet
  facet normal -0 0 -1
    outer loop
      vertex 13.7864 -0.554736 0
      vertex 4 -11 0
      vertex 13.75 0 0
    endloop
  endfacet
  facet normal 0 0 -1
    outer loop
      vertex 4 11 0
      vertex 13.75 0 0
      vertex 4 -11 0
    endloop
  endfacet
  facet normal 0 0 -1
    outer loop
      vertex 13.75 0 0
      vertex 4 11 0
      vertex 13.7864 0.554736 0
    endloop
  endfacet
  facet normal 0 0 -1
    outer loop
      vertex 18 4.25 0
      vertex 7 14 0
      vertex 29 14 0
    endloop
  endfacet
  facet normal 0 0 -1
    outer loop
      vertex 14.9948 3.0052 0
      vertex 7 14 0
      vertex 15.4128 3.37175 0
    endloop
  endfacet
  facet normal 0 0 -1
    outer loop
      vertex 4 11 0
      vertex 14.9948 3.0052 0
      vertex 14.6282 2.58724 0
    endloop
  endfacet
  facet normal 0 0 -1
    outer loop
      vertex 4 11 0
      vertex 14.6282 2.58724 0
      vertex 14.3194 2.125 0
    endloop
  endfacet
  facet normal 0 0 -1
    outer loop
      vertex 4 11 0
      vertex 14.3194 2.125 0
      vertex 14.0735 1.6264 0
    endloop
  endfacet
  facet normal 0 0 -1
    outer loop
      vertex 13.7864 0.554736 0
      vertex 4 11 0
      vertex 13.8948 1.09998 0
    endloop
  endfacet
  facet normal 0 0 -1
    outer loop
      vertex 4 -11 0
      vertex 7 -14 0
      vertex 6.60843 -13.9743 0
    endloop
  endfacet
  facet normal 0 0 -1
    outer loop
      vertex 13.8948 1.09998 0
      vertex 4 11 0
      vertex 14.0735 1.6264 0
    endloop
  endfacet
  facet normal 0 0 -1
    outer loop
      vertex 4 -11 0
      vertex 6.60843 -13.9743 0
      vertex 6.22354 -13.8978 0
    endloop
  endfacet
  facet normal 0 0 -1
    outer loop
      vertex 14.9948 3.0052 0
      vertex 4 11 0
      vertex 7 14 0
    endloop
  endfacet
  facet normal 0 0 -1
    outer loop
      vertex 4 -11 0
      vertex 6.22354 -13.8978 0
      vertex 5.85194 -13.7716 0
    endloop
  endfacet
  facet normal 0 0 -1
    outer loop
      vertex 7 14 0
      vertex 4 11 0
      vertex 6.60843 13.9743 0
    endloop
  endfacet
  facet normal 0 0 -1
    outer loop
      vertex 4 -11 0
      vertex 5.85194 -13.7716 0
      vertex 5.5 -13.5981 0
    endloop
  endfacet
  facet normal 0 0 -1
    outer loop
      vertex 6.60843 13.9743 0
      vertex 4 11 0
      vertex 6.22354 13.8978 0
    endloop
  endfacet
  facet normal 0 0 -1
    outer loop
      vertex 4 -11 0
      vertex 5.5 -13.5981 0
      vertex 5.17372 -13.3801 0
    endloop
  endfacet
  facet normal 0 0 -1
    outer loop
      vertex 6.22354 13.8978 0
      vertex 4 11 0
      vertex 5.85194 13.7716 0
    endloop
  endfacet
  facet normal 0 0 -1
    outer loop
      vertex 4 -11 0
      vertex 5.17372 -13.3801 0
      vertex 4.87868 -13.1213 0
    endloop
  endfacet
  facet normal 0 0 -1
    outer loop
      vertex 5.85194 13.7716 0
      vertex 4 11 0
      vertex 5.5 13.5981 0
    endloop
  endfacet
  facet normal 0 0 -1
    outer loop
      vertex 4 -11 0
      vertex 4.87868 -13.1213 0
      vertex 4.61993 -12.8263 0
    endloop
  endfacet
  facet normal 0 0 -1
    outer loop
      vertex 5.5 13.5981 0
      vertex 4 11 0
      vertex 5.17372 13.3801 0
    endloop
  endfacet
  facet normal 0 0 -1
    outer loop
      vertex 4 -11 0
      vertex 4.61993 -12.8263 0
      vertex 4.40192 -12.5 0
    endloop
  endfacet
  facet normal 0 0 -1
    outer loop
      vertex 5.17372 13.3801 0
      vertex 4 11 0
      vertex 4.87868 13.1213 0
    endloop
  endfacet
  facet normal 0 0 -1
    outer loop
      vertex 4 -11 0
      vertex 4.40192 -12.5 0
      vertex 4.22836 -12.1481 0
    endloop
  endfacet
  facet normal 0 0 -1
    outer loop
      vertex 4.87868 13.1213 0
      vertex 4 11 0
      vertex 4.61993 12.8263 0
    endloop
  endfacet
  facet normal 0 0 -1
    outer loop
      vertex 4 -11 0
      vertex 4.22836 -12.1481 0
      vertex 4.10222 -11.7765 0
    endloop
  endfacet
  facet normal 0 0 -1
    outer loop
      vertex 4.61993 12.8263 0
      vertex 4 11 0
      vertex 4.40192 12.5 0
    endloop
  endfacet
  facet normal 0 0 -1
    outer loop
      vertex 4 -11 0
      vertex 4.10222 -11.7765 0
      vertex 4.02567 -11.3916 0
    endloop
  endfacet
  facet normal 0 0 -1
    outer loop
      vertex 4.40192 12.5 0
      vertex 4 11 0
      vertex 4.22836 12.1481 0
    endloop
  endfacet
  facet normal 0 0 -1
    outer loop
      vertex 4.22836 12.1481 0
      vertex 4 11 0
      vertex 4.10222 11.7765 0
    endloop
  endfacet
  facet normal 0 0 -1
    outer loop
      vertex 4.10222 11.7765 0
      vertex 4 11 0
      vertex 4.02567 11.3916 0
    endloop
  endfacet
  facet normal -0.751787 -0.659406 0
    outer loop
      vertex 4.87868 -13.1213 0
      vertex 4.61993 -12.8263 3
      vertex 4.61993 -12.8263 0
    endloop
  endfacet
  facet normal -0.751787 -0.659406 0
    outer loop
      vertex 4.61993 -12.8263 3
      vertex 4.87868 -13.1213 0
      vertex 4.87868 -13.1213 3
    endloop
  endfacet
  facet normal 0.0654873 -0.997853 0
    outer loop
      vertex 29 -14 0
      vertex 29.3916 -13.9743 3
      vertex 29 -14 3
    endloop
  endfacet
  facet normal 0.0654873 -0.997853 0
    outer loop
      vertex 29.3916 -13.9743 3
      vertex 29 -14 0
      vertex 29.3916 -13.9743 0
    endloop
  endfacet
  facet normal 0.555523 0.831501 -0
    outer loop
      vertex 30.8263 13.3801 0
      vertex 30.5 13.5981 3
      vertex 30.8263 13.3801 3
    endloop
  endfacet
  facet normal 0.555523 0.831501 0
    outer loop
      vertex 30.5 13.5981 3
      vertex 30.8263 13.3801 0
      vertex 30.5 13.5981 0
    endloop
  endfacet
  facet normal 0.751724 0.659478 0
    outer loop
      vertex 31.3801 12.8263 3
      vertex 31.1213 13.1213 0
      vertex 31.1213 13.1213 3
    endloop
  endfacet
  facet normal 0.751724 0.659478 0
    outer loop
      vertex 31.1213 13.1213 0
      vertex 31.3801 12.8263 3
      vertex 31.3801 12.8263 0
    endloop
  endfacet
  facet normal -0.0654923 0.997853 0
    outer loop
      vertex 7 14 0
      vertex 6.60843 13.9743 3
      vertex 7 14 3
    endloop
  endfacet
  facet normal -0.0654923 0.997853 0
    outer loop
      vertex 6.60843 13.9743 3
      vertex 7 14 0
      vertex 6.60843 13.9743 0
    endloop
  endfacet
  facet normal -0.442171 0.896931 0
    outer loop
      vertex 5.85194 13.7716 0
      vertex 5.5 13.5981 3
      vertex 5.85194 13.7716 3
    endloop
  endfacet
  facet normal -0.442171 0.896931 0
    outer loop
      vertex 5.5 13.5981 3
      vertex 5.85194 13.7716 0
      vertex 5.5 13.5981 0
    endloop
  endfacet
  facet normal -0.321574 0.946885 0
    outer loop
      vertex 6.22354 13.8978 0
      vertex 5.85194 13.7716 3
      vertex 6.22354 13.8978 3
    endloop
  endfacet
  facet normal -0.321574 0.946885 0
    outer loop
      vertex 5.85194 13.7716 3
      vertex 6.22354 13.8978 0
      vertex 5.85194 13.7716 0
    endloop
  endfacet
  facet normal -0.946931 0.321437 0
    outer loop
      vertex 4.10222 11.7765 0
      vertex 4.22836 12.1481 3
      vertex 4.22836 12.1481 0
    endloop
  endfacet
  facet normal -0.946931 0.321437 0
    outer loop
      vertex 4.22836 12.1481 3
      vertex 4.10222 11.7765 0
      vertex 4.10222 11.7765 3
    endloop
  endfacet
  facet normal -0.980791 0.195062 0
    outer loop
      vertex 4.02567 11.3916 0
      vertex 4.10222 11.7765 3
      vertex 4.10222 11.7765 0
    endloop
  endfacet
  facet normal -0.980791 0.195062 0
    outer loop
      vertex 4.10222 11.7765 3
      vertex 4.02567 11.3916 0
      vertex 4.02567 11.3916 3
    endloop
  endfacet
  facet normal -0.831489 0.555541 0
    outer loop
      vertex 4.40192 12.5 0
      vertex 4.61993 12.8263 3
      vertex 4.61993 12.8263 0
    endloop
  endfacet
  facet normal -0.831489 0.555541 0
    outer loop
      vertex 4.61993 12.8263 3
      vertex 4.40192 12.5 0
      vertex 4.40192 12.5 3
    endloop
  endfacet
  facet normal -0.997858 -0.0654112 0
    outer loop
      vertex 4.02567 -11.3916 0
      vertex 4 -11 3
      vertex 4 -11 0
    endloop
  endfacet
  facet normal -0.997858 -0.0654112 0
    outer loop
      vertex 4 -11 3
      vertex 4.02567 -11.3916 0
      vertex 4.02567 -11.3916 3
    endloop
  endfacet
  facet normal -0.659428 -0.751768 0
    outer loop
      vertex 4.87868 -13.1213 0
      vertex 5.17372 -13.3801 3
      vertex 4.87868 -13.1213 3
    endloop
  endfacet
  facet normal -0.659428 -0.751768 -0
    outer loop
      vertex 5.17372 -13.3801 3
      vertex 4.87868 -13.1213 0
      vertex 5.17372 -13.3801 0
    endloop
  endfacet
  facet normal -0.194945 -0.980814 0
    outer loop
      vertex 6.22354 -13.8978 0
      vertex 6.60843 -13.9743 3
      vertex 6.22354 -13.8978 3
    endloop
  endfacet
  facet normal -0.194945 -0.980814 -0
    outer loop
      vertex 6.60843 -13.9743 3
      vertex 6.22354 -13.8978 0
      vertex 6.60843 -13.9743 0
    endloop
  endfacet
  facet normal -0.442171 -0.896931 0
    outer loop
      vertex 5.5 -13.5981 0
      vertex 5.85194 -13.7716 3
      vertex 5.5 -13.5981 3
    endloop
  endfacet
  facet normal -0.442171 -0.896931 -0
    outer loop
      vertex 5.85194 -13.7716 3
      vertex 5.5 -13.5981 0
      vertex 5.85194 -13.7716 0
    endloop
  endfacet
  facet normal 0.659478 0.751724 -0
    outer loop
      vertex 31.1213 13.1213 0
      vertex 30.8263 13.3801 3
      vertex 31.1213 13.1213 3
    endloop
  endfacet
  facet normal 0.659478 0.751724 0
    outer loop
      vertex 30.8263 13.3801 3
      vertex 31.1213 13.1213 0
      vertex 30.8263 13.3801 0
    endloop
  endfacet
  facet normal 0.321574 0.946885 -0
    outer loop
      vertex 30.1481 13.7716 0
      vertex 29.7765 13.8978 3
      vertex 30.1481 13.7716 3
    endloop
  endfacet
  facet normal 0.321574 0.946885 0
    outer loop
      vertex 29.7765 13.8978 3
      vertex 30.1481 13.7716 0
      vertex 29.7765 13.8978 0
    endloop
  endfacet
  facet normal 0.19494 0.980815 -0
    outer loop
      vertex 29.7765 13.8978 0
      vertex 29.3916 13.9743 3
      vertex 29.7765 13.8978 3
    endloop
  endfacet
  facet normal 0.19494 0.980815 0
    outer loop
      vertex 29.3916 13.9743 3
      vertex 29.7765 13.8978 0
      vertex 29.3916 13.9743 0
    endloop
  endfacet
  facet normal 0.442211 0.896911 -0
    outer loop
      vertex 30.5 13.5981 0
      vertex 30.1481 13.7716 3
      vertex 30.5 13.5981 3
    endloop
  endfacet
  facet normal 0.442211 0.896911 0
    outer loop
      vertex 30.1481 13.7716 3
      vertex 30.5 13.5981 0
      vertex 30.1481 13.7716 0
    endloop
  endfacet
  facet normal 0.980815 0.19494 0
    outer loop
      vertex 31.9743 11.3916 3
      vertex 31.8978 11.7765 0
      vertex 31.8978 11.7765 3
    endloop
  endfacet
  facet normal 0.980815 0.19494 0
    outer loop
      vertex 31.8978 11.7765 0
      vertex 31.9743 11.3916 3
      vertex 31.9743 11.3916 0
    endloop
  endfacet
  facet normal 0.997853 0.0654873 0
    outer loop
      vertex 32 11 3
      vertex 31.9743 11.3916 0
      vertex 31.9743 11.3916 3
    endloop
  endfacet
  facet normal 0.997853 0.0654873 0
    outer loop
      vertex 31.9743 11.3916 0
      vertex 32 11 3
      vertex 32 11 0
    endloop
  endfacet
  facet normal 0.896911 -0.442211 0
    outer loop
      vertex 31.5981 -12.5 3
      vertex 31.7716 -12.1481 0
      vertex 31.7716 -12.1481 3
    endloop
  endfacet
  facet normal 0.896911 -0.442211 0
    outer loop
      vertex 31.7716 -12.1481 0
      vertex 31.5981 -12.5 3
      vertex 31.5981 -12.5 0
    endloop
  endfacet
  facet normal 0.980815 -0.19494 0
    outer loop
      vertex 31.8978 -11.7765 3
      vertex 31.9743 -11.3916 0
      vertex 31.9743 -11.3916 3
    endloop
  endfacet
  facet normal 0.980815 -0.19494 0
    outer loop
      vertex 31.9743 -11.3916 0
      vertex 31.8978 -11.7765 3
      vertex 31.8978 -11.7765 0
    endloop
  endfacet
  facet normal 0.751724 -0.659478 0
    outer loop
      vertex 31.1213 -13.1213 3
      vertex 31.3801 -12.8263 0
      vertex 31.3801 -12.8263 3
    endloop
  endfacet
  facet normal 0.751724 -0.659478 0
    outer loop
      vertex 31.3801 -12.8263 0
      vertex 31.1213 -13.1213 3
      vertex 31.1213 -13.1213 0
    endloop
  endfacet
  facet normal 0.442211 -0.896911 0
    outer loop
      vertex 30.1481 -13.7716 0
      vertex 30.5 -13.5981 3
      vertex 30.1481 -13.7716 3
    endloop
  endfacet
  facet normal 0.442211 -0.896911 0
    outer loop
      vertex 30.5 -13.5981 3
      vertex 30.1481 -13.7716 0
      vertex 30.5 -13.5981 0
    endloop
  endfacet
  facet normal -0.659428 0.751768 0
    outer loop
      vertex 5.17372 13.3801 0
      vertex 4.87868 13.1213 3
      vertex 5.17372 13.3801 3
    endloop
  endfacet
  facet normal -0.659428 0.751768 0
    outer loop
      vertex 4.87868 13.1213 3
      vertex 5.17372 13.3801 0
      vertex 4.87868 13.1213 0
    endloop
  endfacet
  facet normal -0.555547 0.831485 0
    outer loop
      vertex 5.5 13.5981 0
      vertex 5.17372 13.3801 3
      vertex 5.5 13.5981 3
    endloop
  endfacet
  facet normal -0.555547 0.831485 0
    outer loop
      vertex 5.17372 13.3801 3
      vertex 5.5 13.5981 0
      vertex 5.17372 13.3801 0
    endloop
  endfacet
  facet normal -0.89685 0.442334 0
    outer loop
      vertex 4.22836 12.1481 0
      vertex 4.40192 12.5 3
      vertex 4.40192 12.5 0
    endloop
  endfacet
  facet normal -0.89685 0.442334 0
    outer loop
      vertex 4.40192 12.5 3
      vertex 4.22836 12.1481 0
      vertex 4.22836 12.1481 3
    endloop
  endfacet
  facet normal -0.980791 -0.195062 0
    outer loop
      vertex 4.10222 -11.7765 0
      vertex 4.02567 -11.3916 3
      vertex 4.02567 -11.3916 0
    endloop
  endfacet
  facet normal -0.980791 -0.195062 0
    outer loop
      vertex 4.02567 -11.3916 3
      vertex 4.10222 -11.7765 0
      vertex 4.10222 -11.7765 3
    endloop
  endfacet
  facet normal 0 0 1
    outer loop
      vertex 29 14 3
      vertex 32 11 3
      vertex 31.9743 11.3916 3
    endloop
  endfacet
  facet normal 0 0 1
    outer loop
      vertex 32 11 3
      vertex 19.7 0 3
      vertex 32 -11 3
    endloop
  endfacet
  facet normal 0 0 1
    outer loop
      vertex 29 14 3
      vertex 31.9743 11.3916 3
      vertex 31.8978 11.7765 3
    endloop
  endfacet
  facet normal -0 0 1
    outer loop
      vertex 19.6855 -0.221894 3
      vertex 32 -11 3
      vertex 19.7 0 3
    endloop
  endfacet
  facet normal 0 0 1
    outer loop
      vertex 29 14 3
      vertex 31.8978 11.7765 3
      vertex 31.7716 12.1481 3
    endloop
  endfacet
  facet normal -0 0 1
    outer loop
      vertex 19.6421 -0.439992 3
      vertex 32 -11 3
      vertex 19.6855 -0.221894 3
    endloop
  endfacet
  facet normal 0 0 1
    outer loop
      vertex 29 14 3
      vertex 31.7716 12.1481 3
      vertex 31.5981 12.5 3
    endloop
  endfacet
  facet normal -0 0 1
    outer loop
      vertex 19.5706 -0.650561 3
      vertex 32 -11 3
      vertex 19.6421 -0.439992 3
    endloop
  endfacet
  facet normal 0 0 1
    outer loop
      vertex 29 14 3
      vertex 31.5981 12.5 3
      vertex 31.3801 12.8263 3
    endloop
  endfacet
  facet normal -0 0 1
    outer loop
      vertex 19.4722 -0.849999 3
      vertex 32 -11 3
      vertex 19.5706 -0.650561 3
    endloop
  endfacet
  facet normal 0 0 1
    outer loop
      vertex 29 14 3
      vertex 31.3801 12.8263 3
      vertex 31.1213 13.1213 3
    endloop
  endfacet
  facet normal -0 0 1
    outer loop
      vertex 19.3487 -1.03489 3
      vertex 32 -11 3
      vertex 19.4722 -0.849999 3
    endloop
  endfacet
  facet normal 0 0 1
    outer loop
      vertex 29 14 3
      vertex 31.1213 13.1213 3
      vertex 30.8263 13.3801 3
    endloop
  endfacet
  facet normal -0 0 1
    outer loop
      vertex 19.2021 -1.20208 3
      vertex 32 -11 3
      vertex 19.3487 -1.03489 3
    endloop
  endfacet
  facet normal 0 0 1
    outer loop
      vertex 29 14 3
      vertex 30.8263 13.3801 3
      vertex 30.5 13.5981 3
    endloop
  endfacet
  facet normal 0 -0 1
    outer loop
      vertex 29 -14 3
      vertex 32 -11 3
      vertex 19.2021 -1.20208 3
    endloop
  endfacet
  facet normal 0 0 1
    outer loop
      vertex 29 14 3
      vertex 30.5 13.5981 3
      vertex 30.1481 13.7716 3
    endloop
  endfacet
  facet normal 0 0 1
    outer loop
      vertex 31.9743 -11.3916 3
      vertex 29 -14 3
      vertex 31.8978 -11.7765 3
    endloop
  endfacet
  facet normal 0 0 1
    outer loop
      vertex 29 14 3
      vertex 30.1481 13.7716 3
      vertex 29.7765 13.8978 3
    endloop
  endfacet
  facet normal 0 0 1
    outer loop
      vertex 31.8978 -11.7765 3
      vertex 29 -14 3
      vertex 31.7716 -12.1481 3
    endloop
  endfacet
  facet normal 0 0 1
    outer loop
      vertex 29 14 3
      vertex 29.7765 13.8978 3
      vertex 29.3916 13.9743 3
    endloop
  endfacet
  facet normal 0 0 1
    outer loop
      vertex 31.7716 -12.1481 3
      vertex 29 -14 3
      vertex 31.5981 -12.5 3
    endloop
  endfacet
  facet normal 0 0 1
    outer loop
      vertex 32 11 3
      vertex 29 14 3
      vertex 19.2021 1.20208 3
    endloop
  endfacet
  facet normal 0 0 1
    outer loop
      vertex 31.3801 -12.8263 3
      vertex 29 -14 3
      vertex 31.1213 -13.1213 3
    endloop
  endfacet
  facet normal 0 0 1
    outer loop
      vertex 31.1213 -13.1213 3
      vertex 29 -14 3
      vertex 30.8263 -13.3801 3
    endloop
  endfacet
  facet normal 0 0 1
    outer loop
      vertex 32 11 3
      vertex 19.6855 0.221894 3
      vertex 19.7 0 3
    endloop
  endfacet
  facet normal 0 0 1
    outer loop
      vertex 32 11 3
      vertex 19.6421 0.439992 3
      vertex 19.6855 0.221894 3
    endloop
  endfacet
  facet normal 0 0 1
    outer loop
      vertex 32 11 3
      vertex 19.5706 0.650561 3
      vertex 19.6421 0.439992 3
    endloop
  endfacet
  facet normal 0 0 1
    outer loop
      vertex 32 11 3
      vertex 19.4722 0.849999 3
      vertex 19.5706 0.650561 3
    endloop
  endfacet
  facet normal 0 0 1
    outer loop
      vertex 32 11 3
      vertex 19.3487 1.03489 3
      vertex 19.4722 0.849999 3
    endloop
  endfacet
  facet normal 0 0 1
    outer loop
      vertex 32 11 3
      vertex 19.2021 1.20208 3
      vertex 19.3487 1.03489 3
    endloop
  endfacet
  facet normal 0 0 1
    outer loop
      vertex 29 14 3
      vertex 19.0349 1.3487 3
      vertex 19.2021 1.20208 3
    endloop
  endfacet
  facet normal 0 0 1
    outer loop
      vertex 29 14 3
      vertex 18.85 1.47224 3
      vertex 19.0349 1.3487 3
    endloop
  endfacet
  facet normal 0 0 1
    outer loop
      vertex 29 14 3
      vertex 18.6506 1.57059 3
      vertex 18.85 1.47224 3
    endloop
  endfacet
  facet normal 0 0 1
    outer loop
      vertex 29 14 3
      vertex 18.44 1.64207 3
      vertex 18.6506 1.57059 3
    endloop
  endfacet
  facet normal 0 0 1
    outer loop
      vertex 29 14 3
      vertex 18.2219 1.68546 3
      vertex 18.44 1.64207 3
    endloop
  endfacet
  facet normal 0 0 1
    outer loop
      vertex 29 14 3
      vertex 18 1.7 3
      vertex 18.2219 1.68546 3
    endloop
  endfacet
  facet normal -0 0 1
    outer loop
      vertex 7 14 3
      vertex 18 1.7 3
      vertex 29 14 3
    endloop
  endfacet
  facet normal 0 0 1
    outer loop
      vertex 18 1.7 3
      vertex 7 14 3
      vertex 17.7781 1.68546 3
    endloop
  endfacet
  facet normal 0 0 1
    outer loop
      vertex 17.7781 1.68546 3
      vertex 7 14 3
      vertex 17.56 1.64207 3
    endloop
  endfacet
  facet normal 0 0 1
    outer loop
      vertex 17.56 1.64207 3
      vertex 7 14 3
      vertex 17.3494 1.57059 3
    endloop
  endfacet
  facet normal 0 0 1
    outer loop
      vertex 17.3494 1.57059 3
      vertex 7 14 3
      vertex 17.15 1.47224 3
    endloop
  endfacet
  facet normal 0 0 1
    outer loop
      vertex 17.15 1.47224 3
      vertex 7 14 3
      vertex 16.9651 1.3487 3
    endloop
  endfacet
  facet normal 0 0 1
    outer loop
      vertex 16.3579 0.439992 3
      vertex 4 11 3
      vertex 16.3145 0.221894 3
    endloop
  endfacet
  facet normal 0 0 1
    outer loop
      vertex 16.4294 0.650561 3
      vertex 4 11 3
      vertex 16.3579 0.439992 3
    endloop
  endfacet
  facet normal 0 0 1
    outer loop
      vertex 16.5278 0.849999 3
      vertex 4 11 3
      vertex 16.4294 0.650561 3
    endloop
  endfacet
  facet normal 0 0 1
    outer loop
      vertex 16.6513 1.03489 3
      vertex 4 11 3
      vertex 16.5278 0.849999 3
    endloop
  endfacet
  facet normal 0 0 1
    outer loop
      vertex 16.7979 1.20208 3
      vertex 4 11 3
      vertex 16.6513 1.03489 3
    endloop
  endfacet
  facet normal -0 0 1
    outer loop
      vertex 4 11 3
      vertex 16.7979 1.20208 3
      vertex 7 14 3
    endloop
  endfacet
  facet normal 0 0 1
    outer loop
      vertex 16.9651 1.3487 3
      vertex 7 14 3
      vertex 16.7979 1.20208 3
    endloop
  endfacet
  facet normal 0 0 1
    outer loop
      vertex 30.5 -13.5981 3
      vertex 29 -14 3
      vertex 30.1481 -13.7716 3
    endloop
  endfacet
  facet normal 0 0 1
    outer loop
      vertex 30.1481 -13.7716 3
      vertex 29 -14 3
      vertex 29.7765 -13.8978 3
    endloop
  endfacet
  facet normal 0 0 1
    outer loop
      vertex 29.7765 -13.8978 3
      vertex 29 -14 3
      vertex 29.3916 -13.9743 3
    endloop
  endfacet
  facet normal 0 0 1
    outer loop
      vertex 30.8263 -13.3801 3
      vertex 29 -14 3
      vertex 30.5 -13.5981 3
    endloop
  endfacet
  facet normal 0 0 1
    outer loop
      vertex 31.5981 -12.5 3
      vertex 29 -14 3
      vertex 31.3801 -12.8263 3
    endloop
  endfacet
  facet normal 0 0 1
    outer loop
      vertex 32 -11 3
      vertex 29 -14 3
      vertex 31.9743 -11.3916 3
    endloop
  endfacet
  facet normal -0 0 1
    outer loop
      vertex 19.0349 -1.3487 3
      vertex 29 -14 3
      vertex 19.2021 -1.20208 3
    endloop
  endfacet
  facet normal -0 0 1
    outer loop
      vertex 18.85 -1.47224 3
      vertex 29 -14 3
      vertex 19.0349 -1.3487 3
    endloop
  endfacet
  facet normal -0 0 1
    outer loop
      vertex 18.6506 -1.57059 3
      vertex 29 -14 3
      vertex 18.85 -1.47224 3
    endloop
  endfacet
  facet normal -0 0 1
    outer loop
      vertex 18.44 -1.64207 3
      vertex 29 -14 3
      vertex 18.6506 -1.57059 3
    endloop
  endfacet
  facet normal -0 0 1
    outer loop
      vertex 18.2219 -1.68546 3
      vertex 29 -14 3
      vertex 18.44 -1.64207 3
    endloop
  endfacet
  facet normal -0 0 1
    outer loop
      vertex 18 -1.7 3
      vertex 29 -14 3
      vertex 18.2219 -1.68546 3
    endloop
  endfacet
  facet normal 0 0 1
    outer loop
      vertex 7 -14 3
      vertex 18 -1.7 3
      vertex 17.7781 -1.68546 3
    endloop
  endfacet
  facet normal 0 0 1
    outer loop
      vertex 7 -14 3
      vertex 17.7781 -1.68546 3
      vertex 17.56 -1.64207 3
    endloop
  endfacet
  facet normal 0 0 1
    outer loop
      vertex 7 -14 3
      vertex 17.56 -1.64207 3
      vertex 17.3494 -1.57059 3
    endloop
  endfacet
  facet normal 0 0 1
    outer loop
      vertex 7 -14 3
      vertex 17.3494 -1.57059 3
      vertex 17.15 -1.47224 3
    endloop
  endfacet
  facet normal 0 0 1
    outer loop
      vertex 7 -14 3
      vertex 17.15 -1.47224 3
      vertex 16.9651 -1.3487 3
    endloop
  endfacet
  facet normal 0 0 1
    outer loop
      vertex 7 -14 3
      vertex 16.9651 -1.3487 3
      vertex 16.7979 -1.20208 3
    endloop
  endfacet
  facet normal 0 0 1
    outer loop
      vertex 16.3145 0.221894 3
      vertex 4 11 3
      vertex 16.3 0 3
    endloop
  endfacet
  facet normal 0 0 1
    outer loop
      vertex 4 -11 3
      vertex 16.3 0 3
      vertex 4 11 3
    endloop
  endfacet
  facet normal 0 0 1
    outer loop
      vertex 16.3 0 3
      vertex 4 -11 3
      vertex 16.3145 -0.221894 3
    endloop
  endfacet
  facet normal 0 0 1
    outer loop
      vertex 16.3145 -0.221894 3
      vertex 4 -11 3
      vertex 16.3579 -0.439992 3
    endloop
  endfacet
  facet normal 0 0 1
    outer loop
      vertex 18 -1.7 3
      vertex 7 -14 3
      vertex 29 -14 3
    endloop
  endfacet
  facet normal 0 0 1
    outer loop
      vertex 4 -11 3
      vertex 16.7979 -1.20208 3
      vertex 16.6513 -1.03489 3
    endloop
  endfacet
  facet normal 0 0 1
    outer loop
      vertex 4 -11 3
      vertex 16.6513 -1.03489 3
      vertex 16.5278 -0.849999 3
    endloop
  endfacet
  facet normal 0 0 1
    outer loop
      vertex 16.3579 -0.439992 3
      vertex 4 -11 3
      vertex 16.4294 -0.650561 3
    endloop
  endfacet
  facet normal 0 0 1
    outer loop
      vertex 4 11 3
      vertex 7 14 3
      vertex 6.60843 13.9743 3
    endloop
  endfacet
  facet normal 0 0 1
    outer loop
      vertex 16.4294 -0.650561 3
      vertex 4 -11 3
      vertex 16.5278 -0.849999 3
    endloop
  endfacet
  facet normal 0 0 1
    outer loop
      vertex 4 11 3
      vertex 6.60843 13.9743 3
      vertex 6.22354 13.8978 3
    endloop
  endfacet
  facet normal 0 0 1
    outer loop
      vertex 16.7979 -1.20208 3
      vertex 4 -11 3
      vertex 7 -14 3
    endloop
  endfacet
  facet normal 0 0 1
    outer loop
      vertex 4 11 3
      vertex 6.22354 13.8978 3
      vertex 5.85194 13.7716 3
    endloop
  endfacet
  facet normal 0 0 1
    outer loop
      vertex 7 -14 3
      vertex 4 -11 3
      vertex 6.60843 -13.9743 3
    endloop
  endfacet
  facet normal 0 0 1
    outer loop
      vertex 4 11 3
      vertex 5.85194 13.7716 3
      vertex 5.5 13.5981 3
    endloop
  endfacet
  facet normal 0 0 1
    outer loop
      vertex 6.60843 -13.9743 3
      vertex 4 -11 3
      vertex 6.22354 -13.8978 3
    endloop
  endfacet
  facet normal 0 0 1
    outer loop
      vertex 4 11 3
      vertex 5.5 13.5981 3
      vertex 5.17372 13.3801 3
    endloop
  endfacet
  facet normal 0 0 1
    outer loop
      vertex 6.22354 -13.8978 3
      vertex 4 -11 3
      vertex 5.85194 -13.7716 3
    endloop
  endfacet
  facet normal 0 0 1
    outer loop
      vertex 4 11 3
      vertex 5.17372 13.3801 3
      vertex 4.87868 13.1213 3
    endloop
  endfacet
  facet normal 0 0 1
    outer loop
      vertex 5.85194 -13.7716 3
      vertex 4 -11 3
      vertex 5.5 -13.5981 3
    endloop
  endfacet
  facet normal 0 0 1
    outer loop
      vertex 4 11 3
      vertex 4.87868 13.1213 3
      vertex 4.61993 12.8263 3
    endloop
  endfacet
  facet normal 0 0 1
    outer loop
      vertex 5.5 -13.5981 3
      vertex 4 -11 3
      vertex 5.17372 -13.3801 3
    endloop
  endfacet
  facet normal 0 0 1
    outer loop
      vertex 4 11 3
      vertex 4.61993 12.8263 3
      vertex 4.40192 12.5 3
    endloop
  endfacet
  facet normal 0 0 1
    outer loop
      vertex 5.17372 -13.3801 3
      vertex 4 -11 3
      vertex 4.87868 -13.1213 3
    endloop
  endfacet
  facet normal 0 0 1
    outer loop
      vertex 4 11 3
      vertex 4.40192 12.5 3
      vertex 4.22836 12.1481 3
    endloop
  endfacet
  facet normal 0 0 1
    outer loop
      vertex 4.87868 -13.1213 3
      vertex 4 -11 3
      vertex 4.61993 -12.8263 3
    endloop
  endfacet
  facet normal 0 0 1
    outer loop
      vertex 4 11 3
      vertex 4.22836 12.1481 3
      vertex 4.10222 11.7765 3
    endloop
  endfacet
  facet normal 0 0 1
    outer loop
      vertex 4.61993 -12.8263 3
      vertex 4 -11 3
      vertex 4.40192 -12.5 3
    endloop
  endfacet
  facet normal 0 0 1
    outer loop
      vertex 4 11 3
      vertex 4.10222 11.7765 3
      vertex 4.02567 11.3916 3
    endloop
  endfacet
  facet normal 0 0 1
    outer loop
      vertex 4.40192 -12.5 3
      vertex 4 -11 3
      vertex 4.22836 -12.1481 3
    endloop
  endfacet
  facet normal 0 0 1
    outer loop
      vertex 4.22836 -12.1481 3
      vertex 4 -11 3
      vertex 4.10222 -11.7765 3
    endloop
  endfacet
  facet normal 0 0 1
    outer loop
      vertex 4.10222 -11.7765 3
      vertex 4 -11 3
      vertex 4.02567 -11.3916 3
    endloop
  endfacet
  facet normal -0.946931 -0.321437 0
    outer loop
      vertex 4.22836 -12.1481 0
      vertex 4.10222 -11.7765 3
      vertex 4.10222 -11.7765 0
    endloop
  endfacet
  facet normal -0.946931 -0.321437 0
    outer loop
      vertex 4.10222 -11.7765 3
      vertex 4.22836 -12.1481 0
      vertex 4.22836 -12.1481 3
    endloop
  endfacet
  facet normal -0.831489 -0.555541 0
    outer loop
      vertex 4.61993 -12.8263 0
      vertex 4.40192 -12.5 3
      vertex 4.40192 -12.5 0
    endloop
  endfacet
  facet normal -0.831489 -0.555541 0
    outer loop
      vertex 4.40192 -12.5 3
      vertex 4.61993 -12.8263 0
      vertex 4.61993 -12.8263 3
    endloop
  endfacet
  facet normal -0.555547 -0.831485 0
    outer loop
      vertex 5.17372 -13.3801 0
      vertex 5.5 -13.5981 3
      vertex 5.17372 -13.3801 3
    endloop
  endfacet
  facet normal -0.555547 -0.831485 -0
    outer loop
      vertex 5.5 -13.5981 3
      vertex 5.17372 -13.3801 0
      vertex 5.5 -13.5981 0
    endloop
  endfacet
  facet normal -0.0654923 -0.997853 0
    outer loop
      vertex 6.60843 -13.9743 0
      vertex 7 -14 3
      vertex 6.60843 -13.9743 3
    endloop
  endfacet
  facet normal -0.0654923 -0.997853 -0
    outer loop
      vertex 7 -14 3
      vertex 6.60843 -13.9743 0
      vertex 7 -14 0
    endloop
  endfacet
  facet normal -0.321574 -0.946885 0
    outer loop
      vertex 5.85194 -13.7716 0
      vertex 6.22354 -13.8978 3
      vertex 5.85194 -13.7716 3
    endloop
  endfacet
  facet normal -0.321574 -0.946885 -0
    outer loop
      vertex 6.22354 -13.8978 3
      vertex 5.85194 -13.7716 0
      vertex 6.22354 -13.8978 0
    endloop
  endfacet
  facet normal 0.896911 0.442211 0
    outer loop
      vertex 31.7716 12.1481 3
      vertex 31.5981 12.5 0
      vertex 31.5981 12.5 3
    endloop
  endfacet
  facet normal 0.896911 0.442211 0
    outer loop
      vertex 31.5981 12.5 0
      vertex 31.7716 12.1481 3
      vertex 31.7716 12.1481 0
    endloop
  endfacet
  facet normal 0.946885 -0.321574 0
    outer loop
      vertex 31.7716 -12.1481 3
      vertex 31.8978 -11.7765 0
      vertex 31.8978 -11.7765 3
    endloop
  endfacet
  facet normal 0.946885 -0.321574 0
    outer loop
      vertex 31.8978 -11.7765 0
      vertex 31.7716 -12.1481 3
      vertex 31.7716 -12.1481 0
    endloop
  endfacet
  facet normal 0.997853 -0.0654873 0
    outer loop
      vertex 31.9743 -11.3916 3
      vertex 32 -11 0
      vertex 32 -11 3
    endloop
  endfacet
  facet normal 0.997853 -0.0654873 0
    outer loop
      vertex 32 -11 0
      vertex 31.9743 -11.3916 3
      vertex 31.9743 -11.3916 0
    endloop
  endfacet
  facet normal 0.831501 -0.555523 0
    outer loop
      vertex 31.3801 -12.8263 3
      vertex 31.5981 -12.5 0
      vertex 31.5981 -12.5 3
    endloop
  endfacet
  facet normal 0.831501 -0.555523 0
    outer loop
      vertex 31.5981 -12.5 0
      vertex 31.3801 -12.8263 3
      vertex 31.3801 -12.8263 0
    endloop
  endfacet
  facet normal 0.555523 -0.831501 0
    outer loop
      vertex 30.5 -13.5981 0
      vertex 30.8263 -13.3801 3
      vertex 30.5 -13.5981 3
    endloop
  endfacet
  facet normal 0.555523 -0.831501 0
    outer loop
      vertex 30.8263 -13.3801 3
      vertex 30.5 -13.5981 0
      vertex 30.8263 -13.3801 0
    endloop
  endfacet
  facet normal 0.659478 -0.751724 0
    outer loop
      vertex 30.8263 -13.3801 0
      vertex 31.1213 -13.1213 3
      vertex 30.8263 -13.3801 3
    endloop
  endfacet
  facet normal 0.659478 -0.751724 0
    outer loop
      vertex 31.1213 -13.1213 3
      vertex 30.8263 -13.3801 0
      vertex 31.1213 -13.1213 0
    endloop
  endfacet
  facet normal -0.89685 -0.442334 0
    outer loop
      vertex 4.40192 -12.5 0
      vertex 4.22836 -12.1481 3
      vertex 4.22836 -12.1481 0
    endloop
  endfacet
  facet normal -0.89685 -0.442334 0
    outer loop
      vertex 4.22836 -12.1481 3
      vertex 4.40192 -12.5 0
      vertex 4.40192 -12.5 3
    endloop
  endfacet
  facet normal 0.946885 0.321574 0
    outer loop
      vertex 31.8978 11.7765 3
      vertex 31.7716 12.1481 0
      vertex 31.7716 12.1481 3
    endloop
  endfacet
  facet normal 0.946885 0.321574 0
    outer loop
      vertex 31.7716 12.1481 0
      vertex 31.8978 11.7765 3
      vertex 31.8978 11.7765 0
    endloop
  endfacet
  facet normal -0.997872 -0.0652074 0
    outer loop
      vertex 19.7 0 1.5
      vertex 19.6855 0.221894 3
      vertex 19.6855 0.221894 1.5
    endloop
  endfacet
  facet normal -0.997872 -0.0652074 0
    outer loop
      vertex 19.6855 0.221894 3
      vertex 19.7 0 1.5
      vertex 19.7 0 3
    endloop
  endfacet
  facet normal 0.997872 -0.0652074 0
    outer loop
      vertex 16.3 0 3
      vertex 16.3145 0.221894 1.5
      vertex 16.3145 0.221894 3
    endloop
  endfacet
  facet normal 0.997872 -0.0652074 0
    outer loop
      vertex 16.3145 0.221894 1.5
      vertex 16.3 0 3
      vertex 16.3 0 1.5
    endloop
  endfacet
  facet normal -0.0653848 -0.99786 0
    outer loop
      vertex 18 1.7 1.5
      vertex 18.2219 1.68546 3
      vertex 18 1.7 3
    endloop
  endfacet
  facet normal -0.0653848 -0.99786 -0
    outer loop
      vertex 18.2219 1.68546 3
      vertex 18 1.7 1.5
      vertex 18.2219 1.68546 1.5
    endloop
  endfacet
  facet normal -0.659319 -0.751863 0
    outer loop
      vertex 19.0349 1.3487 1.5
      vertex 19.2021 1.20208 3
      vertex 19.0349 1.3487 3
    endloop
  endfacet
  facet normal -0.659319 -0.751863 -0
    outer loop
      vertex 19.2021 1.20208 3
      vertex 19.0349 1.3487 1.5
      vertex 19.2021 1.20208 1.5
    endloop
  endfacet
  facet normal 0.659319 -0.751863 0
    outer loop
      vertex 16.7979 1.20208 1.5
      vertex 16.9651 1.3487 3
      vertex 16.7979 1.20208 3
    endloop
  endfacet
  facet normal 0.659319 -0.751863 0
    outer loop
      vertex 16.9651 1.3487 3
      vertex 16.7979 1.20208 1.5
      vertex 16.9651 1.3487 1.5
    endloop
  endfacet
  facet normal 0.321403 -0.946943 0
    outer loop
      vertex 17.3494 1.57059 1.5
      vertex 17.56 1.64207 3
      vertex 17.3494 1.57059 3
    endloop
  endfacet
  facet normal 0.321403 -0.946943 0
    outer loop
      vertex 17.56 1.64207 3
      vertex 17.3494 1.57059 1.5
      vertex 17.56 1.64207 1.5
    endloop
  endfacet
  facet normal -0.896787 -0.442463 0
    outer loop
      vertex 19.5706 0.650561 1.5
      vertex 19.4722 0.849999 3
      vertex 19.4722 0.849999 1.5
    endloop
  endfacet
  facet normal -0.896787 -0.442463 0
    outer loop
      vertex 19.4722 0.849999 3
      vertex 19.5706 0.650561 1.5
      vertex 19.5706 0.650561 3
    endloop
  endfacet
  facet normal -0.98077 -0.195167 0
    outer loop
      vertex 19.6855 0.221894 1.5
      vertex 19.6421 0.439992 3
      vertex 19.6421 0.439992 1.5
    endloop
  endfacet
  facet normal -0.98077 -0.195167 0
    outer loop
      vertex 19.6421 0.439992 3
      vertex 19.6855 0.221894 1.5
      vertex 19.6855 0.221894 3
    endloop
  endfacet
  facet normal -0.831553 -0.555445 0
    outer loop
      vertex 19.4722 0.849999 1.5
      vertex 19.3487 1.03489 3
      vertex 19.3487 1.03489 1.5
    endloop
  endfacet
  facet normal -0.831553 -0.555445 0
    outer loop
      vertex 19.3487 1.03489 3
      vertex 19.4722 0.849999 1.5
      vertex 19.4722 0.849999 3
    endloop
  endfacet
  facet normal -0.321403 -0.946943 0
    outer loop
      vertex 18.44 1.64207 1.5
      vertex 18.6506 1.57059 3
      vertex 18.44 1.64207 3
    endloop
  endfacet
  facet normal -0.321403 -0.946943 -0
    outer loop
      vertex 18.6506 1.57059 3
      vertex 18.44 1.64207 1.5
      vertex 18.6506 1.57059 1.5
    endloop
  endfacet
  facet normal -0.195122 -0.980779 0
    outer loop
      vertex 18.2219 1.68546 1.5
      vertex 18.44 1.64207 3
      vertex 18.2219 1.68546 3
    endloop
  endfacet
  facet normal -0.195122 -0.980779 -0
    outer loop
      vertex 18.44 1.64207 3
      vertex 18.2219 1.68546 1.5
      vertex 18.44 1.64207 1.5
    endloop
  endfacet
  facet normal -0.442349 -0.896843 0
    outer loop
      vertex 18.6506 1.57059 1.5
      vertex 18.85 1.47224 3
      vertex 18.6506 1.57059 3
    endloop
  endfacet
  facet normal -0.442349 -0.896843 -0
    outer loop
      vertex 18.85 1.47224 3
      vertex 18.6506 1.57059 1.5
      vertex 18.85 1.47224 1.5
    endloop
  endfacet
  facet normal 0.896787 -0.442463 0
    outer loop
      vertex 16.4294 0.650561 3
      vertex 16.5278 0.849999 1.5
      vertex 16.5278 0.849999 3
    endloop
  endfacet
  facet normal 0.896787 -0.442463 0
    outer loop
      vertex 16.5278 0.849999 1.5
      vertex 16.4294 0.650561 3
      vertex 16.4294 0.650561 1.5
    endloop
  endfacet
  facet normal 0.751888 -0.659291 0
    outer loop
      vertex 16.6513 1.03489 3
      vertex 16.7979 1.20208 1.5
      vertex 16.7979 1.20208 3
    endloop
  endfacet
  facet normal 0.751888 -0.659291 0
    outer loop
      vertex 16.7979 1.20208 1.5
      vertex 16.6513 1.03489 3
      vertex 16.6513 1.03489 1.5
    endloop
  endfacet
  facet normal 0.946901 -0.321526 0
    outer loop
      vertex 16.3579 0.439992 3
      vertex 16.4294 0.650561 1.5
      vertex 16.4294 0.650561 3
    endloop
  endfacet
  facet normal 0.946901 -0.321526 0
    outer loop
      vertex 16.4294 0.650561 1.5
      vertex 16.3579 0.439992 3
      vertex 16.3579 0.439992 1.5
    endloop
  endfacet
  facet normal 0.195122 -0.980779 0
    outer loop
      vertex 17.56 1.64207 1.5
      vertex 17.7781 1.68546 3
      vertex 17.56 1.64207 3
    endloop
  endfacet
  facet normal 0.195122 -0.980779 0
    outer loop
      vertex 17.7781 1.68546 3
      vertex 17.56 1.64207 1.5
      vertex 17.7781 1.68546 1.5
    endloop
  endfacet
  facet normal -0.98077 0.195167 0
    outer loop
      vertex 19.6421 -0.439992 1.5
      vertex 19.6855 -0.221894 3
      vertex 19.6855 -0.221894 1.5
    endloop
  endfacet
  facet normal -0.98077 0.195167 0
    outer loop
      vertex 19.6855 -0.221894 3
      vertex 19.6421 -0.439992 1.5
      vertex 19.6421 -0.439992 3
    endloop
  endfacet
  facet normal 0.442349 0.896843 -0
    outer loop
      vertex 17.3494 -1.57059 1.5
      vertex 17.15 -1.47224 3
      vertex 17.3494 -1.57059 3
    endloop
  endfacet
  facet normal 0.442349 0.896843 0
    outer loop
      vertex 17.15 -1.47224 3
      vertex 17.3494 -1.57059 1.5
      vertex 17.15 -1.47224 1.5
    endloop
  endfacet
  facet normal 0.659319 0.751863 -0
    outer loop
      vertex 16.9651 -1.3487 1.5
      vertex 16.7979 -1.20208 3
      vertex 16.9651 -1.3487 3
    endloop
  endfacet
  facet normal 0.659319 0.751863 0
    outer loop
      vertex 16.7979 -1.20208 3
      vertex 16.9651 -1.3487 1.5
      vertex 16.7979 -1.20208 1.5
    endloop
  endfacet
  facet normal 0.321403 0.946943 -0
    outer loop
      vertex 17.56 -1.64207 1.5
      vertex 17.3494 -1.57059 3
      vertex 17.56 -1.64207 3
    endloop
  endfacet
  facet normal 0.321403 0.946943 0
    outer loop
      vertex 17.3494 -1.57059 3
      vertex 17.56 -1.64207 1.5
      vertex 17.3494 -1.57059 1.5
    endloop
  endfacet
  facet normal -0.946901 -0.321526 0
    outer loop
      vertex 19.6421 0.439992 1.5
      vertex 19.5706 0.650561 3
      vertex 19.5706 0.650561 1.5
    endloop
  endfacet
  facet normal -0.946901 -0.321526 0
    outer loop
      vertex 19.5706 0.650561 3
      vertex 19.6421 0.439992 1.5
      vertex 19.6421 0.439992 3
    endloop
  endfacet
  facet normal -0.751888 -0.659291 0
    outer loop
      vertex 19.3487 1.03489 1.5
      vertex 19.2021 1.20208 3
      vertex 19.2021 1.20208 1.5
    endloop
  endfacet
  facet normal -0.751888 -0.659291 0
    outer loop
      vertex 19.2021 1.20208 3
      vertex 19.3487 1.03489 1.5
      vertex 19.3487 1.03489 3
    endloop
  endfacet
  facet normal -0.555551 -0.831483 0
    outer loop
      vertex 18.85 1.47224 1.5
      vertex 19.0349 1.3487 3
      vertex 18.85 1.47224 3
    endloop
  endfacet
  facet normal -0.555551 -0.831483 -0
    outer loop
      vertex 19.0349 1.3487 3
      vertex 18.85 1.47224 1.5
      vertex 19.0349 1.3487 1.5
    endloop
  endfacet
  facet normal 0.831553 -0.555445 0
    outer loop
      vertex 16.5278 0.849999 3
      vertex 16.6513 1.03489 1.5
      vertex 16.6513 1.03489 3
    endloop
  endfacet
  facet normal 0.831553 -0.555445 0
    outer loop
      vertex 16.6513 1.03489 1.5
      vertex 16.5278 0.849999 3
      vertex 16.5278 0.849999 1.5
    endloop
  endfacet
  facet normal 0.98077 -0.195167 0
    outer loop
      vertex 16.3145 0.221894 3
      vertex 16.3579 0.439992 1.5
      vertex 16.3579 0.439992 3
    endloop
  endfacet
  facet normal 0.98077 -0.195167 0
    outer loop
      vertex 16.3579 0.439992 1.5
      vertex 16.3145 0.221894 3
      vertex 16.3145 0.221894 1.5
    endloop
  endfacet
  facet normal 0.442349 -0.896843 0
    outer loop
      vertex 17.15 1.47224 1.5
      vertex 17.3494 1.57059 3
      vertex 17.15 1.47224 3
    endloop
  endfacet
  facet normal 0.442349 -0.896843 0
    outer loop
      vertex 17.3494 1.57059 3
      vertex 17.15 1.47224 1.5
      vertex 17.3494 1.57059 1.5
    endloop
  endfacet
  facet normal 0.555551 -0.831483 0
    outer loop
      vertex 16.9651 1.3487 1.5
      vertex 17.15 1.47224 3
      vertex 16.9651 1.3487 3
    endloop
  endfacet
  facet normal 0.555551 -0.831483 0
    outer loop
      vertex 17.15 1.47224 3
      vertex 16.9651 1.3487 1.5
      vertex 17.15 1.47224 1.5
    endloop
  endfacet
  facet normal 0.0653848 -0.99786 0
    outer loop
      vertex 17.7781 1.68546 1.5
      vertex 18 1.7 3
      vertex 17.7781 1.68546 3
    endloop
  endfacet
  facet normal 0.0653848 -0.99786 0
    outer loop
      vertex 18 1.7 3
      vertex 17.7781 1.68546 1.5
      vertex 18 1.7 1.5
    endloop
  endfacet
  facet normal -0.0653848 0.99786 0
    outer loop
      vertex 18.2219 -1.68546 1.5
      vertex 18 -1.7 3
      vertex 18.2219 -1.68546 3
    endloop
  endfacet
  facet normal -0.0653848 0.99786 0
    outer loop
      vertex 18 -1.7 3
      vertex 18.2219 -1.68546 1.5
      vertex 18 -1.7 1.5
    endloop
  endfacet
  facet normal -0.321403 0.946943 0
    outer loop
      vertex 18.6506 -1.57059 1.5
      vertex 18.44 -1.64207 3
      vertex 18.6506 -1.57059 3
    endloop
  endfacet
  facet normal -0.321403 0.946943 0
    outer loop
      vertex 18.44 -1.64207 3
      vertex 18.6506 -1.57059 1.5
      vertex 18.44 -1.64207 1.5
    endloop
  endfacet
  facet normal -0.659319 0.751863 0
    outer loop
      vertex 19.2021 -1.20208 1.5
      vertex 19.0349 -1.3487 3
      vertex 19.2021 -1.20208 3
    endloop
  endfacet
  facet normal -0.659319 0.751863 0
    outer loop
      vertex 19.0349 -1.3487 3
      vertex 19.2021 -1.20208 1.5
      vertex 19.0349 -1.3487 1.5
    endloop
  endfacet
  facet normal -0.442349 0.896843 0
    outer loop
      vertex 18.85 -1.47224 1.5
      vertex 18.6506 -1.57059 3
      vertex 18.85 -1.47224 3
    endloop
  endfacet
  facet normal -0.442349 0.896843 0
    outer loop
      vertex 18.6506 -1.57059 3
      vertex 18.85 -1.47224 1.5
      vertex 18.6506 -1.57059 1.5
    endloop
  endfacet
  facet normal -0.831553 0.555445 0
    outer loop
      vertex 19.3487 -1.03489 1.5
      vertex 19.4722 -0.849999 3
      vertex 19.4722 -0.849999 1.5
    endloop
  endfacet
  facet normal -0.831553 0.555445 0
    outer loop
      vertex 19.4722 -0.849999 3
      vertex 19.3487 -1.03489 1.5
      vertex 19.3487 -1.03489 3
    endloop
  endfacet
  facet normal -0.946901 0.321526 0
    outer loop
      vertex 19.5706 -0.650561 1.5
      vertex 19.6421 -0.439992 3
      vertex 19.6421 -0.439992 1.5
    endloop
  endfacet
  facet normal -0.946901 0.321526 0
    outer loop
      vertex 19.6421 -0.439992 3
      vertex 19.5706 -0.650561 1.5
      vertex 19.5706 -0.650561 3
    endloop
  endfacet
  facet normal 0.555551 0.831483 -0
    outer loop
      vertex 17.15 -1.47224 1.5
      vertex 16.9651 -1.3487 3
      vertex 17.15 -1.47224 3
    endloop
  endfacet
  facet normal 0.555551 0.831483 0
    outer loop
      vertex 16.9651 -1.3487 3
      vertex 17.15 -1.47224 1.5
      vertex 16.9651 -1.3487 1.5
    endloop
  endfacet
  facet normal 0.195122 0.980779 -0
    outer loop
      vertex 17.7781 -1.68546 1.5
      vertex 17.56 -1.64207 3
      vertex 17.7781 -1.68546 3
    endloop
  endfacet
  facet normal 0.195122 0.980779 0
    outer loop
      vertex 17.56 -1.64207 3
      vertex 17.7781 -1.68546 1.5
      vertex 17.56 -1.64207 1.5
    endloop
  endfacet
  facet normal 0.896787 0.442463 0
    outer loop
      vertex 16.5278 -0.849999 3
      vertex 16.4294 -0.650561 1.5
      vertex 16.4294 -0.650561 3
    endloop
  endfacet
  facet normal 0.896787 0.442463 0
    outer loop
      vertex 16.4294 -0.650561 1.5
      vertex 16.5278 -0.849999 3
      vertex 16.5278 -0.849999 1.5
    endloop
  endfacet
  facet normal 0.751888 0.659291 0
    outer loop
      vertex 16.7979 -1.20208 3
      vertex 16.6513 -1.03489 1.5
      vertex 16.6513 -1.03489 3
    endloop
  endfacet
  facet normal 0.751888 0.659291 0
    outer loop
      vertex 16.6513 -1.03489 1.5
      vertex 16.7979 -1.20208 3
      vertex 16.7979 -1.20208 1.5
    endloop
  endfacet
  facet normal 0.946901 0.321526 0
    outer loop
      vertex 16.4294 -0.650561 3
      vertex 16.3579 -0.439992 1.5
      vertex 16.3579 -0.439992 3
    endloop
  endfacet
  facet normal 0.946901 0.321526 0
    outer loop
      vertex 16.3579 -0.439992 1.5
      vertex 16.4294 -0.650561 3
      vertex 16.4294 -0.650561 1.5
    endloop
  endfacet
  facet normal 0.997872 0.0652074 0
    outer loop
      vertex 16.3145 -0.221894 3
      vertex 16.3 0 1.5
      vertex 16.3 0 3
    endloop
  endfacet
  facet normal 0.997872 0.0652074 0
    outer loop
      vertex 16.3 0 1.5
      vertex 16.3145 -0.221894 3
      vertex 16.3145 -0.221894 1.5
    endloop
  endfacet
  facet normal -0.997872 0.0652074 0
    outer loop
      vertex 19.6855 -0.221894 1.5
      vertex 19.7 0 3
      vertex 19.7 0 1.5
    endloop
  endfacet
  facet normal -0.997872 0.0652074 0
    outer loop
      vertex 19.7 0 3
      vertex 19.6855 -0.221894 1.5
      vertex 19.6855 -0.221894 3
    endloop
  endfacet
  facet normal -0.195122 0.980779 0
    outer loop
      vertex 18.44 -1.64207 1.5
      vertex 18.2219 -1.68546 3
      vertex 18.44 -1.64207 3
    endloop
  endfacet
  facet normal -0.195122 0.980779 0
    outer loop
      vertex 18.2219 -1.68546 3
      vertex 18.44 -1.64207 1.5
      vertex 18.2219 -1.68546 1.5
    endloop
  endfacet
  facet normal -0.751888 0.659291 0
    outer loop
      vertex 19.2021 -1.20208 1.5
      vertex 19.3487 -1.03489 3
      vertex 19.3487 -1.03489 1.5
    endloop
  endfacet
  facet normal -0.751888 0.659291 0
    outer loop
      vertex 19.3487 -1.03489 3
      vertex 19.2021 -1.20208 1.5
      vertex 19.2021 -1.20208 3
    endloop
  endfacet
  facet normal -0.555551 0.831483 0
    outer loop
      vertex 19.0349 -1.3487 1.5
      vertex 18.85 -1.47224 3
      vertex 19.0349 -1.3487 3
    endloop
  endfacet
  facet normal -0.555551 0.831483 0
    outer loop
      vertex 18.85 -1.47224 3
      vertex 19.0349 -1.3487 1.5
      vertex 18.85 -1.47224 1.5
    endloop
  endfacet
  facet normal -0.896787 0.442463 0
    outer loop
      vertex 19.4722 -0.849999 1.5
      vertex 19.5706 -0.650561 3
      vertex 19.5706 -0.650561 1.5
    endloop
  endfacet
  facet normal -0.896787 0.442463 0
    outer loop
      vertex 19.5706 -0.650561 3
      vertex 19.4722 -0.849999 1.5
      vertex 19.4722 -0.849999 3
    endloop
  endfacet
  facet normal 0.0653848 0.99786 -0
    outer loop
      vertex 18 -1.7 1.5
      vertex 17.7781 -1.68546 3
      vertex 18 -1.7 3
    endloop
  endfacet
  facet normal 0.0653848 0.99786 0
    outer loop
      vertex 17.7781 -1.68546 3
      vertex 18 -1.7 1.5
      vertex 17.7781 -1.68546 1.5
    endloop
  endfacet
  facet normal 0.831553 0.555445 0
    outer loop
      vertex 16.6513 -1.03489 3
      vertex 16.5278 -0.849999 1.5
      vertex 16.5278 -0.849999 3
    endloop
  endfacet
  facet normal 0.831553 0.555445 0
    outer loop
      vertex 16.5278 -0.849999 1.5
      vertex 16.6513 -1.03489 3
      vertex 16.6513 -1.03489 1.5
    endloop
  endfacet
  facet normal 0.98077 0.195167 0
    outer loop
      vertex 16.3579 -0.439992 3
      vertex 16.3145 -0.221894 1.5
      vertex 16.3145 -0.221894 3
    endloop
  endfacet
  facet normal 0.98077 0.195167 0
    outer loop
      vertex 16.3145 -0.221894 1.5
      vertex 16.3579 -0.439992 3
      vertex 16.3579 -0.439992 1.5
    endloop
  endfacet
  facet normal -0.997854 -0.065476 0
    outer loop
      vertex 22.25 0 0
      vertex 22.2136 0.554736 1.5
      vertex 22.2136 0.554736 0
    endloop
  endfacet
  facet normal -0.997854 -0.065476 0
    outer loop
      vertex 22.2136 0.554736 1.5
      vertex 22.25 0 0
      vertex 22.25 0 1.5
    endloop
  endfacet
  facet normal 0.997854 -0.065476 0
    outer loop
      vertex 13.75 0 1.5
      vertex 13.7864 0.554736 0
      vertex 13.7864 0.554736 1.5
    endloop
  endfacet
  facet normal 0.997854 -0.065476 0
    outer loop
      vertex 13.7864 0.554736 0
      vertex 13.75 0 1.5
      vertex 13.75 0 0
    endloop
  endfacet
  facet normal -0.0654086 -0.997859 0
    outer loop
      vertex 18 4.25 0
      vertex 18.5547 4.21364 1.5
      vertex 18 4.25 1.5
    endloop
  endfacet
  facet normal -0.0654086 -0.997859 -0
    outer loop
      vertex 18.5547 4.21364 1.5
      vertex 18 4.25 0
      vertex 18.5547 4.21364 0
    endloop
  endfacet
  facet normal 0.0654086 0.997859 -0
    outer loop
      vertex 18 -4.25 0
      vertex 17.4453 -4.21364 1.5
      vertex 18 -4.25 1.5
    endloop
  endfacet
  facet normal 0.0654086 0.997859 0
    outer loop
      vertex 17.4453 -4.21364 1.5
      vertex 18 -4.25 0
      vertex 17.4453 -4.21364 0
    endloop
  endfacet
  facet normal 0.751787 0.659406 0
    outer loop
      vertex 14.9948 -3.0052 1.5
      vertex 14.6282 -2.58724 0
      vertex 14.6282 -2.58724 1.5
    endloop
  endfacet
  facet normal 0.751787 0.659406 0
    outer loop
      vertex 14.6282 -2.58724 0
      vertex 14.9948 -3.0052 1.5
      vertex 14.9948 -3.0052 0
    endloop
  endfacet
  facet normal -0.751876 -0.659304 0
    outer loop
      vertex 21.3717 2.58724 0
      vertex 21.0052 3.0052 1.5
      vertex 21.0052 3.0052 0
    endloop
  endfacet
  facet normal -0.751876 -0.659304 0
    outer loop
      vertex 21.0052 3.0052 1.5
      vertex 21.3717 2.58724 0
      vertex 21.3717 2.58724 1.5
    endloop
  endfacet
  facet normal 0.659319 -0.751863 0
    outer loop
      vertex 14.9948 3.0052 0
      vertex 15.4128 3.37175 1.5
      vertex 14.9948 3.0052 1.5
    endloop
  endfacet
  facet normal 0.659319 -0.751863 0
    outer loop
      vertex 15.4128 3.37175 1.5
      vertex 14.9948 3.0052 0
      vertex 15.4128 3.37175 0
    endloop
  endfacet
  facet normal 0.321442 -0.946929 0
    outer loop
      vertex 16.3736 3.92649 0
      vertex 16.9 4.10518 1.5
      vertex 16.3736 3.92649 1.5
    endloop
  endfacet
  facet normal 0.321442 -0.946929 0
    outer loop
      vertex 16.9 4.10518 1.5
      vertex 16.3736 3.92649 0
      vertex 16.9 4.10518 0
    endloop
  endfacet
  facet normal -0.89686 -0.442314 0
    outer loop
      vertex 21.9265 1.6264 0
      vertex 21.6806 2.125 1.5
      vertex 21.6806 2.125 0
    endloop
  endfacet
  facet normal -0.89686 -0.442314 0
    outer loop
      vertex 21.6806 2.125 1.5
      vertex 21.9265 1.6264 0
      vertex 21.9265 1.6264 1.5
    endloop
  endfacet
  facet normal -0.980804 -0.194994 0
    outer loop
      vertex 22.2136 0.554736 0
      vertex 22.1052 1.09998 1.5
      vertex 22.1052 1.09998 0
    endloop
  endfacet
  facet normal -0.980804 -0.194994 0
    outer loop
      vertex 22.1052 1.09998 1.5
      vertex 22.2136 0.554736 0
      vertex 22.2136 0.554736 1.5
    endloop
  endfacet
  facet normal -0.831435 -0.555621 0
    outer loop
      vertex 21.6806 2.125 0
      vertex 21.3717 2.58724 1.5
      vertex 21.3717 2.58724 0
    endloop
  endfacet
  facet normal -0.831435 -0.555621 0
    outer loop
      vertex 21.3717 2.58724 1.5
      vertex 21.6806 2.125 0
      vertex 21.6806 2.125 1.5
    endloop
  endfacet
  facet normal -0.442285 -0.896874 0
    outer loop
      vertex 19.6264 3.92649 0
      vertex 20.125 3.68061 1.5
      vertex 19.6264 3.92649 1.5
    endloop
  endfacet
  facet normal -0.442285 -0.896874 -0
    outer loop
      vertex 20.125 3.68061 1.5
      vertex 19.6264 3.92649 0
      vertex 20.125 3.68061 0
    endloop
  endfacet
  facet normal -0.321442 -0.946929 0
    outer loop
      vertex 19.1 4.10518 0
      vertex 19.6264 3.92649 1.5
      vertex 19.1 4.10518 1.5
    endloop
  endfacet
  facet normal -0.321442 -0.946929 -0
    outer loop
      vertex 19.6264 3.92649 1.5
      vertex 19.1 4.10518 0
      vertex 19.6264 3.92649 0
    endloop
  endfacet
  facet normal -0.555605 -0.831446 0
    outer loop
      vertex 20.125 3.68061 0
      vertex 20.5872 3.37175 1.5
      vertex 20.125 3.68061 1.5
    endloop
  endfacet
  facet normal -0.555605 -0.831446 -0
    outer loop
      vertex 20.5872 3.37175 1.5
      vertex 20.125 3.68061 0
      vertex 20.5872 3.37175 0
    endloop
  endfacet
  facet normal 0.89686 -0.442314 0
    outer loop
      vertex 14.0735 1.6264 1.5
      vertex 14.3194 2.125 0
      vertex 14.3194 2.125 1.5
    endloop
  endfacet
  facet normal 0.89686 -0.442314 0
    outer loop
      vertex 14.3194 2.125 0
      vertex 14.0735 1.6264 1.5
      vertex 14.0735 1.6264 0
    endloop
  endfacet
  facet normal 0.946928 -0.321447 0
    outer loop
      vertex 13.8948 1.09998 1.5
      vertex 14.0735 1.6264 0
      vertex 14.0735 1.6264 1.5
    endloop
  endfacet
  facet normal 0.946928 -0.321447 0
    outer loop
      vertex 14.0735 1.6264 0
      vertex 13.8948 1.09998 1.5
      vertex 13.8948 1.09998 0
    endloop
  endfacet
  facet normal 0.442285 -0.896874 0
    outer loop
      vertex 15.875 3.68061 0
      vertex 16.3736 3.92649 1.5
      vertex 15.875 3.68061 1.5
    endloop
  endfacet
  facet normal 0.442285 -0.896874 0
    outer loop
      vertex 16.3736 3.92649 1.5
      vertex 15.875 3.68061 0
      vertex 16.3736 3.92649 0
    endloop
  endfacet
  facet normal 0.195078 -0.980788 0
    outer loop
      vertex 16.9 4.10518 0
      vertex 17.4453 4.21364 1.5
      vertex 16.9 4.10518 1.5
    endloop
  endfacet
  facet normal 0.195078 -0.980788 0
    outer loop
      vertex 17.4453 4.21364 1.5
      vertex 16.9 4.10518 0
      vertex 17.4453 4.21364 0
    endloop
  endfacet
  facet normal -0.442285 0.896874 0
    outer loop
      vertex 20.125 -3.68061 0
      vertex 19.6264 -3.92649 1.5
      vertex 20.125 -3.68061 1.5
    endloop
  endfacet
  facet normal -0.442285 0.896874 0
    outer loop
      vertex 19.6264 -3.92649 1.5
      vertex 20.125 -3.68061 0
      vertex 19.6264 -3.92649 0
    endloop
  endfacet
  facet normal 0.321442 0.946929 -0
    outer loop
      vertex 16.9 -4.10518 0
      vertex 16.3736 -3.92649 1.5
      vertex 16.9 -4.10518 1.5
    endloop
  endfacet
  facet normal 0.321442 0.946929 0
    outer loop
      vertex 16.3736 -3.92649 1.5
      vertex 16.9 -4.10518 0
      vertex 16.3736 -3.92649 0
    endloop
  endfacet
  facet normal 0.89686 0.442314 0
    outer loop
      vertex 14.3194 -2.125 1.5
      vertex 14.0735 -1.6264 0
      vertex 14.0735 -1.6264 1.5
    endloop
  endfacet
  facet normal 0.89686 0.442314 0
    outer loop
      vertex 14.0735 -1.6264 0
      vertex 14.3194 -2.125 1.5
      vertex 14.3194 -2.125 0
    endloop
  endfacet
  facet normal -0.946928 -0.321447 0
    outer loop
      vertex 22.1052 1.09998 0
      vertex 21.9265 1.6264 1.5
      vertex 21.9265 1.6264 0
    endloop
  endfacet
  facet normal -0.946928 -0.321447 0
    outer loop
      vertex 21.9265 1.6264 1.5
      vertex 22.1052 1.09998 0
      vertex 22.1052 1.09998 1.5
    endloop
  endfacet
  facet normal -0.195078 -0.980788 0
    outer loop
      vertex 18.5547 4.21364 0
      vertex 19.1 4.10518 1.5
      vertex 18.5547 4.21364 1.5
    endloop
  endfacet
  facet normal -0.195078 -0.980788 -0
    outer loop
      vertex 19.1 4.10518 1.5
      vertex 18.5547 4.21364 0
      vertex 19.1 4.10518 0
    endloop
  endfacet
  facet normal -0.659319 -0.751863 0
    outer loop
      vertex 20.5872 3.37175 0
      vertex 21.0052 3.0052 1.5
      vertex 20.5872 3.37175 1.5
    endloop
  endfacet
  facet normal -0.659319 -0.751863 -0
    outer loop
      vertex 21.0052 3.0052 1.5
      vertex 20.5872 3.37175 0
      vertex 21.0052 3.0052 0
    endloop
  endfacet
  facet normal 0.831519 -0.555497 0
    outer loop
      vertex 14.3194 2.125 1.5
      vertex 14.6282 2.58724 0
      vertex 14.6282 2.58724 1.5
    endloop
  endfacet
  facet normal 0.831519 -0.555497 0
    outer loop
      vertex 14.6282 2.58724 0
      vertex 14.3194 2.125 1.5
      vertex 14.3194 2.125 0
    endloop
  endfacet
  facet normal 0.751787 -0.659406 0
    outer loop
      vertex 14.6282 2.58724 1.5
      vertex 14.9948 3.0052 0
      vertex 14.9948 3.0052 1.5
    endloop
  endfacet
  facet normal 0.751787 -0.659406 0
    outer loop
      vertex 14.9948 3.0052 0
      vertex 14.6282 2.58724 1.5
      vertex 14.6282 2.58724 0
    endloop
  endfacet
  facet normal 0.980804 -0.194994 0
    outer loop
      vertex 13.7864 0.554736 1.5
      vertex 13.8948 1.09998 0
      vertex 13.8948 1.09998 1.5
    endloop
  endfacet
  facet normal 0.980804 -0.194994 0
    outer loop
      vertex 13.8948 1.09998 0
      vertex 13.7864 0.554736 1.5
      vertex 13.7864 0.554736 0
    endloop
  endfacet
  facet normal 0 0 -1
    outer loop
      vertex 19.7 0 1.5
      vertex 22.25 0 1.5
      vertex 22.2136 -0.554736 1.5
    endloop
  endfacet
  facet normal 0 0 -1
    outer loop
      vertex 19.6855 -0.221894 1.5
      vertex 22.2136 -0.554736 1.5
      vertex 22.1052 -1.09998 1.5
    endloop
  endfacet
  facet normal 0 0 -1
    outer loop
      vertex 22.25 0 1.5
      vertex 19.7 0 1.5
      vertex 22.2136 0.554736 1.5
    endloop
  endfacet
  facet normal 0 0 -1
    outer loop
      vertex 19.6421 -0.439992 1.5
      vertex 22.1052 -1.09998 1.5
      vertex 21.9265 -1.6264 1.5
    endloop
  endfacet
  facet normal 0 0 -1
    outer loop
      vertex 19.6855 0.221894 1.5
      vertex 22.2136 0.554736 1.5
      vertex 19.7 0 1.5
    endloop
  endfacet
  facet normal 0 0 -1
    outer loop
      vertex 19.5706 -0.650561 1.5
      vertex 21.9265 -1.6264 1.5
      vertex 21.6806 -2.125 1.5
    endloop
  endfacet
  facet normal -0 0 -1
    outer loop
      vertex 22.2136 0.554736 1.5
      vertex 19.6855 0.221894 1.5
      vertex 22.1052 1.09998 1.5
    endloop
  endfacet
  facet normal 0 0 -1
    outer loop
      vertex 19.4722 -0.849999 1.5
      vertex 21.6806 -2.125 1.5
      vertex 21.3717 -2.58724 1.5
    endloop
  endfacet
  facet normal 0 0 -1
    outer loop
      vertex 19.6421 0.439992 1.5
      vertex 22.1052 1.09998 1.5
      vertex 19.6855 0.221894 1.5
    endloop
  endfacet
  facet normal 0 0 -1
    outer loop
      vertex 19.3487 -1.03489 1.5
      vertex 21.3717 -2.58724 1.5
      vertex 21.0052 -3.0052 1.5
    endloop
  endfacet
  facet normal -0 0 -1
    outer loop
      vertex 22.1052 1.09998 1.5
      vertex 19.6421 0.439992 1.5
      vertex 21.9265 1.6264 1.5
    endloop
  endfacet
  facet normal 0 0 -1
    outer loop
      vertex 19.2021 -1.20208 1.5
      vertex 21.0052 -3.0052 1.5
      vertex 20.5872 -3.37175 1.5
    endloop
  endfacet
  facet normal 0 0 -1
    outer loop
      vertex 19.5706 0.650561 1.5
      vertex 21.9265 1.6264 1.5
      vertex 19.6421 0.439992 1.5
    endloop
  endfacet
  facet normal 0 0 -1
    outer loop
      vertex 19.0349 -1.3487 1.5
      vertex 20.5872 -3.37175 1.5
      vertex 20.125 -3.68061 1.5
    endloop
  endfacet
  facet normal -0 0 -1
    outer loop
      vertex 21.9265 1.6264 1.5
      vertex 19.5706 0.650561 1.5
      vertex 21.6806 2.125 1.5
    endloop
  endfacet
  facet normal 0 0 -1
    outer loop
      vertex 19.4722 0.849999 1.5
      vertex 21.6806 2.125 1.5
      vertex 19.5706 0.650561 1.5
    endloop
  endfacet
  facet normal 0 0 -1
    outer loop
      vertex 22.2136 -0.554736 1.5
      vertex 19.6855 -0.221894 1.5
      vertex 19.7 0 1.5
    endloop
  endfacet
  facet normal 0 0 -1
    outer loop
      vertex 22.1052 -1.09998 1.5
      vertex 19.6421 -0.439992 1.5
      vertex 19.6855 -0.221894 1.5
    endloop
  endfacet
  facet normal 0 0 -1
    outer loop
      vertex 18.85 -1.47224 1.5
      vertex 20.125 -3.68061 1.5
      vertex 19.6264 -3.92649 1.5
    endloop
  endfacet
  facet normal 0 0 -1
    outer loop
      vertex 21.9265 -1.6264 1.5
      vertex 19.5706 -0.650561 1.5
      vertex 19.6421 -0.439992 1.5
    endloop
  endfacet
  facet normal 0 0 -1
    outer loop
      vertex 21.6806 -2.125 1.5
      vertex 19.4722 -0.849999 1.5
      vertex 19.5706 -0.650561 1.5
    endloop
  endfacet
  facet normal 0 0 -1
    outer loop
      vertex 21.3717 -2.58724 1.5
      vertex 19.3487 -1.03489 1.5
      vertex 19.4722 -0.849999 1.5
    endloop
  endfacet
  facet normal 0 0 -1
    outer loop
      vertex 21.0052 -3.0052 1.5
      vertex 19.2021 -1.20208 1.5
      vertex 19.3487 -1.03489 1.5
    endloop
  endfacet
  facet normal 0 0 -1
    outer loop
      vertex 18.6506 -1.57059 1.5
      vertex 19.6264 -3.92649 1.5
      vertex 19.1 -4.10518 1.5
    endloop
  endfacet
  facet normal 0 0 -1
    outer loop
      vertex 20.5872 -3.37175 1.5
      vertex 19.0349 -1.3487 1.5
      vertex 19.2021 -1.20208 1.5
    endloop
  endfacet
  facet normal 0 0 -1
    outer loop
      vertex 20.125 -3.68061 1.5
      vertex 18.85 -1.47224 1.5
      vertex 19.0349 -1.3487 1.5
    endloop
  endfacet
  facet normal 0 0 -1
    outer loop
      vertex 19.6264 -3.92649 1.5
      vertex 18.6506 -1.57059 1.5
      vertex 18.85 -1.47224 1.5
    endloop
  endfacet
  facet normal 0 0 -1
    outer loop
      vertex 18.44 -1.64207 1.5
      vertex 19.1 -4.10518 1.5
      vertex 18.5547 -4.21364 1.5
    endloop
  endfacet
  facet normal 0 0 -1
    outer loop
      vertex 19.1 -4.10518 1.5
      vertex 18.44 -1.64207 1.5
      vertex 18.6506 -1.57059 1.5
    endloop
  endfacet
  facet normal 0 0 -1
    outer loop
      vertex 18.5547 -4.21364 1.5
      vertex 18.2219 -1.68546 1.5
      vertex 18.44 -1.64207 1.5
    endloop
  endfacet
  facet normal 0 0 -1
    outer loop
      vertex 18 -4.25 1.5
      vertex 18.2219 -1.68546 1.5
      vertex 18.5547 -4.21364 1.5
    endloop
  endfacet
  facet normal 0 0 -1
    outer loop
      vertex 18 -4.25 1.5
      vertex 18 -1.7 1.5
      vertex 18.2219 -1.68546 1.5
    endloop
  endfacet
  facet normal 0 0 -1
    outer loop
      vertex 18 -4.25 1.5
      vertex 17.7781 -1.68546 1.5
      vertex 18 -1.7 1.5
    endloop
  endfacet
  facet normal 0 0 -1
    outer loop
      vertex 17.4453 -4.21364 1.5
      vertex 17.7781 -1.68546 1.5
      vertex 18 -4.25 1.5
    endloop
  endfacet
  facet normal -0 0 -1
    outer loop
      vertex 17.7781 -1.68546 1.5
      vertex 17.4453 -4.21364 1.5
      vertex 17.56 -1.64207 1.5
    endloop
  endfacet
  facet normal 0 0 -1
    outer loop
      vertex 16.9 -4.10518 1.5
      vertex 17.56 -1.64207 1.5
      vertex 17.4453 -4.21364 1.5
    endloop
  endfacet
  facet normal -0 0 -1
    outer loop
      vertex 17.56 -1.64207 1.5
      vertex 16.9 -4.10518 1.5
      vertex 17.3494 -1.57059 1.5
    endloop
  endfacet
  facet normal 0 0 -1
    outer loop
      vertex 16.3736 -3.92649 1.5
      vertex 17.3494 -1.57059 1.5
      vertex 16.9 -4.10518 1.5
    endloop
  endfacet
  facet normal -0 0 -1
    outer loop
      vertex 17.3494 -1.57059 1.5
      vertex 16.3736 -3.92649 1.5
      vertex 17.15 -1.47224 1.5
    endloop
  endfacet
  facet normal 0 0 -1
    outer loop
      vertex 15.875 -3.68061 1.5
      vertex 17.15 -1.47224 1.5
      vertex 16.3736 -3.92649 1.5
    endloop
  endfacet
  facet normal -0 0 -1
    outer loop
      vertex 17.15 -1.47224 1.5
      vertex 15.875 -3.68061 1.5
      vertex 16.9651 -1.3487 1.5
    endloop
  endfacet
  facet normal 0 0 -1
    outer loop
      vertex 15.4128 -3.37175 1.5
      vertex 16.9651 -1.3487 1.5
      vertex 15.875 -3.68061 1.5
    endloop
  endfacet
  facet normal -0 0 -1
    outer loop
      vertex 16.9651 -1.3487 1.5
      vertex 15.4128 -3.37175 1.5
      vertex 16.7979 -1.20208 1.5
    endloop
  endfacet
  facet normal 0 0 -1
    outer loop
      vertex 14.9948 -3.0052 1.5
      vertex 16.7979 -1.20208 1.5
      vertex 15.4128 -3.37175 1.5
    endloop
  endfacet
  facet normal -0 0 -1
    outer loop
      vertex 16.7979 -1.20208 1.5
      vertex 14.9948 -3.0052 1.5
      vertex 16.6513 -1.03489 1.5
    endloop
  endfacet
  facet normal 0 0 -1
    outer loop
      vertex 14.6282 -2.58724 1.5
      vertex 16.6513 -1.03489 1.5
      vertex 14.9948 -3.0052 1.5
    endloop
  endfacet
  facet normal -0 0 -1
    outer loop
      vertex 16.6513 -1.03489 1.5
      vertex 14.6282 -2.58724 1.5
      vertex 16.5278 -0.849999 1.5
    endloop
  endfacet
  facet normal 0 0 -1
    outer loop
      vertex 14.3194 -2.125 1.5
      vertex 16.5278 -0.849999 1.5
      vertex 14.6282 -2.58724 1.5
    endloop
  endfacet
  facet normal -0 0 -1
    outer loop
      vertex 21.6806 2.125 1.5
      vertex 19.4722 0.849999 1.5
      vertex 21.3717 2.58724 1.5
    endloop
  endfacet
  facet normal 0 0 -1
    outer loop
      vertex 19.3487 1.03489 1.5
      vertex 21.3717 2.58724 1.5
      vertex 19.4722 0.849999 1.5
    endloop
  endfacet
  facet normal -0 0 -1
    outer loop
      vertex 21.3717 2.58724 1.5
      vertex 19.3487 1.03489 1.5
      vertex 21.0052 3.0052 1.5
    endloop
  endfacet
  facet normal 0 0 -1
    outer loop
      vertex 19.2021 1.20208 1.5
      vertex 21.0052 3.0052 1.5
      vertex 19.3487 1.03489 1.5
    endloop
  endfacet
  facet normal -0 0 -1
    outer loop
      vertex 21.0052 3.0052 1.5
      vertex 19.2021 1.20208 1.5
      vertex 20.5872 3.37175 1.5
    endloop
  endfacet
  facet normal 0 0 -1
    outer loop
      vertex 19.0349 1.3487 1.5
      vertex 20.5872 3.37175 1.5
      vertex 19.2021 1.20208 1.5
    endloop
  endfacet
  facet normal -0 0 -1
    outer loop
      vertex 20.5872 3.37175 1.5
      vertex 19.0349 1.3487 1.5
      vertex 20.125 3.68061 1.5
    endloop
  endfacet
  facet normal 0 0 -1
    outer loop
      vertex 18.85 1.47224 1.5
      vertex 20.125 3.68061 1.5
      vertex 19.0349 1.3487 1.5
    endloop
  endfacet
  facet normal -0 0 -1
    outer loop
      vertex 20.125 3.68061 1.5
      vertex 18.85 1.47224 1.5
      vertex 19.6264 3.92649 1.5
    endloop
  endfacet
  facet normal 0 0 -1
    outer loop
      vertex 18.6506 1.57059 1.5
      vertex 19.6264 3.92649 1.5
      vertex 18.85 1.47224 1.5
    endloop
  endfacet
  facet normal -0 0 -1
    outer loop
      vertex 19.6264 3.92649 1.5
      vertex 18.6506 1.57059 1.5
      vertex 19.1 4.10518 1.5
    endloop
  endfacet
  facet normal 0 0 -1
    outer loop
      vertex 18.44 1.64207 1.5
      vertex 19.1 4.10518 1.5
      vertex 18.6506 1.57059 1.5
    endloop
  endfacet
  facet normal -0 0 -1
    outer loop
      vertex 19.1 4.10518 1.5
      vertex 18.44 1.64207 1.5
      vertex 18.5547 4.21364 1.5
    endloop
  endfacet
  facet normal 0 0 -1
    outer loop
      vertex 18.2219 1.68546 1.5
      vertex 18.5547 4.21364 1.5
      vertex 18.44 1.64207 1.5
    endloop
  endfacet
  facet normal 0 0 -1
    outer loop
      vertex 18 1.7 1.5
      vertex 18.5547 4.21364 1.5
      vertex 18.2219 1.68546 1.5
    endloop
  endfacet
  facet normal 0 0 -1
    outer loop
      vertex 18 1.7 1.5
      vertex 18 4.25 1.5
      vertex 18.5547 4.21364 1.5
    endloop
  endfacet
  facet normal 0 0 -1
    outer loop
      vertex 17.7781 1.68546 1.5
      vertex 18 4.25 1.5
      vertex 18 1.7 1.5
    endloop
  endfacet
  facet normal 0 0 -1
    outer loop
      vertex 17.4453 4.21364 1.5
      vertex 17.7781 1.68546 1.5
      vertex 17.56 1.64207 1.5
    endloop
  endfacet
  facet normal 0 0 -1
    outer loop
      vertex 17.7781 1.68546 1.5
      vertex 17.4453 4.21364 1.5
      vertex 18 4.25 1.5
    endloop
  endfacet
  facet normal 0 0 -1
    outer loop
      vertex 16.9 4.10518 1.5
      vertex 17.56 1.64207 1.5
      vertex 17.3494 1.57059 1.5
    endloop
  endfacet
  facet normal 0 0 -1
    outer loop
      vertex 16.3736 3.92649 1.5
      vertex 17.3494 1.57059 1.5
      vertex 17.15 1.47224 1.5
    endloop
  endfacet
  facet normal 0 0 -1
    outer loop
      vertex 15.875 3.68061 1.5
      vertex 17.15 1.47224 1.5
      vertex 16.9651 1.3487 1.5
    endloop
  endfacet
  facet normal 0 0 -1
    outer loop
      vertex 17.56 1.64207 1.5
      vertex 16.9 4.10518 1.5
      vertex 17.4453 4.21364 1.5
    endloop
  endfacet
  facet normal 0 0 -1
    outer loop
      vertex 15.4128 3.37175 1.5
      vertex 16.9651 1.3487 1.5
      vertex 16.7979 1.20208 1.5
    endloop
  endfacet
  facet normal 0 0 -1
    outer loop
      vertex 14.9948 3.0052 1.5
      vertex 16.7979 1.20208 1.5
      vertex 16.6513 1.03489 1.5
    endloop
  endfacet
  facet normal 0 0 -1
    outer loop
      vertex 14.6282 2.58724 1.5
      vertex 16.6513 1.03489 1.5
      vertex 16.5278 0.849999 1.5
    endloop
  endfacet
  facet normal 0 0 -1
    outer loop
      vertex 14.3194 2.125 1.5
      vertex 16.5278 0.849999 1.5
      vertex 16.4294 0.650561 1.5
    endloop
  endfacet
  facet normal 0 0 -1
    outer loop
      vertex 17.3494 1.57059 1.5
      vertex 16.3736 3.92649 1.5
      vertex 16.9 4.10518 1.5
    endloop
  endfacet
  facet normal 0 0 -1
    outer loop
      vertex 14.0735 1.6264 1.5
      vertex 16.4294 0.650561 1.5
      vertex 16.3579 0.439992 1.5
    endloop
  endfacet
  facet normal 0 0 -1
    outer loop
      vertex 13.8948 1.09998 1.5
      vertex 16.3579 0.439992 1.5
      vertex 16.3145 0.221894 1.5
    endloop
  endfacet
  facet normal 0 0 -1
    outer loop
      vertex 13.7864 0.554736 1.5
      vertex 16.3145 0.221894 1.5
      vertex 16.3 0 1.5
    endloop
  endfacet
  facet normal -0 0 -1
    outer loop
      vertex 16.5278 -0.849999 1.5
      vertex 14.3194 -2.125 1.5
      vertex 16.4294 -0.650561 1.5
    endloop
  endfacet
  facet normal 0 0 -1
    outer loop
      vertex 17.15 1.47224 1.5
      vertex 15.875 3.68061 1.5
      vertex 16.3736 3.92649 1.5
    endloop
  endfacet
  facet normal 0 0 -1
    outer loop
      vertex 14.0735 -1.6264 1.5
      vertex 16.4294 -0.650561 1.5
      vertex 14.3194 -2.125 1.5
    endloop
  endfacet
  facet normal 0 0 -1
    outer loop
      vertex 16.9651 1.3487 1.5
      vertex 15.4128 3.37175 1.5
      vertex 15.875 3.68061 1.5
    endloop
  endfacet
  facet normal -0 0 -1
    outer loop
      vertex 16.4294 -0.650561 1.5
      vertex 14.0735 -1.6264 1.5
      vertex 16.3579 -0.439992 1.5
    endloop
  endfacet
  facet normal 0 0 -1
    outer loop
      vertex 16.7979 1.20208 1.5
      vertex 14.9948 3.0052 1.5
      vertex 15.4128 3.37175 1.5
    endloop
  endfacet
  facet normal 0 0 -1
    outer loop
      vertex 13.8948 -1.09998 1.5
      vertex 16.3579 -0.439992 1.5
      vertex 14.0735 -1.6264 1.5
    endloop
  endfacet
  facet normal 0 0 -1
    outer loop
      vertex 16.6513 1.03489 1.5
      vertex 14.6282 2.58724 1.5
      vertex 14.9948 3.0052 1.5
    endloop
  endfacet
  facet normal -0 0 -1
    outer loop
      vertex 16.3579 -0.439992 1.5
      vertex 13.8948 -1.09998 1.5
      vertex 16.3145 -0.221894 1.5
    endloop
  endfacet
  facet normal 0 0 -1
    outer loop
      vertex 16.5278 0.849999 1.5
      vertex 14.3194 2.125 1.5
      vertex 14.6282 2.58724 1.5
    endloop
  endfacet
  facet normal 0 0 -1
    outer loop
      vertex 13.7864 -0.554736 1.5
      vertex 16.3145 -0.221894 1.5
      vertex 13.8948 -1.09998 1.5
    endloop
  endfacet
  facet normal 0 0 -1
    outer loop
      vertex 16.4294 0.650561 1.5
      vertex 14.0735 1.6264 1.5
      vertex 14.3194 2.125 1.5
    endloop
  endfacet
  facet normal -0 0 -1
    outer loop
      vertex 16.3145 -0.221894 1.5
      vertex 13.7864 -0.554736 1.5
      vertex 16.3 0 1.5
    endloop
  endfacet
  facet normal 0 0 -1
    outer loop
      vertex 16.3579 0.439992 1.5
      vertex 13.8948 1.09998 1.5
      vertex 14.0735 1.6264 1.5
    endloop
  endfacet
  facet normal 0 0 -1
    outer loop
      vertex 13.75 0 1.5
      vertex 16.3 0 1.5
      vertex 13.7864 -0.554736 1.5
    endloop
  endfacet
  facet normal 0 0 -1
    outer loop
      vertex 16.3145 0.221894 1.5
      vertex 13.7864 0.554736 1.5
      vertex 13.8948 1.09998 1.5
    endloop
  endfacet
  facet normal 0 0 -1
    outer loop
      vertex 16.3 0 1.5
      vertex 13.75 0 1.5
      vertex 13.7864 0.554736 1.5
    endloop
  endfacet
  facet normal 0.555605 -0.831446 0
    outer loop
      vertex 15.4128 3.37175 0
      vertex 15.875 3.68061 1.5
      vertex 15.4128 3.37175 1.5
    endloop
  endfacet
  facet normal 0.555605 -0.831446 0
    outer loop
      vertex 15.875 3.68061 1.5
      vertex 15.4128 3.37175 0
      vertex 15.875 3.68061 0
    endloop
  endfacet
  facet normal 0.0654086 -0.997859 0
    outer loop
      vertex 17.4453 4.21364 0
      vertex 18 4.25 1.5
      vertex 17.4453 4.21364 1.5
    endloop
  endfacet
  facet normal 0.0654086 -0.997859 0
    outer loop
      vertex 18 4.25 1.5
      vertex 17.4453 4.21364 0
      vertex 18 4.25 0
    endloop
  endfacet
  facet normal -0.0654086 0.997859 0
    outer loop
      vertex 18.5547 -4.21364 0
      vertex 18 -4.25 1.5
      vertex 18.5547 -4.21364 1.5
    endloop
  endfacet
  facet normal -0.0654086 0.997859 0
    outer loop
      vertex 18 -4.25 1.5
      vertex 18.5547 -4.21364 0
      vertex 18 -4.25 0
    endloop
  endfacet
  facet normal -0.321442 0.946929 0
    outer loop
      vertex 19.6264 -3.92649 0
      vertex 19.1 -4.10518 1.5
      vertex 19.6264 -3.92649 1.5
    endloop
  endfacet
  facet normal -0.321442 0.946929 0
    outer loop
      vertex 19.1 -4.10518 1.5
      vertex 19.6264 -3.92649 0
      vertex 19.1 -4.10518 0
    endloop
  endfacet
  facet normal -0.555605 0.831446 0
    outer loop
      vertex 20.5872 -3.37175 0
      vertex 20.125 -3.68061 1.5
      vertex 20.5872 -3.37175 1.5
    endloop
  endfacet
  facet normal -0.555605 0.831446 0
    outer loop
      vertex 20.125 -3.68061 1.5
      vertex 20.5872 -3.37175 0
      vertex 20.125 -3.68061 0
    endloop
  endfacet
  facet normal -0.751876 0.659304 0
    outer loop
      vertex 21.0052 -3.0052 0
      vertex 21.3717 -2.58724 1.5
      vertex 21.3717 -2.58724 0
    endloop
  endfacet
  facet normal -0.751876 0.659304 0
    outer loop
      vertex 21.3717 -2.58724 1.5
      vertex 21.0052 -3.0052 0
      vertex 21.0052 -3.0052 1.5
    endloop
  endfacet
  facet normal -0.89686 0.442314 0
    outer loop
      vertex 21.6806 -2.125 0
      vertex 21.9265 -1.6264 1.5
      vertex 21.9265 -1.6264 0
    endloop
  endfacet
  facet normal -0.89686 0.442314 0
    outer loop
      vertex 21.9265 -1.6264 1.5
      vertex 21.6806 -2.125 0
      vertex 21.6806 -2.125 1.5
    endloop
  endfacet
  facet normal 0.659319 0.751863 -0
    outer loop
      vertex 15.4128 -3.37175 0
      vertex 14.9948 -3.0052 1.5
      vertex 15.4128 -3.37175 1.5
    endloop
  endfacet
  facet normal 0.659319 0.751863 0
    outer loop
      vertex 14.9948 -3.0052 1.5
      vertex 15.4128 -3.37175 0
      vertex 14.9948 -3.0052 0
    endloop
  endfacet
  facet normal 0.442285 0.896874 -0
    outer loop
      vertex 16.3736 -3.92649 0
      vertex 15.875 -3.68061 1.5
      vertex 16.3736 -3.92649 1.5
    endloop
  endfacet
  facet normal 0.442285 0.896874 0
    outer loop
      vertex 15.875 -3.68061 1.5
      vertex 16.3736 -3.92649 0
      vertex 15.875 -3.68061 0
    endloop
  endfacet
  facet normal 0.195078 0.980788 -0
    outer loop
      vertex 17.4453 -4.21364 0
      vertex 16.9 -4.10518 1.5
      vertex 17.4453 -4.21364 1.5
    endloop
  endfacet
  facet normal 0.195078 0.980788 0
    outer loop
      vertex 16.9 -4.10518 1.5
      vertex 17.4453 -4.21364 0
      vertex 16.9 -4.10518 0
    endloop
  endfacet
  facet normal 0.831519 0.555497 0
    outer loop
      vertex 14.6282 -2.58724 1.5
      vertex 14.3194 -2.125 0
      vertex 14.3194 -2.125 1.5
    endloop
  endfacet
  facet normal 0.831519 0.555497 0
    outer loop
      vertex 14.3194 -2.125 0
      vertex 14.6282 -2.58724 1.5
      vertex 14.6282 -2.58724 0
    endloop
  endfacet
  facet normal 0.946928 0.321447 0
    outer loop
      vertex 14.0735 -1.6264 1.5
      vertex 13.8948 -1.09998 0
      vertex 13.8948 -1.09998 1.5
    endloop
  endfacet
  facet normal 0.946928 0.321447 0
    outer loop
      vertex 13.8948 -1.09998 0
      vertex 14.0735 -1.6264 1.5
      vertex 14.0735 -1.6264 0
    endloop
  endfacet
  facet normal 0.997854 0.065476 0
    outer loop
      vertex 13.7864 -0.554736 1.5
      vertex 13.75 0 0
      vertex 13.75 0 1.5
    endloop
  endfacet
  facet normal 0.997854 0.065476 0
    outer loop
      vertex 13.75 0 0
      vertex 13.7864 -0.554736 1.5
      vertex 13.7864 -0.554736 0
    endloop
  endfacet
  facet normal -0.195078 0.980788 0
    outer loop
      vertex 19.1 -4.10518 0
      vertex 18.5547 -4.21364 1.5
      vertex 19.1 -4.10518 1.5
    endloop
  endfacet
  facet normal -0.195078 0.980788 0
    outer loop
      vertex 18.5547 -4.21364 1.5
      vertex 19.1 -4.10518 0
      vertex 18.5547 -4.21364 0
    endloop
  endfacet
  facet normal -0.659319 0.751863 0
    outer loop
      vertex 21.0052 -3.0052 0
      vertex 20.5872 -3.37175 1.5
      vertex 21.0052 -3.0052 1.5
    endloop
  endfacet
  facet normal -0.659319 0.751863 0
    outer loop
      vertex 20.5872 -3.37175 1.5
      vertex 21.0052 -3.0052 0
      vertex 20.5872 -3.37175 0
    endloop
  endfacet
  facet normal -0.831435 0.555621 0
    outer loop
      vertex 21.3717 -2.58724 0
      vertex 21.6806 -2.125 1.5
      vertex 21.6806 -2.125 0
    endloop
  endfacet
  facet normal -0.831435 0.555621 0
    outer loop
      vertex 21.6806 -2.125 1.5
      vertex 21.3717 -2.58724 0
      vertex 21.3717 -2.58724 1.5
    endloop
  endfacet
  facet normal -0.980804 0.194994 0
    outer loop
      vertex 22.1052 -1.09998 0
      vertex 22.2136 -0.554736 1.5
      vertex 22.2136 -0.554736 0
    endloop
  endfacet
  facet normal -0.980804 0.194994 0
    outer loop
      vertex 22.2136 -0.554736 1.5
      vertex 22.1052 -1.09998 0
      vertex 22.1052 -1.09998 1.5
    endloop
  endfacet
  facet normal -0.946928 0.321447 0
    outer loop
      vertex 21.9265 -1.6264 0
      vertex 22.1052 -1.09998 1.5
      vertex 22.1052 -1.09998 0
    endloop
  endfacet
  facet normal -0.946928 0.321447 0
    outer loop
      vertex 22.1052 -1.09998 1.5
      vertex 21.9265 -1.6264 0
      vertex 21.9265 -1.6264 1.5
    endloop
  endfacet
  facet normal -0.997854 0.065476 0
    outer loop
      vertex 22.2136 -0.554736 0
      vertex 22.25 0 1.5
      vertex 22.25 0 0
    endloop
  endfacet
  facet normal -0.997854 0.065476 0
    outer loop
      vertex 22.25 0 1.5
      vertex 22.2136 -0.554736 0
      vertex 22.2136 -0.554736 1.5
    endloop
  endfacet
  facet normal 0.555605 0.831446 -0
    outer loop
      vertex 15.875 -3.68061 0
      vertex 15.4128 -3.37175 1.5
      vertex 15.875 -3.68061 1.5
    endloop
  endfacet
  facet normal 0.555605 0.831446 0
    outer loop
      vertex 15.4128 -3.37175 1.5
      vertex 15.875 -3.68061 0
      vertex 15.4128 -3.37175 0
    endloop
  endfacet
  facet normal 0.980804 0.194994 0
    outer loop
      vertex 13.8948 -1.09998 1.5
      vertex 13.7864 -0.554736 0
      vertex 13.7864 -0.554736 1.5
    endloop
  endfacet
  facet normal 0.980804 0.194994 0
    outer loop
      vertex 13.7864 -0.554736 0
      vertex 13.8948 -1.09998 1.5
      vertex 13.8948 -1.09998 0
    endloop
  endfacet
endsolid OpenSCAD_Model
