solid OpenSCAD_Model
  facet normal 0 0 1
    outer loop
      vertex -69.9134 -35.3806 4
      vertex -68.1 -32.825 4
      vertex -68.0572 -32.1724 4
    endloop
  endfacet
  facet normal 0 0 1
    outer loop
      vertex -77.86 -28.825 4
      vertex -68.0572 -32.1724 4
      vertex -67.9296 -31.5309 4
    endloop
  endfacet
  facet normal 0 0 1
    outer loop
      vertex -68.1 -32.825 4
      vertex -69.2941 -35.1704 4
      vertex -68.6526 -35.0428 4
    endloop
  endfacet
  facet normal 0 0 1
    outer loop
      vertex -77.86 -28.825 4
      vertex -67.9296 -31.5309 4
      vertex -67.7194 -30.9116 4
    endloop
  endfacet
  facet normal 0 0 1
    outer loop
      vertex -68.1 -32.825 4
      vertex -69.9134 -35.3806 4
      vertex -69.2941 -35.1704 4
    endloop
  endfacet
  facet normal 0 0 1
    outer loop
      vertex -68.0572 -32.1724 4
      vertex -70.5 -35.6699 4
      vertex -69.9134 -35.3806 4
    endloop
  endfacet
  facet normal 0 0 1
    outer loop
      vertex -77.86 -28.825 4
      vertex -67.7194 -30.9116 4
      vertex -67.4301 -30.325 4
    endloop
  endfacet
  facet normal 0 0 1
    outer loop
      vertex -68.0572 -32.1724 4
      vertex -77.86 -28.825 4
      vertex -70.5 -35.6699 4
    endloop
  endfacet
  facet normal 0 0 1
    outer loop
      vertex -70.5 -35.6699 4
      vertex -77.86 -28.825 4
      vertex -71.0438 -36.0332 4
    endloop
  endfacet
  facet normal 0 0 1
    outer loop
      vertex -77.86 -28.825 4
      vertex -67.4301 -30.325 4
      vertex -67.0668 -29.7812 4
    endloop
  endfacet
  facet normal 0 0 1
    outer loop
      vertex -71.0438 -36.0332 4
      vertex -77.86 -28.825 4
      vertex -71.5355 -36.4645 4
    endloop
  endfacet
  facet normal 0 0 1
    outer loop
      vertex -72.9572 -39.3474 4
      vertex -77.86 -28.825 4
      vertex -73 -40 4
    endloop
  endfacet
  facet normal 0 0 1
    outer loop
      vertex -72.8296 -38.7059 4
      vertex -77.86 -28.825 4
      vertex -72.9572 -39.3474 4
    endloop
  endfacet
  facet normal 0 0 1
    outer loop
      vertex -72.6194 -38.0866 4
      vertex -77.86 -28.825 4
      vertex -72.8296 -38.7059 4
    endloop
  endfacet
  facet normal 0 0 1
    outer loop
      vertex -72.3301 -37.5 4
      vertex -77.86 -28.825 4
      vertex -72.6194 -38.0866 4
    endloop
  endfacet
  facet normal 0 0 1
    outer loop
      vertex -71.9668 -36.9562 4
      vertex -77.86 -28.825 4
      vertex -72.3301 -37.5 4
    endloop
  endfacet
  facet normal 0 0 1
    outer loop
      vertex -71.5355 -36.4645 4
      vertex -77.86 -28.825 4
      vertex -71.9668 -36.9562 4
    endloop
  endfacet
  facet normal 0 0 1
    outer loop
      vertex -66.6355 -29.2895 4
      vertex -77.86 -28.825 4
      vertex -67.0668 -29.7812 4
    endloop
  endfacet
  facet normal 0 0 1
    outer loop
      vertex -66.1438 -28.8582 4
      vertex -77.86 -28.825 4
      vertex -66.6355 -29.2895 4
    endloop
  endfacet
  facet normal -0 0 1
    outer loop
      vertex -77.86 -28.825 4
      vertex -66.1438 -28.8582 4
      vertex -66.0941 -28.825 4
    endloop
  endfacet
  facet normal 0 0 1
    outer loop
      vertex -67.7194 -34.7384 4
      vertex -68 -35 4
      vertex -67.5767 -35.0277 4
    endloop
  endfacet
  facet normal 0 0 1
    outer loop
      vertex -67.9296 -34.1191 4
      vertex -68 -35 4
      vertex -67.7194 -34.7384 4
    endloop
  endfacet
  facet normal 0 0 1
    outer loop
      vertex -68.6526 -35.0428 4
      vertex -67.9296 -34.1191 4
      vertex -68.0572 -33.4776 4
    endloop
  endfacet
  facet normal 0 0 1
    outer loop
      vertex -68.6526 -35.0428 4
      vertex -68.0572 -33.4776 4
      vertex -68.1 -32.825 4
    endloop
  endfacet
  facet normal 0 0 1
    outer loop
      vertex -67.9296 -34.1191 4
      vertex -68.6526 -35.0428 4
      vertex -68 -35 4
    endloop
  endfacet
  facet normal -0 0 1
    outer loop
      vertex -68 35 4
      vertex -67.7194 34.7384 4
      vertex -67.5767 35.0277 4
    endloop
  endfacet
  facet normal 0 0 1
    outer loop
      vertex -68 35 4
      vertex -67.9296 34.1191 4
      vertex -67.7194 34.7384 4
    endloop
  endfacet
  facet normal 0 0 1
    outer loop
      vertex -68.6526 35.0428 4
      vertex -67.9296 34.1191 4
      vertex -68 35 4
    endloop
  endfacet
  facet normal 0 0 1
    outer loop
      vertex -67.9296 34.1191 4
      vertex -68.6526 35.0428 4
      vertex -68.0572 33.4776 4
    endloop
  endfacet
  facet normal 0 0 1
    outer loop
      vertex -69.2941 35.1704 4
      vertex -68.0572 33.4776 4
      vertex -68.6526 35.0428 4
    endloop
  endfacet
  facet normal 0 0 1
    outer loop
      vertex -68.0572 33.4776 4
      vertex -69.2941 35.1704 4
      vertex -68.1 32.825 4
    endloop
  endfacet
  facet normal 0 0 1
    outer loop
      vertex -69.9134 35.3806 4
      vertex -68.1 32.825 4
      vertex -69.2941 35.1704 4
    endloop
  endfacet
  facet normal 0 0 1
    outer loop
      vertex -68.1 32.825 4
      vertex -69.9134 35.3806 4
      vertex -68.0572 32.1724 4
    endloop
  endfacet
  facet normal 0 0 1
    outer loop
      vertex -70.5 35.6699 4
      vertex -68.0572 32.1724 4
      vertex -69.9134 35.3806 4
    endloop
  endfacet
  facet normal 0 0 1
    outer loop
      vertex -77.86 28.825 4
      vertex -68.0572 32.1724 4
      vertex -70.5 35.6699 4
    endloop
  endfacet
  facet normal 0 0 1
    outer loop
      vertex -68.0572 32.1724 4
      vertex -77.86 28.825 4
      vertex -67.9296 31.5309 4
    endloop
  endfacet
  facet normal 0 0 1
    outer loop
      vertex -67.9296 31.5309 4
      vertex -77.86 28.825 4
      vertex -67.7194 30.9116 4
    endloop
  endfacet
  facet normal 0 0 1
    outer loop
      vertex -77.86 28.825 4
      vertex -70.5 35.6699 4
      vertex -71.0438 36.0332 4
    endloop
  endfacet
  facet normal 0 0 1
    outer loop
      vertex -77.86 28.825 4
      vertex -71.0438 36.0332 4
      vertex -71.5355 36.4645 4
    endloop
  endfacet
  facet normal 0 0 1
    outer loop
      vertex -67.7194 30.9116 4
      vertex -77.86 28.825 4
      vertex -67.4301 30.325 4
    endloop
  endfacet
  facet normal 0 0 1
    outer loop
      vertex -77.86 28.825 4
      vertex -71.5355 36.4645 4
      vertex -71.9668 36.9562 4
    endloop
  endfacet
  facet normal 0 0 1
    outer loop
      vertex -66.1438 28.8582 4
      vertex -77.86 28.825 4
      vertex -66.0941 28.825 4
    endloop
  endfacet
  facet normal 0 0 1
    outer loop
      vertex -66.6355 29.2895 4
      vertex -77.86 28.825 4
      vertex -66.1438 28.8582 4
    endloop
  endfacet
  facet normal 0 0 1
    outer loop
      vertex -67.0668 29.7812 4
      vertex -77.86 28.825 4
      vertex -66.6355 29.2895 4
    endloop
  endfacet
  facet normal 0 0 1
    outer loop
      vertex -67.4301 30.325 4
      vertex -77.86 28.825 4
      vertex -67.0668 29.7812 4
    endloop
  endfacet
  facet normal 0 0 1
    outer loop
      vertex -72.3301 37.5 4
      vertex -77.86 28.825 4
      vertex -71.9668 36.9562 4
    endloop
  endfacet
  facet normal 0 0 1
    outer loop
      vertex -72.6194 38.0866 4
      vertex -77.86 28.825 4
      vertex -72.3301 37.5 4
    endloop
  endfacet
  facet normal 0 0 1
    outer loop
      vertex -72.8296 38.7059 4
      vertex -77.86 28.825 4
      vertex -72.6194 38.0866 4
    endloop
  endfacet
  facet normal 0 0 1
    outer loop
      vertex -72.9572 39.3474 4
      vertex -77.86 28.825 4
      vertex -72.8296 38.7059 4
    endloop
  endfacet
  facet normal 0 0 1
    outer loop
      vertex -77.86 28.825 4
      vertex -72.9572 39.3474 4
      vertex -73 40 4
    endloop
  endfacet
  facet normal 0 0 1
    outer loop
      vertex 68.6526 -44.9572 4
      vertex 63.0188 -51.7781 4
      vertex 63.0333 -52 4
    endloop
  endfacet
  facet normal 0 0 1
    outer loop
      vertex 64.9562 -43.9668 4
      vertex 62.9754 -51.56 4
      vertex 63.0188 -51.7781 4
    endloop
  endfacet
  facet normal 0 0 1
    outer loop
      vertex 64.9562 -43.9668 4
      vertex 62.9039 -51.3494 4
      vertex 62.9754 -51.56 4
    endloop
  endfacet
  facet normal 0 0 1
    outer loop
      vertex 64.9562 -43.9668 4
      vertex 62.8056 -51.15 4
      vertex 62.9039 -51.3494 4
    endloop
  endfacet
  facet normal 0 0 1
    outer loop
      vertex 64.9562 -43.9668 4
      vertex 62.682 -50.9651 4
      vertex 62.8056 -51.15 4
    endloop
  endfacet
  facet normal 0 0 1
    outer loop
      vertex 64.9562 -43.9668 4
      vertex 62.5354 -50.7979 4
      vertex 62.682 -50.9651 4
    endloop
  endfacet
  facet normal 0 0 1
    outer loop
      vertex 64.9562 -43.9668 4
      vertex 62.3682 -50.6513 4
      vertex 62.5354 -50.7979 4
    endloop
  endfacet
  facet normal 0 0 1
    outer loop
      vertex 64.9562 -43.9668 4
      vertex 62.1833 -50.5278 4
      vertex 62.3682 -50.6513 4
    endloop
  endfacet
  facet normal 0 0 1
    outer loop
      vertex 64.9562 -43.9668 4
      vertex 61.9839 -50.4294 4
      vertex 62.1833 -50.5278 4
    endloop
  endfacet
  facet normal 0 0 1
    outer loop
      vertex 64.9562 -43.9668 4
      vertex 61.7733 -50.3579 4
      vertex 61.9839 -50.4294 4
    endloop
  endfacet
  facet normal 0 0 1
    outer loop
      vertex 64.766 -43.8 4
      vertex 61.5552 -50.3145 4
      vertex 61.7733 -50.3579 4
    endloop
  endfacet
  facet normal 0 0 1
    outer loop
      vertex 64.766 -43.8 4
      vertex 61.3333 -50.3 4
      vertex 61.5552 -50.3145 4
    endloop
  endfacet
  facet normal 0 0 1
    outer loop
      vertex 64.766 -43.8 4
      vertex 61.1114 -50.3145 4
      vertex 61.3333 -50.3 4
    endloop
  endfacet
  facet normal 0 0 1
    outer loop
      vertex 64.766 -43.8 4
      vertex 60.8933 -50.3579 4
      vertex 61.1114 -50.3145 4
    endloop
  endfacet
  facet normal 0 0 1
    outer loop
      vertex 64.766 -43.8 4
      vertex 60.6828 -50.4294 4
      vertex 60.8933 -50.3579 4
    endloop
  endfacet
  facet normal 0 0 1
    outer loop
      vertex 64.766 -43.8 4
      vertex 60.4833 -50.5278 4
      vertex 60.6828 -50.4294 4
    endloop
  endfacet
  facet normal 0 0 1
    outer loop
      vertex 64.766 -43.8 4
      vertex 60.2984 -50.6513 4
      vertex 60.4833 -50.5278 4
    endloop
  endfacet
  facet normal 0 0 1
    outer loop
      vertex 64.766 -43.8 4
      vertex 60.1313 -50.7979 4
      vertex 60.2984 -50.6513 4
    endloop
  endfacet
  facet normal 0 0 1
    outer loop
      vertex 64.766 -43.8 4
      vertex 59.9846 -50.9651 4
      vertex 60.1313 -50.7979 4
    endloop
  endfacet
  facet normal 0 0 1
    outer loop
      vertex -59.9846 -50.9651 4
      vertex 59.9846 -50.9651 4
      vertex 64.766 -43.8 4
    endloop
  endfacet
  facet normal 0 0 1
    outer loop
      vertex 59.6479 -51.7781 4
      vertex -59.6333 -52 4
      vertex 59.6333 -52 4
    endloop
  endfacet
  facet normal 0 0 1
    outer loop
      vertex -59.6479 -51.7781 4
      vertex 59.6479 -51.7781 4
      vertex 59.6913 -51.56 4
    endloop
  endfacet
  facet normal 0 0 1
    outer loop
      vertex -59.6913 -51.56 4
      vertex 59.6913 -51.56 4
      vertex 59.7627 -51.3494 4
    endloop
  endfacet
  facet normal 0 0 1
    outer loop
      vertex -59.7627 -51.3494 4
      vertex 59.7627 -51.3494 4
      vertex 59.8611 -51.15 4
    endloop
  endfacet
  facet normal 0 0 1
    outer loop
      vertex 59.9846 -50.9651 4
      vertex -59.9846 -50.9651 4
      vertex 59.8611 -51.15 4
    endloop
  endfacet
  facet normal 0 0 1
    outer loop
      vertex 59.6479 -51.7781 4
      vertex -59.6479 -51.7781 4
      vertex -59.6333 -52 4
    endloop
  endfacet
  facet normal 0 0 1
    outer loop
      vertex 59.6913 -51.56 4
      vertex -59.6913 -51.56 4
      vertex -59.6479 -51.7781 4
    endloop
  endfacet
  facet normal 0 0 1
    outer loop
      vertex 59.7627 -51.3494 4
      vertex -59.7627 -51.3494 4
      vertex -59.6913 -51.56 4
    endloop
  endfacet
  facet normal 0 0 1
    outer loop
      vertex 59.8611 -51.15 4
      vertex -59.8611 -51.15 4
      vertex -59.7627 -51.3494 4
    endloop
  endfacet
  facet normal 0 0 1
    outer loop
      vertex 59.8611 -51.15 4
      vertex -59.9846 -50.9651 4
      vertex -59.8611 -51.15 4
    endloop
  endfacet
  facet normal -0 0 1
    outer loop
      vertex -64.766 -43.8 4
      vertex -59.9846 -50.9651 4
      vertex 64.766 -43.8 4
    endloop
  endfacet
  facet normal 0 0 1
    outer loop
      vertex -59.9846 -50.9651 4
      vertex -64.766 -43.8 4
      vertex -60.1313 -50.7979 4
    endloop
  endfacet
  facet normal 0 0 1
    outer loop
      vertex -60.1313 -50.7979 4
      vertex -64.766 -43.8 4
      vertex -60.2984 -50.6513 4
    endloop
  endfacet
  facet normal 0 0 1
    outer loop
      vertex -60.2984 -50.6513 4
      vertex -64.766 -43.8 4
      vertex -60.4833 -50.5278 4
    endloop
  endfacet
  facet normal 0 0 1
    outer loop
      vertex -60.4833 -50.5278 4
      vertex -64.766 -43.8 4
      vertex -60.6828 -50.4294 4
    endloop
  endfacet
  facet normal 0 0 1
    outer loop
      vertex -60.6828 -50.4294 4
      vertex -64.766 -43.8 4
      vertex -60.8933 -50.3579 4
    endloop
  endfacet
  facet normal 0 0 1
    outer loop
      vertex -60.8933 -50.3579 4
      vertex -64.766 -43.8 4
      vertex -61.1114 -50.3145 4
    endloop
  endfacet
  facet normal 0 0 1
    outer loop
      vertex -62.682 -50.9651 4
      vertex -66.7059 -44.8296 4
      vertex -62.8056 -51.15 4
    endloop
  endfacet
  facet normal 0 0 1
    outer loop
      vertex -62.5354 -50.7979 4
      vertex -66.7059 -44.8296 4
      vertex -62.682 -50.9651 4
    endloop
  endfacet
  facet normal -0 0 1
    outer loop
      vertex -66.7059 -44.8296 4
      vertex -62.5354 -50.7979 4
      vertex -66.0866 -44.6194 4
    endloop
  endfacet
  facet normal 0 0 1
    outer loop
      vertex -62.3682 -50.6513 4
      vertex -66.0866 -44.6194 4
      vertex -62.5354 -50.7979 4
    endloop
  endfacet
  facet normal -0 0 1
    outer loop
      vertex -66.0866 -44.6194 4
      vertex -62.3682 -50.6513 4
      vertex -65.5 -44.3301 4
    endloop
  endfacet
  facet normal 0 0 1
    outer loop
      vertex -62.1833 -50.5278 4
      vertex -65.5 -44.3301 4
      vertex -62.3682 -50.6513 4
    endloop
  endfacet
  facet normal 0 0 1
    outer loop
      vertex -61.9839 -50.4294 4
      vertex -65.5 -44.3301 4
      vertex -62.1833 -50.5278 4
    endloop
  endfacet
  facet normal -0 0 1
    outer loop
      vertex -65.5 -44.3301 4
      vertex -61.9839 -50.4294 4
      vertex -64.9562 -43.9668 4
    endloop
  endfacet
  facet normal 0 0 1
    outer loop
      vertex -61.7733 -50.3579 4
      vertex -64.9562 -43.9668 4
      vertex -61.9839 -50.4294 4
    endloop
  endfacet
  facet normal -0 0 1
    outer loop
      vertex -64.9562 -43.9668 4
      vertex -61.7733 -50.3579 4
      vertex -64.766 -43.8 4
    endloop
  endfacet
  facet normal 0 0 1
    outer loop
      vertex -61.5552 -50.3145 4
      vertex -64.766 -43.8 4
      vertex -61.7733 -50.3579 4
    endloop
  endfacet
  facet normal 0 0 1
    outer loop
      vertex -61.3333 -50.3 4
      vertex -64.766 -43.8 4
      vertex -61.5552 -50.3145 4
    endloop
  endfacet
  facet normal 0 0 1
    outer loop
      vertex -61.1114 -50.3145 4
      vertex -64.766 -43.8 4
      vertex -61.3333 -50.3 4
    endloop
  endfacet
  facet normal 0 0 1
    outer loop
      vertex 69.2941 35.1704 4
      vertex 68.0572 33.4776 4
      vertex 68.1 32.825 4
    endloop
  endfacet
  facet normal 0 0 1
    outer loop
      vertex 67.9296 34.1191 4
      vertex 68.6526 35.0428 4
      vertex 68 35 4
    endloop
  endfacet
  facet normal 0 0 1
    outer loop
      vertex 68.6526 35.0428 4
      vertex 67.9296 34.1191 4
      vertex 68.0572 33.4776 4
    endloop
  endfacet
  facet normal 0 0 1
    outer loop
      vertex 68 35 4
      vertex 67.7194 34.7384 4
      vertex 67.9296 34.1191 4
    endloop
  endfacet
  facet normal 0 -0 1
    outer loop
      vertex 67.7194 34.7384 4
      vertex 68 35 4
      vertex 67.5767 35.0277 4
    endloop
  endfacet
  facet normal 0 0 1
    outer loop
      vertex 77.86 -28.825 4
      vertex 72.9572 -39.3474 4
      vertex 73 -40 4
    endloop
  endfacet
  facet normal 0 0 1
    outer loop
      vertex 77.86 -28.825 4
      vertex 72.8296 -38.7059 4
      vertex 72.9572 -39.3474 4
    endloop
  endfacet
  facet normal 0 0 1
    outer loop
      vertex 77.86 -28.825 4
      vertex 72.6194 -38.0866 4
      vertex 72.8296 -38.7059 4
    endloop
  endfacet
  facet normal 0 0 1
    outer loop
      vertex 77.86 -28.825 4
      vertex 72.3301 -37.5 4
      vertex 72.6194 -38.0866 4
    endloop
  endfacet
  facet normal 0 0 1
    outer loop
      vertex 77.86 -28.825 4
      vertex 71.9668 -36.9562 4
      vertex 72.3301 -37.5 4
    endloop
  endfacet
  facet normal 0 0 1
    outer loop
      vertex 77.86 -28.825 4
      vertex 71.5355 -36.4645 4
      vertex 71.9668 -36.9562 4
    endloop
  endfacet
  facet normal 0 0 1
    outer loop
      vertex 77.86 -28.825 4
      vertex 71.0438 -36.0332 4
      vertex 71.5355 -36.4645 4
    endloop
  endfacet
  facet normal 0 0 1
    outer loop
      vertex 77.86 -28.825 4
      vertex 70.5 -35.6699 4
      vertex 71.0438 -36.0332 4
    endloop
  endfacet
  facet normal -0 0 1
    outer loop
      vertex 68.0572 -32.1724 4
      vertex 70.5 -35.6699 4
      vertex 77.86 -28.825 4
    endloop
  endfacet
  facet normal 0 0 1
    outer loop
      vertex 70.5 -35.6699 4
      vertex 68.0572 -32.1724 4
      vertex 69.9134 -35.3806 4
    endloop
  endfacet
  facet normal -0 -0 1
    outer loop
      vertex 68.1 -32.825 4
      vertex 69.9134 -35.3806 4
      vertex 68.0572 -32.1724 4
    endloop
  endfacet
  facet normal -0 0 1
    outer loop
      vertex 68.0572 -33.4776 4
      vertex 69.2941 -35.1704 4
      vertex 68.1 -32.825 4
    endloop
  endfacet
  facet normal 0 0 1
    outer loop
      vertex 69.9134 -35.3806 4
      vertex 68.1 -32.825 4
      vertex 69.2941 -35.1704 4
    endloop
  endfacet
  facet normal 0 0 1
    outer loop
      vertex 77.86 -28.825 4
      vertex 67.9296 -31.5309 4
      vertex 68.0572 -32.1724 4
    endloop
  endfacet
  facet normal 0 0 1
    outer loop
      vertex 77.86 -28.825 4
      vertex 67.7194 -30.9116 4
      vertex 67.9296 -31.5309 4
    endloop
  endfacet
  facet normal 0 0 1
    outer loop
      vertex 77.86 -28.825 4
      vertex 67.4301 -30.325 4
      vertex 67.7194 -30.9116 4
    endloop
  endfacet
  facet normal 0 0 1
    outer loop
      vertex 77.86 -28.825 4
      vertex 67.0668 -29.7812 4
      vertex 67.4301 -30.325 4
    endloop
  endfacet
  facet normal 0 0 1
    outer loop
      vertex 77.86 -28.825 4
      vertex 66.6355 -29.2895 4
      vertex 67.0668 -29.7812 4
    endloop
  endfacet
  facet normal 0 0 1
    outer loop
      vertex 77.86 -28.825 4
      vertex 66.1438 -28.8582 4
      vertex 66.6355 -29.2895 4
    endloop
  endfacet
  facet normal 0 -0 1
    outer loop
      vertex 66.1438 -28.8582 4
      vertex 77.86 -28.825 4
      vertex 66.0941 -28.825 4
    endloop
  endfacet
  facet normal 0 0 1
    outer loop
      vertex 87 60 4
      vertex 92 55 4
      vertex 91.9572 55.6526 4
    endloop
  endfacet
  facet normal 0 0 1
    outer loop
      vertex 92 55 4
      vertex 84.7 0 4
      vertex 92 -55 4
    endloop
  endfacet
  facet normal 0 0 1
    outer loop
      vertex 87 60 4
      vertex 91.9572 55.6526 4
      vertex 91.8296 56.2941 4
    endloop
  endfacet
  facet normal -0 0 1
    outer loop
      vertex 84.6855 -0.221894 4
      vertex 92 -55 4
      vertex 84.7 0 4
    endloop
  endfacet
  facet normal 0 0 1
    outer loop
      vertex 87 60 4
      vertex 91.8296 56.2941 4
      vertex 91.6194 56.9134 4
    endloop
  endfacet
  facet normal -0 0 1
    outer loop
      vertex 84.6421 -0.439992 4
      vertex 92 -55 4
      vertex 84.6855 -0.221894 4
    endloop
  endfacet
  facet normal 0 0 1
    outer loop
      vertex 87 60 4
      vertex 91.6194 56.9134 4
      vertex 91.3301 57.5 4
    endloop
  endfacet
  facet normal -0 0 1
    outer loop
      vertex 84.5706 -0.650561 4
      vertex 92 -55 4
      vertex 84.6421 -0.439992 4
    endloop
  endfacet
  facet normal 0 0 1
    outer loop
      vertex 87 60 4
      vertex 91.3301 57.5 4
      vertex 90.9668 58.0438 4
    endloop
  endfacet
  facet normal -0 0 1
    outer loop
      vertex 84.4722 -0.849999 4
      vertex 92 -55 4
      vertex 84.5706 -0.650561 4
    endloop
  endfacet
  facet normal 0 0 1
    outer loop
      vertex 87 60 4
      vertex 90.9668 58.0438 4
      vertex 90.5355 58.5355 4
    endloop
  endfacet
  facet normal -0 0 1
    outer loop
      vertex 77.86 -28.825 4
      vertex 92 -55 4
      vertex 84.4722 -0.849999 4
    endloop
  endfacet
  facet normal 0 0 1
    outer loop
      vertex 87 60 4
      vertex 90.5355 58.5355 4
      vertex 90.0438 58.9668 4
    endloop
  endfacet
  facet normal -0 0 1
    outer loop
      vertex 73 -40 4
      vertex 92 -55 4
      vertex 77.86 -28.825 4
    endloop
  endfacet
  facet normal 0 0 1
    outer loop
      vertex 87 60 4
      vertex 90.0438 58.9668 4
      vertex 89.5 59.3301 4
    endloop
  endfacet
  facet normal -0 0 1
    outer loop
      vertex 72.9572 -40.6526 4
      vertex 92 -55 4
      vertex 73 -40 4
    endloop
  endfacet
  facet normal 0 0 1
    outer loop
      vertex 87 60 4
      vertex 89.5 59.3301 4
      vertex 88.9134 59.6194 4
    endloop
  endfacet
  facet normal -0 0 1
    outer loop
      vertex 72.8296 -41.2941 4
      vertex 92 -55 4
      vertex 72.9572 -40.6526 4
    endloop
  endfacet
  facet normal 0 0 1
    outer loop
      vertex 87 60 4
      vertex 88.9134 59.6194 4
      vertex 88.2941 59.8296 4
    endloop
  endfacet
  facet normal -0 0 1
    outer loop
      vertex 72.6194 -41.9134 4
      vertex 92 -55 4
      vertex 72.8296 -41.2941 4
    endloop
  endfacet
  facet normal 0 0 1
    outer loop
      vertex 87 60 4
      vertex 88.2941 59.8296 4
      vertex 87.6526 59.9572 4
    endloop
  endfacet
  facet normal -0 0 1
    outer loop
      vertex 72.3301 -42.5 4
      vertex 92 -55 4
      vertex 72.6194 -41.9134 4
    endloop
  endfacet
  facet normal 0 0 1
    outer loop
      vertex 71.9668 43.0438 4
      vertex 92 55 4
      vertex 87 60 4
    endloop
  endfacet
  facet normal -0 0 1
    outer loop
      vertex 71.9668 -43.0438 4
      vertex 92 -55 4
      vertex 72.3301 -42.5 4
    endloop
  endfacet
  facet normal 0 0 1
    outer loop
      vertex 92 -55 4
      vertex 87 -60 4
      vertex 91.9572 -55.6526 4
    endloop
  endfacet
  facet normal 0 0 1
    outer loop
      vertex 92 55 4
      vertex 84.6855 0.221894 4
      vertex 84.7 0 4
    endloop
  endfacet
  facet normal 0 0 1
    outer loop
      vertex 92 55 4
      vertex 84.6421 0.439992 4
      vertex 84.6855 0.221894 4
    endloop
  endfacet
  facet normal 0 0 1
    outer loop
      vertex 92 55 4
      vertex 84.5706 0.650561 4
      vertex 84.6421 0.439992 4
    endloop
  endfacet
  facet normal 0 0 1
    outer loop
      vertex 92 55 4
      vertex 84.4722 0.849999 4
      vertex 84.5706 0.650561 4
    endloop
  endfacet
  facet normal 0 0 1
    outer loop
      vertex 92 55 4
      vertex 77.86 28.825 4
      vertex 84.4722 0.849999 4
    endloop
  endfacet
  facet normal 0 0 1
    outer loop
      vertex 84.4722 0.849999 4
      vertex 77.86 28.825 4
      vertex 84.3487 1.03489 4
    endloop
  endfacet
  facet normal 0 0 1
    outer loop
      vertex 84.3487 1.03489 4
      vertex 77.86 28.825 4
      vertex 84.2021 1.20208 4
    endloop
  endfacet
  facet normal 0 0 1
    outer loop
      vertex 84.2021 1.20208 4
      vertex 77.86 28.825 4
      vertex 84.0349 1.3487 4
    endloop
  endfacet
  facet normal 0 0 1
    outer loop
      vertex 84.0349 1.3487 4
      vertex 77.86 28.825 4
      vertex 83.85 1.47224 4
    endloop
  endfacet
  facet normal 0 0 1
    outer loop
      vertex 83.85 1.47224 4
      vertex 77.86 28.825 4
      vertex 83.6506 1.57059 4
    endloop
  endfacet
  facet normal 0 0 1
    outer loop
      vertex 83.6506 1.57059 4
      vertex 77.86 28.825 4
      vertex 83.44 1.64207 4
    endloop
  endfacet
  facet normal 0 0 1
    outer loop
      vertex 83.44 1.64207 4
      vertex 77.86 28.825 4
      vertex 83.2219 1.68546 4
    endloop
  endfacet
  facet normal 0 0 1
    outer loop
      vertex 83.2219 1.68546 4
      vertex 77.86 28.825 4
      vertex 83 1.7 4
    endloop
  endfacet
  facet normal 0 0 1
    outer loop
      vertex 83 1.7 4
      vertex 77.86 28.825 4
      vertex 82.7781 1.68546 4
    endloop
  endfacet
  facet normal 0 0 1
    outer loop
      vertex 82.7781 1.68546 4
      vertex 77.86 28.825 4
      vertex 82.56 1.64207 4
    endloop
  endfacet
  facet normal 0 0 1
    outer loop
      vertex 82.56 1.64207 4
      vertex 77.86 28.825 4
      vertex 82.3494 1.57059 4
    endloop
  endfacet
  facet normal 0 0 1
    outer loop
      vertex 82.3494 1.57059 4
      vertex 77.86 28.825 4
      vertex 82.15 1.47224 4
    endloop
  endfacet
  facet normal 0 0 1
    outer loop
      vertex 82.15 1.47224 4
      vertex 77.86 28.825 4
      vertex 81.9651 1.3487 4
    endloop
  endfacet
  facet normal 0 0 1
    outer loop
      vertex 81.9651 1.3487 4
      vertex 77.86 28.825 4
      vertex 81.7979 1.20208 4
    endloop
  endfacet
  facet normal 0 0 1
    outer loop
      vertex 81.7979 1.20208 4
      vertex 77.86 28.825 4
      vertex 81.6513 1.03489 4
    endloop
  endfacet
  facet normal 0 0 1
    outer loop
      vertex 81.6513 1.03489 4
      vertex 77.86 28.825 4
      vertex 81.5278 0.849999 4
    endloop
  endfacet
  facet normal 0 0 1
    outer loop
      vertex 81.5278 0.849999 4
      vertex 77.86 28.825 4
      vertex 81.4294 0.650561 4
    endloop
  endfacet
  facet normal 0 0 1
    outer loop
      vertex 81.4294 0.650561 4
      vertex 77.86 28.825 4
      vertex 81.3579 0.439992 4
    endloop
  endfacet
  facet normal 0 0 1
    outer loop
      vertex 81.3145 0.221894 4
      vertex 77.86 28.825 4
      vertex 81.3 0 4
    endloop
  endfacet
  facet normal 0 0 1
    outer loop
      vertex 81.3579 0.439992 4
      vertex 77.86 28.825 4
      vertex 81.3145 0.221894 4
    endloop
  endfacet
  facet normal 0 0 1
    outer loop
      vertex 92 55 4
      vertex 73 40 4
      vertex 77.86 28.825 4
    endloop
  endfacet
  facet normal 0 0 1
    outer loop
      vertex 92 55 4
      vertex 72.9572 40.6526 4
      vertex 73 40 4
    endloop
  endfacet
  facet normal 0 0 1
    outer loop
      vertex 92 55 4
      vertex 72.8296 41.2941 4
      vertex 72.9572 40.6526 4
    endloop
  endfacet
  facet normal 0 0 1
    outer loop
      vertex 92 55 4
      vertex 72.6194 41.9134 4
      vertex 72.8296 41.2941 4
    endloop
  endfacet
  facet normal 0 0 1
    outer loop
      vertex 92 55 4
      vertex 72.3301 42.5 4
      vertex 72.6194 41.9134 4
    endloop
  endfacet
  facet normal 0 0 1
    outer loop
      vertex 92 55 4
      vertex 71.9668 43.0438 4
      vertex 72.3301 42.5 4
    endloop
  endfacet
  facet normal 0 0 1
    outer loop
      vertex 87 60 4
      vertex 71.5355 43.5355 4
      vertex 71.9668 43.0438 4
    endloop
  endfacet
  facet normal 0 0 1
    outer loop
      vertex 87 60 4
      vertex 71.0438 43.9668 4
      vertex 71.5355 43.5355 4
    endloop
  endfacet
  facet normal 0 0 1
    outer loop
      vertex 87 60 4
      vertex 70.5 44.3301 4
      vertex 71.0438 43.9668 4
    endloop
  endfacet
  facet normal 0 0 1
    outer loop
      vertex 87 60 4
      vertex 69.9134 44.6194 4
      vertex 70.5 44.3301 4
    endloop
  endfacet
  facet normal -0 0 1
    outer loop
      vertex 62.9754 52.44 4
      vertex 69.9134 44.6194 4
      vertex 87 60 4
    endloop
  endfacet
  facet normal -0 -0 1
    outer loop
      vertex 63.0188 52.2219 4
      vertex 69.9134 44.6194 4
      vertex 62.9754 52.44 4
    endloop
  endfacet
  facet normal 0 0 1
    outer loop
      vertex 69.9134 44.6194 4
      vertex 63.0188 52.2219 4
      vertex 69.2941 44.8296 4
    endloop
  endfacet
  facet normal -0 -0 1
    outer loop
      vertex 63.0333 52 4
      vertex 69.2941 44.8296 4
      vertex 63.0188 52.2219 4
    endloop
  endfacet
  facet normal -0 0 1
    outer loop
      vertex 63.0188 51.7781 4
      vertex 68.6526 44.9572 4
      vertex 63.0333 52 4
    endloop
  endfacet
  facet normal 0 0 1
    outer loop
      vertex 68.6526 44.9572 4
      vertex 63.0188 51.7781 4
      vertex 68 45 4
    endloop
  endfacet
  facet normal -0 0 1
    outer loop
      vertex 62.9039 51.3494 4
      vertex 68 45 4
      vertex 62.9754 51.56 4
    endloop
  endfacet
  facet normal 0 0 1
    outer loop
      vertex 68 45 4
      vertex 62.9039 51.3494 4
      vertex 67.3474 44.9572 4
    endloop
  endfacet
  facet normal 0 0 1
    outer loop
      vertex 67.3474 44.9572 4
      vertex 62.8056 51.15 4
      vertex 66.7059 44.8296 4
    endloop
  endfacet
  facet normal -0 0 1
    outer loop
      vertex 62.8056 51.15 4
      vertex 67.3474 44.9572 4
      vertex 62.9039 51.3494 4
    endloop
  endfacet
  facet normal -0 0 1
    outer loop
      vertex 62.9754 51.56 4
      vertex 68 45 4
      vertex 63.0188 51.7781 4
    endloop
  endfacet
  facet normal 0 0 1
    outer loop
      vertex 69.2941 44.8296 4
      vertex 63.0333 52 4
      vertex 68.6526 44.9572 4
    endloop
  endfacet
  facet normal 0 0 1
    outer loop
      vertex 87 60 4
      vertex 62.9039 52.6506 4
      vertex 62.9754 52.44 4
    endloop
  endfacet
  facet normal 0 0 1
    outer loop
      vertex 87 60 4
      vertex 62.8056 52.85 4
      vertex 62.9039 52.6506 4
    endloop
  endfacet
  facet normal 0 0 1
    outer loop
      vertex 87 60 4
      vertex 62.682 53.0349 4
      vertex 62.8056 52.85 4
    endloop
  endfacet
  facet normal 0 0 1
    outer loop
      vertex 87 60 4
      vertex 62.5354 53.2021 4
      vertex 62.682 53.0349 4
    endloop
  endfacet
  facet normal 0 0 1
    outer loop
      vertex 87 60 4
      vertex 62.3682 53.3487 4
      vertex 62.5354 53.2021 4
    endloop
  endfacet
  facet normal 0 0 1
    outer loop
      vertex 87 60 4
      vertex 62.1833 53.4722 4
      vertex 62.3682 53.3487 4
    endloop
  endfacet
  facet normal 0 0 1
    outer loop
      vertex 87 60 4
      vertex 61.9839 53.5706 4
      vertex 62.1833 53.4722 4
    endloop
  endfacet
  facet normal 0 0 1
    outer loop
      vertex 87 60 4
      vertex 61.7733 53.6421 4
      vertex 61.9839 53.5706 4
    endloop
  endfacet
  facet normal 0 0 1
    outer loop
      vertex 87 60 4
      vertex 61.5552 53.6855 4
      vertex 61.7733 53.6421 4
    endloop
  endfacet
  facet normal 0 0 1
    outer loop
      vertex 87 60 4
      vertex 61.3333 53.7 4
      vertex 61.5552 53.6855 4
    endloop
  endfacet
  facet normal 0 0 1
    outer loop
      vertex 87 60 4
      vertex 61.1114 53.6855 4
      vertex 61.3333 53.7 4
    endloop
  endfacet
  facet normal 0 0 1
    outer loop
      vertex 87 60 4
      vertex 60.8933 53.6421 4
      vertex 61.1114 53.6855 4
    endloop
  endfacet
  facet normal 0 0 1
    outer loop
      vertex 59.6479 52.2219 4
      vertex -59.6333 52 4
      vertex 59.6333 52 4
    endloop
  endfacet
  facet normal 0 0 1
    outer loop
      vertex -59.6479 52.2219 4
      vertex 59.6479 52.2219 4
      vertex 59.6913 52.44 4
    endloop
  endfacet
  facet normal 0 0 1
    outer loop
      vertex -59.6913 52.44 4
      vertex 59.6913 52.44 4
      vertex 59.7627 52.6506 4
    endloop
  endfacet
  facet normal 0 0 1
    outer loop
      vertex -59.7627 52.6506 4
      vertex 59.7627 52.6506 4
      vertex 59.8611 52.85 4
    endloop
  endfacet
  facet normal 0 0 1
    outer loop
      vertex -59.8611 52.85 4
      vertex 59.8611 52.85 4
      vertex 59.9846 53.0349 4
    endloop
  endfacet
  facet normal 0 0 1
    outer loop
      vertex -59.9846 53.0349 4
      vertex 59.9846 53.0349 4
      vertex 60.1313 53.2021 4
    endloop
  endfacet
  facet normal 0 0 1
    outer loop
      vertex -60.1313 53.2021 4
      vertex 60.1313 53.2021 4
      vertex 60.2984 53.3487 4
    endloop
  endfacet
  facet normal 0 0 1
    outer loop
      vertex -60.2984 53.3487 4
      vertex 60.2984 53.3487 4
      vertex 60.4833 53.4722 4
    endloop
  endfacet
  facet normal 0 0 1
    outer loop
      vertex -60.4833 53.4722 4
      vertex 60.4833 53.4722 4
      vertex 60.6828 53.5706 4
    endloop
  endfacet
  facet normal 0 0 1
    outer loop
      vertex -60.6828 53.5706 4
      vertex 60.6828 53.5706 4
      vertex 60.8933 53.6421 4
    endloop
  endfacet
  facet normal 0 0 1
    outer loop
      vertex -60.8933 53.6421 4
      vertex 60.8933 53.6421 4
      vertex 87 60 4
    endloop
  endfacet
  facet normal 0 0 1
    outer loop
      vertex 59.6479 52.2219 4
      vertex -59.6479 52.2219 4
      vertex -59.6333 52 4
    endloop
  endfacet
  facet normal 0 0 1
    outer loop
      vertex 59.6913 52.44 4
      vertex -59.6913 52.44 4
      vertex -59.6479 52.2219 4
    endloop
  endfacet
  facet normal 0 0 1
    outer loop
      vertex 59.7627 52.6506 4
      vertex -59.7627 52.6506 4
      vertex -59.6913 52.44 4
    endloop
  endfacet
  facet normal 0 0 1
    outer loop
      vertex 59.8611 52.85 4
      vertex -59.8611 52.85 4
      vertex -59.7627 52.6506 4
    endloop
  endfacet
  facet normal 0 0 1
    outer loop
      vertex 59.9846 53.0349 4
      vertex -59.9846 53.0349 4
      vertex -59.8611 52.85 4
    endloop
  endfacet
  facet normal 0 0 1
    outer loop
      vertex 60.1313 53.2021 4
      vertex -60.1313 53.2021 4
      vertex -59.9846 53.0349 4
    endloop
  endfacet
  facet normal 0 0 1
    outer loop
      vertex 60.2984 53.3487 4
      vertex -60.2984 53.3487 4
      vertex -60.1313 53.2021 4
    endloop
  endfacet
  facet normal 0 0 1
    outer loop
      vertex 60.4833 53.4722 4
      vertex -60.4833 53.4722 4
      vertex -60.2984 53.3487 4
    endloop
  endfacet
  facet normal 0 0 1
    outer loop
      vertex 60.6828 53.5706 4
      vertex -60.6828 53.5706 4
      vertex -60.4833 53.4722 4
    endloop
  endfacet
  facet normal 0 0 1
    outer loop
      vertex 60.8933 53.6421 4
      vertex -60.8933 53.6421 4
      vertex -60.6828 53.5706 4
    endloop
  endfacet
  facet normal 0 0 1
    outer loop
      vertex 87 60 4
      vertex -61.1114 53.6855 4
      vertex -60.8933 53.6421 4
    endloop
  endfacet
  facet normal -0 0 1
    outer loop
      vertex -87 60 4
      vertex -61.1114 53.6855 4
      vertex 87 60 4
    endloop
  endfacet
  facet normal 0 0 1
    outer loop
      vertex -69.2941 44.8296 4
      vertex -63.0333 52 4
      vertex -63.0188 52.2219 4
    endloop
  endfacet
  facet normal 0 0 1
    outer loop
      vertex -69.9134 44.6194 4
      vertex -63.0188 52.2219 4
      vertex -62.9754 52.44 4
    endloop
  endfacet
  facet normal 0 0 1
    outer loop
      vertex -63.0333 52 4
      vertex -64.9562 43.9668 4
      vertex -64.766 43.8 4
    endloop
  endfacet
  facet normal 0 0 1
    outer loop
      vertex -63.0333 52 4
      vertex -65.5 44.3301 4
      vertex -64.9562 43.9668 4
    endloop
  endfacet
  facet normal 0 0 1
    outer loop
      vertex -63.0333 52 4
      vertex -66.0866 44.6194 4
      vertex -65.5 44.3301 4
    endloop
  endfacet
  facet normal 0 0 1
    outer loop
      vertex -87 60 4
      vertex -62.9754 52.44 4
      vertex -62.9039 52.6506 4
    endloop
  endfacet
  facet normal 0 0 1
    outer loop
      vertex -63.0333 52 4
      vertex -66.7059 44.8296 4
      vertex -66.0866 44.6194 4
    endloop
  endfacet
  facet normal 0 0 1
    outer loop
      vertex -63.0333 52 4
      vertex -67.3474 44.9572 4
      vertex -66.7059 44.8296 4
    endloop
  endfacet
  facet normal 0 0 1
    outer loop
      vertex -87 60 4
      vertex -62.9039 52.6506 4
      vertex -62.8056 52.85 4
    endloop
  endfacet
  facet normal 0 0 1
    outer loop
      vertex -63.0333 52 4
      vertex -68 45 4
      vertex -67.3474 44.9572 4
    endloop
  endfacet
  facet normal 0 0 1
    outer loop
      vertex -63.0333 52 4
      vertex -68.6526 44.9572 4
      vertex -68 45 4
    endloop
  endfacet
  facet normal 0 0 1
    outer loop
      vertex -87 60 4
      vertex -62.8056 52.85 4
      vertex -62.682 53.0349 4
    endloop
  endfacet
  facet normal 0 0 1
    outer loop
      vertex -63.0333 52 4
      vertex -69.2941 44.8296 4
      vertex -68.6526 44.9572 4
    endloop
  endfacet
  facet normal 0 0 1
    outer loop
      vertex -63.0188 52.2219 4
      vertex -69.9134 44.6194 4
      vertex -69.2941 44.8296 4
    endloop
  endfacet
  facet normal 0 0 1
    outer loop
      vertex -62.9754 52.44 4
      vertex -87 60 4
      vertex -69.9134 44.6194 4
    endloop
  endfacet
  facet normal 0 0 1
    outer loop
      vertex -87 60 4
      vertex -62.682 53.0349 4
      vertex -62.5354 53.2021 4
    endloop
  endfacet
  facet normal 0 0 1
    outer loop
      vertex -69.9134 44.6194 4
      vertex -87 60 4
      vertex -70.5 44.3301 4
    endloop
  endfacet
  facet normal 0 0 1
    outer loop
      vertex -70.5 44.3301 4
      vertex -87 60 4
      vertex -71.0438 43.9668 4
    endloop
  endfacet
  facet normal 0 0 1
    outer loop
      vertex -92 55 4
      vertex -73 40 4
      vertex -72.9572 40.6526 4
    endloop
  endfacet
  facet normal 0 0 1
    outer loop
      vertex -92 55 4
      vertex -72.9572 40.6526 4
      vertex -72.8296 41.2941 4
    endloop
  endfacet
  facet normal 0 0 1
    outer loop
      vertex -92 55 4
      vertex -72.8296 41.2941 4
      vertex -72.6194 41.9134 4
    endloop
  endfacet
  facet normal 0 0 1
    outer loop
      vertex -77.86 28.825 4
      vertex -81.3 0 4
      vertex -77.86 -28.825 4
    endloop
  endfacet
  facet normal 0 0 1
    outer loop
      vertex -77.86 28.825 4
      vertex -81.3145 0.221894 4
      vertex -81.3 0 4
    endloop
  endfacet
  facet normal 0 0 1
    outer loop
      vertex -77.86 28.825 4
      vertex -81.3579 0.439992 4
      vertex -81.3145 0.221894 4
    endloop
  endfacet
  facet normal 0 0 1
    outer loop
      vertex -77.86 28.825 4
      vertex -81.4294 0.650561 4
      vertex -81.3579 0.439992 4
    endloop
  endfacet
  facet normal 0 0 1
    outer loop
      vertex -77.86 28.825 4
      vertex -81.5278 0.849999 4
      vertex -81.4294 0.650561 4
    endloop
  endfacet
  facet normal 0 0 1
    outer loop
      vertex -77.86 28.825 4
      vertex -81.6513 1.03489 4
      vertex -81.5278 0.849999 4
    endloop
  endfacet
  facet normal 0 0 1
    outer loop
      vertex -77.86 28.825 4
      vertex -81.7979 1.20208 4
      vertex -81.6513 1.03489 4
    endloop
  endfacet
  facet normal 0 0 1
    outer loop
      vertex -77.86 28.825 4
      vertex -81.9651 1.3487 4
      vertex -81.7979 1.20208 4
    endloop
  endfacet
  facet normal 0 0 1
    outer loop
      vertex -77.86 28.825 4
      vertex -82.15 1.47224 4
      vertex -81.9651 1.3487 4
    endloop
  endfacet
  facet normal 0 0 1
    outer loop
      vertex -77.86 28.825 4
      vertex -82.3494 1.57059 4
      vertex -82.15 1.47224 4
    endloop
  endfacet
  facet normal 0 0 1
    outer loop
      vertex -77.86 28.825 4
      vertex -82.56 1.64207 4
      vertex -82.3494 1.57059 4
    endloop
  endfacet
  facet normal 0 0 1
    outer loop
      vertex -77.86 28.825 4
      vertex -82.7781 1.68546 4
      vertex -82.56 1.64207 4
    endloop
  endfacet
  facet normal 0 0 1
    outer loop
      vertex -77.86 28.825 4
      vertex -83 1.7 4
      vertex -82.7781 1.68546 4
    endloop
  endfacet
  facet normal 0 0 1
    outer loop
      vertex -77.86 28.825 4
      vertex -83.2219 1.68546 4
      vertex -83 1.7 4
    endloop
  endfacet
  facet normal 0 0 1
    outer loop
      vertex -77.86 28.825 4
      vertex -83.44 1.64207 4
      vertex -83.2219 1.68546 4
    endloop
  endfacet
  facet normal 0 0 1
    outer loop
      vertex -77.86 28.825 4
      vertex -83.6506 1.57059 4
      vertex -83.44 1.64207 4
    endloop
  endfacet
  facet normal 0 0 1
    outer loop
      vertex -77.86 28.825 4
      vertex -83.85 1.47224 4
      vertex -83.6506 1.57059 4
    endloop
  endfacet
  facet normal 0 0 1
    outer loop
      vertex -77.86 28.825 4
      vertex -84.0349 1.3487 4
      vertex -83.85 1.47224 4
    endloop
  endfacet
  facet normal 0 0 1
    outer loop
      vertex -77.86 28.825 4
      vertex -84.2021 1.20208 4
      vertex -84.0349 1.3487 4
    endloop
  endfacet
  facet normal 0 0 1
    outer loop
      vertex -77.86 28.825 4
      vertex -84.3487 1.03489 4
      vertex -84.2021 1.20208 4
    endloop
  endfacet
  facet normal 0 0 1
    outer loop
      vertex -77.86 28.825 4
      vertex -84.4722 0.849999 4
      vertex -84.3487 1.03489 4
    endloop
  endfacet
  facet normal 0 0 1
    outer loop
      vertex -92 55 4
      vertex -84.4722 0.849999 4
      vertex -77.86 28.825 4
    endloop
  endfacet
  facet normal 0 0 1
    outer loop
      vertex -84.4722 0.849999 4
      vertex -92 55 4
      vertex -84.5706 0.650561 4
    endloop
  endfacet
  facet normal 0 0 1
    outer loop
      vertex -84.6421 0.439992 4
      vertex -92 55 4
      vertex -84.6855 0.221894 4
    endloop
  endfacet
  facet normal 0 0 1
    outer loop
      vertex -84.5706 0.650561 4
      vertex -92 55 4
      vertex -84.6421 0.439992 4
    endloop
  endfacet
  facet normal 0 0 1
    outer loop
      vertex -73 40 4
      vertex -92 55 4
      vertex -77.86 28.825 4
    endloop
  endfacet
  facet normal 0 0 1
    outer loop
      vertex -72.3301 42.5 4
      vertex -92 55 4
      vertex -72.6194 41.9134 4
    endloop
  endfacet
  facet normal 0 0 1
    outer loop
      vertex -71.9668 43.0438 4
      vertex -92 55 4
      vertex -72.3301 42.5 4
    endloop
  endfacet
  facet normal -0 0 1
    outer loop
      vertex -92 55 4
      vertex -71.9668 43.0438 4
      vertex -87 60 4
    endloop
  endfacet
  facet normal 0 0 1
    outer loop
      vertex -71.5355 43.5355 4
      vertex -87 60 4
      vertex -71.9668 43.0438 4
    endloop
  endfacet
  facet normal 0 0 1
    outer loop
      vertex -71.0438 43.9668 4
      vertex -87 60 4
      vertex -71.5355 43.5355 4
    endloop
  endfacet
  facet normal 0 0 1
    outer loop
      vertex -62.3682 53.3487 4
      vertex -87 60 4
      vertex -62.5354 53.2021 4
    endloop
  endfacet
  facet normal 0 0 1
    outer loop
      vertex -62.1833 53.4722 4
      vertex -87 60 4
      vertex -62.3682 53.3487 4
    endloop
  endfacet
  facet normal 0 0 1
    outer loop
      vertex -61.9839 53.5706 4
      vertex -87 60 4
      vertex -62.1833 53.4722 4
    endloop
  endfacet
  facet normal 0 0 1
    outer loop
      vertex -61.7733 53.6421 4
      vertex -87 60 4
      vertex -61.9839 53.5706 4
    endloop
  endfacet
  facet normal 0 0 1
    outer loop
      vertex -61.5552 53.6855 4
      vertex -87 60 4
      vertex -61.7733 53.6421 4
    endloop
  endfacet
  facet normal 0 0 1
    outer loop
      vertex -61.3333 53.7 4
      vertex -87 60 4
      vertex -61.5552 53.6855 4
    endloop
  endfacet
  facet normal 0 0 1
    outer loop
      vertex -61.1114 53.6855 4
      vertex -87 60 4
      vertex -61.3333 53.7 4
    endloop
  endfacet
  facet normal 0 0 1
    outer loop
      vertex 91.9572 -55.6526 4
      vertex 87 -60 4
      vertex 91.8296 -56.2941 4
    endloop
  endfacet
  facet normal 0 0 1
    outer loop
      vertex 91.8296 -56.2941 4
      vertex 87 -60 4
      vertex 91.6194 -56.9134 4
    endloop
  endfacet
  facet normal 0 0 1
    outer loop
      vertex 91.6194 -56.9134 4
      vertex 87 -60 4
      vertex 91.3301 -57.5 4
    endloop
  endfacet
  facet normal 0 0 1
    outer loop
      vertex 90.9668 -58.0438 4
      vertex 87 -60 4
      vertex 90.5355 -58.5355 4
    endloop
  endfacet
  facet normal 0 0 1
    outer loop
      vertex 77.86 -28.825 4
      vertex 84.4722 -0.849999 4
      vertex 84.3487 -1.03489 4
    endloop
  endfacet
  facet normal 0 0 1
    outer loop
      vertex 77.86 -28.825 4
      vertex 84.3487 -1.03489 4
      vertex 84.2021 -1.20208 4
    endloop
  endfacet
  facet normal 0 0 1
    outer loop
      vertex 77.86 -28.825 4
      vertex 84.2021 -1.20208 4
      vertex 84.0349 -1.3487 4
    endloop
  endfacet
  facet normal 0 0 1
    outer loop
      vertex 77.86 -28.825 4
      vertex 84.0349 -1.3487 4
      vertex 83.85 -1.47224 4
    endloop
  endfacet
  facet normal 0 0 1
    outer loop
      vertex 77.86 -28.825 4
      vertex 83.85 -1.47224 4
      vertex 83.6506 -1.57059 4
    endloop
  endfacet
  facet normal 0 0 1
    outer loop
      vertex 77.86 -28.825 4
      vertex 83.6506 -1.57059 4
      vertex 83.44 -1.64207 4
    endloop
  endfacet
  facet normal 0 0 1
    outer loop
      vertex 77.86 -28.825 4
      vertex 83.44 -1.64207 4
      vertex 83.2219 -1.68546 4
    endloop
  endfacet
  facet normal 0 0 1
    outer loop
      vertex 77.86 -28.825 4
      vertex 83.2219 -1.68546 4
      vertex 83 -1.7 4
    endloop
  endfacet
  facet normal 0 0 1
    outer loop
      vertex 77.86 -28.825 4
      vertex 83 -1.7 4
      vertex 82.7781 -1.68546 4
    endloop
  endfacet
  facet normal 0 0 1
    outer loop
      vertex 77.86 -28.825 4
      vertex 82.7781 -1.68546 4
      vertex 82.56 -1.64207 4
    endloop
  endfacet
  facet normal 0 0 1
    outer loop
      vertex 77.86 -28.825 4
      vertex 82.56 -1.64207 4
      vertex 82.3494 -1.57059 4
    endloop
  endfacet
  facet normal 0 0 1
    outer loop
      vertex 77.86 -28.825 4
      vertex 82.3494 -1.57059 4
      vertex 82.15 -1.47224 4
    endloop
  endfacet
  facet normal 0 0 1
    outer loop
      vertex 77.86 -28.825 4
      vertex 82.15 -1.47224 4
      vertex 81.9651 -1.3487 4
    endloop
  endfacet
  facet normal 0 0 1
    outer loop
      vertex 77.86 -28.825 4
      vertex 81.9651 -1.3487 4
      vertex 81.7979 -1.20208 4
    endloop
  endfacet
  facet normal 0 0 1
    outer loop
      vertex 77.86 -28.825 4
      vertex 81.7979 -1.20208 4
      vertex 81.6513 -1.03489 4
    endloop
  endfacet
  facet normal 0 0 1
    outer loop
      vertex 77.86 -28.825 4
      vertex 81.6513 -1.03489 4
      vertex 81.5278 -0.849999 4
    endloop
  endfacet
  facet normal 0 0 1
    outer loop
      vertex 77.86 -28.825 4
      vertex 81.5278 -0.849999 4
      vertex 81.4294 -0.650561 4
    endloop
  endfacet
  facet normal 0 0 1
    outer loop
      vertex 77.86 -28.825 4
      vertex 81.4294 -0.650561 4
      vertex 81.3579 -0.439992 4
    endloop
  endfacet
  facet normal 0 0 1
    outer loop
      vertex 77.86 -28.825 4
      vertex 81.3579 -0.439992 4
      vertex 81.3145 -0.221894 4
    endloop
  endfacet
  facet normal 0 0 1
    outer loop
      vertex 77.86 -28.825 4
      vertex 81.3 0 4
      vertex 77.86 28.825 4
    endloop
  endfacet
  facet normal 0 0 1
    outer loop
      vertex 81.3 0 4
      vertex 77.86 -28.825 4
      vertex 81.3145 -0.221894 4
    endloop
  endfacet
  facet normal 0 0 1
    outer loop
      vertex 90.5355 -58.5355 4
      vertex 87 -60 4
      vertex 90.0438 -58.9668 4
    endloop
  endfacet
  facet normal 0 0 1
    outer loop
      vertex 90.0438 -58.9668 4
      vertex 87 -60 4
      vertex 89.5 -59.3301 4
    endloop
  endfacet
  facet normal 0 0 1
    outer loop
      vertex 88.9134 -59.6194 4
      vertex 87 -60 4
      vertex 88.2941 -59.8296 4
    endloop
  endfacet
  facet normal 0 0 1
    outer loop
      vertex 88.2941 -59.8296 4
      vertex 87 -60 4
      vertex 87.6526 -59.9572 4
    endloop
  endfacet
  facet normal 0 0 1
    outer loop
      vertex 89.5 -59.3301 4
      vertex 87 -60 4
      vertex 88.9134 -59.6194 4
    endloop
  endfacet
  facet normal 0 0 1
    outer loop
      vertex 91.3301 -57.5 4
      vertex 87 -60 4
      vertex 90.9668 -58.0438 4
    endloop
  endfacet
  facet normal 0 0 1
    outer loop
      vertex 92 -55 4
      vertex 71.9668 -43.0438 4
      vertex 87 -60 4
    endloop
  endfacet
  facet normal -0 0 1
    outer loop
      vertex 71.5355 -43.5355 4
      vertex 87 -60 4
      vertex 71.9668 -43.0438 4
    endloop
  endfacet
  facet normal -0 0 1
    outer loop
      vertex 71.0438 -43.9668 4
      vertex 87 -60 4
      vertex 71.5355 -43.5355 4
    endloop
  endfacet
  facet normal -0 0 1
    outer loop
      vertex 70.5 -44.3301 4
      vertex 87 -60 4
      vertex 71.0438 -43.9668 4
    endloop
  endfacet
  facet normal -0 0 1
    outer loop
      vertex 69.9134 -44.6194 4
      vertex 87 -60 4
      vertex 70.5 -44.3301 4
    endloop
  endfacet
  facet normal 0 0 1
    outer loop
      vertex 63.0188 -52.2219 4
      vertex 69.9134 -44.6194 4
      vertex 69.2941 -44.8296 4
    endloop
  endfacet
  facet normal 0 0 1
    outer loop
      vertex 63.0333 -52 4
      vertex 69.2941 -44.8296 4
      vertex 68.6526 -44.9572 4
    endloop
  endfacet
  facet normal 0 0 1
    outer loop
      vertex 63.0188 -51.7781 4
      vertex 68.6526 -44.9572 4
      vertex 68 -45 4
    endloop
  endfacet
  facet normal 0 0 1
    outer loop
      vertex 63.0188 -51.7781 4
      vertex 68 -45 4
      vertex 67.3474 -44.9572 4
    endloop
  endfacet
  facet normal 0 0 1
    outer loop
      vertex 63.0188 -51.7781 4
      vertex 67.3474 -44.9572 4
      vertex 66.7059 -44.8296 4
    endloop
  endfacet
  facet normal 0 0 1
    outer loop
      vertex 63.0188 -51.7781 4
      vertex 66.7059 -44.8296 4
      vertex 66.0866 -44.6194 4
    endloop
  endfacet
  facet normal 0 0 1
    outer loop
      vertex 63.0188 -51.7781 4
      vertex 66.0866 -44.6194 4
      vertex 65.5 -44.3301 4
    endloop
  endfacet
  facet normal 0 0 1
    outer loop
      vertex 63.0188 -51.7781 4
      vertex 65.5 -44.3301 4
      vertex 64.9562 -43.9668 4
    endloop
  endfacet
  facet normal 0 0 1
    outer loop
      vertex 61.7733 -50.3579 4
      vertex 64.9562 -43.9668 4
      vertex 64.766 -43.8 4
    endloop
  endfacet
  facet normal 0 0 1
    outer loop
      vertex 69.2941 -44.8296 4
      vertex 63.0333 -52 4
      vertex 63.0188 -52.2219 4
    endloop
  endfacet
  facet normal 0 0 1
    outer loop
      vertex 69.9134 -44.6194 4
      vertex 63.0188 -52.2219 4
      vertex 62.9754 -52.44 4
    endloop
  endfacet
  facet normal 0 0 1
    outer loop
      vertex 69.9134 -44.6194 4
      vertex 62.9754 -52.44 4
      vertex 87 -60 4
    endloop
  endfacet
  facet normal -0 0 1
    outer loop
      vertex 62.9039 -52.6506 4
      vertex 87 -60 4
      vertex 62.9754 -52.44 4
    endloop
  endfacet
  facet normal -0 0 1
    outer loop
      vertex 62.8056 -52.85 4
      vertex 87 -60 4
      vertex 62.9039 -52.6506 4
    endloop
  endfacet
  facet normal -0 0 1
    outer loop
      vertex 62.682 -53.0349 4
      vertex 87 -60 4
      vertex 62.8056 -52.85 4
    endloop
  endfacet
  facet normal -0 0 1
    outer loop
      vertex 62.5354 -53.2021 4
      vertex 87 -60 4
      vertex 62.682 -53.0349 4
    endloop
  endfacet
  facet normal -0 0 1
    outer loop
      vertex 62.3682 -53.3487 4
      vertex 87 -60 4
      vertex 62.5354 -53.2021 4
    endloop
  endfacet
  facet normal -0 0 1
    outer loop
      vertex 62.1833 -53.4722 4
      vertex 87 -60 4
      vertex 62.3682 -53.3487 4
    endloop
  endfacet
  facet normal -0 0 1
    outer loop
      vertex 61.9839 -53.5706 4
      vertex 87 -60 4
      vertex 62.1833 -53.4722 4
    endloop
  endfacet
  facet normal -0 0 1
    outer loop
      vertex 61.7733 -53.6421 4
      vertex 87 -60 4
      vertex 61.9839 -53.5706 4
    endloop
  endfacet
  facet normal -0 0 1
    outer loop
      vertex 61.5552 -53.6855 4
      vertex 87 -60 4
      vertex 61.7733 -53.6421 4
    endloop
  endfacet
  facet normal -0 0 1
    outer loop
      vertex 61.3333 -53.7 4
      vertex 87 -60 4
      vertex 61.5552 -53.6855 4
    endloop
  endfacet
  facet normal 0 0 1
    outer loop
      vertex 61.1114 -53.6855 4
      vertex 87 -60 4
      vertex 61.3333 -53.7 4
    endloop
  endfacet
  facet normal 0 0 1
    outer loop
      vertex 60.8933 -53.6421 4
      vertex 87 -60 4
      vertex 61.1114 -53.6855 4
    endloop
  endfacet
  facet normal -0 0 1
    outer loop
      vertex -59.6333 -52 4
      vertex 59.6479 -52.2219 4
      vertex 59.6333 -52 4
    endloop
  endfacet
  facet normal 0 0 1
    outer loop
      vertex -59.6479 -52.2219 4
      vertex 59.6479 -52.2219 4
      vertex -59.6333 -52 4
    endloop
  endfacet
  facet normal 0 0 1
    outer loop
      vertex 59.6479 -52.2219 4
      vertex -59.6479 -52.2219 4
      vertex 59.6913 -52.44 4
    endloop
  endfacet
  facet normal 0 0 1
    outer loop
      vertex -59.6913 -52.44 4
      vertex 59.6913 -52.44 4
      vertex -59.6479 -52.2219 4
    endloop
  endfacet
  facet normal 0 0 1
    outer loop
      vertex 59.6913 -52.44 4
      vertex -59.6913 -52.44 4
      vertex 59.7627 -52.6506 4
    endloop
  endfacet
  facet normal 0 0 1
    outer loop
      vertex -59.7627 -52.6506 4
      vertex 59.7627 -52.6506 4
      vertex -59.6913 -52.44 4
    endloop
  endfacet
  facet normal 0 0 1
    outer loop
      vertex 59.7627 -52.6506 4
      vertex -59.7627 -52.6506 4
      vertex 59.8611 -52.85 4
    endloop
  endfacet
  facet normal 0 0 1
    outer loop
      vertex -59.8611 -52.85 4
      vertex 59.8611 -52.85 4
      vertex -59.7627 -52.6506 4
    endloop
  endfacet
  facet normal 0 0 1
    outer loop
      vertex 59.8611 -52.85 4
      vertex -59.8611 -52.85 4
      vertex 59.9846 -53.0349 4
    endloop
  endfacet
  facet normal 0 0 1
    outer loop
      vertex -59.9846 -53.0349 4
      vertex 59.9846 -53.0349 4
      vertex -59.8611 -52.85 4
    endloop
  endfacet
  facet normal 0 0 1
    outer loop
      vertex 59.9846 -53.0349 4
      vertex -59.9846 -53.0349 4
      vertex 60.1313 -53.2021 4
    endloop
  endfacet
  facet normal 0 0 1
    outer loop
      vertex -60.1313 -53.2021 4
      vertex 60.1313 -53.2021 4
      vertex -59.9846 -53.0349 4
    endloop
  endfacet
  facet normal 0 0 1
    outer loop
      vertex 60.1313 -53.2021 4
      vertex -60.1313 -53.2021 4
      vertex 60.2984 -53.3487 4
    endloop
  endfacet
  facet normal 0 0 1
    outer loop
      vertex -60.2984 -53.3487 4
      vertex 60.2984 -53.3487 4
      vertex -60.1313 -53.2021 4
    endloop
  endfacet
  facet normal 0 0 1
    outer loop
      vertex 60.2984 -53.3487 4
      vertex -60.2984 -53.3487 4
      vertex 60.4833 -53.4722 4
    endloop
  endfacet
  facet normal 0 0 1
    outer loop
      vertex -60.4833 -53.4722 4
      vertex 60.4833 -53.4722 4
      vertex -60.2984 -53.3487 4
    endloop
  endfacet
  facet normal 0 0 1
    outer loop
      vertex 60.4833 -53.4722 4
      vertex -60.4833 -53.4722 4
      vertex 60.6828 -53.5706 4
    endloop
  endfacet
  facet normal 0 0 1
    outer loop
      vertex -60.6828 -53.5706 4
      vertex 60.6828 -53.5706 4
      vertex -60.4833 -53.4722 4
    endloop
  endfacet
  facet normal 0 0 1
    outer loop
      vertex 60.6828 -53.5706 4
      vertex -60.6828 -53.5706 4
      vertex 60.8933 -53.6421 4
    endloop
  endfacet
  facet normal 0 0 1
    outer loop
      vertex -60.8933 -53.6421 4
      vertex 60.8933 -53.6421 4
      vertex -60.6828 -53.5706 4
    endloop
  endfacet
  facet normal 0 0 1
    outer loop
      vertex 60.8933 -53.6421 4
      vertex -60.8933 -53.6421 4
      vertex 87 -60 4
    endloop
  endfacet
  facet normal -0 0 1
    outer loop
      vertex -61.1114 -53.6855 4
      vertex 87 -60 4
      vertex -60.8933 -53.6421 4
    endloop
  endfacet
  facet normal 0 0 1
    outer loop
      vertex -87 -60 4
      vertex -61.1114 -53.6855 4
      vertex -61.3333 -53.7 4
    endloop
  endfacet
  facet normal -0 0 1
    outer loop
      vertex -67.3474 -44.9572 4
      vertex -62.8056 -51.15 4
      vertex -66.7059 -44.8296 4
    endloop
  endfacet
  facet normal 0 0 1
    outer loop
      vertex -62.8056 -51.15 4
      vertex -67.3474 -44.9572 4
      vertex -62.9039 -51.3494 4
    endloop
  endfacet
  facet normal -0 0 1
    outer loop
      vertex -68 -45 4
      vertex -62.9039 -51.3494 4
      vertex -67.3474 -44.9572 4
    endloop
  endfacet
  facet normal 0 0 1
    outer loop
      vertex -62.9039 -51.3494 4
      vertex -68 -45 4
      vertex -62.9754 -51.56 4
    endloop
  endfacet
  facet normal 0 0 1
    outer loop
      vertex -62.9754 -51.56 4
      vertex -68 -45 4
      vertex -63.0188 -51.7781 4
    endloop
  endfacet
  facet normal 0 0 1
    outer loop
      vertex -68.6526 -44.9572 4
      vertex -63.0188 -51.7781 4
      vertex -68 -45 4
    endloop
  endfacet
  facet normal 0 0 1
    outer loop
      vertex -63.0188 -51.7781 4
      vertex -68.6526 -44.9572 4
      vertex -63.0333 -52 4
    endloop
  endfacet
  facet normal 0 0 1
    outer loop
      vertex -69.2941 -44.8296 4
      vertex -63.0333 -52 4
      vertex -68.6526 -44.9572 4
    endloop
  endfacet
  facet normal 0 0 1
    outer loop
      vertex -63.0333 -52 4
      vertex -69.2941 -44.8296 4
      vertex -63.0188 -52.2219 4
    endloop
  endfacet
  facet normal 0 0 1
    outer loop
      vertex -69.9134 -44.6194 4
      vertex -63.0188 -52.2219 4
      vertex -69.2941 -44.8296 4
    endloop
  endfacet
  facet normal 0 0 1
    outer loop
      vertex -63.0188 -52.2219 4
      vertex -69.9134 -44.6194 4
      vertex -62.9754 -52.44 4
    endloop
  endfacet
  facet normal 0 0 1
    outer loop
      vertex -87 -60 4
      vertex -62.9754 -52.44 4
      vertex -69.9134 -44.6194 4
    endloop
  endfacet
  facet normal 0 0 1
    outer loop
      vertex -62.9754 -52.44 4
      vertex -87 -60 4
      vertex -62.9039 -52.6506 4
    endloop
  endfacet
  facet normal 0 0 1
    outer loop
      vertex -62.9039 -52.6506 4
      vertex -87 -60 4
      vertex -62.8056 -52.85 4
    endloop
  endfacet
  facet normal 0 0 1
    outer loop
      vertex -87 -60 4
      vertex -69.9134 -44.6194 4
      vertex -70.5 -44.3301 4
    endloop
  endfacet
  facet normal 0 0 1
    outer loop
      vertex -62.8056 -52.85 4
      vertex -87 -60 4
      vertex -62.682 -53.0349 4
    endloop
  endfacet
  facet normal 0 0 1
    outer loop
      vertex -87 -60 4
      vertex -70.5 -44.3301 4
      vertex -71.0438 -43.9668 4
    endloop
  endfacet
  facet normal 0 0 1
    outer loop
      vertex -87 -60 4
      vertex -71.0438 -43.9668 4
      vertex -71.5355 -43.5355 4
    endloop
  endfacet
  facet normal 0 0 1
    outer loop
      vertex -92 -55 4
      vertex -73 -40 4
      vertex -77.86 -28.825 4
    endloop
  endfacet
  facet normal 0 0 1
    outer loop
      vertex -73 -40 4
      vertex -92 -55 4
      vertex -72.9572 -40.6526 4
    endloop
  endfacet
  facet normal 0 0 1
    outer loop
      vertex -72.9572 -40.6526 4
      vertex -92 -55 4
      vertex -72.8296 -41.2941 4
    endloop
  endfacet
  facet normal -0 0 1
    outer loop
      vertex -81.3145 -0.221894 4
      vertex -77.86 -28.825 4
      vertex -81.3 0 4
    endloop
  endfacet
  facet normal -0 0 1
    outer loop
      vertex -81.3579 -0.439992 4
      vertex -77.86 -28.825 4
      vertex -81.3145 -0.221894 4
    endloop
  endfacet
  facet normal -0 0 1
    outer loop
      vertex -81.4294 -0.650561 4
      vertex -77.86 -28.825 4
      vertex -81.3579 -0.439992 4
    endloop
  endfacet
  facet normal -0 0 1
    outer loop
      vertex -81.5278 -0.849999 4
      vertex -77.86 -28.825 4
      vertex -81.4294 -0.650561 4
    endloop
  endfacet
  facet normal -0 0 1
    outer loop
      vertex -81.6513 -1.03489 4
      vertex -77.86 -28.825 4
      vertex -81.5278 -0.849999 4
    endloop
  endfacet
  facet normal -0 0 1
    outer loop
      vertex -81.7979 -1.20208 4
      vertex -77.86 -28.825 4
      vertex -81.6513 -1.03489 4
    endloop
  endfacet
  facet normal -0 0 1
    outer loop
      vertex -81.9651 -1.3487 4
      vertex -77.86 -28.825 4
      vertex -81.7979 -1.20208 4
    endloop
  endfacet
  facet normal -0 0 1
    outer loop
      vertex -82.15 -1.47224 4
      vertex -77.86 -28.825 4
      vertex -81.9651 -1.3487 4
    endloop
  endfacet
  facet normal -0 0 1
    outer loop
      vertex -82.3494 -1.57059 4
      vertex -77.86 -28.825 4
      vertex -82.15 -1.47224 4
    endloop
  endfacet
  facet normal -0 0 1
    outer loop
      vertex -82.56 -1.64207 4
      vertex -77.86 -28.825 4
      vertex -82.3494 -1.57059 4
    endloop
  endfacet
  facet normal -0 0 1
    outer loop
      vertex -82.7781 -1.68546 4
      vertex -77.86 -28.825 4
      vertex -82.56 -1.64207 4
    endloop
  endfacet
  facet normal -0 0 1
    outer loop
      vertex -83 -1.7 4
      vertex -77.86 -28.825 4
      vertex -82.7781 -1.68546 4
    endloop
  endfacet
  facet normal 0 0 1
    outer loop
      vertex -83.2219 -1.68546 4
      vertex -77.86 -28.825 4
      vertex -83 -1.7 4
    endloop
  endfacet
  facet normal 0 0 1
    outer loop
      vertex -83.44 -1.64207 4
      vertex -77.86 -28.825 4
      vertex -83.2219 -1.68546 4
    endloop
  endfacet
  facet normal 0 0 1
    outer loop
      vertex -83.6506 -1.57059 4
      vertex -77.86 -28.825 4
      vertex -83.44 -1.64207 4
    endloop
  endfacet
  facet normal 0 0 1
    outer loop
      vertex -83.85 -1.47224 4
      vertex -77.86 -28.825 4
      vertex -83.6506 -1.57059 4
    endloop
  endfacet
  facet normal 0 0 1
    outer loop
      vertex -84.0349 -1.3487 4
      vertex -77.86 -28.825 4
      vertex -83.85 -1.47224 4
    endloop
  endfacet
  facet normal 0 0 1
    outer loop
      vertex -84.2021 -1.20208 4
      vertex -77.86 -28.825 4
      vertex -84.0349 -1.3487 4
    endloop
  endfacet
  facet normal 0 0 1
    outer loop
      vertex -84.3487 -1.03489 4
      vertex -77.86 -28.825 4
      vertex -84.2021 -1.20208 4
    endloop
  endfacet
  facet normal 0 0 1
    outer loop
      vertex -84.4722 -0.849999 4
      vertex -77.86 -28.825 4
      vertex -84.3487 -1.03489 4
    endloop
  endfacet
  facet normal 0 0 1
    outer loop
      vertex -92 -55 4
      vertex -84.4722 -0.849999 4
      vertex -84.5706 -0.650561 4
    endloop
  endfacet
  facet normal 0 0 1
    outer loop
      vertex -92 -55 4
      vertex -84.5706 -0.650561 4
      vertex -84.6421 -0.439992 4
    endloop
  endfacet
  facet normal 0 0 1
    outer loop
      vertex -61.1114 -53.6855 4
      vertex -87 -60 4
      vertex 87 -60 4
    endloop
  endfacet
  facet normal 0 0 1
    outer loop
      vertex -61.5552 -53.6855 4
      vertex -87 -60 4
      vertex -61.3333 -53.7 4
    endloop
  endfacet
  facet normal 0 0 1
    outer loop
      vertex -61.7733 -53.6421 4
      vertex -87 -60 4
      vertex -61.5552 -53.6855 4
    endloop
  endfacet
  facet normal 0 0 1
    outer loop
      vertex -61.9839 -53.5706 4
      vertex -87 -60 4
      vertex -61.7733 -53.6421 4
    endloop
  endfacet
  facet normal 0 0 1
    outer loop
      vertex -62.1833 -53.4722 4
      vertex -87 -60 4
      vertex -61.9839 -53.5706 4
    endloop
  endfacet
  facet normal 0 0 1
    outer loop
      vertex -62.3682 -53.3487 4
      vertex -87 -60 4
      vertex -62.1833 -53.4722 4
    endloop
  endfacet
  facet normal 0 0 1
    outer loop
      vertex -62.5354 -53.2021 4
      vertex -87 -60 4
      vertex -62.3682 -53.3487 4
    endloop
  endfacet
  facet normal 0 0 1
    outer loop
      vertex -62.682 -53.0349 4
      vertex -87 -60 4
      vertex -62.5354 -53.2021 4
    endloop
  endfacet
  facet normal 0 0 1
    outer loop
      vertex -71.9668 -43.0438 4
      vertex -87 -60 4
      vertex -71.5355 -43.5355 4
    endloop
  endfacet
  facet normal 0 0 1
    outer loop
      vertex -92 -55 4
      vertex -71.9668 -43.0438 4
      vertex -72.3301 -42.5 4
    endloop
  endfacet
  facet normal 0 0 1
    outer loop
      vertex -92 -55 4
      vertex -72.3301 -42.5 4
      vertex -72.6194 -41.9134 4
    endloop
  endfacet
  facet normal 0 0 1
    outer loop
      vertex -72.8296 -41.2941 4
      vertex -92 -55 4
      vertex -72.6194 -41.9134 4
    endloop
  endfacet
  facet normal 0 0 1
    outer loop
      vertex -84.4722 -0.849999 4
      vertex -92 -55 4
      vertex -77.86 -28.825 4
    endloop
  endfacet
  facet normal 0 0 1
    outer loop
      vertex -92 -55 4
      vertex -84.6421 -0.439992 4
      vertex -84.6855 -0.221894 4
    endloop
  endfacet
  facet normal 0 0 1
    outer loop
      vertex -92 -55 4
      vertex -84.6855 -0.221894 4
      vertex -84.7 0 4
    endloop
  endfacet
  facet normal 0 0 1
    outer loop
      vertex -84.6855 0.221894 4
      vertex -92 55 4
      vertex -84.7 0 4
    endloop
  endfacet
  facet normal 0 0 1
    outer loop
      vertex -92 55 4
      vertex -87 60 4
      vertex -87.6526 59.9572 4
    endloop
  endfacet
  facet normal 0 0 1
    outer loop
      vertex -92 -55 4
      vertex -84.7 0 4
      vertex -92 55 4
    endloop
  endfacet
  facet normal 0 0 1
    outer loop
      vertex -92 55 4
      vertex -87.6526 59.9572 4
      vertex -88.2941 59.8296 4
    endloop
  endfacet
  facet normal 0 0 1
    outer loop
      vertex -71.9668 -43.0438 4
      vertex -92 -55 4
      vertex -87 -60 4
    endloop
  endfacet
  facet normal 0 0 1
    outer loop
      vertex -92 55 4
      vertex -88.2941 59.8296 4
      vertex -88.9134 59.6194 4
    endloop
  endfacet
  facet normal 0 0 1
    outer loop
      vertex -87 -60 4
      vertex -92 -55 4
      vertex -87.6526 -59.9572 4
    endloop
  endfacet
  facet normal 0 0 1
    outer loop
      vertex -92 55 4
      vertex -88.9134 59.6194 4
      vertex -89.5 59.3301 4
    endloop
  endfacet
  facet normal 0 0 1
    outer loop
      vertex -87.6526 -59.9572 4
      vertex -92 -55 4
      vertex -88.2941 -59.8296 4
    endloop
  endfacet
  facet normal 0 0 1
    outer loop
      vertex -92 55 4
      vertex -89.5 59.3301 4
      vertex -90.0438 58.9668 4
    endloop
  endfacet
  facet normal 0 0 1
    outer loop
      vertex -88.2941 -59.8296 4
      vertex -92 -55 4
      vertex -88.9134 -59.6194 4
    endloop
  endfacet
  facet normal 0 0 1
    outer loop
      vertex -92 55 4
      vertex -90.0438 58.9668 4
      vertex -90.5355 58.5355 4
    endloop
  endfacet
  facet normal 0 0 1
    outer loop
      vertex -88.9134 -59.6194 4
      vertex -92 -55 4
      vertex -89.5 -59.3301 4
    endloop
  endfacet
  facet normal 0 0 1
    outer loop
      vertex -92 55 4
      vertex -90.5355 58.5355 4
      vertex -90.9668 58.0438 4
    endloop
  endfacet
  facet normal 0 0 1
    outer loop
      vertex -89.5 -59.3301 4
      vertex -92 -55 4
      vertex -90.0438 -58.9668 4
    endloop
  endfacet
  facet normal 0 0 1
    outer loop
      vertex -92 55 4
      vertex -90.9668 58.0438 4
      vertex -91.3301 57.5 4
    endloop
  endfacet
  facet normal 0 0 1
    outer loop
      vertex -90.0438 -58.9668 4
      vertex -92 -55 4
      vertex -90.5355 -58.5355 4
    endloop
  endfacet
  facet normal 0 0 1
    outer loop
      vertex -92 55 4
      vertex -91.3301 57.5 4
      vertex -91.6194 56.9134 4
    endloop
  endfacet
  facet normal 0 0 1
    outer loop
      vertex -90.5355 -58.5355 4
      vertex -92 -55 4
      vertex -90.9668 -58.0438 4
    endloop
  endfacet
  facet normal 0 0 1
    outer loop
      vertex -92 55 4
      vertex -91.6194 56.9134 4
      vertex -91.8296 56.2941 4
    endloop
  endfacet
  facet normal 0 0 1
    outer loop
      vertex -90.9668 -58.0438 4
      vertex -92 -55 4
      vertex -91.3301 -57.5 4
    endloop
  endfacet
  facet normal 0 0 1
    outer loop
      vertex -92 55 4
      vertex -91.8296 56.2941 4
      vertex -91.9572 55.6526 4
    endloop
  endfacet
  facet normal 0 0 1
    outer loop
      vertex -91.3301 -57.5 4
      vertex -92 -55 4
      vertex -91.6194 -56.9134 4
    endloop
  endfacet
  facet normal 0 0 1
    outer loop
      vertex -91.6194 -56.9134 4
      vertex -92 -55 4
      vertex -91.8296 -56.2941 4
    endloop
  endfacet
  facet normal 0 0 1
    outer loop
      vertex -91.8296 -56.2941 4
      vertex -92 -55 4
      vertex -91.9572 -55.6526 4
    endloop
  endfacet
  facet normal -0 0 1
    outer loop
      vertex 72.9572 39.3474 4
      vertex 77.86 28.825 4
      vertex 73 40 4
    endloop
  endfacet
  facet normal -0 0 1
    outer loop
      vertex 72.8296 38.7059 4
      vertex 77.86 28.825 4
      vertex 72.9572 39.3474 4
    endloop
  endfacet
  facet normal -0 0 1
    outer loop
      vertex 72.6194 38.0866 4
      vertex 77.86 28.825 4
      vertex 72.8296 38.7059 4
    endloop
  endfacet
  facet normal -0 0 1
    outer loop
      vertex 72.3301 37.5 4
      vertex 77.86 28.825 4
      vertex 72.6194 38.0866 4
    endloop
  endfacet
  facet normal -0 0 1
    outer loop
      vertex 71.9668 36.9562 4
      vertex 77.86 28.825 4
      vertex 72.3301 37.5 4
    endloop
  endfacet
  facet normal -0 0 1
    outer loop
      vertex 71.5355 36.4645 4
      vertex 77.86 28.825 4
      vertex 71.9668 36.9562 4
    endloop
  endfacet
  facet normal -0 0 1
    outer loop
      vertex 71.0438 36.0332 4
      vertex 77.86 28.825 4
      vertex 71.5355 36.4645 4
    endloop
  endfacet
  facet normal -0 0 1
    outer loop
      vertex 70.5 35.6699 4
      vertex 77.86 28.825 4
      vertex 71.0438 36.0332 4
    endloop
  endfacet
  facet normal 0 0 1
    outer loop
      vertex 68.0572 32.1724 4
      vertex 70.5 35.6699 4
      vertex 69.9134 35.3806 4
    endloop
  endfacet
  facet normal 0 0 1
    outer loop
      vertex 68.1 32.825 4
      vertex 69.9134 35.3806 4
      vertex 69.2941 35.1704 4
    endloop
  endfacet
  facet normal 0 0 1
    outer loop
      vertex 68.0572 33.4776 4
      vertex 69.2941 35.1704 4
      vertex 68.6526 35.0428 4
    endloop
  endfacet
  facet normal 0 0 1
    outer loop
      vertex 69.9134 35.3806 4
      vertex 68.1 32.825 4
      vertex 68.0572 32.1724 4
    endloop
  endfacet
  facet normal 0 0 1
    outer loop
      vertex 70.5 35.6699 4
      vertex 68.0572 32.1724 4
      vertex 77.86 28.825 4
    endloop
  endfacet
  facet normal -0 0 1
    outer loop
      vertex 67.9296 31.5309 4
      vertex 77.86 28.825 4
      vertex 68.0572 32.1724 4
    endloop
  endfacet
  facet normal -0 0 1
    outer loop
      vertex 67.7194 30.9116 4
      vertex 77.86 28.825 4
      vertex 67.9296 31.5309 4
    endloop
  endfacet
  facet normal -0 0 1
    outer loop
      vertex 67.4301 30.325 4
      vertex 77.86 28.825 4
      vertex 67.7194 30.9116 4
    endloop
  endfacet
  facet normal -0 0 1
    outer loop
      vertex 67.0668 29.7812 4
      vertex 77.86 28.825 4
      vertex 67.4301 30.325 4
    endloop
  endfacet
  facet normal -0 0 1
    outer loop
      vertex 66.6355 29.2895 4
      vertex 77.86 28.825 4
      vertex 67.0668 29.7812 4
    endloop
  endfacet
  facet normal -0 0 1
    outer loop
      vertex 66.1438 28.8582 4
      vertex 77.86 28.825 4
      vertex 66.6355 29.2895 4
    endloop
  endfacet
  facet normal 0 0 1
    outer loop
      vertex 77.86 28.825 4
      vertex 66.1438 28.8582 4
      vertex 66.0941 28.825 4
    endloop
  endfacet
  facet normal 0 0 1
    outer loop
      vertex 69.2941 -35.1704 4
      vertex 68.0572 -33.4776 4
      vertex 68.6526 -35.0428 4
    endloop
  endfacet
  facet normal -0 0 1
    outer loop
      vertex 67.9296 -34.1191 4
      vertex 68.6526 -35.0428 4
      vertex 68.0572 -33.4776 4
    endloop
  endfacet
  facet normal 0 0 1
    outer loop
      vertex 68.6526 -35.0428 4
      vertex 67.9296 -34.1191 4
      vertex 68 -35 4
    endloop
  endfacet
  facet normal -0 0 1
    outer loop
      vertex 67.7194 -34.7384 4
      vertex 68 -35 4
      vertex 67.9296 -34.1191 4
    endloop
  endfacet
  facet normal 0 0 1
    outer loop
      vertex 68 -35 4
      vertex 67.7194 -34.7384 4
      vertex 67.5767 -35.0277 4
    endloop
  endfacet
  facet normal -0 0 1
    outer loop
      vertex 62.682 50.9651 4
      vertex 66.7059 44.8296 4
      vertex 62.8056 51.15 4
    endloop
  endfacet
  facet normal -0 0 1
    outer loop
      vertex 62.5354 50.7979 4
      vertex 66.7059 44.8296 4
      vertex 62.682 50.9651 4
    endloop
  endfacet
  facet normal 0 0 1
    outer loop
      vertex 66.7059 44.8296 4
      vertex 62.5354 50.7979 4
      vertex 66.0866 44.6194 4
    endloop
  endfacet
  facet normal -0 0 1
    outer loop
      vertex 62.3682 50.6513 4
      vertex 66.0866 44.6194 4
      vertex 62.5354 50.7979 4
    endloop
  endfacet
  facet normal 0 0 1
    outer loop
      vertex 66.0866 44.6194 4
      vertex 62.3682 50.6513 4
      vertex 65.5 44.3301 4
    endloop
  endfacet
  facet normal -0 0 1
    outer loop
      vertex 62.1833 50.5278 4
      vertex 65.5 44.3301 4
      vertex 62.3682 50.6513 4
    endloop
  endfacet
  facet normal -0 0 1
    outer loop
      vertex 61.9839 50.4294 4
      vertex 65.5 44.3301 4
      vertex 62.1833 50.5278 4
    endloop
  endfacet
  facet normal 0 0 1
    outer loop
      vertex 65.5 44.3301 4
      vertex 61.9839 50.4294 4
      vertex 64.9562 43.9668 4
    endloop
  endfacet
  facet normal -0 0 1
    outer loop
      vertex 61.7733 50.3579 4
      vertex 64.9562 43.9668 4
      vertex 61.9839 50.4294 4
    endloop
  endfacet
  facet normal 0 0 1
    outer loop
      vertex 64.9562 43.9668 4
      vertex 61.7733 50.3579 4
      vertex 64.766 43.8 4
    endloop
  endfacet
  facet normal -0 0 1
    outer loop
      vertex 61.5552 50.3145 4
      vertex 64.766 43.8 4
      vertex 61.7733 50.3579 4
    endloop
  endfacet
  facet normal -0 0 1
    outer loop
      vertex 61.3333 50.3 4
      vertex 64.766 43.8 4
      vertex 61.5552 50.3145 4
    endloop
  endfacet
  facet normal 0 0 1
    outer loop
      vertex 61.1114 50.3145 4
      vertex 64.766 43.8 4
      vertex 61.3333 50.3 4
    endloop
  endfacet
  facet normal 0 0 1
    outer loop
      vertex 60.8933 50.3579 4
      vertex 64.766 43.8 4
      vertex 61.1114 50.3145 4
    endloop
  endfacet
  facet normal 0 0 1
    outer loop
      vertex 60.6828 50.4294 4
      vertex 64.766 43.8 4
      vertex 60.8933 50.3579 4
    endloop
  endfacet
  facet normal 0 0 1
    outer loop
      vertex 60.4833 50.5278 4
      vertex 64.766 43.8 4
      vertex 60.6828 50.4294 4
    endloop
  endfacet
  facet normal 0 0 1
    outer loop
      vertex 60.2984 50.6513 4
      vertex 64.766 43.8 4
      vertex 60.4833 50.5278 4
    endloop
  endfacet
  facet normal 0 0 1
    outer loop
      vertex 60.1313 50.7979 4
      vertex 64.766 43.8 4
      vertex 60.2984 50.6513 4
    endloop
  endfacet
  facet normal 0 0 1
    outer loop
      vertex 59.9846 50.9651 4
      vertex 64.766 43.8 4
      vertex 60.1313 50.7979 4
    endloop
  endfacet
  facet normal 0 0 1
    outer loop
      vertex -59.9846 50.9651 4
      vertex 59.9846 50.9651 4
      vertex 59.8611 51.15 4
    endloop
  endfacet
  facet normal -0 0 1
    outer loop
      vertex -59.6333 52 4
      vertex 59.6479 51.7781 4
      vertex 59.6333 52 4
    endloop
  endfacet
  facet normal 0 0 1
    outer loop
      vertex -59.6479 51.7781 4
      vertex 59.6479 51.7781 4
      vertex -59.6333 52 4
    endloop
  endfacet
  facet normal 0 0 1
    outer loop
      vertex 59.6479 51.7781 4
      vertex -59.6479 51.7781 4
      vertex 59.6913 51.56 4
    endloop
  endfacet
  facet normal 0 0 1
    outer loop
      vertex -59.6913 51.56 4
      vertex 59.6913 51.56 4
      vertex -59.6479 51.7781 4
    endloop
  endfacet
  facet normal 0 0 1
    outer loop
      vertex 59.6913 51.56 4
      vertex -59.6913 51.56 4
      vertex 59.7627 51.3494 4
    endloop
  endfacet
  facet normal 0 0 1
    outer loop
      vertex -59.7627 51.3494 4
      vertex 59.7627 51.3494 4
      vertex -59.6913 51.56 4
    endloop
  endfacet
  facet normal 0 0 1
    outer loop
      vertex 59.7627 51.3494 4
      vertex -59.7627 51.3494 4
      vertex 59.8611 51.15 4
    endloop
  endfacet
  facet normal 0 0 1
    outer loop
      vertex -59.8611 51.15 4
      vertex 59.8611 51.15 4
      vertex -59.7627 51.3494 4
    endloop
  endfacet
  facet normal 0 0 1
    outer loop
      vertex -59.9846 50.9651 4
      vertex 59.8611 51.15 4
      vertex -59.8611 51.15 4
    endloop
  endfacet
  facet normal 0 0 1
    outer loop
      vertex 59.9846 50.9651 4
      vertex -59.9846 50.9651 4
      vertex 64.766 43.8 4
    endloop
  endfacet
  facet normal 0 0 1
    outer loop
      vertex -64.766 43.8 4
      vertex -59.9846 50.9651 4
      vertex -60.1313 50.7979 4
    endloop
  endfacet
  facet normal 0 0 1
    outer loop
      vertex -64.766 43.8 4
      vertex -60.1313 50.7979 4
      vertex -60.2984 50.6513 4
    endloop
  endfacet
  facet normal 0 0 1
    outer loop
      vertex -64.766 43.8 4
      vertex -60.2984 50.6513 4
      vertex -60.4833 50.5278 4
    endloop
  endfacet
  facet normal 0 0 1
    outer loop
      vertex -64.766 43.8 4
      vertex -60.4833 50.5278 4
      vertex -60.6828 50.4294 4
    endloop
  endfacet
  facet normal 0 0 1
    outer loop
      vertex -64.766 43.8 4
      vertex -60.6828 50.4294 4
      vertex -60.8933 50.3579 4
    endloop
  endfacet
  facet normal 0 0 1
    outer loop
      vertex -64.766 43.8 4
      vertex -60.8933 50.3579 4
      vertex -61.1114 50.3145 4
    endloop
  endfacet
  facet normal 0 0 1
    outer loop
      vertex -64.766 43.8 4
      vertex -61.1114 50.3145 4
      vertex -61.3333 50.3 4
    endloop
  endfacet
  facet normal 0 0 1
    outer loop
      vertex -59.9846 50.9651 4
      vertex -64.766 43.8 4
      vertex 64.766 43.8 4
    endloop
  endfacet
  facet normal 0 0 1
    outer loop
      vertex -61.5552 50.3145 4
      vertex -64.766 43.8 4
      vertex -61.3333 50.3 4
    endloop
  endfacet
  facet normal 0 0 1
    outer loop
      vertex -61.7733 50.3579 4
      vertex -64.766 43.8 4
      vertex -61.5552 50.3145 4
    endloop
  endfacet
  facet normal 0 0 1
    outer loop
      vertex -61.9839 50.4294 4
      vertex -64.766 43.8 4
      vertex -61.7733 50.3579 4
    endloop
  endfacet
  facet normal 0 0 1
    outer loop
      vertex -62.1833 50.5278 4
      vertex -64.766 43.8 4
      vertex -61.9839 50.4294 4
    endloop
  endfacet
  facet normal 0 0 1
    outer loop
      vertex -62.3682 50.6513 4
      vertex -64.766 43.8 4
      vertex -62.1833 50.5278 4
    endloop
  endfacet
  facet normal 0 0 1
    outer loop
      vertex -62.5354 50.7979 4
      vertex -64.766 43.8 4
      vertex -62.3682 50.6513 4
    endloop
  endfacet
  facet normal 0 0 1
    outer loop
      vertex -62.682 50.9651 4
      vertex -64.766 43.8 4
      vertex -62.5354 50.7979 4
    endloop
  endfacet
  facet normal 0 0 1
    outer loop
      vertex -62.8056 51.15 4
      vertex -64.766 43.8 4
      vertex -62.682 50.9651 4
    endloop
  endfacet
  facet normal 0 0 1
    outer loop
      vertex -62.9039 51.3494 4
      vertex -64.766 43.8 4
      vertex -62.8056 51.15 4
    endloop
  endfacet
  facet normal 0 0 1
    outer loop
      vertex -62.9754 51.56 4
      vertex -64.766 43.8 4
      vertex -62.9039 51.3494 4
    endloop
  endfacet
  facet normal 0 0 1
    outer loop
      vertex -63.0188 51.7781 4
      vertex -64.766 43.8 4
      vertex -62.9754 51.56 4
    endloop
  endfacet
  facet normal 0 0 1
    outer loop
      vertex -64.766 43.8 4
      vertex -63.0188 51.7781 4
      vertex -63.0333 52 4
    endloop
  endfacet
  facet normal 0 0 1
    outer loop
      vertex 58.1428 -32.1724 4
      vertex -58.1 -32.825 4
      vertex 58.1 -32.825 4
    endloop
  endfacet
  facet normal 0 0 1
    outer loop
      vertex -58.1428 -32.1724 4
      vertex 58.1428 -32.1724 4
      vertex 58.2704 -31.5309 4
    endloop
  endfacet
  facet normal 0 0 1
    outer loop
      vertex -58.2704 -31.5309 4
      vertex 58.2704 -31.5309 4
      vertex 58.4806 -30.9116 4
    endloop
  endfacet
  facet normal 0 0 1
    outer loop
      vertex -58.4806 -30.9116 4
      vertex 58.4806 -30.9116 4
      vertex 58.7699 -30.325 4
    endloop
  endfacet
  facet normal 0 0 1
    outer loop
      vertex -58.7699 -30.325 4
      vertex 58.7699 -30.325 4
      vertex 59.1332 -29.7812 4
    endloop
  endfacet
  facet normal 0 0 1
    outer loop
      vertex -59.1332 -29.7812 4
      vertex 59.1332 -29.7812 4
      vertex 59.5645 -29.2895 4
    endloop
  endfacet
  facet normal 0 0 1
    outer loop
      vertex -59.5645 -29.2895 4
      vertex 59.5645 -29.2895 4
      vertex 60.0562 -28.8582 4
    endloop
  endfacet
  facet normal 0 0 1
    outer loop
      vertex -60.0562 -28.8582 4
      vertex 60.0562 -28.8582 4
      vertex 60.1059 -28.825 4
    endloop
  endfacet
  facet normal 0 0 1
    outer loop
      vertex 58.1428 -32.1724 4
      vertex -58.1428 -32.1724 4
      vertex -58.1 -32.825 4
    endloop
  endfacet
  facet normal 0 0 1
    outer loop
      vertex 58.2704 -31.5309 4
      vertex -58.2704 -31.5309 4
      vertex -58.1428 -32.1724 4
    endloop
  endfacet
  facet normal 0 0 1
    outer loop
      vertex 58.4806 -30.9116 4
      vertex -58.4806 -30.9116 4
      vertex -58.2704 -31.5309 4
    endloop
  endfacet
  facet normal 0 0 1
    outer loop
      vertex 58.7699 -30.325 4
      vertex -58.7699 -30.325 4
      vertex -58.4806 -30.9116 4
    endloop
  endfacet
  facet normal 0 0 1
    outer loop
      vertex 59.1332 -29.7812 4
      vertex -59.1332 -29.7812 4
      vertex -58.7699 -30.325 4
    endloop
  endfacet
  facet normal 0 0 1
    outer loop
      vertex 59.5645 -29.2895 4
      vertex -59.5645 -29.2895 4
      vertex -59.1332 -29.7812 4
    endloop
  endfacet
  facet normal 0 0 1
    outer loop
      vertex 60.0562 -28.8582 4
      vertex -60.0562 -28.8582 4
      vertex -59.5645 -29.2895 4
    endloop
  endfacet
  facet normal 0 -0 1
    outer loop
      vertex -60.0562 -28.8582 4
      vertex 60.1059 -28.825 4
      vertex -60.1059 -28.825 4
    endloop
  endfacet
  facet normal -0 0 1
    outer loop
      vertex -58.1 -32.825 4
      vertex 58.1428 -33.4776 4
      vertex 58.1 -32.825 4
    endloop
  endfacet
  facet normal 0 0 1
    outer loop
      vertex -58.1428 -33.4776 4
      vertex 58.1428 -33.4776 4
      vertex -58.1 -32.825 4
    endloop
  endfacet
  facet normal 0 0 1
    outer loop
      vertex 58.1428 -33.4776 4
      vertex -58.1428 -33.4776 4
      vertex 58.2704 -34.1191 4
    endloop
  endfacet
  facet normal 0 0 1
    outer loop
      vertex -58.2704 -34.1191 4
      vertex 58.2704 -34.1191 4
      vertex -58.1428 -33.4776 4
    endloop
  endfacet
  facet normal 0 0 1
    outer loop
      vertex 58.2704 -34.1191 4
      vertex -58.2704 -34.1191 4
      vertex 58.4806 -34.7384 4
    endloop
  endfacet
  facet normal 0 0 1
    outer loop
      vertex -58.4806 -34.7384 4
      vertex 58.4806 -34.7384 4
      vertex -58.2704 -34.1191 4
    endloop
  endfacet
  facet normal 0 0 1
    outer loop
      vertex 58.4806 -34.7384 4
      vertex -58.4806 -34.7384 4
      vertex 58.7699 -35.325 4
    endloop
  endfacet
  facet normal 0 0 1
    outer loop
      vertex -58.7699 -35.325 4
      vertex 58.7699 -35.325 4
      vertex -58.4806 -34.7384 4
    endloop
  endfacet
  facet normal 0 0 1
    outer loop
      vertex 58.7699 -35.325 4
      vertex -58.7699 -35.325 4
      vertex 59.1332 -35.8688 4
    endloop
  endfacet
  facet normal 0 0 1
    outer loop
      vertex -59.1332 -35.8688 4
      vertex 59.1332 -35.8688 4
      vertex -58.7699 -35.325 4
    endloop
  endfacet
  facet normal 0 0 1
    outer loop
      vertex 59.1332 -35.8688 4
      vertex -59.1332 -35.8688 4
      vertex 59.5645 -36.3605 4
    endloop
  endfacet
  facet normal 0 0 1
    outer loop
      vertex -59.5645 -36.3605 4
      vertex 59.5645 -36.3605 4
      vertex -59.1332 -35.8688 4
    endloop
  endfacet
  facet normal 0 0 1
    outer loop
      vertex 59.5645 -36.3605 4
      vertex -59.5645 -36.3605 4
      vertex 60.0562 -36.7918 4
    endloop
  endfacet
  facet normal 0 0 1
    outer loop
      vertex -60.0562 -36.7918 4
      vertex 60.0562 -36.7918 4
      vertex -59.5645 -36.3605 4
    endloop
  endfacet
  facet normal 0 0 1
    outer loop
      vertex 60.0562 -36.7918 4
      vertex -60.0562 -36.7918 4
      vertex 60.1059 -36.825 4
    endloop
  endfacet
  facet normal 0 0 1
    outer loop
      vertex 60.1059 -36.825 4
      vertex -60.0562 -36.7918 4
      vertex -60.1059 -36.825 4
    endloop
  endfacet
  facet normal 0 0 1
    outer loop
      vertex 58.1428 33.4776 4
      vertex -58.1 32.825 4
      vertex 58.1 32.825 4
    endloop
  endfacet
  facet normal 0 0 1
    outer loop
      vertex -58.1428 33.4776 4
      vertex 58.1428 33.4776 4
      vertex 58.2704 34.1191 4
    endloop
  endfacet
  facet normal 0 0 1
    outer loop
      vertex -58.2704 34.1191 4
      vertex 58.2704 34.1191 4
      vertex 58.4806 34.7384 4
    endloop
  endfacet
  facet normal 0 0 1
    outer loop
      vertex -58.4806 34.7384 4
      vertex 58.4806 34.7384 4
      vertex 58.7699 35.325 4
    endloop
  endfacet
  facet normal 0 0 1
    outer loop
      vertex -58.7699 35.325 4
      vertex 58.7699 35.325 4
      vertex 59.1332 35.8688 4
    endloop
  endfacet
  facet normal 0 0 1
    outer loop
      vertex -59.1332 35.8688 4
      vertex 59.1332 35.8688 4
      vertex 59.5645 36.3605 4
    endloop
  endfacet
  facet normal 0 0 1
    outer loop
      vertex -59.5645 36.3605 4
      vertex 59.5645 36.3605 4
      vertex 60.0562 36.7918 4
    endloop
  endfacet
  facet normal 0 0 1
    outer loop
      vertex -60.0562 36.7918 4
      vertex 60.0562 36.7918 4
      vertex 60.1059 36.825 4
    endloop
  endfacet
  facet normal 0 0 1
    outer loop
      vertex 58.1428 33.4776 4
      vertex -58.1428 33.4776 4
      vertex -58.1 32.825 4
    endloop
  endfacet
  facet normal 0 0 1
    outer loop
      vertex 58.2704 34.1191 4
      vertex -58.2704 34.1191 4
      vertex -58.1428 33.4776 4
    endloop
  endfacet
  facet normal 0 0 1
    outer loop
      vertex 58.4806 34.7384 4
      vertex -58.4806 34.7384 4
      vertex -58.2704 34.1191 4
    endloop
  endfacet
  facet normal 0 0 1
    outer loop
      vertex 58.7699 35.325 4
      vertex -58.7699 35.325 4
      vertex -58.4806 34.7384 4
    endloop
  endfacet
  facet normal 0 0 1
    outer loop
      vertex 59.1332 35.8688 4
      vertex -59.1332 35.8688 4
      vertex -58.7699 35.325 4
    endloop
  endfacet
  facet normal 0 0 1
    outer loop
      vertex 59.5645 36.3605 4
      vertex -59.5645 36.3605 4
      vertex -59.1332 35.8688 4
    endloop
  endfacet
  facet normal 0 0 1
    outer loop
      vertex 60.0562 36.7918 4
      vertex -60.0562 36.7918 4
      vertex -59.5645 36.3605 4
    endloop
  endfacet
  facet normal 0 -0 1
    outer loop
      vertex -60.0562 36.7918 4
      vertex 60.1059 36.825 4
      vertex -60.1059 36.825 4
    endloop
  endfacet
  facet normal -0 0 1
    outer loop
      vertex -58.1 32.825 4
      vertex 58.1428 32.1724 4
      vertex 58.1 32.825 4
    endloop
  endfacet
  facet normal 0 0 1
    outer loop
      vertex -58.1428 32.1724 4
      vertex 58.1428 32.1724 4
      vertex -58.1 32.825 4
    endloop
  endfacet
  facet normal 0 0 1
    outer loop
      vertex 58.1428 32.1724 4
      vertex -58.1428 32.1724 4
      vertex 58.2704 31.5309 4
    endloop
  endfacet
  facet normal 0 0 1
    outer loop
      vertex -58.2704 31.5309 4
      vertex 58.2704 31.5309 4
      vertex -58.1428 32.1724 4
    endloop
  endfacet
  facet normal 0 0 1
    outer loop
      vertex 58.2704 31.5309 4
      vertex -58.2704 31.5309 4
      vertex 58.4806 30.9116 4
    endloop
  endfacet
  facet normal 0 0 1
    outer loop
      vertex -58.4806 30.9116 4
      vertex 58.4806 30.9116 4
      vertex -58.2704 31.5309 4
    endloop
  endfacet
  facet normal 0 0 1
    outer loop
      vertex 58.4806 30.9116 4
      vertex -58.4806 30.9116 4
      vertex 58.7699 30.325 4
    endloop
  endfacet
  facet normal 0 0 1
    outer loop
      vertex -58.7699 30.325 4
      vertex 58.7699 30.325 4
      vertex -58.4806 30.9116 4
    endloop
  endfacet
  facet normal 0 0 1
    outer loop
      vertex 58.7699 30.325 4
      vertex -58.7699 30.325 4
      vertex 59.1332 29.7812 4
    endloop
  endfacet
  facet normal 0 0 1
    outer loop
      vertex -59.1332 29.7812 4
      vertex 59.1332 29.7812 4
      vertex -58.7699 30.325 4
    endloop
  endfacet
  facet normal 0 0 1
    outer loop
      vertex 59.1332 29.7812 4
      vertex -59.1332 29.7812 4
      vertex 59.5645 29.2895 4
    endloop
  endfacet
  facet normal 0 0 1
    outer loop
      vertex -59.5645 29.2895 4
      vertex 59.5645 29.2895 4
      vertex -59.1332 29.7812 4
    endloop
  endfacet
  facet normal 0 0 1
    outer loop
      vertex 59.5645 29.2895 4
      vertex -59.5645 29.2895 4
      vertex 60.0562 28.8582 4
    endloop
  endfacet
  facet normal 0 0 1
    outer loop
      vertex -60.0562 28.8582 4
      vertex 60.0562 28.8582 4
      vertex -59.5645 29.2895 4
    endloop
  endfacet
  facet normal 0 0 1
    outer loop
      vertex 60.0562 28.8582 4
      vertex -60.0562 28.8582 4
      vertex 60.1059 28.825 4
    endloop
  endfacet
  facet normal 0 0 1
    outer loop
      vertex 60.1059 28.825 4
      vertex -60.0562 28.8582 4
      vertex -60.1059 28.825 4
    endloop
  endfacet
  facet normal 0 1 -0
    outer loop
      vertex -66.0941 -28.825 0
      vertex -77.86 -28.825 4
      vertex -66.0941 -28.825 4
    endloop
  endfacet
  facet normal 0 1 0
    outer loop
      vertex -77.86 -28.825 4
      vertex -66.0941 -28.825 0
      vertex -77.86 -28.825 0
    endloop
  endfacet
  facet normal 0 1 -0
    outer loop
      vertex 77.86 -28.825 0
      vertex 66.0941 -28.825 4
      vertex 77.86 -28.825 4
    endloop
  endfacet
  facet normal 0 1 0
    outer loop
      vertex 66.0941 -28.825 4
      vertex 77.86 -28.825 0
      vertex 66.0941 -28.825 0
    endloop
  endfacet
  facet normal 0 1 -0
    outer loop
      vertex 60.1059 -28.825 0
      vertex -60.1059 -28.825 4
      vertex 60.1059 -28.825 4
    endloop
  endfacet
  facet normal 0 1 0
    outer loop
      vertex -60.1059 -28.825 4
      vertex 60.1059 -28.825 0
      vertex -60.1059 -28.825 0
    endloop
  endfacet
  facet normal 0 0 -1
    outer loop
      vertex -63.0428 -40.6526 0
      vertex -63.0428 -39.3474 0
      vertex -63 -40 0
    endloop
  endfacet
  facet normal 0 0 -1
    outer loop
      vertex -63.1704 -41.2941 0
      vertex -63.0428 -39.3474 0
      vertex -63.0428 -40.6526 0
    endloop
  endfacet
  facet normal 0 0 -1
    outer loop
      vertex -63.1704 -41.2941 0
      vertex -63.1704 -38.7059 0
      vertex -63.0428 -39.3474 0
    endloop
  endfacet
  facet normal 0 0 -1
    outer loop
      vertex -63.3806 -41.9134 0
      vertex -63.1704 -38.7059 0
      vertex -63.1704 -41.2941 0
    endloop
  endfacet
  facet normal 0 0 -1
    outer loop
      vertex -63.5233 -37.7973 0
      vertex -63.1704 -38.7059 0
      vertex -63.3806 -41.9134 0
    endloop
  endfacet
  facet normal 0 0 -1
    outer loop
      vertex -63.1704 -38.7059 0
      vertex -63.5233 -37.7973 0
      vertex -63.3806 -38.0866 0
    endloop
  endfacet
  facet normal 0 0 -1
    outer loop
      vertex -63.6699 -42.5 0
      vertex -63.5233 -37.7973 0
      vertex -63.3806 -41.9134 0
    endloop
  endfacet
  facet normal 0 0 -1
    outer loop
      vertex -64.766 -43.8 0
      vertex -63.5233 -37.7973 0
      vertex -63.6699 -42.5 0
    endloop
  endfacet
  facet normal 0 0 -1
    outer loop
      vertex -63.5233 -37.7973 0
      vertex -63.7506 -34.3956 0
      vertex -63.54 -34.4671 0
    endloop
  endfacet
  facet normal 0 0 -1
    outer loop
      vertex -63.5233 -37.7973 0
      vertex -63.95 -34.2972 0
      vertex -63.7506 -34.3956 0
    endloop
  endfacet
  facet normal 0 0 -1
    outer loop
      vertex -64.766 -43.8 0
      vertex -63.6699 -42.5 0
      vertex -64.0332 -43.0438 0
    endloop
  endfacet
  facet normal 0 0 -1
    outer loop
      vertex -63.5233 -37.7973 0
      vertex -64.1349 -34.1737 0
      vertex -63.95 -34.2972 0
    endloop
  endfacet
  facet normal 0 0 -1
    outer loop
      vertex -63.5233 -37.7973 0
      vertex -64.3021 -34.0271 0
      vertex -64.1349 -34.1737 0
    endloop
  endfacet
  facet normal 0 0 -1
    outer loop
      vertex -77.86 -28.825 0
      vertex -63.5233 -37.7973 0
      vertex -64.766 -43.8 0
    endloop
  endfacet
  facet normal 0 0 -1
    outer loop
      vertex -64.766 -43.8 0
      vertex -64.0332 -43.0438 0
      vertex -64.4645 -43.5355 0
    endloop
  endfacet
  facet normal 0 0 -1
    outer loop
      vertex -63.5233 -37.7973 0
      vertex -64.4487 -33.8599 0
      vertex -64.3021 -34.0271 0
    endloop
  endfacet
  facet normal 0 0 -1
    outer loop
      vertex -63.5233 -37.7973 0
      vertex -64.5722 -33.675 0
      vertex -64.4487 -33.8599 0
    endloop
  endfacet
  facet normal 0 0 -1
    outer loop
      vertex -63.5233 -37.7973 0
      vertex -77.86 -28.825 0
      vertex -64.5722 -33.675 0
    endloop
  endfacet
  facet normal 0 0 -1
    outer loop
      vertex -64.5722 -33.675 0
      vertex -77.86 -28.825 0
      vertex -64.6706 -33.4756 0
    endloop
  endfacet
  facet normal 0 0 -1
    outer loop
      vertex -64.6706 -33.4756 0
      vertex -77.86 -28.825 0
      vertex -64.7421 -33.265 0
    endloop
  endfacet
  facet normal 0 0 -1
    outer loop
      vertex -63.0428 39.3474 0
      vertex -63.0428 40.6526 0
      vertex -63 40 0
    endloop
  endfacet
  facet normal 0 0 -1
    outer loop
      vertex -63.1704 38.7059 0
      vertex -63.0428 40.6526 0
      vertex -63.0428 39.3474 0
    endloop
  endfacet
  facet normal 0 0 -1
    outer loop
      vertex -63.1704 38.7059 0
      vertex -63.1704 41.2941 0
      vertex -63.0428 40.6526 0
    endloop
  endfacet
  facet normal 0 0 -1
    outer loop
      vertex -63.5233 37.7973 0
      vertex -63.1704 38.7059 0
      vertex -63.3806 38.0866 0
    endloop
  endfacet
  facet normal -0 0 -1
    outer loop
      vertex -63.1704 38.7059 0
      vertex -63.5233 37.7973 0
      vertex -63.1704 41.2941 0
    endloop
  endfacet
  facet normal -0 0 -1
    outer loop
      vertex -63.1704 41.2941 0
      vertex -63.5233 37.7973 0
      vertex -63.3806 41.9134 0
    endloop
  endfacet
  facet normal 0 0 -1
    outer loop
      vertex -63.5233 37.7973 0
      vertex -63.6699 42.5 0
      vertex -63.3806 41.9134 0
    endloop
  endfacet
  facet normal 0 0 -1
    outer loop
      vertex -63.7506 34.3956 0
      vertex -63.5233 37.7973 0
      vertex -63.54 34.4671 0
    endloop
  endfacet
  facet normal 0 0 -1
    outer loop
      vertex -63.95 34.2972 0
      vertex -63.5233 37.7973 0
      vertex -63.7506 34.3956 0
    endloop
  endfacet
  facet normal 0 0 -1
    outer loop
      vertex -64.1349 34.1737 0
      vertex -63.5233 37.7973 0
      vertex -63.95 34.2972 0
    endloop
  endfacet
  facet normal 0 0 -1
    outer loop
      vertex -64.3021 34.0271 0
      vertex -63.5233 37.7973 0
      vertex -64.1349 34.1737 0
    endloop
  endfacet
  facet normal 0 0 -1
    outer loop
      vertex -64.4487 33.8599 0
      vertex -63.5233 37.7973 0
      vertex -64.3021 34.0271 0
    endloop
  endfacet
  facet normal 0 0 -1
    outer loop
      vertex -63.5233 37.7973 0
      vertex -64.766 43.8 0
      vertex -63.6699 42.5 0
    endloop
  endfacet
  facet normal 0 0 -1
    outer loop
      vertex -64.5722 33.675 0
      vertex -63.5233 37.7973 0
      vertex -64.4487 33.8599 0
    endloop
  endfacet
  facet normal 0 0 -1
    outer loop
      vertex -63.6699 42.5 0
      vertex -64.766 43.8 0
      vertex -64.0332 43.0438 0
    endloop
  endfacet
  facet normal 0 0 -1
    outer loop
      vertex -77.86 28.825 0
      vertex -63.5233 37.7973 0
      vertex -64.5722 33.675 0
    endloop
  endfacet
  facet normal 0 0 -1
    outer loop
      vertex -77.86 28.825 0
      vertex -64.5722 33.675 0
      vertex -64.6706 33.4756 0
    endloop
  endfacet
  facet normal 0 0 -1
    outer loop
      vertex -77.86 28.825 0
      vertex -64.6706 33.4756 0
      vertex -64.7421 33.265 0
    endloop
  endfacet
  facet normal 0 0 -1
    outer loop
      vertex -64.0332 43.0438 0
      vertex -64.766 43.8 0
      vertex -64.4645 43.5355 0
    endloop
  endfacet
  facet normal 0 0 -1
    outer loop
      vertex -77.86 28.825 0
      vertex -64.7421 33.265 0
      vertex -64.7855 33.0469 0
    endloop
  endfacet
  facet normal 0 0 -1
    outer loop
      vertex -61.5294 -32.1744 0
      vertex -60.1059 -28.825 0
      vertex -61.4579 -32.385 0
    endloop
  endfacet
  facet normal 0 0 -1
    outer loop
      vertex -61.6278 -31.975 0
      vertex -60.1059 -28.825 0
      vertex -61.5294 -32.1744 0
    endloop
  endfacet
  facet normal 0 0 -1
    outer loop
      vertex -61.7513 -31.7901 0
      vertex -60.1059 -28.825 0
      vertex -61.6278 -31.975 0
    endloop
  endfacet
  facet normal 0 0 -1
    outer loop
      vertex -61.8979 -31.6229 0
      vertex -60.1059 -28.825 0
      vertex -61.7513 -31.7901 0
    endloop
  endfacet
  facet normal 0 0 -1
    outer loop
      vertex -62.0651 -31.4763 0
      vertex -60.1059 -28.825 0
      vertex -61.8979 -31.6229 0
    endloop
  endfacet
  facet normal 0 0 -1
    outer loop
      vertex -62.25 -31.3528 0
      vertex -60.1059 -28.825 0
      vertex -62.0651 -31.4763 0
    endloop
  endfacet
  facet normal -0 0 -1
    outer loop
      vertex -60.1059 -28.825 0
      vertex -62.25 -31.3528 0
      vertex -60.6 -28.4949 0
    endloop
  endfacet
  facet normal -0 0 -1
    outer loop
      vertex -60.6 -28.4949 0
      vertex -62.25 -31.3528 0
      vertex -61.1866 -28.2056 0
    endloop
  endfacet
  facet normal 0 0 -1
    outer loop
      vertex -62.4494 -31.2544 0
      vertex -61.1866 -28.2056 0
      vertex -62.25 -31.3528 0
    endloop
  endfacet
  facet normal -0 0 -1
    outer loop
      vertex -61.1866 -28.2056 0
      vertex -62.4494 -31.2544 0
      vertex -61.8059 -27.9954 0
    endloop
  endfacet
  facet normal 0 0 -1
    outer loop
      vertex -62.66 -31.1829 0
      vertex -61.8059 -27.9954 0
      vertex -62.4494 -31.2544 0
    endloop
  endfacet
  facet normal -0 0 -1
    outer loop
      vertex -61.8059 -27.9954 0
      vertex -62.66 -31.1829 0
      vertex -62.4474 -27.8678 0
    endloop
  endfacet
  facet normal 0 0 -1
    outer loop
      vertex -62.8781 -31.1395 0
      vertex -62.4474 -27.8678 0
      vertex -62.66 -31.1829 0
    endloop
  endfacet
  facet normal 0 0 -1
    outer loop
      vertex -63.1 -31.125 0
      vertex -62.4474 -27.8678 0
      vertex -62.8781 -31.1395 0
    endloop
  endfacet
  facet normal 0 0 -1
    outer loop
      vertex -63.1 -31.125 0
      vertex -63.1 -27.825 0
      vertex -62.4474 -27.8678 0
    endloop
  endfacet
  facet normal 0 0 -1
    outer loop
      vertex -63.3219 -31.1395 0
      vertex -63.1 -27.825 0
      vertex -63.1 -31.125 0
    endloop
  endfacet
  facet normal 0 0 -1
    outer loop
      vertex -63.7526 -27.8678 0
      vertex -63.3219 -31.1395 0
      vertex -63.54 -31.1829 0
    endloop
  endfacet
  facet normal 0 0 -1
    outer loop
      vertex -64.3941 -27.9954 0
      vertex -63.54 -31.1829 0
      vertex -63.7506 -31.2544 0
    endloop
  endfacet
  facet normal 0 0 -1
    outer loop
      vertex -63.3219 -31.1395 0
      vertex -63.7526 -27.8678 0
      vertex -63.1 -27.825 0
    endloop
  endfacet
  facet normal 0 0 -1
    outer loop
      vertex -65.0134 -28.2056 0
      vertex -63.7506 -31.2544 0
      vertex -63.95 -31.3528 0
    endloop
  endfacet
  facet normal 0 0 -1
    outer loop
      vertex -66.0941 -28.825 0
      vertex -63.95 -31.3528 0
      vertex -64.1349 -31.4763 0
    endloop
  endfacet
  facet normal 0 0 -1
    outer loop
      vertex -66.0941 -28.825 0
      vertex -64.1349 -31.4763 0
      vertex -64.3021 -31.6229 0
    endloop
  endfacet
  facet normal 0 0 -1
    outer loop
      vertex -63.54 -31.1829 0
      vertex -64.3941 -27.9954 0
      vertex -63.7526 -27.8678 0
    endloop
  endfacet
  facet normal 0 0 -1
    outer loop
      vertex -66.0941 -28.825 0
      vertex -64.3021 -31.6229 0
      vertex -64.4487 -31.7901 0
    endloop
  endfacet
  facet normal 0 0 -1
    outer loop
      vertex -66.0941 -28.825 0
      vertex -64.4487 -31.7901 0
      vertex -64.5722 -31.975 0
    endloop
  endfacet
  facet normal 0 0 -1
    outer loop
      vertex -66.0941 -28.825 0
      vertex -64.5722 -31.975 0
      vertex -64.6706 -32.1744 0
    endloop
  endfacet
  facet normal 0 0 -1
    outer loop
      vertex -66.0941 -28.825 0
      vertex -64.6706 -32.1744 0
      vertex -64.7421 -32.385 0
    endloop
  endfacet
  facet normal 0 0 -1
    outer loop
      vertex -66.0941 -28.825 0
      vertex -64.7421 -32.385 0
      vertex -64.7855 -32.6031 0
    endloop
  endfacet
  facet normal 0 0 -1
    outer loop
      vertex -63.7506 -31.2544 0
      vertex -65.0134 -28.2056 0
      vertex -64.3941 -27.9954 0
    endloop
  endfacet
  facet normal 0 0 -1
    outer loop
      vertex -66.0941 -28.825 0
      vertex -64.7855 -32.6031 0
      vertex -64.8 -32.825 0
    endloop
  endfacet
  facet normal 0 0 -1
    outer loop
      vertex -61.5294 33.4756 0
      vertex -60.1059 36.825 0
      vertex -61.4579 33.265 0
    endloop
  endfacet
  facet normal 0 0 -1
    outer loop
      vertex -61.6278 33.675 0
      vertex -60.1059 36.825 0
      vertex -61.5294 33.4756 0
    endloop
  endfacet
  facet normal 0 0 -1
    outer loop
      vertex -61.7513 33.8599 0
      vertex -60.1059 36.825 0
      vertex -61.6278 33.675 0
    endloop
  endfacet
  facet normal 0 0 -1
    outer loop
      vertex -61.8979 34.0271 0
      vertex -60.1059 36.825 0
      vertex -61.7513 33.8599 0
    endloop
  endfacet
  facet normal 0 0 -1
    outer loop
      vertex -62.0651 34.1737 0
      vertex -60.1059 36.825 0
      vertex -61.8979 34.0271 0
    endloop
  endfacet
  facet normal 0 0 -1
    outer loop
      vertex -62.25 34.2972 0
      vertex -60.1059 36.825 0
      vertex -62.0651 34.1737 0
    endloop
  endfacet
  facet normal -0 0 -1
    outer loop
      vertex -60.1059 36.825 0
      vertex -62.25 34.2972 0
      vertex -60.6 37.1551 0
    endloop
  endfacet
  facet normal -0 0 -1
    outer loop
      vertex -60.6 37.1551 0
      vertex -62.25 34.2972 0
      vertex -61.1866 37.4444 0
    endloop
  endfacet
  facet normal 0 0 -1
    outer loop
      vertex -62.4494 34.3956 0
      vertex -61.1866 37.4444 0
      vertex -62.25 34.2972 0
    endloop
  endfacet
  facet normal -0 0 -1
    outer loop
      vertex -61.1866 37.4444 0
      vertex -62.4494 34.3956 0
      vertex -61.8059 37.6546 0
    endloop
  endfacet
  facet normal 0 0 -1
    outer loop
      vertex -62.66 34.4671 0
      vertex -61.8059 37.6546 0
      vertex -62.4494 34.3956 0
    endloop
  endfacet
  facet normal -0 0 -1
    outer loop
      vertex -61.8059 37.6546 0
      vertex -62.66 34.4671 0
      vertex -62.4474 37.7822 0
    endloop
  endfacet
  facet normal 0 0 -1
    outer loop
      vertex -62.8781 34.5105 0
      vertex -62.4474 37.7822 0
      vertex -62.66 34.4671 0
    endloop
  endfacet
  facet normal 0 0 -1
    outer loop
      vertex -63.1 34.525 0
      vertex -62.4474 37.7822 0
      vertex -62.8781 34.5105 0
    endloop
  endfacet
  facet normal 0 0 -1
    outer loop
      vertex -63.1 34.525 0
      vertex -63.1 37.825 0
      vertex -62.4474 37.7822 0
    endloop
  endfacet
  facet normal 0 0 -1
    outer loop
      vertex -63.5233 37.7973 0
      vertex -63.1 34.525 0
      vertex -63.3219 34.5105 0
    endloop
  endfacet
  facet normal 0 0 -1
    outer loop
      vertex -63.1 34.525 0
      vertex -63.5233 37.7973 0
      vertex -63.1 37.825 0
    endloop
  endfacet
  facet normal 0 -0 -1
    outer loop
      vertex -63.5233 37.7973 0
      vertex -63.3219 34.5105 0
      vertex -63.54 34.4671 0
    endloop
  endfacet
  facet normal 0 0 -1
    outer loop
      vertex 87 60 0
      vertex 63.0188 51.7781 0
      vertex 63.0333 52 0
    endloop
  endfacet
  facet normal 0 0 -1
    outer loop
      vertex 64.766 43.8 0
      vertex 62.9754 51.56 0
      vertex 63.0188 51.7781 0
    endloop
  endfacet
  facet normal 0 0 -1
    outer loop
      vertex 64.766 43.8 0
      vertex 62.9039 51.3494 0
      vertex 62.9754 51.56 0
    endloop
  endfacet
  facet normal 0 0 -1
    outer loop
      vertex 64.766 43.8 0
      vertex 62.8056 51.15 0
      vertex 62.9039 51.3494 0
    endloop
  endfacet
  facet normal 0 0 -1
    outer loop
      vertex 64.766 43.8 0
      vertex 62.682 50.9651 0
      vertex 62.8056 51.15 0
    endloop
  endfacet
  facet normal 0 0 -1
    outer loop
      vertex 64.766 43.8 0
      vertex 62.5354 50.7979 0
      vertex 62.682 50.9651 0
    endloop
  endfacet
  facet normal 0 0 -1
    outer loop
      vertex 64.766 43.8 0
      vertex 62.3682 50.6513 0
      vertex 62.5354 50.7979 0
    endloop
  endfacet
  facet normal 0 0 -1
    outer loop
      vertex 64.766 43.8 0
      vertex 62.1833 50.5278 0
      vertex 62.3682 50.6513 0
    endloop
  endfacet
  facet normal 0 0 -1
    outer loop
      vertex 64.766 43.8 0
      vertex 61.9839 50.4294 0
      vertex 62.1833 50.5278 0
    endloop
  endfacet
  facet normal 0 0 -1
    outer loop
      vertex 64.766 43.8 0
      vertex 61.7733 50.3579 0
      vertex 61.9839 50.4294 0
    endloop
  endfacet
  facet normal 0 0 -1
    outer loop
      vertex 64.766 43.8 0
      vertex 61.5552 50.3145 0
      vertex 61.7733 50.3579 0
    endloop
  endfacet
  facet normal 0 0 -1
    outer loop
      vertex 64.766 43.8 0
      vertex 61.3333 50.3 0
      vertex 61.5552 50.3145 0
    endloop
  endfacet
  facet normal 0 0 -1
    outer loop
      vertex 64.766 43.8 0
      vertex 61.1114 50.3145 0
      vertex 61.3333 50.3 0
    endloop
  endfacet
  facet normal 0 0 -1
    outer loop
      vertex 64.766 43.8 0
      vertex 60.8933 50.3579 0
      vertex 61.1114 50.3145 0
    endloop
  endfacet
  facet normal 0 0 -1
    outer loop
      vertex 64.766 43.8 0
      vertex 60.6828 50.4294 0
      vertex 60.8933 50.3579 0
    endloop
  endfacet
  facet normal 0 0 -1
    outer loop
      vertex 64.766 43.8 0
      vertex 60.4833 50.5278 0
      vertex 60.6828 50.4294 0
    endloop
  endfacet
  facet normal 0 0 -1
    outer loop
      vertex 64.766 43.8 0
      vertex 60.2984 50.6513 0
      vertex 60.4833 50.5278 0
    endloop
  endfacet
  facet normal 0 0 -1
    outer loop
      vertex 64.766 43.8 0
      vertex 60.1313 50.7979 0
      vertex 60.2984 50.6513 0
    endloop
  endfacet
  facet normal 0 0 -1
    outer loop
      vertex 64.766 43.8 0
      vertex 59.9846 50.9651 0
      vertex 60.1313 50.7979 0
    endloop
  endfacet
  facet normal 0 0 -1
    outer loop
      vertex -59.9846 50.9651 0
      vertex 59.9846 50.9651 0
      vertex 64.766 43.8 0
    endloop
  endfacet
  facet normal 0 0 -1
    outer loop
      vertex 59.6479 51.7781 0
      vertex -59.6333 52 0
      vertex 59.6333 52 0
    endloop
  endfacet
  facet normal 0 0 -1
    outer loop
      vertex -59.6479 51.7781 0
      vertex 59.6479 51.7781 0
      vertex 59.6913 51.56 0
    endloop
  endfacet
  facet normal 0 0 -1
    outer loop
      vertex -59.6913 51.56 0
      vertex 59.6913 51.56 0
      vertex 59.7627 51.3494 0
    endloop
  endfacet
  facet normal 0 0 -1
    outer loop
      vertex -59.7627 51.3494 0
      vertex 59.7627 51.3494 0
      vertex 59.8611 51.15 0
    endloop
  endfacet
  facet normal 0 0 -1
    outer loop
      vertex 59.9846 50.9651 0
      vertex -59.9846 50.9651 0
      vertex 59.8611 51.15 0
    endloop
  endfacet
  facet normal 0 0 -1
    outer loop
      vertex 59.6479 51.7781 0
      vertex -59.6479 51.7781 0
      vertex -59.6333 52 0
    endloop
  endfacet
  facet normal 0 0 -1
    outer loop
      vertex 59.6913 51.56 0
      vertex -59.6913 51.56 0
      vertex -59.6479 51.7781 0
    endloop
  endfacet
  facet normal 0 0 -1
    outer loop
      vertex 59.7627 51.3494 0
      vertex -59.7627 51.3494 0
      vertex -59.6913 51.56 0
    endloop
  endfacet
  facet normal 0 0 -1
    outer loop
      vertex 59.8611 51.15 0
      vertex -59.8611 51.15 0
      vertex -59.7627 51.3494 0
    endloop
  endfacet
  facet normal -0 0 -1
    outer loop
      vertex 59.8611 51.15 0
      vertex -59.9846 50.9651 0
      vertex -59.8611 51.15 0
    endloop
  endfacet
  facet normal 0 0 -1
    outer loop
      vertex -64.766 43.8 0
      vertex -59.9846 50.9651 0
      vertex 64.766 43.8 0
    endloop
  endfacet
  facet normal 0 0 -1
    outer loop
      vertex -59.9846 50.9651 0
      vertex -64.766 43.8 0
      vertex -60.1313 50.7979 0
    endloop
  endfacet
  facet normal 0 0 -1
    outer loop
      vertex -60.1313 50.7979 0
      vertex -64.766 43.8 0
      vertex -60.2984 50.6513 0
    endloop
  endfacet
  facet normal 0 0 -1
    outer loop
      vertex -60.2984 50.6513 0
      vertex -64.766 43.8 0
      vertex -60.4833 50.5278 0
    endloop
  endfacet
  facet normal 0 0 -1
    outer loop
      vertex -60.4833 50.5278 0
      vertex -64.766 43.8 0
      vertex -60.6828 50.4294 0
    endloop
  endfacet
  facet normal 0 0 -1
    outer loop
      vertex -60.6828 50.4294 0
      vertex -64.766 43.8 0
      vertex -60.8933 50.3579 0
    endloop
  endfacet
  facet normal 0 0 -1
    outer loop
      vertex -60.8933 50.3579 0
      vertex -64.766 43.8 0
      vertex -61.1114 50.3145 0
    endloop
  endfacet
  facet normal 0 0 -1
    outer loop
      vertex -87 60 0
      vertex -63.0188 51.7781 0
      vertex -64.766 43.8 0
    endloop
  endfacet
  facet normal -0 0 -1
    outer loop
      vertex -62.9754 51.56 0
      vertex -64.766 43.8 0
      vertex -63.0188 51.7781 0
    endloop
  endfacet
  facet normal -0 0 -1
    outer loop
      vertex -62.9039 51.3494 0
      vertex -64.766 43.8 0
      vertex -62.9754 51.56 0
    endloop
  endfacet
  facet normal -0 0 -1
    outer loop
      vertex -62.8056 51.15 0
      vertex -64.766 43.8 0
      vertex -62.9039 51.3494 0
    endloop
  endfacet
  facet normal -0 0 -1
    outer loop
      vertex -62.682 50.9651 0
      vertex -64.766 43.8 0
      vertex -62.8056 51.15 0
    endloop
  endfacet
  facet normal -0 0 -1
    outer loop
      vertex -62.5354 50.7979 0
      vertex -64.766 43.8 0
      vertex -62.682 50.9651 0
    endloop
  endfacet
  facet normal -0 0 -1
    outer loop
      vertex -62.3682 50.6513 0
      vertex -64.766 43.8 0
      vertex -62.5354 50.7979 0
    endloop
  endfacet
  facet normal -0 0 -1
    outer loop
      vertex -62.1833 50.5278 0
      vertex -64.766 43.8 0
      vertex -62.3682 50.6513 0
    endloop
  endfacet
  facet normal -0 0 -1
    outer loop
      vertex -61.9839 50.4294 0
      vertex -64.766 43.8 0
      vertex -62.1833 50.5278 0
    endloop
  endfacet
  facet normal -0 0 -1
    outer loop
      vertex -61.7733 50.3579 0
      vertex -64.766 43.8 0
      vertex -61.9839 50.4294 0
    endloop
  endfacet
  facet normal -0 0 -1
    outer loop
      vertex -61.5552 50.3145 0
      vertex -64.766 43.8 0
      vertex -61.7733 50.3579 0
    endloop
  endfacet
  facet normal -0 0 -1
    outer loop
      vertex -61.3333 50.3 0
      vertex -64.766 43.8 0
      vertex -61.5552 50.3145 0
    endloop
  endfacet
  facet normal 0 0 -1
    outer loop
      vertex -61.1114 50.3145 0
      vertex -64.766 43.8 0
      vertex -61.3333 50.3 0
    endloop
  endfacet
  facet normal 0 0 -1
    outer loop
      vertex 63.3219 34.5105 0
      vertex 63.5233 37.7973 0
      vertex 63.54 34.4671 0
    endloop
  endfacet
  facet normal 0 0 -1
    outer loop
      vertex 63.1 34.525 0
      vertex 63.5233 37.7973 0
      vertex 63.3219 34.5105 0
    endloop
  endfacet
  facet normal 0 0 -1
    outer loop
      vertex 63.1 34.525 0
      vertex 63.1 37.825 0
      vertex 63.5233 37.7973 0
    endloop
  endfacet
  facet normal 0 0 -1
    outer loop
      vertex 62.8781 34.5105 0
      vertex 63.1 37.825 0
      vertex 63.1 34.525 0
    endloop
  endfacet
  facet normal 0 0 -1
    outer loop
      vertex 62.4474 37.7822 0
      vertex 62.8781 34.5105 0
      vertex 62.66 34.4671 0
    endloop
  endfacet
  facet normal 0 0 -1
    outer loop
      vertex 61.8059 37.6546 0
      vertex 62.66 34.4671 0
      vertex 62.4494 34.3956 0
    endloop
  endfacet
  facet normal 0 0 -1
    outer loop
      vertex 62.8781 34.5105 0
      vertex 62.4474 37.7822 0
      vertex 63.1 37.825 0
    endloop
  endfacet
  facet normal 0 0 -1
    outer loop
      vertex 61.1866 37.4444 0
      vertex 62.4494 34.3956 0
      vertex 62.25 34.2972 0
    endloop
  endfacet
  facet normal 0 0 -1
    outer loop
      vertex 60.1059 36.825 0
      vertex 62.25 34.2972 0
      vertex 62.0651 34.1737 0
    endloop
  endfacet
  facet normal 0 0 -1
    outer loop
      vertex 60.1059 36.825 0
      vertex 62.0651 34.1737 0
      vertex 61.8979 34.0271 0
    endloop
  endfacet
  facet normal 0 0 -1
    outer loop
      vertex 62.66 34.4671 0
      vertex 61.8059 37.6546 0
      vertex 62.4474 37.7822 0
    endloop
  endfacet
  facet normal 0 0 -1
    outer loop
      vertex 60.1059 36.825 0
      vertex 61.8979 34.0271 0
      vertex 61.7513 33.8599 0
    endloop
  endfacet
  facet normal 0 0 -1
    outer loop
      vertex 60.1059 36.825 0
      vertex 61.7513 33.8599 0
      vertex 61.6278 33.675 0
    endloop
  endfacet
  facet normal 0 0 -1
    outer loop
      vertex 60.1059 36.825 0
      vertex 61.6278 33.675 0
      vertex 61.5294 33.4756 0
    endloop
  endfacet
  facet normal 0 0 -1
    outer loop
      vertex 60.1059 36.825 0
      vertex 61.5294 33.4756 0
      vertex 61.4579 33.265 0
    endloop
  endfacet
  facet normal 0 0 -1
    outer loop
      vertex 60.1059 36.825 0
      vertex 61.4579 33.265 0
      vertex 61.4145 33.0469 0
    endloop
  endfacet
  facet normal 0 0 -1
    outer loop
      vertex 62.4494 34.3956 0
      vertex 61.1866 37.4444 0
      vertex 61.8059 37.6546 0
    endloop
  endfacet
  facet normal 0 0 -1
    outer loop
      vertex 60.1059 36.825 0
      vertex 61.4145 33.0469 0
      vertex 61.4 32.825 0
    endloop
  endfacet
  facet normal -0 0 -1
    outer loop
      vertex 61.4579 32.385 0
      vertex 60.1059 28.825 0
      vertex 61.4145 32.6031 0
    endloop
  endfacet
  facet normal -0 0 -1
    outer loop
      vertex 61.4145 32.6031 0
      vertex 60.1059 28.825 0
      vertex 61.4 32.825 0
    endloop
  endfacet
  facet normal 0 0 -1
    outer loop
      vertex 62.25 34.2972 0
      vertex 60.6 37.1551 0
      vertex 61.1866 37.4444 0
    endloop
  endfacet
  facet normal 0 0 -1
    outer loop
      vertex 60.1059 36.825 0
      vertex 61.4 32.825 0
      vertex 60.1059 28.825 0
    endloop
  endfacet
  facet normal 0 0 -1
    outer loop
      vertex 62.25 34.2972 0
      vertex 60.1059 36.825 0
      vertex 60.6 37.1551 0
    endloop
  endfacet
  facet normal 0 0 -1
    outer loop
      vertex -60.1059 28.825 0
      vertex 60.1059 36.825 0
      vertex 60.1059 28.825 0
    endloop
  endfacet
  facet normal 0 0 -1
    outer loop
      vertex -60.1059 28.825 0
      vertex -60.1059 36.825 0
      vertex 60.1059 36.825 0
    endloop
  endfacet
  facet normal 0 0 -1
    outer loop
      vertex -62.25 31.3528 0
      vertex -60.1059 28.825 0
      vertex -60.6 28.4949 0
    endloop
  endfacet
  facet normal 0 0 -1
    outer loop
      vertex -60.1059 28.825 0
      vertex -61.4 32.825 0
      vertex -60.1059 36.825 0
    endloop
  endfacet
  facet normal 0 0 -1
    outer loop
      vertex -62.25 31.3528 0
      vertex -60.6 28.4949 0
      vertex -61.1866 28.2056 0
    endloop
  endfacet
  facet normal 0 0 -1
    outer loop
      vertex -61.4145 33.0469 0
      vertex -60.1059 36.825 0
      vertex -61.4 32.825 0
    endloop
  endfacet
  facet normal 0 0 -1
    outer loop
      vertex -61.4579 33.265 0
      vertex -60.1059 36.825 0
      vertex -61.4145 33.0469 0
    endloop
  endfacet
  facet normal 0 0 -1
    outer loop
      vertex -60.1059 28.825 0
      vertex -61.4145 32.6031 0
      vertex -61.4 32.825 0
    endloop
  endfacet
  facet normal 0 0 -1
    outer loop
      vertex -60.1059 28.825 0
      vertex -61.4579 32.385 0
      vertex -61.4145 32.6031 0
    endloop
  endfacet
  facet normal 0 0 -1
    outer loop
      vertex -60.1059 28.825 0
      vertex -61.5294 32.1744 0
      vertex -61.4579 32.385 0
    endloop
  endfacet
  facet normal 0 0 -1
    outer loop
      vertex -60.1059 28.825 0
      vertex -61.6278 31.975 0
      vertex -61.5294 32.1744 0
    endloop
  endfacet
  facet normal 0 0 -1
    outer loop
      vertex -60.1059 28.825 0
      vertex -61.7513 31.7901 0
      vertex -61.6278 31.975 0
    endloop
  endfacet
  facet normal 0 0 -1
    outer loop
      vertex -62.4494 31.2544 0
      vertex -61.1866 28.2056 0
      vertex -61.8059 27.9954 0
    endloop
  endfacet
  facet normal 0 0 -1
    outer loop
      vertex -60.1059 28.825 0
      vertex -61.8979 31.6229 0
      vertex -61.7513 31.7901 0
    endloop
  endfacet
  facet normal 0 0 -1
    outer loop
      vertex -60.1059 28.825 0
      vertex -62.0651 31.4763 0
      vertex -61.8979 31.6229 0
    endloop
  endfacet
  facet normal 0 0 -1
    outer loop
      vertex -60.1059 28.825 0
      vertex -62.25 31.3528 0
      vertex -62.0651 31.4763 0
    endloop
  endfacet
  facet normal 0 0 -1
    outer loop
      vertex -62.66 31.1829 0
      vertex -61.8059 27.9954 0
      vertex -62.4474 27.8678 0
    endloop
  endfacet
  facet normal 0 0 -1
    outer loop
      vertex -61.1866 28.2056 0
      vertex -62.4494 31.2544 0
      vertex -62.25 31.3528 0
    endloop
  endfacet
  facet normal 0 0 -1
    outer loop
      vertex -61.8059 27.9954 0
      vertex -62.66 31.1829 0
      vertex -62.4494 31.2544 0
    endloop
  endfacet
  facet normal 0 0 -1
    outer loop
      vertex -62.4474 27.8678 0
      vertex -62.8781 31.1395 0
      vertex -62.66 31.1829 0
    endloop
  endfacet
  facet normal 0 0 -1
    outer loop
      vertex -63.1 27.825 0
      vertex -62.8781 31.1395 0
      vertex -62.4474 27.8678 0
    endloop
  endfacet
  facet normal 0 0 -1
    outer loop
      vertex -63.1 27.825 0
      vertex -63.1 31.125 0
      vertex -62.8781 31.1395 0
    endloop
  endfacet
  facet normal 0 0 -1
    outer loop
      vertex -63.1 27.825 0
      vertex -63.3219 31.1395 0
      vertex -63.1 31.125 0
    endloop
  endfacet
  facet normal 0 0 -1
    outer loop
      vertex -63.7526 27.8678 0
      vertex -63.3219 31.1395 0
      vertex -63.1 27.825 0
    endloop
  endfacet
  facet normal -0 0 -1
    outer loop
      vertex -63.3219 31.1395 0
      vertex -63.7526 27.8678 0
      vertex -63.54 31.1829 0
    endloop
  endfacet
  facet normal 0 0 -1
    outer loop
      vertex -64.3941 27.9954 0
      vertex -63.54 31.1829 0
      vertex -63.7526 27.8678 0
    endloop
  endfacet
  facet normal -0 0 -1
    outer loop
      vertex -63.54 31.1829 0
      vertex -64.3941 27.9954 0
      vertex -63.7506 31.2544 0
    endloop
  endfacet
  facet normal 0 0 -1
    outer loop
      vertex -65.0134 28.2056 0
      vertex -63.7506 31.2544 0
      vertex -64.3941 27.9954 0
    endloop
  endfacet
  facet normal -0 0 -1
    outer loop
      vertex -63.7506 31.2544 0
      vertex -65.0134 28.2056 0
      vertex -63.95 31.3528 0
    endloop
  endfacet
  facet normal 0 0 -1
    outer loop
      vertex -65.6 28.4949 0
      vertex -63.95 31.3528 0
      vertex -65.0134 28.2056 0
    endloop
  endfacet
  facet normal 0 0 -1
    outer loop
      vertex -66.0941 28.825 0
      vertex -63.95 31.3528 0
      vertex -65.6 28.4949 0
    endloop
  endfacet
  facet normal -0 0 -1
    outer loop
      vertex -63.95 31.3528 0
      vertex -66.0941 28.825 0
      vertex -64.1349 31.4763 0
    endloop
  endfacet
  facet normal -0 0 -1
    outer loop
      vertex -64.1349 31.4763 0
      vertex -66.0941 28.825 0
      vertex -64.3021 31.6229 0
    endloop
  endfacet
  facet normal -0 0 -1
    outer loop
      vertex -64.3021 31.6229 0
      vertex -66.0941 28.825 0
      vertex -64.4487 31.7901 0
    endloop
  endfacet
  facet normal -0 0 -1
    outer loop
      vertex -64.4487 31.7901 0
      vertex -66.0941 28.825 0
      vertex -64.5722 31.975 0
    endloop
  endfacet
  facet normal -0 0 -1
    outer loop
      vertex -64.6706 32.1744 0
      vertex -66.0941 28.825 0
      vertex -64.7421 32.385 0
    endloop
  endfacet
  facet normal -0 0 -1
    outer loop
      vertex -64.5722 31.975 0
      vertex -66.0941 28.825 0
      vertex -64.6706 32.1744 0
    endloop
  endfacet
  facet normal 0 0 -1
    outer loop
      vertex 64.6706 33.4756 0
      vertex 77.86 28.825 0
      vertex 64.7421 33.265 0
    endloop
  endfacet
  facet normal 0 0 -1
    outer loop
      vertex 64.5722 33.675 0
      vertex 77.86 28.825 0
      vertex 64.6706 33.4756 0
    endloop
  endfacet
  facet normal 0 0 -1
    outer loop
      vertex 77.86 28.825 0
      vertex 64.5722 33.675 0
      vertex 63.5233 37.7973 0
    endloop
  endfacet
  facet normal 0 0 -1
    outer loop
      vertex 77.86 28.825 0
      vertex 63.5233 37.7973 0
      vertex 64.766 43.8 0
    endloop
  endfacet
  facet normal 0 0 -1
    outer loop
      vertex 63.5233 37.7973 0
      vertex 64.5722 33.675 0
      vertex 64.4487 33.8599 0
    endloop
  endfacet
  facet normal 0 0 -1
    outer loop
      vertex 63.5233 37.7973 0
      vertex 64.4487 33.8599 0
      vertex 64.3021 34.0271 0
    endloop
  endfacet
  facet normal 0 0 -1
    outer loop
      vertex 63.5233 37.7973 0
      vertex 64.3021 34.0271 0
      vertex 64.1349 34.1737 0
    endloop
  endfacet
  facet normal 0 -0 -1
    outer loop
      vertex 64.0332 43.0438 0
      vertex 64.766 43.8 0
      vertex 63.5233 37.7973 0
    endloop
  endfacet
  facet normal 0 0 -1
    outer loop
      vertex 63.5233 37.7973 0
      vertex 64.1349 34.1737 0
      vertex 63.95 34.2972 0
    endloop
  endfacet
  facet normal 0 0 -1
    outer loop
      vertex 63.5233 37.7973 0
      vertex 63.95 34.2972 0
      vertex 63.7506 34.3956 0
    endloop
  endfacet
  facet normal 0 0 -1
    outer loop
      vertex 64.766 43.8 0
      vertex 64.0332 43.0438 0
      vertex 64.4645 43.5355 0
    endloop
  endfacet
  facet normal 0 0 -1
    outer loop
      vertex 63.5233 37.7973 0
      vertex 63.7506 34.3956 0
      vertex 63.54 34.4671 0
    endloop
  endfacet
  facet normal 0 0 -1
    outer loop
      vertex 64.0332 43.0438 0
      vertex 63.5233 37.7973 0
      vertex 63.6699 42.5 0
    endloop
  endfacet
  facet normal 0 0 -1
    outer loop
      vertex 63.1704 38.7059 0
      vertex 63.5233 37.7973 0
      vertex 63.3806 38.0866 0
    endloop
  endfacet
  facet normal 0 0 -1
    outer loop
      vertex 63.5233 37.7973 0
      vertex 63.3806 41.9134 0
      vertex 63.6699 42.5 0
    endloop
  endfacet
  facet normal 0 0 -1
    outer loop
      vertex 63.5233 37.7973 0
      vertex 63.1704 38.7059 0
      vertex 63.3806 41.9134 0
    endloop
  endfacet
  facet normal 0 0 -1
    outer loop
      vertex 63.1704 38.7059 0
      vertex 63.1704 41.2941 0
      vertex 63.3806 41.9134 0
    endloop
  endfacet
  facet normal 0 0 -1
    outer loop
      vertex 63.0428 39.3474 0
      vertex 63.1704 41.2941 0
      vertex 63.1704 38.7059 0
    endloop
  endfacet
  facet normal 0 0 -1
    outer loop
      vertex 63.0428 39.3474 0
      vertex 63.0428 40.6526 0
      vertex 63.1704 41.2941 0
    endloop
  endfacet
  facet normal 0 -0 -1
    outer loop
      vertex 63.0428 40.6526 0
      vertex 63.0428 39.3474 0
      vertex 63 40 0
    endloop
  endfacet
  facet normal 0 0 -1
    outer loop
      vertex 66.0941 28.825 0
      vertex 64.7855 32.6031 0
      vertex 64.8 32.825 0
    endloop
  endfacet
  facet normal 0 0 -1
    outer loop
      vertex 65.6 28.4949 0
      vertex 64.7421 32.385 0
      vertex 64.7855 32.6031 0
    endloop
  endfacet
  facet normal 0 0 -1
    outer loop
      vertex 65.6 28.4949 0
      vertex 64.6706 32.1744 0
      vertex 64.7421 32.385 0
    endloop
  endfacet
  facet normal 0 0 -1
    outer loop
      vertex 65.6 28.4949 0
      vertex 64.5722 31.975 0
      vertex 64.6706 32.1744 0
    endloop
  endfacet
  facet normal 0 0 -1
    outer loop
      vertex 65.6 28.4949 0
      vertex 64.4487 31.7901 0
      vertex 64.5722 31.975 0
    endloop
  endfacet
  facet normal 0 0 -1
    outer loop
      vertex 63.7506 31.2544 0
      vertex 65.0134 28.2056 0
      vertex 64.3941 27.9954 0
    endloop
  endfacet
  facet normal 0 0 -1
    outer loop
      vertex 65.6 28.4949 0
      vertex 64.3021 31.6229 0
      vertex 64.4487 31.7901 0
    endloop
  endfacet
  facet normal 0 0 -1
    outer loop
      vertex 65.6 28.4949 0
      vertex 64.1349 31.4763 0
      vertex 64.3021 31.6229 0
    endloop
  endfacet
  facet normal 0 0 -1
    outer loop
      vertex 65.6 28.4949 0
      vertex 63.95 31.3528 0
      vertex 64.1349 31.4763 0
    endloop
  endfacet
  facet normal 0 0 -1
    outer loop
      vertex 63.54 31.1829 0
      vertex 64.3941 27.9954 0
      vertex 63.7526 27.8678 0
    endloop
  endfacet
  facet normal 0 0 -1
    outer loop
      vertex 65.0134 28.2056 0
      vertex 63.7506 31.2544 0
      vertex 63.95 31.3528 0
    endloop
  endfacet
  facet normal 0 0 -1
    outer loop
      vertex 64.3941 27.9954 0
      vertex 63.54 31.1829 0
      vertex 63.7506 31.2544 0
    endloop
  endfacet
  facet normal 0 0 -1
    outer loop
      vertex 63.7526 27.8678 0
      vertex 63.3219 31.1395 0
      vertex 63.54 31.1829 0
    endloop
  endfacet
  facet normal 0 0 -1
    outer loop
      vertex 63.1 27.825 0
      vertex 63.3219 31.1395 0
      vertex 63.7526 27.8678 0
    endloop
  endfacet
  facet normal 0 0 -1
    outer loop
      vertex 63.1 27.825 0
      vertex 63.1 31.125 0
      vertex 63.3219 31.1395 0
    endloop
  endfacet
  facet normal 0 0 -1
    outer loop
      vertex 63.1 27.825 0
      vertex 62.8781 31.1395 0
      vertex 63.1 31.125 0
    endloop
  endfacet
  facet normal 0 0 -1
    outer loop
      vertex 62.4474 27.8678 0
      vertex 62.8781 31.1395 0
      vertex 63.1 27.825 0
    endloop
  endfacet
  facet normal -0 0 -1
    outer loop
      vertex 62.8781 31.1395 0
      vertex 62.4474 27.8678 0
      vertex 62.66 31.1829 0
    endloop
  endfacet
  facet normal 0 0 -1
    outer loop
      vertex 61.8059 27.9954 0
      vertex 62.66 31.1829 0
      vertex 62.4474 27.8678 0
    endloop
  endfacet
  facet normal -0 0 -1
    outer loop
      vertex 62.66 31.1829 0
      vertex 61.8059 27.9954 0
      vertex 62.4494 31.2544 0
    endloop
  endfacet
  facet normal 0 0 -1
    outer loop
      vertex 61.1866 28.2056 0
      vertex 62.4494 31.2544 0
      vertex 61.8059 27.9954 0
    endloop
  endfacet
  facet normal -0 0 -1
    outer loop
      vertex 62.4494 31.2544 0
      vertex 61.1866 28.2056 0
      vertex 62.25 31.3528 0
    endloop
  endfacet
  facet normal 0 0 -1
    outer loop
      vertex 60.6 28.4949 0
      vertex 62.25 31.3528 0
      vertex 61.1866 28.2056 0
    endloop
  endfacet
  facet normal 0 0 -1
    outer loop
      vertex 60.1059 28.825 0
      vertex 62.25 31.3528 0
      vertex 60.6 28.4949 0
    endloop
  endfacet
  facet normal -0 0 -1
    outer loop
      vertex 62.25 31.3528 0
      vertex 60.1059 28.825 0
      vertex 62.0651 31.4763 0
    endloop
  endfacet
  facet normal -0 0 -1
    outer loop
      vertex 62.0651 31.4763 0
      vertex 60.1059 28.825 0
      vertex 61.8979 31.6229 0
    endloop
  endfacet
  facet normal -0 0 -1
    outer loop
      vertex 61.8979 31.6229 0
      vertex 60.1059 28.825 0
      vertex 61.7513 31.7901 0
    endloop
  endfacet
  facet normal -0 0 -1
    outer loop
      vertex 61.7513 31.7901 0
      vertex 60.1059 28.825 0
      vertex 61.6278 31.975 0
    endloop
  endfacet
  facet normal -0 0 -1
    outer loop
      vertex 61.5294 32.1744 0
      vertex 60.1059 28.825 0
      vertex 61.4579 32.385 0
    endloop
  endfacet
  facet normal -0 0 -1
    outer loop
      vertex 61.6278 31.975 0
      vertex 60.1059 28.825 0
      vertex 61.5294 32.1744 0
    endloop
  endfacet
  facet normal 0 0 -1
    outer loop
      vertex 87 -60 0
      vertex 92 -55 0
      vertex 91.9572 -55.6526 0
    endloop
  endfacet
  facet normal 0 0 -1
    outer loop
      vertex 92 -55 0
      vertex 84.7 0 0
      vertex 92 55 0
    endloop
  endfacet
  facet normal 0 0 -1
    outer loop
      vertex 87 -60 0
      vertex 91.9572 -55.6526 0
      vertex 91.8296 -56.2941 0
    endloop
  endfacet
  facet normal 0 0 -1
    outer loop
      vertex 84.6855 0.221894 0
      vertex 92 55 0
      vertex 84.7 0 0
    endloop
  endfacet
  facet normal 0 0 -1
    outer loop
      vertex 87 -60 0
      vertex 91.8296 -56.2941 0
      vertex 91.6194 -56.9134 0
    endloop
  endfacet
  facet normal 0 0 -1
    outer loop
      vertex 84.6421 0.439992 0
      vertex 92 55 0
      vertex 84.6855 0.221894 0
    endloop
  endfacet
  facet normal 0 0 -1
    outer loop
      vertex 87 -60 0
      vertex 91.6194 -56.9134 0
      vertex 91.3301 -57.5 0
    endloop
  endfacet
  facet normal 0 0 -1
    outer loop
      vertex 84.5706 0.650561 0
      vertex 92 55 0
      vertex 84.6421 0.439992 0
    endloop
  endfacet
  facet normal 0 0 -1
    outer loop
      vertex 87 -60 0
      vertex 91.3301 -57.5 0
      vertex 90.9668 -58.0438 0
    endloop
  endfacet
  facet normal 0 0 -1
    outer loop
      vertex 84.4722 0.849999 0
      vertex 92 55 0
      vertex 84.5706 0.650561 0
    endloop
  endfacet
  facet normal 0 0 -1
    outer loop
      vertex 87 -60 0
      vertex 90.9668 -58.0438 0
      vertex 90.5355 -58.5355 0
    endloop
  endfacet
  facet normal 0 0 -1
    outer loop
      vertex 77.86 28.825 0
      vertex 92 55 0
      vertex 84.4722 0.849999 0
    endloop
  endfacet
  facet normal 0 0 -1
    outer loop
      vertex 87 -60 0
      vertex 90.5355 -58.5355 0
      vertex 90.0438 -58.9668 0
    endloop
  endfacet
  facet normal 0 0 -1
    outer loop
      vertex 64.766 43.8 0
      vertex 92 55 0
      vertex 77.86 28.825 0
    endloop
  endfacet
  facet normal 0 0 -1
    outer loop
      vertex 87 -60 0
      vertex 90.0438 -58.9668 0
      vertex 89.5 -59.3301 0
    endloop
  endfacet
  facet normal 0 -0 -1
    outer loop
      vertex 87 60 0
      vertex 92 55 0
      vertex 64.766 43.8 0
    endloop
  endfacet
  facet normal 0 0 -1
    outer loop
      vertex 87 -60 0
      vertex 89.5 -59.3301 0
      vertex 88.9134 -59.6194 0
    endloop
  endfacet
  facet normal 0 0 -1
    outer loop
      vertex 92 55 0
      vertex 87 60 0
      vertex 91.9572 55.6526 0
    endloop
  endfacet
  facet normal 0 0 -1
    outer loop
      vertex 87 -60 0
      vertex 88.9134 -59.6194 0
      vertex 88.2941 -59.8296 0
    endloop
  endfacet
  facet normal 0 0 -1
    outer loop
      vertex 91.9572 55.6526 0
      vertex 87 60 0
      vertex 91.8296 56.2941 0
    endloop
  endfacet
  facet normal 0 0 -1
    outer loop
      vertex 87 -60 0
      vertex 88.2941 -59.8296 0
      vertex 87.6526 -59.9572 0
    endloop
  endfacet
  facet normal 0 0 -1
    outer loop
      vertex 91.6194 56.9134 0
      vertex 87 60 0
      vertex 91.3301 57.5 0
    endloop
  endfacet
  facet normal -0 0 -1
    outer loop
      vertex 92 -55 0
      vertex 87 -60 0
      vertex 64.766 -43.8 0
    endloop
  endfacet
  facet normal 0 0 -1
    outer loop
      vertex 91.3301 57.5 0
      vertex 87 60 0
      vertex 90.9668 58.0438 0
    endloop
  endfacet
  facet normal 0 0 -1
    outer loop
      vertex 90.9668 58.0438 0
      vertex 87 60 0
      vertex 90.5355 58.5355 0
    endloop
  endfacet
  facet normal 0 0 -1
    outer loop
      vertex 92 -55 0
      vertex 84.6855 -0.221894 0
      vertex 84.7 0 0
    endloop
  endfacet
  facet normal 0 0 -1
    outer loop
      vertex 92 -55 0
      vertex 84.6421 -0.439992 0
      vertex 84.6855 -0.221894 0
    endloop
  endfacet
  facet normal 0 0 -1
    outer loop
      vertex 92 -55 0
      vertex 84.5706 -0.650561 0
      vertex 84.6421 -0.439992 0
    endloop
  endfacet
  facet normal 0 0 -1
    outer loop
      vertex 92 -55 0
      vertex 84.4722 -0.849999 0
      vertex 84.5706 -0.650561 0
    endloop
  endfacet
  facet normal 0 0 -1
    outer loop
      vertex 92 -55 0
      vertex 77.86 -28.825 0
      vertex 84.4722 -0.849999 0
    endloop
  endfacet
  facet normal 0 0 -1
    outer loop
      vertex 84.4722 -0.849999 0
      vertex 77.86 -28.825 0
      vertex 84.3487 -1.03489 0
    endloop
  endfacet
  facet normal 0 0 -1
    outer loop
      vertex 84.3487 -1.03489 0
      vertex 77.86 -28.825 0
      vertex 84.2021 -1.20208 0
    endloop
  endfacet
  facet normal 0 0 -1
    outer loop
      vertex 84.2021 -1.20208 0
      vertex 77.86 -28.825 0
      vertex 84.0349 -1.3487 0
    endloop
  endfacet
  facet normal 0 0 -1
    outer loop
      vertex 84.0349 -1.3487 0
      vertex 77.86 -28.825 0
      vertex 83.85 -1.47224 0
    endloop
  endfacet
  facet normal 0 0 -1
    outer loop
      vertex 83.85 -1.47224 0
      vertex 77.86 -28.825 0
      vertex 83.6506 -1.57059 0
    endloop
  endfacet
  facet normal 0 0 -1
    outer loop
      vertex 83.6506 -1.57059 0
      vertex 77.86 -28.825 0
      vertex 83.44 -1.64207 0
    endloop
  endfacet
  facet normal 0 0 -1
    outer loop
      vertex 83.44 -1.64207 0
      vertex 77.86 -28.825 0
      vertex 83.2219 -1.68546 0
    endloop
  endfacet
  facet normal 0 0 -1
    outer loop
      vertex 83.2219 -1.68546 0
      vertex 77.86 -28.825 0
      vertex 83 -1.7 0
    endloop
  endfacet
  facet normal -0 0 -1
    outer loop
      vertex 83 -1.7 0
      vertex 77.86 -28.825 0
      vertex 82.7781 -1.68546 0
    endloop
  endfacet
  facet normal -0 0 -1
    outer loop
      vertex 82.7781 -1.68546 0
      vertex 77.86 -28.825 0
      vertex 82.56 -1.64207 0
    endloop
  endfacet
  facet normal -0 0 -1
    outer loop
      vertex 82.56 -1.64207 0
      vertex 77.86 -28.825 0
      vertex 82.3494 -1.57059 0
    endloop
  endfacet
  facet normal -0 0 -1
    outer loop
      vertex 82.3494 -1.57059 0
      vertex 77.86 -28.825 0
      vertex 82.15 -1.47224 0
    endloop
  endfacet
  facet normal -0 0 -1
    outer loop
      vertex 82.15 -1.47224 0
      vertex 77.86 -28.825 0
      vertex 81.9651 -1.3487 0
    endloop
  endfacet
  facet normal -0 0 -1
    outer loop
      vertex 81.9651 -1.3487 0
      vertex 77.86 -28.825 0
      vertex 81.7979 -1.20208 0
    endloop
  endfacet
  facet normal -0 0 -1
    outer loop
      vertex 81.7979 -1.20208 0
      vertex 77.86 -28.825 0
      vertex 81.6513 -1.03489 0
    endloop
  endfacet
  facet normal -0 0 -1
    outer loop
      vertex 81.6513 -1.03489 0
      vertex 77.86 -28.825 0
      vertex 81.5278 -0.849999 0
    endloop
  endfacet
  facet normal -0 0 -1
    outer loop
      vertex 81.5278 -0.849999 0
      vertex 77.86 -28.825 0
      vertex 81.4294 -0.650561 0
    endloop
  endfacet
  facet normal -0 0 -1
    outer loop
      vertex 81.4294 -0.650561 0
      vertex 77.86 -28.825 0
      vertex 81.3579 -0.439992 0
    endloop
  endfacet
  facet normal -0 0 -1
    outer loop
      vertex 81.3145 -0.221894 0
      vertex 77.86 -28.825 0
      vertex 81.3 0 0
    endloop
  endfacet
  facet normal -0 0 -1
    outer loop
      vertex 81.3579 -0.439992 0
      vertex 77.86 -28.825 0
      vertex 81.3145 -0.221894 0
    endloop
  endfacet
  facet normal 0 0 -1
    outer loop
      vertex 92 -55 0
      vertex 64.766 -43.8 0
      vertex 77.86 -28.825 0
    endloop
  endfacet
  facet normal 0 -0 -1
    outer loop
      vertex 64.8 -32.825 0
      vertex 77.86 -28.825 0
      vertex 64.7855 -33.0469 0
    endloop
  endfacet
  facet normal -0 0 -1
    outer loop
      vertex 77.86 -28.825 0
      vertex 64.8 -32.825 0
      vertex 66.0941 -28.825 0
    endloop
  endfacet
  facet normal 0 0 -1
    outer loop
      vertex 64.7421 -32.385 0
      vertex 66.0941 -28.825 0
      vertex 64.7855 -32.6031 0
    endloop
  endfacet
  facet normal 0 0 -1
    outer loop
      vertex 64.7855 -32.6031 0
      vertex 66.0941 -28.825 0
      vertex 64.8 -32.825 0
    endloop
  endfacet
  facet normal 0 0 -1
    outer loop
      vertex 63.5233 -37.7973 0
      vertex 77.86 -28.825 0
      vertex 64.766 -43.8 0
    endloop
  endfacet
  facet normal 0 0 -1
    outer loop
      vertex 63.0188 -51.7781 0
      vertex 87 -60 0
      vertex 63.0333 -52 0
    endloop
  endfacet
  facet normal 0 0 -1
    outer loop
      vertex 87 -60 0
      vertex 63.0188 -52.2219 0
      vertex 63.0333 -52 0
    endloop
  endfacet
  facet normal 0 0 -1
    outer loop
      vertex 87 -60 0
      vertex 62.9754 -52.44 0
      vertex 63.0188 -52.2219 0
    endloop
  endfacet
  facet normal 0 0 -1
    outer loop
      vertex 87 -60 0
      vertex 62.9039 -52.6506 0
      vertex 62.9754 -52.44 0
    endloop
  endfacet
  facet normal 0 0 -1
    outer loop
      vertex 87 -60 0
      vertex 62.8056 -52.85 0
      vertex 62.9039 -52.6506 0
    endloop
  endfacet
  facet normal 0 0 -1
    outer loop
      vertex 87 -60 0
      vertex 62.682 -53.0349 0
      vertex 62.8056 -52.85 0
    endloop
  endfacet
  facet normal 0 0 -1
    outer loop
      vertex 87 -60 0
      vertex 62.5354 -53.2021 0
      vertex 62.682 -53.0349 0
    endloop
  endfacet
  facet normal 0 0 -1
    outer loop
      vertex 87 -60 0
      vertex 62.3682 -53.3487 0
      vertex 62.5354 -53.2021 0
    endloop
  endfacet
  facet normal 0 0 -1
    outer loop
      vertex 87 -60 0
      vertex 62.1833 -53.4722 0
      vertex 62.3682 -53.3487 0
    endloop
  endfacet
  facet normal 0 0 -1
    outer loop
      vertex 87 -60 0
      vertex 61.9839 -53.5706 0
      vertex 62.1833 -53.4722 0
    endloop
  endfacet
  facet normal 0 0 -1
    outer loop
      vertex 87 -60 0
      vertex 61.7733 -53.6421 0
      vertex 61.9839 -53.5706 0
    endloop
  endfacet
  facet normal 0 0 -1
    outer loop
      vertex 87 -60 0
      vertex 61.5552 -53.6855 0
      vertex 61.7733 -53.6421 0
    endloop
  endfacet
  facet normal 0 0 -1
    outer loop
      vertex 87 -60 0
      vertex 61.3333 -53.7 0
      vertex 61.5552 -53.6855 0
    endloop
  endfacet
  facet normal 0 0 -1
    outer loop
      vertex 87 -60 0
      vertex 61.1114 -53.6855 0
      vertex 61.3333 -53.7 0
    endloop
  endfacet
  facet normal 0 0 -1
    outer loop
      vertex 87 -60 0
      vertex 60.8933 -53.6421 0
      vertex 61.1114 -53.6855 0
    endloop
  endfacet
  facet normal 0 0 -1
    outer loop
      vertex 59.6479 -52.2219 0
      vertex -59.6333 -52 0
      vertex 59.6333 -52 0
    endloop
  endfacet
  facet normal 0 0 -1
    outer loop
      vertex -59.6479 -52.2219 0
      vertex 59.6479 -52.2219 0
      vertex 59.6913 -52.44 0
    endloop
  endfacet
  facet normal 0 0 -1
    outer loop
      vertex -59.6913 -52.44 0
      vertex 59.6913 -52.44 0
      vertex 59.7627 -52.6506 0
    endloop
  endfacet
  facet normal 0 0 -1
    outer loop
      vertex -59.7627 -52.6506 0
      vertex 59.7627 -52.6506 0
      vertex 59.8611 -52.85 0
    endloop
  endfacet
  facet normal 0 0 -1
    outer loop
      vertex -59.8611 -52.85 0
      vertex 59.8611 -52.85 0
      vertex 59.9846 -53.0349 0
    endloop
  endfacet
  facet normal 0 0 -1
    outer loop
      vertex -59.9846 -53.0349 0
      vertex 59.9846 -53.0349 0
      vertex 60.1313 -53.2021 0
    endloop
  endfacet
  facet normal 0 0 -1
    outer loop
      vertex -60.1313 -53.2021 0
      vertex 60.1313 -53.2021 0
      vertex 60.2984 -53.3487 0
    endloop
  endfacet
  facet normal 0 0 -1
    outer loop
      vertex -60.2984 -53.3487 0
      vertex 60.2984 -53.3487 0
      vertex 60.4833 -53.4722 0
    endloop
  endfacet
  facet normal 0 0 -1
    outer loop
      vertex -60.4833 -53.4722 0
      vertex 60.4833 -53.4722 0
      vertex 60.6828 -53.5706 0
    endloop
  endfacet
  facet normal 0 0 -1
    outer loop
      vertex -60.6828 -53.5706 0
      vertex 60.6828 -53.5706 0
      vertex 60.8933 -53.6421 0
    endloop
  endfacet
  facet normal 0 0 -1
    outer loop
      vertex -60.8933 -53.6421 0
      vertex 60.8933 -53.6421 0
      vertex 87 -60 0
    endloop
  endfacet
  facet normal 0 0 -1
    outer loop
      vertex 59.6479 -52.2219 0
      vertex -59.6479 -52.2219 0
      vertex -59.6333 -52 0
    endloop
  endfacet
  facet normal 0 0 -1
    outer loop
      vertex 59.6913 -52.44 0
      vertex -59.6913 -52.44 0
      vertex -59.6479 -52.2219 0
    endloop
  endfacet
  facet normal 0 0 -1
    outer loop
      vertex 59.7627 -52.6506 0
      vertex -59.7627 -52.6506 0
      vertex -59.6913 -52.44 0
    endloop
  endfacet
  facet normal 0 0 -1
    outer loop
      vertex 59.8611 -52.85 0
      vertex -59.8611 -52.85 0
      vertex -59.7627 -52.6506 0
    endloop
  endfacet
  facet normal 0 0 -1
    outer loop
      vertex 59.9846 -53.0349 0
      vertex -59.9846 -53.0349 0
      vertex -59.8611 -52.85 0
    endloop
  endfacet
  facet normal 0 0 -1
    outer loop
      vertex 60.1313 -53.2021 0
      vertex -60.1313 -53.2021 0
      vertex -59.9846 -53.0349 0
    endloop
  endfacet
  facet normal 0 0 -1
    outer loop
      vertex 60.2984 -53.3487 0
      vertex -60.2984 -53.3487 0
      vertex -60.1313 -53.2021 0
    endloop
  endfacet
  facet normal 0 0 -1
    outer loop
      vertex 60.4833 -53.4722 0
      vertex -60.4833 -53.4722 0
      vertex -60.2984 -53.3487 0
    endloop
  endfacet
  facet normal 0 0 -1
    outer loop
      vertex 60.6828 -53.5706 0
      vertex -60.6828 -53.5706 0
      vertex -60.4833 -53.4722 0
    endloop
  endfacet
  facet normal 0 0 -1
    outer loop
      vertex 60.8933 -53.6421 0
      vertex -60.8933 -53.6421 0
      vertex -60.6828 -53.5706 0
    endloop
  endfacet
  facet normal 0 0 -1
    outer loop
      vertex 87 -60 0
      vertex -61.1114 -53.6855 0
      vertex -60.8933 -53.6421 0
    endloop
  endfacet
  facet normal 0 0 -1
    outer loop
      vertex -87 -60 0
      vertex -61.1114 -53.6855 0
      vertex 87 -60 0
    endloop
  endfacet
  facet normal 0 0 -1
    outer loop
      vertex -87 -60 0
      vertex -63.0333 -52 0
      vertex -63.0188 -52.2219 0
    endloop
  endfacet
  facet normal 0 0 -1
    outer loop
      vertex -87 -60 0
      vertex -63.0188 -52.2219 0
      vertex -62.9754 -52.44 0
    endloop
  endfacet
  facet normal 0 0 -1
    outer loop
      vertex -64.7421 -33.265 0
      vertex -77.86 -28.825 0
      vertex -64.7855 -33.0469 0
    endloop
  endfacet
  facet normal 0 0 -1
    outer loop
      vertex -64.7855 -33.0469 0
      vertex -77.86 -28.825 0
      vertex -64.8 -32.825 0
    endloop
  endfacet
  facet normal 0 0 -1
    outer loop
      vertex -63.95 -31.3528 0
      vertex -66.0941 -28.825 0
      vertex -65.6 -28.4949 0
    endloop
  endfacet
  facet normal 0 0 -1
    outer loop
      vertex -63.95 -31.3528 0
      vertex -65.6 -28.4949 0
      vertex -65.0134 -28.2056 0
    endloop
  endfacet
  facet normal 0 0 -1
    outer loop
      vertex -64.8 -32.825 0
      vertex -77.86 -28.825 0
      vertex -66.0941 -28.825 0
    endloop
  endfacet
  facet normal -0 0 -1
    outer loop
      vertex -63.0333 -52 0
      vertex -87 -60 0
      vertex -64.766 -43.8 0
    endloop
  endfacet
  facet normal 0 0 -1
    outer loop
      vertex -87 -60 0
      vertex -62.9754 -52.44 0
      vertex -62.9039 -52.6506 0
    endloop
  endfacet
  facet normal 0 0 -1
    outer loop
      vertex -87 -60 0
      vertex -62.9039 -52.6506 0
      vertex -62.8056 -52.85 0
    endloop
  endfacet
  facet normal 0 0 -1
    outer loop
      vertex -77.86 -28.825 0
      vertex -81.3 0 0
      vertex -77.86 28.825 0
    endloop
  endfacet
  facet normal 0 0 -1
    outer loop
      vertex -77.86 -28.825 0
      vertex -81.3145 -0.221894 0
      vertex -81.3 0 0
    endloop
  endfacet
  facet normal 0 0 -1
    outer loop
      vertex -77.86 -28.825 0
      vertex -81.3579 -0.439992 0
      vertex -81.3145 -0.221894 0
    endloop
  endfacet
  facet normal 0 0 -1
    outer loop
      vertex -77.86 -28.825 0
      vertex -81.4294 -0.650561 0
      vertex -81.3579 -0.439992 0
    endloop
  endfacet
  facet normal 0 0 -1
    outer loop
      vertex -77.86 -28.825 0
      vertex -81.5278 -0.849999 0
      vertex -81.4294 -0.650561 0
    endloop
  endfacet
  facet normal 0 0 -1
    outer loop
      vertex -77.86 -28.825 0
      vertex -81.6513 -1.03489 0
      vertex -81.5278 -0.849999 0
    endloop
  endfacet
  facet normal 0 0 -1
    outer loop
      vertex -77.86 -28.825 0
      vertex -81.7979 -1.20208 0
      vertex -81.6513 -1.03489 0
    endloop
  endfacet
  facet normal 0 0 -1
    outer loop
      vertex -77.86 -28.825 0
      vertex -81.9651 -1.3487 0
      vertex -81.7979 -1.20208 0
    endloop
  endfacet
  facet normal 0 0 -1
    outer loop
      vertex -77.86 -28.825 0
      vertex -82.15 -1.47224 0
      vertex -81.9651 -1.3487 0
    endloop
  endfacet
  facet normal 0 0 -1
    outer loop
      vertex -77.86 -28.825 0
      vertex -82.3494 -1.57059 0
      vertex -82.15 -1.47224 0
    endloop
  endfacet
  facet normal 0 0 -1
    outer loop
      vertex -77.86 -28.825 0
      vertex -82.56 -1.64207 0
      vertex -82.3494 -1.57059 0
    endloop
  endfacet
  facet normal 0 0 -1
    outer loop
      vertex -77.86 -28.825 0
      vertex -82.7781 -1.68546 0
      vertex -82.56 -1.64207 0
    endloop
  endfacet
  facet normal 0 0 -1
    outer loop
      vertex -77.86 -28.825 0
      vertex -83 -1.7 0
      vertex -82.7781 -1.68546 0
    endloop
  endfacet
  facet normal 0 0 -1
    outer loop
      vertex -77.86 -28.825 0
      vertex -83.2219 -1.68546 0
      vertex -83 -1.7 0
    endloop
  endfacet
  facet normal 0 0 -1
    outer loop
      vertex -77.86 -28.825 0
      vertex -83.44 -1.64207 0
      vertex -83.2219 -1.68546 0
    endloop
  endfacet
  facet normal 0 0 -1
    outer loop
      vertex -77.86 -28.825 0
      vertex -83.6506 -1.57059 0
      vertex -83.44 -1.64207 0
    endloop
  endfacet
  facet normal 0 0 -1
    outer loop
      vertex -77.86 -28.825 0
      vertex -83.85 -1.47224 0
      vertex -83.6506 -1.57059 0
    endloop
  endfacet
  facet normal 0 0 -1
    outer loop
      vertex -77.86 -28.825 0
      vertex -84.0349 -1.3487 0
      vertex -83.85 -1.47224 0
    endloop
  endfacet
  facet normal 0 0 -1
    outer loop
      vertex -77.86 -28.825 0
      vertex -84.2021 -1.20208 0
      vertex -84.0349 -1.3487 0
    endloop
  endfacet
  facet normal 0 0 -1
    outer loop
      vertex -77.86 -28.825 0
      vertex -84.3487 -1.03489 0
      vertex -84.2021 -1.20208 0
    endloop
  endfacet
  facet normal 0 0 -1
    outer loop
      vertex -77.86 -28.825 0
      vertex -84.4722 -0.849999 0
      vertex -84.3487 -1.03489 0
    endloop
  endfacet
  facet normal 0 0 -1
    outer loop
      vertex -92 -55 0
      vertex -84.4722 -0.849999 0
      vertex -77.86 -28.825 0
    endloop
  endfacet
  facet normal -0 0 -1
    outer loop
      vertex -84.4722 -0.849999 0
      vertex -92 -55 0
      vertex -84.5706 -0.650561 0
    endloop
  endfacet
  facet normal -0 0 -1
    outer loop
      vertex -84.6421 -0.439992 0
      vertex -92 -55 0
      vertex -84.6855 -0.221894 0
    endloop
  endfacet
  facet normal -0 0 -1
    outer loop
      vertex -84.5706 -0.650561 0
      vertex -92 -55 0
      vertex -84.6421 -0.439992 0
    endloop
  endfacet
  facet normal -0 0 -1
    outer loop
      vertex -64.766 -43.8 0
      vertex -92 -55 0
      vertex -77.86 -28.825 0
    endloop
  endfacet
  facet normal 0 0 -1
    outer loop
      vertex -64.766 -43.8 0
      vertex -87 -60 0
      vertex -92 -55 0
    endloop
  endfacet
  facet normal -0 0 -1
    outer loop
      vertex -62.682 -53.0349 0
      vertex -87 -60 0
      vertex -62.8056 -52.85 0
    endloop
  endfacet
  facet normal -0 0 -1
    outer loop
      vertex -62.5354 -53.2021 0
      vertex -87 -60 0
      vertex -62.682 -53.0349 0
    endloop
  endfacet
  facet normal -0 0 -1
    outer loop
      vertex -62.3682 -53.3487 0
      vertex -87 -60 0
      vertex -62.5354 -53.2021 0
    endloop
  endfacet
  facet normal -0 0 -1
    outer loop
      vertex -62.1833 -53.4722 0
      vertex -87 -60 0
      vertex -62.3682 -53.3487 0
    endloop
  endfacet
  facet normal -0 0 -1
    outer loop
      vertex -61.9839 -53.5706 0
      vertex -87 -60 0
      vertex -62.1833 -53.4722 0
    endloop
  endfacet
  facet normal -0 0 -1
    outer loop
      vertex -61.7733 -53.6421 0
      vertex -87 -60 0
      vertex -61.9839 -53.5706 0
    endloop
  endfacet
  facet normal -0 0 -1
    outer loop
      vertex -61.5552 -53.6855 0
      vertex -87 -60 0
      vertex -61.7733 -53.6421 0
    endloop
  endfacet
  facet normal -0 0 -1
    outer loop
      vertex -61.3333 -53.7 0
      vertex -87 -60 0
      vertex -61.5552 -53.6855 0
    endloop
  endfacet
  facet normal 0 0 -1
    outer loop
      vertex -61.1114 -53.6855 0
      vertex -87 -60 0
      vertex -61.3333 -53.7 0
    endloop
  endfacet
  facet normal 0 0 -1
    outer loop
      vertex 90.5355 58.5355 0
      vertex 87 60 0
      vertex 90.0438 58.9668 0
    endloop
  endfacet
  facet normal 0 0 -1
    outer loop
      vertex 90.0438 58.9668 0
      vertex 87 60 0
      vertex 89.5 59.3301 0
    endloop
  endfacet
  facet normal 0 0 -1
    outer loop
      vertex 89.5 59.3301 0
      vertex 87 60 0
      vertex 88.9134 59.6194 0
    endloop
  endfacet
  facet normal 0 0 -1
    outer loop
      vertex 88.9134 59.6194 0
      vertex 87 60 0
      vertex 88.2941 59.8296 0
    endloop
  endfacet
  facet normal 0 0 -1
    outer loop
      vertex 77.86 28.825 0
      vertex 84.4722 0.849999 0
      vertex 84.3487 1.03489 0
    endloop
  endfacet
  facet normal 0 0 -1
    outer loop
      vertex 77.86 28.825 0
      vertex 84.3487 1.03489 0
      vertex 84.2021 1.20208 0
    endloop
  endfacet
  facet normal 0 0 -1
    outer loop
      vertex 77.86 28.825 0
      vertex 84.2021 1.20208 0
      vertex 84.0349 1.3487 0
    endloop
  endfacet
  facet normal 0 0 -1
    outer loop
      vertex 77.86 28.825 0
      vertex 84.0349 1.3487 0
      vertex 83.85 1.47224 0
    endloop
  endfacet
  facet normal 0 0 -1
    outer loop
      vertex 77.86 28.825 0
      vertex 83.85 1.47224 0
      vertex 83.6506 1.57059 0
    endloop
  endfacet
  facet normal 0 0 -1
    outer loop
      vertex 77.86 28.825 0
      vertex 83.6506 1.57059 0
      vertex 83.44 1.64207 0
    endloop
  endfacet
  facet normal 0 0 -1
    outer loop
      vertex 77.86 28.825 0
      vertex 83.44 1.64207 0
      vertex 83.2219 1.68546 0
    endloop
  endfacet
  facet normal 0 0 -1
    outer loop
      vertex 77.86 28.825 0
      vertex 83.2219 1.68546 0
      vertex 83 1.7 0
    endloop
  endfacet
  facet normal 0 0 -1
    outer loop
      vertex 77.86 28.825 0
      vertex 83 1.7 0
      vertex 82.7781 1.68546 0
    endloop
  endfacet
  facet normal 0 0 -1
    outer loop
      vertex 77.86 28.825 0
      vertex 82.7781 1.68546 0
      vertex 82.56 1.64207 0
    endloop
  endfacet
  facet normal 0 0 -1
    outer loop
      vertex 77.86 28.825 0
      vertex 82.56 1.64207 0
      vertex 82.3494 1.57059 0
    endloop
  endfacet
  facet normal 0 0 -1
    outer loop
      vertex 77.86 28.825 0
      vertex 82.3494 1.57059 0
      vertex 82.15 1.47224 0
    endloop
  endfacet
  facet normal 0 0 -1
    outer loop
      vertex 77.86 28.825 0
      vertex 82.15 1.47224 0
      vertex 81.9651 1.3487 0
    endloop
  endfacet
  facet normal 0 0 -1
    outer loop
      vertex 77.86 28.825 0
      vertex 81.9651 1.3487 0
      vertex 81.7979 1.20208 0
    endloop
  endfacet
  facet normal 0 0 -1
    outer loop
      vertex 77.86 28.825 0
      vertex 81.7979 1.20208 0
      vertex 81.6513 1.03489 0
    endloop
  endfacet
  facet normal 0 0 -1
    outer loop
      vertex 77.86 28.825 0
      vertex 81.6513 1.03489 0
      vertex 81.5278 0.849999 0
    endloop
  endfacet
  facet normal 0 0 -1
    outer loop
      vertex 77.86 28.825 0
      vertex 81.5278 0.849999 0
      vertex 81.4294 0.650561 0
    endloop
  endfacet
  facet normal 0 0 -1
    outer loop
      vertex 77.86 28.825 0
      vertex 81.4294 0.650561 0
      vertex 81.3579 0.439992 0
    endloop
  endfacet
  facet normal 0 0 -1
    outer loop
      vertex 77.86 28.825 0
      vertex 81.3579 0.439992 0
      vertex 81.3145 0.221894 0
    endloop
  endfacet
  facet normal 0 0 -1
    outer loop
      vertex 77.86 28.825 0
      vertex 81.3 0 0
      vertex 77.86 -28.825 0
    endloop
  endfacet
  facet normal 0 0 -1
    outer loop
      vertex 81.3 0 0
      vertex 77.86 28.825 0
      vertex 81.3145 0.221894 0
    endloop
  endfacet
  facet normal 0 0 -1
    outer loop
      vertex 88.2941 59.8296 0
      vertex 87 60 0
      vertex 87.6526 59.9572 0
    endloop
  endfacet
  facet normal 0 0 -1
    outer loop
      vertex 64.8 32.825 0
      vertex 77.86 28.825 0
      vertex 66.0941 28.825 0
    endloop
  endfacet
  facet normal 0 0 -1
    outer loop
      vertex 64.7855 32.6031 0
      vertex 66.0941 28.825 0
      vertex 65.6 28.4949 0
    endloop
  endfacet
  facet normal 0 0 -1
    outer loop
      vertex 63.95 31.3528 0
      vertex 65.6 28.4949 0
      vertex 65.0134 28.2056 0
    endloop
  endfacet
  facet normal 0 0 -1
    outer loop
      vertex 77.86 28.825 0
      vertex 64.8 32.825 0
      vertex 64.7855 33.0469 0
    endloop
  endfacet
  facet normal 0 0 -1
    outer loop
      vertex 64.7421 33.265 0
      vertex 77.86 28.825 0
      vertex 64.7855 33.0469 0
    endloop
  endfacet
  facet normal 0 0 -1
    outer loop
      vertex 91.8296 56.2941 0
      vertex 87 60 0
      vertex 91.6194 56.9134 0
    endloop
  endfacet
  facet normal 0 0 -1
    outer loop
      vertex 63.0188 51.7781 0
      vertex 87 60 0
      vertex 64.766 43.8 0
    endloop
  endfacet
  facet normal 0 0 -1
    outer loop
      vertex 63.0188 52.2219 0
      vertex 87 60 0
      vertex 63.0333 52 0
    endloop
  endfacet
  facet normal 0 0 -1
    outer loop
      vertex 62.9754 52.44 0
      vertex 87 60 0
      vertex 63.0188 52.2219 0
    endloop
  endfacet
  facet normal 0 0 -1
    outer loop
      vertex 62.9039 52.6506 0
      vertex 87 60 0
      vertex 62.9754 52.44 0
    endloop
  endfacet
  facet normal 0 0 -1
    outer loop
      vertex 62.8056 52.85 0
      vertex 87 60 0
      vertex 62.9039 52.6506 0
    endloop
  endfacet
  facet normal 0 0 -1
    outer loop
      vertex 62.682 53.0349 0
      vertex 87 60 0
      vertex 62.8056 52.85 0
    endloop
  endfacet
  facet normal 0 0 -1
    outer loop
      vertex 62.5354 53.2021 0
      vertex 87 60 0
      vertex 62.682 53.0349 0
    endloop
  endfacet
  facet normal 0 0 -1
    outer loop
      vertex 62.3682 53.3487 0
      vertex 87 60 0
      vertex 62.5354 53.2021 0
    endloop
  endfacet
  facet normal 0 0 -1
    outer loop
      vertex 62.1833 53.4722 0
      vertex 87 60 0
      vertex 62.3682 53.3487 0
    endloop
  endfacet
  facet normal 0 0 -1
    outer loop
      vertex 61.9839 53.5706 0
      vertex 87 60 0
      vertex 62.1833 53.4722 0
    endloop
  endfacet
  facet normal 0 0 -1
    outer loop
      vertex 61.7733 53.6421 0
      vertex 87 60 0
      vertex 61.9839 53.5706 0
    endloop
  endfacet
  facet normal 0 0 -1
    outer loop
      vertex 61.5552 53.6855 0
      vertex 87 60 0
      vertex 61.7733 53.6421 0
    endloop
  endfacet
  facet normal 0 0 -1
    outer loop
      vertex 61.3333 53.7 0
      vertex 87 60 0
      vertex 61.5552 53.6855 0
    endloop
  endfacet
  facet normal 0 0 -1
    outer loop
      vertex 61.1114 53.6855 0
      vertex 87 60 0
      vertex 61.3333 53.7 0
    endloop
  endfacet
  facet normal 0 0 -1
    outer loop
      vertex 60.8933 53.6421 0
      vertex 87 60 0
      vertex 61.1114 53.6855 0
    endloop
  endfacet
  facet normal 0 0 -1
    outer loop
      vertex -59.6333 52 0
      vertex 59.6479 52.2219 0
      vertex 59.6333 52 0
    endloop
  endfacet
  facet normal 0 0 -1
    outer loop
      vertex -59.6479 52.2219 0
      vertex 59.6479 52.2219 0
      vertex -59.6333 52 0
    endloop
  endfacet
  facet normal 0 0 -1
    outer loop
      vertex 59.6479 52.2219 0
      vertex -59.6479 52.2219 0
      vertex 59.6913 52.44 0
    endloop
  endfacet
  facet normal 0 0 -1
    outer loop
      vertex -59.6913 52.44 0
      vertex 59.6913 52.44 0
      vertex -59.6479 52.2219 0
    endloop
  endfacet
  facet normal 0 0 -1
    outer loop
      vertex 59.6913 52.44 0
      vertex -59.6913 52.44 0
      vertex 59.7627 52.6506 0
    endloop
  endfacet
  facet normal 0 0 -1
    outer loop
      vertex -59.7627 52.6506 0
      vertex 59.7627 52.6506 0
      vertex -59.6913 52.44 0
    endloop
  endfacet
  facet normal 0 0 -1
    outer loop
      vertex 59.7627 52.6506 0
      vertex -59.7627 52.6506 0
      vertex 59.8611 52.85 0
    endloop
  endfacet
  facet normal 0 0 -1
    outer loop
      vertex -59.8611 52.85 0
      vertex 59.8611 52.85 0
      vertex -59.7627 52.6506 0
    endloop
  endfacet
  facet normal 0 0 -1
    outer loop
      vertex 59.8611 52.85 0
      vertex -59.8611 52.85 0
      vertex 59.9846 53.0349 0
    endloop
  endfacet
  facet normal 0 0 -1
    outer loop
      vertex -59.9846 53.0349 0
      vertex 59.9846 53.0349 0
      vertex -59.8611 52.85 0
    endloop
  endfacet
  facet normal 0 0 -1
    outer loop
      vertex 59.9846 53.0349 0
      vertex -59.9846 53.0349 0
      vertex 60.1313 53.2021 0
    endloop
  endfacet
  facet normal 0 0 -1
    outer loop
      vertex -60.1313 53.2021 0
      vertex 60.1313 53.2021 0
      vertex -59.9846 53.0349 0
    endloop
  endfacet
  facet normal 0 0 -1
    outer loop
      vertex 60.1313 53.2021 0
      vertex -60.1313 53.2021 0
      vertex 60.2984 53.3487 0
    endloop
  endfacet
  facet normal 0 0 -1
    outer loop
      vertex -60.2984 53.3487 0
      vertex 60.2984 53.3487 0
      vertex -60.1313 53.2021 0
    endloop
  endfacet
  facet normal 0 0 -1
    outer loop
      vertex 60.2984 53.3487 0
      vertex -60.2984 53.3487 0
      vertex 60.4833 53.4722 0
    endloop
  endfacet
  facet normal 0 0 -1
    outer loop
      vertex -60.4833 53.4722 0
      vertex 60.4833 53.4722 0
      vertex -60.2984 53.3487 0
    endloop
  endfacet
  facet normal 0 0 -1
    outer loop
      vertex 60.4833 53.4722 0
      vertex -60.4833 53.4722 0
      vertex 60.6828 53.5706 0
    endloop
  endfacet
  facet normal 0 0 -1
    outer loop
      vertex -60.6828 53.5706 0
      vertex 60.6828 53.5706 0
      vertex -60.4833 53.4722 0
    endloop
  endfacet
  facet normal 0 0 -1
    outer loop
      vertex 60.6828 53.5706 0
      vertex -60.6828 53.5706 0
      vertex 60.8933 53.6421 0
    endloop
  endfacet
  facet normal 0 0 -1
    outer loop
      vertex -60.8933 53.6421 0
      vertex 60.8933 53.6421 0
      vertex -60.6828 53.5706 0
    endloop
  endfacet
  facet normal 0 0 -1
    outer loop
      vertex 60.8933 53.6421 0
      vertex -60.8933 53.6421 0
      vertex 87 60 0
    endloop
  endfacet
  facet normal 0 0 -1
    outer loop
      vertex -61.1114 53.6855 0
      vertex 87 60 0
      vertex -60.8933 53.6421 0
    endloop
  endfacet
  facet normal 0 0 -1
    outer loop
      vertex -87 60 0
      vertex -61.1114 53.6855 0
      vertex -61.3333 53.7 0
    endloop
  endfacet
  facet normal 0 0 -1
    outer loop
      vertex -63.0188 51.7781 0
      vertex -87 60 0
      vertex -63.0333 52 0
    endloop
  endfacet
  facet normal 0 0 -1
    outer loop
      vertex -63.0333 52 0
      vertex -87 60 0
      vertex -63.0188 52.2219 0
    endloop
  endfacet
  facet normal 0 0 -1
    outer loop
      vertex -77.86 28.825 0
      vertex -64.7855 33.0469 0
      vertex -64.8 32.825 0
    endloop
  endfacet
  facet normal -0 0 -1
    outer loop
      vertex -64.7421 32.385 0
      vertex -66.0941 28.825 0
      vertex -64.7855 32.6031 0
    endloop
  endfacet
  facet normal -0 0 -1
    outer loop
      vertex -64.7855 32.6031 0
      vertex -66.0941 28.825 0
      vertex -64.8 32.825 0
    endloop
  endfacet
  facet normal 0 0 -1
    outer loop
      vertex -77.86 28.825 0
      vertex -64.8 32.825 0
      vertex -66.0941 28.825 0
    endloop
  endfacet
  facet normal -0 0 -1
    outer loop
      vertex -63.5233 37.7973 0
      vertex -77.86 28.825 0
      vertex -64.766 43.8 0
    endloop
  endfacet
  facet normal 0 0 -1
    outer loop
      vertex -92 55 0
      vertex -64.766 43.8 0
      vertex -77.86 28.825 0
    endloop
  endfacet
  facet normal 0 -0 -1
    outer loop
      vertex -87 60 0
      vertex -64.766 43.8 0
      vertex -92 55 0
    endloop
  endfacet
  facet normal 0 0 -1
    outer loop
      vertex -63.0188 52.2219 0
      vertex -87 60 0
      vertex -62.9754 52.44 0
    endloop
  endfacet
  facet normal 0 0 -1
    outer loop
      vertex -81.3145 0.221894 0
      vertex -77.86 28.825 0
      vertex -81.3 0 0
    endloop
  endfacet
  facet normal 0 0 -1
    outer loop
      vertex -81.3579 0.439992 0
      vertex -77.86 28.825 0
      vertex -81.3145 0.221894 0
    endloop
  endfacet
  facet normal 0 0 -1
    outer loop
      vertex -81.4294 0.650561 0
      vertex -77.86 28.825 0
      vertex -81.3579 0.439992 0
    endloop
  endfacet
  facet normal 0 0 -1
    outer loop
      vertex -81.5278 0.849999 0
      vertex -77.86 28.825 0
      vertex -81.4294 0.650561 0
    endloop
  endfacet
  facet normal 0 0 -1
    outer loop
      vertex -81.6513 1.03489 0
      vertex -77.86 28.825 0
      vertex -81.5278 0.849999 0
    endloop
  endfacet
  facet normal 0 0 -1
    outer loop
      vertex -81.7979 1.20208 0
      vertex -77.86 28.825 0
      vertex -81.6513 1.03489 0
    endloop
  endfacet
  facet normal 0 0 -1
    outer loop
      vertex -81.9651 1.3487 0
      vertex -77.86 28.825 0
      vertex -81.7979 1.20208 0
    endloop
  endfacet
  facet normal 0 0 -1
    outer loop
      vertex -82.15 1.47224 0
      vertex -77.86 28.825 0
      vertex -81.9651 1.3487 0
    endloop
  endfacet
  facet normal 0 0 -1
    outer loop
      vertex -82.3494 1.57059 0
      vertex -77.86 28.825 0
      vertex -82.15 1.47224 0
    endloop
  endfacet
  facet normal 0 0 -1
    outer loop
      vertex -82.56 1.64207 0
      vertex -77.86 28.825 0
      vertex -82.3494 1.57059 0
    endloop
  endfacet
  facet normal 0 0 -1
    outer loop
      vertex -82.7781 1.68546 0
      vertex -77.86 28.825 0
      vertex -82.56 1.64207 0
    endloop
  endfacet
  facet normal 0 0 -1
    outer loop
      vertex -83 1.7 0
      vertex -77.86 28.825 0
      vertex -82.7781 1.68546 0
    endloop
  endfacet
  facet normal 0 0 -1
    outer loop
      vertex -83.2219 1.68546 0
      vertex -77.86 28.825 0
      vertex -83 1.7 0
    endloop
  endfacet
  facet normal 0 0 -1
    outer loop
      vertex -83.44 1.64207 0
      vertex -77.86 28.825 0
      vertex -83.2219 1.68546 0
    endloop
  endfacet
  facet normal 0 0 -1
    outer loop
      vertex -83.6506 1.57059 0
      vertex -77.86 28.825 0
      vertex -83.44 1.64207 0
    endloop
  endfacet
  facet normal 0 0 -1
    outer loop
      vertex -83.85 1.47224 0
      vertex -77.86 28.825 0
      vertex -83.6506 1.57059 0
    endloop
  endfacet
  facet normal 0 0 -1
    outer loop
      vertex -84.0349 1.3487 0
      vertex -77.86 28.825 0
      vertex -83.85 1.47224 0
    endloop
  endfacet
  facet normal 0 0 -1
    outer loop
      vertex -84.2021 1.20208 0
      vertex -77.86 28.825 0
      vertex -84.0349 1.3487 0
    endloop
  endfacet
  facet normal 0 0 -1
    outer loop
      vertex -84.3487 1.03489 0
      vertex -77.86 28.825 0
      vertex -84.2021 1.20208 0
    endloop
  endfacet
  facet normal 0 0 -1
    outer loop
      vertex -84.4722 0.849999 0
      vertex -77.86 28.825 0
      vertex -84.3487 1.03489 0
    endloop
  endfacet
  facet normal 0 0 -1
    outer loop
      vertex -92 55 0
      vertex -84.4722 0.849999 0
      vertex -84.5706 0.650561 0
    endloop
  endfacet
  facet normal 0 0 -1
    outer loop
      vertex -92 55 0
      vertex -84.5706 0.650561 0
      vertex -84.6421 0.439992 0
    endloop
  endfacet
  facet normal 0 0 -1
    outer loop
      vertex -61.1114 53.6855 0
      vertex -87 60 0
      vertex 87 60 0
    endloop
  endfacet
  facet normal 0 0 -1
    outer loop
      vertex -61.5552 53.6855 0
      vertex -87 60 0
      vertex -61.3333 53.7 0
    endloop
  endfacet
  facet normal 0 0 -1
    outer loop
      vertex -61.7733 53.6421 0
      vertex -87 60 0
      vertex -61.5552 53.6855 0
    endloop
  endfacet
  facet normal 0 0 -1
    outer loop
      vertex -61.9839 53.5706 0
      vertex -87 60 0
      vertex -61.7733 53.6421 0
    endloop
  endfacet
  facet normal 0 0 -1
    outer loop
      vertex -62.1833 53.4722 0
      vertex -87 60 0
      vertex -61.9839 53.5706 0
    endloop
  endfacet
  facet normal 0 0 -1
    outer loop
      vertex -62.3682 53.3487 0
      vertex -87 60 0
      vertex -62.1833 53.4722 0
    endloop
  endfacet
  facet normal 0 0 -1
    outer loop
      vertex -62.5354 53.2021 0
      vertex -87 60 0
      vertex -62.3682 53.3487 0
    endloop
  endfacet
  facet normal 0 0 -1
    outer loop
      vertex -62.682 53.0349 0
      vertex -87 60 0
      vertex -62.5354 53.2021 0
    endloop
  endfacet
  facet normal 0 0 -1
    outer loop
      vertex -62.8056 52.85 0
      vertex -87 60 0
      vertex -62.682 53.0349 0
    endloop
  endfacet
  facet normal 0 0 -1
    outer loop
      vertex -62.9754 52.44 0
      vertex -87 60 0
      vertex -62.9039 52.6506 0
    endloop
  endfacet
  facet normal 0 0 -1
    outer loop
      vertex -84.4722 0.849999 0
      vertex -92 55 0
      vertex -77.86 28.825 0
    endloop
  endfacet
  facet normal 0 0 -1
    outer loop
      vertex -92 55 0
      vertex -84.6421 0.439992 0
      vertex -84.6855 0.221894 0
    endloop
  endfacet
  facet normal 0 0 -1
    outer loop
      vertex -92 55 0
      vertex -84.6855 0.221894 0
      vertex -84.7 0 0
    endloop
  endfacet
  facet normal -0 0 -1
    outer loop
      vertex -84.6855 -0.221894 0
      vertex -92 -55 0
      vertex -84.7 0 0
    endloop
  endfacet
  facet normal 0 0 -1
    outer loop
      vertex -92 -55 0
      vertex -87 -60 0
      vertex -87.6526 -59.9572 0
    endloop
  endfacet
  facet normal 0 0 -1
    outer loop
      vertex -92 55 0
      vertex -84.7 0 0
      vertex -92 -55 0
    endloop
  endfacet
  facet normal 0 0 -1
    outer loop
      vertex -92 -55 0
      vertex -87.6526 -59.9572 0
      vertex -88.2941 -59.8296 0
    endloop
  endfacet
  facet normal 0 0 -1
    outer loop
      vertex -62.9039 52.6506 0
      vertex -87 60 0
      vertex -62.8056 52.85 0
    endloop
  endfacet
  facet normal 0 0 -1
    outer loop
      vertex -92 -55 0
      vertex -88.2941 -59.8296 0
      vertex -88.9134 -59.6194 0
    endloop
  endfacet
  facet normal 0 0 -1
    outer loop
      vertex -87 60 0
      vertex -92 55 0
      vertex -87.6526 59.9572 0
    endloop
  endfacet
  facet normal 0 0 -1
    outer loop
      vertex -92 -55 0
      vertex -88.9134 -59.6194 0
      vertex -89.5 -59.3301 0
    endloop
  endfacet
  facet normal 0 0 -1
    outer loop
      vertex -87.6526 59.9572 0
      vertex -92 55 0
      vertex -88.2941 59.8296 0
    endloop
  endfacet
  facet normal 0 0 -1
    outer loop
      vertex -92 -55 0
      vertex -89.5 -59.3301 0
      vertex -90.0438 -58.9668 0
    endloop
  endfacet
  facet normal 0 0 -1
    outer loop
      vertex -88.2941 59.8296 0
      vertex -92 55 0
      vertex -88.9134 59.6194 0
    endloop
  endfacet
  facet normal 0 0 -1
    outer loop
      vertex -92 -55 0
      vertex -90.0438 -58.9668 0
      vertex -90.5355 -58.5355 0
    endloop
  endfacet
  facet normal 0 0 -1
    outer loop
      vertex -88.9134 59.6194 0
      vertex -92 55 0
      vertex -89.5 59.3301 0
    endloop
  endfacet
  facet normal 0 0 -1
    outer loop
      vertex -92 -55 0
      vertex -90.5355 -58.5355 0
      vertex -90.9668 -58.0438 0
    endloop
  endfacet
  facet normal 0 0 -1
    outer loop
      vertex -89.5 59.3301 0
      vertex -92 55 0
      vertex -90.0438 58.9668 0
    endloop
  endfacet
  facet normal 0 0 -1
    outer loop
      vertex -92 -55 0
      vertex -90.9668 -58.0438 0
      vertex -91.3301 -57.5 0
    endloop
  endfacet
  facet normal 0 0 -1
    outer loop
      vertex -90.0438 58.9668 0
      vertex -92 55 0
      vertex -90.5355 58.5355 0
    endloop
  endfacet
  facet normal 0 0 -1
    outer loop
      vertex -92 -55 0
      vertex -91.3301 -57.5 0
      vertex -91.6194 -56.9134 0
    endloop
  endfacet
  facet normal 0 0 -1
    outer loop
      vertex -90.5355 58.5355 0
      vertex -92 55 0
      vertex -90.9668 58.0438 0
    endloop
  endfacet
  facet normal 0 0 -1
    outer loop
      vertex -92 -55 0
      vertex -91.6194 -56.9134 0
      vertex -91.8296 -56.2941 0
    endloop
  endfacet
  facet normal 0 0 -1
    outer loop
      vertex -90.9668 58.0438 0
      vertex -92 55 0
      vertex -91.3301 57.5 0
    endloop
  endfacet
  facet normal 0 0 -1
    outer loop
      vertex -92 -55 0
      vertex -91.8296 -56.2941 0
      vertex -91.9572 -55.6526 0
    endloop
  endfacet
  facet normal 0 0 -1
    outer loop
      vertex -91.3301 57.5 0
      vertex -92 55 0
      vertex -91.6194 56.9134 0
    endloop
  endfacet
  facet normal 0 0 -1
    outer loop
      vertex -91.6194 56.9134 0
      vertex -92 55 0
      vertex -91.8296 56.2941 0
    endloop
  endfacet
  facet normal 0 0 -1
    outer loop
      vertex -91.8296 56.2941 0
      vertex -92 55 0
      vertex -91.9572 55.6526 0
    endloop
  endfacet
  facet normal 0 0 -1
    outer loop
      vertex 64.6706 -32.1744 0
      vertex 66.0941 -28.825 0
      vertex 64.7421 -32.385 0
    endloop
  endfacet
  facet normal 0 0 -1
    outer loop
      vertex 64.5722 -31.975 0
      vertex 66.0941 -28.825 0
      vertex 64.6706 -32.1744 0
    endloop
  endfacet
  facet normal 0 0 -1
    outer loop
      vertex 64.4487 -31.7901 0
      vertex 66.0941 -28.825 0
      vertex 64.5722 -31.975 0
    endloop
  endfacet
  facet normal 0 0 -1
    outer loop
      vertex 64.3021 -31.6229 0
      vertex 66.0941 -28.825 0
      vertex 64.4487 -31.7901 0
    endloop
  endfacet
  facet normal 0 0 -1
    outer loop
      vertex 64.1349 -31.4763 0
      vertex 66.0941 -28.825 0
      vertex 64.3021 -31.6229 0
    endloop
  endfacet
  facet normal 0 0 -1
    outer loop
      vertex 63.95 -31.3528 0
      vertex 66.0941 -28.825 0
      vertex 64.1349 -31.4763 0
    endloop
  endfacet
  facet normal -0 0 -1
    outer loop
      vertex 66.0941 -28.825 0
      vertex 63.95 -31.3528 0
      vertex 65.6 -28.4949 0
    endloop
  endfacet
  facet normal -0 0 -1
    outer loop
      vertex 65.6 -28.4949 0
      vertex 63.95 -31.3528 0
      vertex 65.0134 -28.2056 0
    endloop
  endfacet
  facet normal 0 0 -1
    outer loop
      vertex 63.7506 -31.2544 0
      vertex 65.0134 -28.2056 0
      vertex 63.95 -31.3528 0
    endloop
  endfacet
  facet normal -0 0 -1
    outer loop
      vertex 65.0134 -28.2056 0
      vertex 63.7506 -31.2544 0
      vertex 64.3941 -27.9954 0
    endloop
  endfacet
  facet normal 0 0 -1
    outer loop
      vertex 63.54 -31.1829 0
      vertex 64.3941 -27.9954 0
      vertex 63.7506 -31.2544 0
    endloop
  endfacet
  facet normal -0 0 -1
    outer loop
      vertex 64.3941 -27.9954 0
      vertex 63.54 -31.1829 0
      vertex 63.7526 -27.8678 0
    endloop
  endfacet
  facet normal 0 0 -1
    outer loop
      vertex 63.3219 -31.1395 0
      vertex 63.7526 -27.8678 0
      vertex 63.54 -31.1829 0
    endloop
  endfacet
  facet normal 0 0 -1
    outer loop
      vertex 63.1 -31.125 0
      vertex 63.7526 -27.8678 0
      vertex 63.3219 -31.1395 0
    endloop
  endfacet
  facet normal 0 0 -1
    outer loop
      vertex 63.1 -31.125 0
      vertex 63.1 -27.825 0
      vertex 63.7526 -27.8678 0
    endloop
  endfacet
  facet normal 0 0 -1
    outer loop
      vertex 62.8781 -31.1395 0
      vertex 63.1 -27.825 0
      vertex 63.1 -31.125 0
    endloop
  endfacet
  facet normal 0 0 -1
    outer loop
      vertex 62.4474 -27.8678 0
      vertex 62.8781 -31.1395 0
      vertex 62.66 -31.1829 0
    endloop
  endfacet
  facet normal 0 0 -1
    outer loop
      vertex 61.8059 -27.9954 0
      vertex 62.66 -31.1829 0
      vertex 62.4494 -31.2544 0
    endloop
  endfacet
  facet normal 0 0 -1
    outer loop
      vertex 62.8781 -31.1395 0
      vertex 62.4474 -27.8678 0
      vertex 63.1 -27.825 0
    endloop
  endfacet
  facet normal 0 0 -1
    outer loop
      vertex 61.1866 -28.2056 0
      vertex 62.4494 -31.2544 0
      vertex 62.25 -31.3528 0
    endloop
  endfacet
  facet normal 0 0 -1
    outer loop
      vertex 60.1059 -28.825 0
      vertex 62.25 -31.3528 0
      vertex 62.0651 -31.4763 0
    endloop
  endfacet
  facet normal 0 0 -1
    outer loop
      vertex 60.1059 -28.825 0
      vertex 62.0651 -31.4763 0
      vertex 61.8979 -31.6229 0
    endloop
  endfacet
  facet normal 0 0 -1
    outer loop
      vertex 62.66 -31.1829 0
      vertex 61.8059 -27.9954 0
      vertex 62.4474 -27.8678 0
    endloop
  endfacet
  facet normal 0 0 -1
    outer loop
      vertex 60.1059 -28.825 0
      vertex 61.8979 -31.6229 0
      vertex 61.7513 -31.7901 0
    endloop
  endfacet
  facet normal 0 0 -1
    outer loop
      vertex 60.1059 -28.825 0
      vertex 61.7513 -31.7901 0
      vertex 61.6278 -31.975 0
    endloop
  endfacet
  facet normal 0 0 -1
    outer loop
      vertex 60.1059 -28.825 0
      vertex 61.6278 -31.975 0
      vertex 61.5294 -32.1744 0
    endloop
  endfacet
  facet normal 0 0 -1
    outer loop
      vertex 60.1059 -28.825 0
      vertex 61.5294 -32.1744 0
      vertex 61.4579 -32.385 0
    endloop
  endfacet
  facet normal 0 0 -1
    outer loop
      vertex 60.1059 -28.825 0
      vertex 61.4579 -32.385 0
      vertex 61.4145 -32.6031 0
    endloop
  endfacet
  facet normal 0 0 -1
    outer loop
      vertex 62.4494 -31.2544 0
      vertex 61.1866 -28.2056 0
      vertex 61.8059 -27.9954 0
    endloop
  endfacet
  facet normal 0 0 -1
    outer loop
      vertex 60.1059 -28.825 0
      vertex 61.4145 -32.6031 0
      vertex 61.4 -32.825 0
    endloop
  endfacet
  facet normal -0 0 -1
    outer loop
      vertex 61.4579 -33.265 0
      vertex 60.1059 -36.825 0
      vertex 61.4145 -33.0469 0
    endloop
  endfacet
  facet normal -0 0 -1
    outer loop
      vertex 61.4145 -33.0469 0
      vertex 60.1059 -36.825 0
      vertex 61.4 -32.825 0
    endloop
  endfacet
  facet normal 0 0 -1
    outer loop
      vertex 62.25 -31.3528 0
      vertex 60.6 -28.4949 0
      vertex 61.1866 -28.2056 0
    endloop
  endfacet
  facet normal 0 0 -1
    outer loop
      vertex 60.1059 -28.825 0
      vertex 61.4 -32.825 0
      vertex 60.1059 -36.825 0
    endloop
  endfacet
  facet normal 0 0 -1
    outer loop
      vertex 62.25 -31.3528 0
      vertex 60.1059 -28.825 0
      vertex 60.6 -28.4949 0
    endloop
  endfacet
  facet normal 0 0 -1
    outer loop
      vertex -60.1059 -36.825 0
      vertex 60.1059 -28.825 0
      vertex 60.1059 -36.825 0
    endloop
  endfacet
  facet normal 0 0 -1
    outer loop
      vertex -60.1059 -36.825 0
      vertex -60.1059 -28.825 0
      vertex 60.1059 -28.825 0
    endloop
  endfacet
  facet normal 0 0 -1
    outer loop
      vertex -62.25 -34.2972 0
      vertex -60.1059 -36.825 0
      vertex -60.6 -37.1551 0
    endloop
  endfacet
  facet normal 0 0 -1
    outer loop
      vertex -60.1059 -36.825 0
      vertex -61.4 -32.825 0
      vertex -60.1059 -28.825 0
    endloop
  endfacet
  facet normal 0 0 -1
    outer loop
      vertex -62.25 -34.2972 0
      vertex -60.6 -37.1551 0
      vertex -61.1866 -37.4444 0
    endloop
  endfacet
  facet normal 0 0 -1
    outer loop
      vertex -61.4145 -32.6031 0
      vertex -60.1059 -28.825 0
      vertex -61.4 -32.825 0
    endloop
  endfacet
  facet normal 0 0 -1
    outer loop
      vertex -61.4579 -32.385 0
      vertex -60.1059 -28.825 0
      vertex -61.4145 -32.6031 0
    endloop
  endfacet
  facet normal 0 0 -1
    outer loop
      vertex -60.1059 -36.825 0
      vertex -61.4145 -33.0469 0
      vertex -61.4 -32.825 0
    endloop
  endfacet
  facet normal 0 0 -1
    outer loop
      vertex -60.1059 -36.825 0
      vertex -61.4579 -33.265 0
      vertex -61.4145 -33.0469 0
    endloop
  endfacet
  facet normal 0 0 -1
    outer loop
      vertex -60.1059 -36.825 0
      vertex -61.5294 -33.4756 0
      vertex -61.4579 -33.265 0
    endloop
  endfacet
  facet normal 0 0 -1
    outer loop
      vertex -60.1059 -36.825 0
      vertex -61.6278 -33.675 0
      vertex -61.5294 -33.4756 0
    endloop
  endfacet
  facet normal 0 0 -1
    outer loop
      vertex -60.1059 -36.825 0
      vertex -61.7513 -33.8599 0
      vertex -61.6278 -33.675 0
    endloop
  endfacet
  facet normal 0 0 -1
    outer loop
      vertex -62.4494 -34.3956 0
      vertex -61.1866 -37.4444 0
      vertex -61.8059 -37.6546 0
    endloop
  endfacet
  facet normal 0 0 -1
    outer loop
      vertex -60.1059 -36.825 0
      vertex -61.8979 -34.0271 0
      vertex -61.7513 -33.8599 0
    endloop
  endfacet
  facet normal 0 0 -1
    outer loop
      vertex -60.1059 -36.825 0
      vertex -62.0651 -34.1737 0
      vertex -61.8979 -34.0271 0
    endloop
  endfacet
  facet normal 0 0 -1
    outer loop
      vertex -60.1059 -36.825 0
      vertex -62.25 -34.2972 0
      vertex -62.0651 -34.1737 0
    endloop
  endfacet
  facet normal 0 0 -1
    outer loop
      vertex -62.66 -34.4671 0
      vertex -61.8059 -37.6546 0
      vertex -62.4474 -37.7822 0
    endloop
  endfacet
  facet normal 0 0 -1
    outer loop
      vertex -61.1866 -37.4444 0
      vertex -62.4494 -34.3956 0
      vertex -62.25 -34.2972 0
    endloop
  endfacet
  facet normal 0 0 -1
    outer loop
      vertex -61.8059 -37.6546 0
      vertex -62.66 -34.4671 0
      vertex -62.4494 -34.3956 0
    endloop
  endfacet
  facet normal 0 0 -1
    outer loop
      vertex -62.4474 -37.7822 0
      vertex -62.8781 -34.5105 0
      vertex -62.66 -34.4671 0
    endloop
  endfacet
  facet normal 0 0 -1
    outer loop
      vertex -63.1 -37.825 0
      vertex -62.8781 -34.5105 0
      vertex -62.4474 -37.7822 0
    endloop
  endfacet
  facet normal 0 0 -1
    outer loop
      vertex -63.1 -37.825 0
      vertex -63.1 -34.525 0
      vertex -62.8781 -34.5105 0
    endloop
  endfacet
  facet normal 0 0 -1
    outer loop
      vertex -63.5233 -37.7973 0
      vertex -63.1 -34.525 0
      vertex -63.1 -37.825 0
    endloop
  endfacet
  facet normal -0 0 -1
    outer loop
      vertex -63.1 -34.525 0
      vertex -63.5233 -37.7973 0
      vertex -63.3219 -34.5105 0
    endloop
  endfacet
  facet normal -0 0 -1
    outer loop
      vertex -63.3219 -34.5105 0
      vertex -63.5233 -37.7973 0
      vertex -63.54 -34.4671 0
    endloop
  endfacet
  facet normal 0 0 -1
    outer loop
      vertex 77.86 -28.825 0
      vertex 64.7421 -33.265 0
      vertex 64.7855 -33.0469 0
    endloop
  endfacet
  facet normal 0 0 -1
    outer loop
      vertex 77.86 -28.825 0
      vertex 64.6706 -33.4756 0
      vertex 64.7421 -33.265 0
    endloop
  endfacet
  facet normal 0 -0 -1
    outer loop
      vertex 64.5722 -33.675 0
      vertex 77.86 -28.825 0
      vertex 63.5233 -37.7973 0
    endloop
  endfacet
  facet normal 0 0 -1
    outer loop
      vertex 64.0332 -43.0438 0
      vertex 64.766 -43.8 0
      vertex 64.4645 -43.5355 0
    endloop
  endfacet
  facet normal 0 0 -1
    outer loop
      vertex 77.86 -28.825 0
      vertex 64.5722 -33.675 0
      vertex 64.6706 -33.4756 0
    endloop
  endfacet
  facet normal 0 0 -1
    outer loop
      vertex 64.5722 -33.675 0
      vertex 63.5233 -37.7973 0
      vertex 64.4487 -33.8599 0
    endloop
  endfacet
  facet normal 0 0 -1
    outer loop
      vertex 64.4487 -33.8599 0
      vertex 63.5233 -37.7973 0
      vertex 64.3021 -34.0271 0
    endloop
  endfacet
  facet normal 0 0 -1
    outer loop
      vertex 64.766 -43.8 0
      vertex 64.0332 -43.0438 0
      vertex 63.5233 -37.7973 0
    endloop
  endfacet
  facet normal 0 0 -1
    outer loop
      vertex 64.3021 -34.0271 0
      vertex 63.5233 -37.7973 0
      vertex 64.1349 -34.1737 0
    endloop
  endfacet
  facet normal 0 0 -1
    outer loop
      vertex 64.1349 -34.1737 0
      vertex 63.5233 -37.7973 0
      vertex 63.95 -34.2972 0
    endloop
  endfacet
  facet normal 0 0 -1
    outer loop
      vertex 63.5233 -37.7973 0
      vertex 64.0332 -43.0438 0
      vertex 63.6699 -42.5 0
    endloop
  endfacet
  facet normal 0 0 -1
    outer loop
      vertex 63.95 -34.2972 0
      vertex 63.5233 -37.7973 0
      vertex 63.7506 -34.3956 0
    endloop
  endfacet
  facet normal 0 0 -1
    outer loop
      vertex 63.7506 -34.3956 0
      vertex 63.5233 -37.7973 0
      vertex 63.54 -34.4671 0
    endloop
  endfacet
  facet normal 0 0 -1
    outer loop
      vertex 63.3806 -41.9134 0
      vertex 63.5233 -37.7973 0
      vertex 63.6699 -42.5 0
    endloop
  endfacet
  facet normal 0 0 -1
    outer loop
      vertex 63.1704 -41.2941 0
      vertex 63.5233 -37.7973 0
      vertex 63.3806 -41.9134 0
    endloop
  endfacet
  facet normal 0 0 -1
    outer loop
      vertex 63.1704 -38.7059 0
      vertex 63.5233 -37.7973 0
      vertex 63.1704 -41.2941 0
    endloop
  endfacet
  facet normal 0 0 -1
    outer loop
      vertex 63.5233 -37.7973 0
      vertex 63.1704 -38.7059 0
      vertex 63.3806 -38.0866 0
    endloop
  endfacet
  facet normal 0 0 -1
    outer loop
      vertex 63.0428 -40.6526 0
      vertex 63.1704 -38.7059 0
      vertex 63.1704 -41.2941 0
    endloop
  endfacet
  facet normal 0 0 -1
    outer loop
      vertex 63.0428 -40.6526 0
      vertex 63.0428 -39.3474 0
      vertex 63.1704 -38.7059 0
    endloop
  endfacet
  facet normal 0 -0 -1
    outer loop
      vertex 63.0428 -39.3474 0
      vertex 63.0428 -40.6526 0
      vertex 63 -40 0
    endloop
  endfacet
  facet normal 0 0 -1
    outer loop
      vertex 63.5233 -37.7973 0
      vertex 63.3219 -34.5105 0
      vertex 63.54 -34.4671 0
    endloop
  endfacet
  facet normal 0 0 -1
    outer loop
      vertex 63.1 -34.525 0
      vertex 63.5233 -37.7973 0
      vertex 63.1 -37.825 0
    endloop
  endfacet
  facet normal 0 0 -1
    outer loop
      vertex 63.5233 -37.7973 0
      vertex 63.1 -34.525 0
      vertex 63.3219 -34.5105 0
    endloop
  endfacet
  facet normal 0 0 -1
    outer loop
      vertex 63.1 -37.825 0
      vertex 62.8781 -34.5105 0
      vertex 63.1 -34.525 0
    endloop
  endfacet
  facet normal 0 0 -1
    outer loop
      vertex 62.4474 -37.7822 0
      vertex 62.8781 -34.5105 0
      vertex 63.1 -37.825 0
    endloop
  endfacet
  facet normal -0 0 -1
    outer loop
      vertex 62.8781 -34.5105 0
      vertex 62.4474 -37.7822 0
      vertex 62.66 -34.4671 0
    endloop
  endfacet
  facet normal 0 0 -1
    outer loop
      vertex 61.8059 -37.6546 0
      vertex 62.66 -34.4671 0
      vertex 62.4474 -37.7822 0
    endloop
  endfacet
  facet normal -0 0 -1
    outer loop
      vertex 62.66 -34.4671 0
      vertex 61.8059 -37.6546 0
      vertex 62.4494 -34.3956 0
    endloop
  endfacet
  facet normal 0 0 -1
    outer loop
      vertex 61.1866 -37.4444 0
      vertex 62.4494 -34.3956 0
      vertex 61.8059 -37.6546 0
    endloop
  endfacet
  facet normal -0 0 -1
    outer loop
      vertex 62.4494 -34.3956 0
      vertex 61.1866 -37.4444 0
      vertex 62.25 -34.2972 0
    endloop
  endfacet
  facet normal 0 0 -1
    outer loop
      vertex 60.6 -37.1551 0
      vertex 62.25 -34.2972 0
      vertex 61.1866 -37.4444 0
    endloop
  endfacet
  facet normal 0 0 -1
    outer loop
      vertex 60.1059 -36.825 0
      vertex 62.25 -34.2972 0
      vertex 60.6 -37.1551 0
    endloop
  endfacet
  facet normal -0 0 -1
    outer loop
      vertex 62.25 -34.2972 0
      vertex 60.1059 -36.825 0
      vertex 62.0651 -34.1737 0
    endloop
  endfacet
  facet normal -0 0 -1
    outer loop
      vertex 62.0651 -34.1737 0
      vertex 60.1059 -36.825 0
      vertex 61.8979 -34.0271 0
    endloop
  endfacet
  facet normal -0 0 -1
    outer loop
      vertex 61.8979 -34.0271 0
      vertex 60.1059 -36.825 0
      vertex 61.7513 -33.8599 0
    endloop
  endfacet
  facet normal -0 0 -1
    outer loop
      vertex 61.7513 -33.8599 0
      vertex 60.1059 -36.825 0
      vertex 61.6278 -33.675 0
    endloop
  endfacet
  facet normal -0 0 -1
    outer loop
      vertex 61.5294 -33.4756 0
      vertex 60.1059 -36.825 0
      vertex 61.4579 -33.265 0
    endloop
  endfacet
  facet normal -0 0 -1
    outer loop
      vertex 61.6278 -33.675 0
      vertex 60.1059 -36.825 0
      vertex 61.5294 -33.4756 0
    endloop
  endfacet
  facet normal 0 0 -1
    outer loop
      vertex 87 -60 0
      vertex 63.0188 -51.7781 0
      vertex 64.766 -43.8 0
    endloop
  endfacet
  facet normal 0 0 -1
    outer loop
      vertex 62.9754 -51.56 0
      vertex 64.766 -43.8 0
      vertex 63.0188 -51.7781 0
    endloop
  endfacet
  facet normal 0 0 -1
    outer loop
      vertex 62.9039 -51.3494 0
      vertex 64.766 -43.8 0
      vertex 62.9754 -51.56 0
    endloop
  endfacet
  facet normal 0 0 -1
    outer loop
      vertex 62.8056 -51.15 0
      vertex 64.766 -43.8 0
      vertex 62.9039 -51.3494 0
    endloop
  endfacet
  facet normal 0 0 -1
    outer loop
      vertex 62.682 -50.9651 0
      vertex 64.766 -43.8 0
      vertex 62.8056 -51.15 0
    endloop
  endfacet
  facet normal 0 0 -1
    outer loop
      vertex 62.5354 -50.7979 0
      vertex 64.766 -43.8 0
      vertex 62.682 -50.9651 0
    endloop
  endfacet
  facet normal 0 0 -1
    outer loop
      vertex 62.3682 -50.6513 0
      vertex 64.766 -43.8 0
      vertex 62.5354 -50.7979 0
    endloop
  endfacet
  facet normal 0 0 -1
    outer loop
      vertex 62.1833 -50.5278 0
      vertex 64.766 -43.8 0
      vertex 62.3682 -50.6513 0
    endloop
  endfacet
  facet normal 0 0 -1
    outer loop
      vertex 61.9839 -50.4294 0
      vertex 64.766 -43.8 0
      vertex 62.1833 -50.5278 0
    endloop
  endfacet
  facet normal 0 0 -1
    outer loop
      vertex 61.7733 -50.3579 0
      vertex 64.766 -43.8 0
      vertex 61.9839 -50.4294 0
    endloop
  endfacet
  facet normal 0 0 -1
    outer loop
      vertex 61.5552 -50.3145 0
      vertex 64.766 -43.8 0
      vertex 61.7733 -50.3579 0
    endloop
  endfacet
  facet normal 0 0 -1
    outer loop
      vertex 61.3333 -50.3 0
      vertex 64.766 -43.8 0
      vertex 61.5552 -50.3145 0
    endloop
  endfacet
  facet normal 0 0 -1
    outer loop
      vertex 61.1114 -50.3145 0
      vertex 64.766 -43.8 0
      vertex 61.3333 -50.3 0
    endloop
  endfacet
  facet normal 0 0 -1
    outer loop
      vertex 60.8933 -50.3579 0
      vertex 64.766 -43.8 0
      vertex 61.1114 -50.3145 0
    endloop
  endfacet
  facet normal 0 0 -1
    outer loop
      vertex 60.6828 -50.4294 0
      vertex 64.766 -43.8 0
      vertex 60.8933 -50.3579 0
    endloop
  endfacet
  facet normal 0 0 -1
    outer loop
      vertex 60.4833 -50.5278 0
      vertex 64.766 -43.8 0
      vertex 60.6828 -50.4294 0
    endloop
  endfacet
  facet normal 0 0 -1
    outer loop
      vertex 60.2984 -50.6513 0
      vertex 64.766 -43.8 0
      vertex 60.4833 -50.5278 0
    endloop
  endfacet
  facet normal 0 0 -1
    outer loop
      vertex 60.1313 -50.7979 0
      vertex 64.766 -43.8 0
      vertex 60.2984 -50.6513 0
    endloop
  endfacet
  facet normal 0 0 -1
    outer loop
      vertex 59.9846 -50.9651 0
      vertex 64.766 -43.8 0
      vertex 60.1313 -50.7979 0
    endloop
  endfacet
  facet normal 0 0 -1
    outer loop
      vertex -59.9846 -50.9651 0
      vertex 59.9846 -50.9651 0
      vertex 59.8611 -51.15 0
    endloop
  endfacet
  facet normal 0 0 -1
    outer loop
      vertex -59.6333 -52 0
      vertex 59.6479 -51.7781 0
      vertex 59.6333 -52 0
    endloop
  endfacet
  facet normal 0 0 -1
    outer loop
      vertex -59.6479 -51.7781 0
      vertex 59.6479 -51.7781 0
      vertex -59.6333 -52 0
    endloop
  endfacet
  facet normal 0 0 -1
    outer loop
      vertex 59.6479 -51.7781 0
      vertex -59.6479 -51.7781 0
      vertex 59.6913 -51.56 0
    endloop
  endfacet
  facet normal 0 0 -1
    outer loop
      vertex -59.6913 -51.56 0
      vertex 59.6913 -51.56 0
      vertex -59.6479 -51.7781 0
    endloop
  endfacet
  facet normal 0 0 -1
    outer loop
      vertex 59.6913 -51.56 0
      vertex -59.6913 -51.56 0
      vertex 59.7627 -51.3494 0
    endloop
  endfacet
  facet normal 0 0 -1
    outer loop
      vertex -59.7627 -51.3494 0
      vertex 59.7627 -51.3494 0
      vertex -59.6913 -51.56 0
    endloop
  endfacet
  facet normal 0 0 -1
    outer loop
      vertex 59.7627 -51.3494 0
      vertex -59.7627 -51.3494 0
      vertex 59.8611 -51.15 0
    endloop
  endfacet
  facet normal 0 0 -1
    outer loop
      vertex -59.8611 -51.15 0
      vertex 59.8611 -51.15 0
      vertex -59.7627 -51.3494 0
    endloop
  endfacet
  facet normal 0 0 -1
    outer loop
      vertex -59.9846 -50.9651 0
      vertex 59.8611 -51.15 0
      vertex -59.8611 -51.15 0
    endloop
  endfacet
  facet normal 0 0 -1
    outer loop
      vertex 59.9846 -50.9651 0
      vertex -59.9846 -50.9651 0
      vertex 64.766 -43.8 0
    endloop
  endfacet
  facet normal 0 0 -1
    outer loop
      vertex -64.766 -43.8 0
      vertex -59.9846 -50.9651 0
      vertex -60.1313 -50.7979 0
    endloop
  endfacet
  facet normal 0 0 -1
    outer loop
      vertex -64.766 -43.8 0
      vertex -60.1313 -50.7979 0
      vertex -60.2984 -50.6513 0
    endloop
  endfacet
  facet normal 0 0 -1
    outer loop
      vertex -64.766 -43.8 0
      vertex -60.2984 -50.6513 0
      vertex -60.4833 -50.5278 0
    endloop
  endfacet
  facet normal 0 0 -1
    outer loop
      vertex -64.766 -43.8 0
      vertex -60.4833 -50.5278 0
      vertex -60.6828 -50.4294 0
    endloop
  endfacet
  facet normal 0 0 -1
    outer loop
      vertex -64.766 -43.8 0
      vertex -60.6828 -50.4294 0
      vertex -60.8933 -50.3579 0
    endloop
  endfacet
  facet normal 0 0 -1
    outer loop
      vertex -64.766 -43.8 0
      vertex -60.8933 -50.3579 0
      vertex -61.1114 -50.3145 0
    endloop
  endfacet
  facet normal 0 0 -1
    outer loop
      vertex -64.766 -43.8 0
      vertex -61.1114 -50.3145 0
      vertex -61.3333 -50.3 0
    endloop
  endfacet
  facet normal 0 0 -1
    outer loop
      vertex -59.9846 -50.9651 0
      vertex -64.766 -43.8 0
      vertex 64.766 -43.8 0
    endloop
  endfacet
  facet normal 0 0 -1
    outer loop
      vertex -61.5552 -50.3145 0
      vertex -64.766 -43.8 0
      vertex -61.3333 -50.3 0
    endloop
  endfacet
  facet normal 0 0 -1
    outer loop
      vertex -61.7733 -50.3579 0
      vertex -64.766 -43.8 0
      vertex -61.5552 -50.3145 0
    endloop
  endfacet
  facet normal 0 0 -1
    outer loop
      vertex -61.9839 -50.4294 0
      vertex -64.766 -43.8 0
      vertex -61.7733 -50.3579 0
    endloop
  endfacet
  facet normal 0 0 -1
    outer loop
      vertex -62.1833 -50.5278 0
      vertex -64.766 -43.8 0
      vertex -61.9839 -50.4294 0
    endloop
  endfacet
  facet normal 0 0 -1
    outer loop
      vertex -62.3682 -50.6513 0
      vertex -64.766 -43.8 0
      vertex -62.1833 -50.5278 0
    endloop
  endfacet
  facet normal 0 0 -1
    outer loop
      vertex -62.5354 -50.7979 0
      vertex -64.766 -43.8 0
      vertex -62.3682 -50.6513 0
    endloop
  endfacet
  facet normal 0 0 -1
    outer loop
      vertex -62.682 -50.9651 0
      vertex -64.766 -43.8 0
      vertex -62.5354 -50.7979 0
    endloop
  endfacet
  facet normal 0 0 -1
    outer loop
      vertex -62.8056 -51.15 0
      vertex -64.766 -43.8 0
      vertex -62.682 -50.9651 0
    endloop
  endfacet
  facet normal 0 0 -1
    outer loop
      vertex -62.9039 -51.3494 0
      vertex -64.766 -43.8 0
      vertex -62.8056 -51.15 0
    endloop
  endfacet
  facet normal 0 0 -1
    outer loop
      vertex -62.9754 -51.56 0
      vertex -64.766 -43.8 0
      vertex -62.9039 -51.3494 0
    endloop
  endfacet
  facet normal 0 0 -1
    outer loop
      vertex -63.0188 -51.7781 0
      vertex -64.766 -43.8 0
      vertex -62.9754 -51.56 0
    endloop
  endfacet
  facet normal 0 0 -1
    outer loop
      vertex -64.766 -43.8 0
      vertex -63.0188 -51.7781 0
      vertex -63.0333 -52 0
    endloop
  endfacet
  facet normal 0 -1 0
    outer loop
      vertex -60.1059 -36.825 0
      vertex 60.1059 -36.825 4
      vertex -60.1059 -36.825 4
    endloop
  endfacet
  facet normal 0 -1 -0
    outer loop
      vertex 60.1059 -36.825 4
      vertex -60.1059 -36.825 0
      vertex 60.1059 -36.825 0
    endloop
  endfacet
  facet normal 0 1 -0
    outer loop
      vertex 60.1059 36.825 0
      vertex -60.1059 36.825 4
      vertex 60.1059 36.825 4
    endloop
  endfacet
  facet normal 0 1 0
    outer loop
      vertex -60.1059 36.825 4
      vertex 60.1059 36.825 0
      vertex -60.1059 36.825 0
    endloop
  endfacet
  facet normal 0 -1 0
    outer loop
      vertex -77.86 28.825 0
      vertex -66.0941 28.825 4
      vertex -77.86 28.825 4
    endloop
  endfacet
  facet normal 0 -1 -0
    outer loop
      vertex -66.0941 28.825 4
      vertex -77.86 28.825 0
      vertex -66.0941 28.825 0
    endloop
  endfacet
  facet normal 0 -1 0
    outer loop
      vertex 66.0941 28.825 0
      vertex 77.86 28.825 4
      vertex 66.0941 28.825 4
    endloop
  endfacet
  facet normal 0 -1 -0
    outer loop
      vertex 77.86 28.825 4
      vertex 66.0941 28.825 0
      vertex 77.86 28.825 0
    endloop
  endfacet
  facet normal 0 -1 0
    outer loop
      vertex -60.1059 28.825 0
      vertex 60.1059 28.825 4
      vertex -60.1059 28.825 4
    endloop
  endfacet
  facet normal 0 -1 -0
    outer loop
      vertex 60.1059 28.825 4
      vertex -60.1059 28.825 0
      vertex 60.1059 28.825 0
    endloop
  endfacet
  facet normal -1 0 0
    outer loop
      vertex -92 -55 0
      vertex -92 55 4
      vertex -92 55 0
    endloop
  endfacet
  facet normal -1 -0 0
    outer loop
      vertex -92 55 4
      vertex -92 -55 0
      vertex -92 -55 4
    endloop
  endfacet
  facet normal 1 -0 0
    outer loop
      vertex 92 -55 4
      vertex 92 55 0
      vertex 92 55 4
    endloop
  endfacet
  facet normal 1 0 0
    outer loop
      vertex 92 55 0
      vertex 92 -55 4
      vertex 92 -55 0
    endloop
  endfacet
  facet normal 0.195087 -0.980786 0
    outer loop
      vertex 87.6526 -59.9572 0
      vertex 88.2941 -59.8296 4
      vertex 87.6526 -59.9572 4
    endloop
  endfacet
  facet normal 0.195087 -0.980786 0
    outer loop
      vertex 88.2941 -59.8296 4
      vertex 87.6526 -59.9572 0
      vertex 88.2941 -59.8296 0
    endloop
  endfacet
  facet normal 0.321407 -0.946941 0
    outer loop
      vertex 88.2941 -59.8296 0
      vertex 88.9134 -59.6194 4
      vertex 88.2941 -59.8296 4
    endloop
  endfacet
  facet normal 0.321407 -0.946941 0
    outer loop
      vertex 88.9134 -59.6194 4
      vertex 88.2941 -59.8296 0
      vertex 88.9134 -59.6194 0
    endloop
  endfacet
  facet normal 0.442314 -0.89686 0
    outer loop
      vertex 88.9134 -59.6194 0
      vertex 89.5 -59.3301 4
      vertex 88.9134 -59.6194 4
    endloop
  endfacet
  facet normal 0.442314 -0.89686 0
    outer loop
      vertex 89.5 -59.3301 4
      vertex 88.9134 -59.6194 0
      vertex 89.5 -59.3301 0
    endloop
  endfacet
  facet normal 0.555512 -0.831509 0
    outer loop
      vertex 89.5 -59.3301 0
      vertex 90.0438 -58.9668 4
      vertex 89.5 -59.3301 4
    endloop
  endfacet
  facet normal 0.555512 -0.831509 0
    outer loop
      vertex 90.0438 -58.9668 4
      vertex 89.5 -59.3301 0
      vertex 90.0438 -58.9668 0
    endloop
  endfacet
  facet normal 0.659424 -0.751771 0
    outer loop
      vertex 90.0438 -58.9668 0
      vertex 90.5355 -58.5355 4
      vertex 90.0438 -58.9668 4
    endloop
  endfacet
  facet normal 0.659424 -0.751771 0
    outer loop
      vertex 90.5355 -58.5355 4
      vertex 90.0438 -58.9668 0
      vertex 90.5355 -58.5355 0
    endloop
  endfacet
  facet normal 0.751771 -0.659424 0
    outer loop
      vertex 90.5355 -58.5355 4
      vertex 90.9668 -58.0438 0
      vertex 90.9668 -58.0438 4
    endloop
  endfacet
  facet normal 0.751771 -0.659424 0
    outer loop
      vertex 90.9668 -58.0438 0
      vertex 90.5355 -58.5355 4
      vertex 90.5355 -58.5355 0
    endloop
  endfacet
  facet normal 0.831509 -0.555512 0
    outer loop
      vertex 90.9668 -58.0438 4
      vertex 91.3301 -57.5 0
      vertex 91.3301 -57.5 4
    endloop
  endfacet
  facet normal 0.831509 -0.555512 0
    outer loop
      vertex 91.3301 -57.5 0
      vertex 90.9668 -58.0438 4
      vertex 90.9668 -58.0438 0
    endloop
  endfacet
  facet normal 0.89686 -0.442314 0
    outer loop
      vertex 91.3301 -57.5 4
      vertex 91.6194 -56.9134 0
      vertex 91.6194 -56.9134 4
    endloop
  endfacet
  facet normal 0.89686 -0.442314 0
    outer loop
      vertex 91.6194 -56.9134 0
      vertex 91.3301 -57.5 4
      vertex 91.3301 -57.5 0
    endloop
  endfacet
  facet normal 0.946941 -0.321407 0
    outer loop
      vertex 91.6194 -56.9134 4
      vertex 91.8296 -56.2941 0
      vertex 91.8296 -56.2941 4
    endloop
  endfacet
  facet normal 0.946941 -0.321407 0
    outer loop
      vertex 91.8296 -56.2941 0
      vertex 91.6194 -56.9134 4
      vertex 91.6194 -56.9134 0
    endloop
  endfacet
  facet normal 0.980786 -0.195087 0
    outer loop
      vertex 91.8296 -56.2941 4
      vertex 91.9572 -55.6526 0
      vertex 91.9572 -55.6526 4
    endloop
  endfacet
  facet normal 0.980786 -0.195087 0
    outer loop
      vertex 91.9572 -55.6526 0
      vertex 91.8296 -56.2941 4
      vertex 91.8296 -56.2941 0
    endloop
  endfacet
  facet normal 0.997856 -0.0654432 0
    outer loop
      vertex 91.9572 -55.6526 4
      vertex 92 -55 0
      vertex 92 -55 4
    endloop
  endfacet
  facet normal 0.997856 -0.0654432 0
    outer loop
      vertex 92 -55 0
      vertex 91.9572 -55.6526 4
      vertex 91.9572 -55.6526 0
    endloop
  endfacet
  facet normal 0.997856 0.0654432 0
    outer loop
      vertex 92 55 4
      vertex 91.9572 55.6526 0
      vertex 91.9572 55.6526 4
    endloop
  endfacet
  facet normal 0.997856 0.0654432 0
    outer loop
      vertex 91.9572 55.6526 0
      vertex 92 55 4
      vertex 92 55 0
    endloop
  endfacet
  facet normal 0.980786 0.195087 0
    outer loop
      vertex 91.9572 55.6526 4
      vertex 91.8296 56.2941 0
      vertex 91.8296 56.2941 4
    endloop
  endfacet
  facet normal 0.980786 0.195087 0
    outer loop
      vertex 91.8296 56.2941 0
      vertex 91.9572 55.6526 4
      vertex 91.9572 55.6526 0
    endloop
  endfacet
  facet normal 0.946941 0.321407 0
    outer loop
      vertex 91.8296 56.2941 4
      vertex 91.6194 56.9134 0
      vertex 91.6194 56.9134 4
    endloop
  endfacet
  facet normal 0.946941 0.321407 0
    outer loop
      vertex 91.6194 56.9134 0
      vertex 91.8296 56.2941 4
      vertex 91.8296 56.2941 0
    endloop
  endfacet
  facet normal 0.89686 0.442314 0
    outer loop
      vertex 91.6194 56.9134 4
      vertex 91.3301 57.5 0
      vertex 91.3301 57.5 4
    endloop
  endfacet
  facet normal 0.89686 0.442314 0
    outer loop
      vertex 91.3301 57.5 0
      vertex 91.6194 56.9134 4
      vertex 91.6194 56.9134 0
    endloop
  endfacet
  facet normal 0.831509 0.555512 0
    outer loop
      vertex 91.3301 57.5 4
      vertex 90.9668 58.0438 0
      vertex 90.9668 58.0438 4
    endloop
  endfacet
  facet normal 0.831509 0.555512 0
    outer loop
      vertex 90.9668 58.0438 0
      vertex 91.3301 57.5 4
      vertex 91.3301 57.5 0
    endloop
  endfacet
  facet normal 0.751771 0.659424 0
    outer loop
      vertex 90.9668 58.0438 4
      vertex 90.5355 58.5355 0
      vertex 90.5355 58.5355 4
    endloop
  endfacet
  facet normal 0.751771 0.659424 0
    outer loop
      vertex 90.5355 58.5355 0
      vertex 90.9668 58.0438 4
      vertex 90.9668 58.0438 0
    endloop
  endfacet
  facet normal 0.659424 0.751771 -0
    outer loop
      vertex 90.5355 58.5355 0
      vertex 90.0438 58.9668 4
      vertex 90.5355 58.5355 4
    endloop
  endfacet
  facet normal 0.659424 0.751771 0
    outer loop
      vertex 90.0438 58.9668 4
      vertex 90.5355 58.5355 0
      vertex 90.0438 58.9668 0
    endloop
  endfacet
  facet normal 0.555512 0.831509 -0
    outer loop
      vertex 90.0438 58.9668 0
      vertex 89.5 59.3301 4
      vertex 90.0438 58.9668 4
    endloop
  endfacet
  facet normal 0.555512 0.831509 0
    outer loop
      vertex 89.5 59.3301 4
      vertex 90.0438 58.9668 0
      vertex 89.5 59.3301 0
    endloop
  endfacet
  facet normal 0.442314 0.89686 -0
    outer loop
      vertex 89.5 59.3301 0
      vertex 88.9134 59.6194 4
      vertex 89.5 59.3301 4
    endloop
  endfacet
  facet normal 0.442314 0.89686 0
    outer loop
      vertex 88.9134 59.6194 4
      vertex 89.5 59.3301 0
      vertex 88.9134 59.6194 0
    endloop
  endfacet
  facet normal 0.321407 0.946941 -0
    outer loop
      vertex 88.9134 59.6194 0
      vertex 88.2941 59.8296 4
      vertex 88.9134 59.6194 4
    endloop
  endfacet
  facet normal 0.321407 0.946941 0
    outer loop
      vertex 88.2941 59.8296 4
      vertex 88.9134 59.6194 0
      vertex 88.2941 59.8296 0
    endloop
  endfacet
  facet normal 0.195087 0.980786 -0
    outer loop
      vertex 88.2941 59.8296 0
      vertex 87.6526 59.9572 4
      vertex 88.2941 59.8296 4
    endloop
  endfacet
  facet normal 0.195087 0.980786 0
    outer loop
      vertex 87.6526 59.9572 4
      vertex 88.2941 59.8296 0
      vertex 87.6526 59.9572 0
    endloop
  endfacet
  facet normal 0.0654432 0.997856 -0
    outer loop
      vertex 87.6526 59.9572 0
      vertex 87 60 4
      vertex 87.6526 59.9572 4
    endloop
  endfacet
  facet normal 0.0654432 0.997856 0
    outer loop
      vertex 87 60 4
      vertex 87.6526 59.9572 0
      vertex 87 60 0
    endloop
  endfacet
  facet normal 0 1 -0
    outer loop
      vertex 87 60 0
      vertex -87 60 4
      vertex 87 60 4
    endloop
  endfacet
  facet normal 0 1 0
    outer loop
      vertex -87 60 4
      vertex 87 60 0
      vertex -87 60 0
    endloop
  endfacet
  facet normal -0.0654432 0.997856 0
    outer loop
      vertex -87 60 0
      vertex -87.6526 59.9572 4
      vertex -87 60 4
    endloop
  endfacet
  facet normal -0.0654432 0.997856 0
    outer loop
      vertex -87.6526 59.9572 4
      vertex -87 60 0
      vertex -87.6526 59.9572 0
    endloop
  endfacet
  facet normal -0.195087 0.980786 0
    outer loop
      vertex -87.6526 59.9572 0
      vertex -88.2941 59.8296 4
      vertex -87.6526 59.9572 4
    endloop
  endfacet
  facet normal -0.195087 0.980786 0
    outer loop
      vertex -88.2941 59.8296 4
      vertex -87.6526 59.9572 0
      vertex -88.2941 59.8296 0
    endloop
  endfacet
  facet normal -0.321407 0.946941 0
    outer loop
      vertex -88.2941 59.8296 0
      vertex -88.9134 59.6194 4
      vertex -88.2941 59.8296 4
    endloop
  endfacet
  facet normal -0.321407 0.946941 0
    outer loop
      vertex -88.9134 59.6194 4
      vertex -88.2941 59.8296 0
      vertex -88.9134 59.6194 0
    endloop
  endfacet
  facet normal -0.442314 0.89686 0
    outer loop
      vertex -88.9134 59.6194 0
      vertex -89.5 59.3301 4
      vertex -88.9134 59.6194 4
    endloop
  endfacet
  facet normal -0.442314 0.89686 0
    outer loop
      vertex -89.5 59.3301 4
      vertex -88.9134 59.6194 0
      vertex -89.5 59.3301 0
    endloop
  endfacet
  facet normal -0.555512 0.831509 0
    outer loop
      vertex -89.5 59.3301 0
      vertex -90.0438 58.9668 4
      vertex -89.5 59.3301 4
    endloop
  endfacet
  facet normal -0.555512 0.831509 0
    outer loop
      vertex -90.0438 58.9668 4
      vertex -89.5 59.3301 0
      vertex -90.0438 58.9668 0
    endloop
  endfacet
  facet normal -0.659424 0.751771 0
    outer loop
      vertex -90.0438 58.9668 0
      vertex -90.5355 58.5355 4
      vertex -90.0438 58.9668 4
    endloop
  endfacet
  facet normal -0.659424 0.751771 0
    outer loop
      vertex -90.5355 58.5355 4
      vertex -90.0438 58.9668 0
      vertex -90.5355 58.5355 0
    endloop
  endfacet
  facet normal -0.751771 0.659424 0
    outer loop
      vertex -90.9668 58.0438 0
      vertex -90.5355 58.5355 4
      vertex -90.5355 58.5355 0
    endloop
  endfacet
  facet normal -0.751771 0.659424 0
    outer loop
      vertex -90.5355 58.5355 4
      vertex -90.9668 58.0438 0
      vertex -90.9668 58.0438 4
    endloop
  endfacet
  facet normal -0.831509 0.555512 0
    outer loop
      vertex -91.3301 57.5 0
      vertex -90.9668 58.0438 4
      vertex -90.9668 58.0438 0
    endloop
  endfacet
  facet normal -0.831509 0.555512 0
    outer loop
      vertex -90.9668 58.0438 4
      vertex -91.3301 57.5 0
      vertex -91.3301 57.5 4
    endloop
  endfacet
  facet normal -0.89686 0.442314 0
    outer loop
      vertex -91.6194 56.9134 0
      vertex -91.3301 57.5 4
      vertex -91.3301 57.5 0
    endloop
  endfacet
  facet normal -0.89686 0.442314 0
    outer loop
      vertex -91.3301 57.5 4
      vertex -91.6194 56.9134 0
      vertex -91.6194 56.9134 4
    endloop
  endfacet
  facet normal -0.946941 0.321407 0
    outer loop
      vertex -91.8296 56.2941 0
      vertex -91.6194 56.9134 4
      vertex -91.6194 56.9134 0
    endloop
  endfacet
  facet normal -0.946941 0.321407 0
    outer loop
      vertex -91.6194 56.9134 4
      vertex -91.8296 56.2941 0
      vertex -91.8296 56.2941 4
    endloop
  endfacet
  facet normal -0.980786 0.195087 0
    outer loop
      vertex -91.9572 55.6526 0
      vertex -91.8296 56.2941 4
      vertex -91.8296 56.2941 0
    endloop
  endfacet
  facet normal -0.980786 0.195087 0
    outer loop
      vertex -91.8296 56.2941 4
      vertex -91.9572 55.6526 0
      vertex -91.9572 55.6526 4
    endloop
  endfacet
  facet normal -0.997856 0.0654432 0
    outer loop
      vertex -92 55 0
      vertex -91.9572 55.6526 4
      vertex -91.9572 55.6526 0
    endloop
  endfacet
  facet normal -0.997856 0.0654432 0
    outer loop
      vertex -91.9572 55.6526 4
      vertex -92 55 0
      vertex -92 55 4
    endloop
  endfacet
  facet normal -0.997856 -0.0654432 0
    outer loop
      vertex -91.9572 -55.6526 0
      vertex -92 -55 4
      vertex -92 -55 0
    endloop
  endfacet
  facet normal -0.997856 -0.0654432 0
    outer loop
      vertex -92 -55 4
      vertex -91.9572 -55.6526 0
      vertex -91.9572 -55.6526 4
    endloop
  endfacet
  facet normal -0.980786 -0.195087 0
    outer loop
      vertex -91.8296 -56.2941 0
      vertex -91.9572 -55.6526 4
      vertex -91.9572 -55.6526 0
    endloop
  endfacet
  facet normal -0.980786 -0.195087 0
    outer loop
      vertex -91.9572 -55.6526 4
      vertex -91.8296 -56.2941 0
      vertex -91.8296 -56.2941 4
    endloop
  endfacet
  facet normal -0.946941 -0.321407 0
    outer loop
      vertex -91.6194 -56.9134 0
      vertex -91.8296 -56.2941 4
      vertex -91.8296 -56.2941 0
    endloop
  endfacet
  facet normal -0.946941 -0.321407 0
    outer loop
      vertex -91.8296 -56.2941 4
      vertex -91.6194 -56.9134 0
      vertex -91.6194 -56.9134 4
    endloop
  endfacet
  facet normal -0.89686 -0.442314 0
    outer loop
      vertex -91.3301 -57.5 0
      vertex -91.6194 -56.9134 4
      vertex -91.6194 -56.9134 0
    endloop
  endfacet
  facet normal -0.89686 -0.442314 0
    outer loop
      vertex -91.6194 -56.9134 4
      vertex -91.3301 -57.5 0
      vertex -91.3301 -57.5 4
    endloop
  endfacet
  facet normal -0.831509 -0.555512 0
    outer loop
      vertex -90.9668 -58.0438 0
      vertex -91.3301 -57.5 4
      vertex -91.3301 -57.5 0
    endloop
  endfacet
  facet normal -0.831509 -0.555512 0
    outer loop
      vertex -91.3301 -57.5 4
      vertex -90.9668 -58.0438 0
      vertex -90.9668 -58.0438 4
    endloop
  endfacet
  facet normal -0.751771 -0.659424 0
    outer loop
      vertex -90.5355 -58.5355 0
      vertex -90.9668 -58.0438 4
      vertex -90.9668 -58.0438 0
    endloop
  endfacet
  facet normal -0.751771 -0.659424 0
    outer loop
      vertex -90.9668 -58.0438 4
      vertex -90.5355 -58.5355 0
      vertex -90.5355 -58.5355 4
    endloop
  endfacet
  facet normal -0.659424 -0.751771 0
    outer loop
      vertex -90.5355 -58.5355 0
      vertex -90.0438 -58.9668 4
      vertex -90.5355 -58.5355 4
    endloop
  endfacet
  facet normal -0.659424 -0.751771 -0
    outer loop
      vertex -90.0438 -58.9668 4
      vertex -90.5355 -58.5355 0
      vertex -90.0438 -58.9668 0
    endloop
  endfacet
  facet normal -0.555512 -0.831509 0
    outer loop
      vertex -90.0438 -58.9668 0
      vertex -89.5 -59.3301 4
      vertex -90.0438 -58.9668 4
    endloop
  endfacet
  facet normal -0.555512 -0.831509 -0
    outer loop
      vertex -89.5 -59.3301 4
      vertex -90.0438 -58.9668 0
      vertex -89.5 -59.3301 0
    endloop
  endfacet
  facet normal -0.442314 -0.89686 0
    outer loop
      vertex -89.5 -59.3301 0
      vertex -88.9134 -59.6194 4
      vertex -89.5 -59.3301 4
    endloop
  endfacet
  facet normal -0.442314 -0.89686 -0
    outer loop
      vertex -88.9134 -59.6194 4
      vertex -89.5 -59.3301 0
      vertex -88.9134 -59.6194 0
    endloop
  endfacet
  facet normal -0.321407 -0.946941 0
    outer loop
      vertex -88.9134 -59.6194 0
      vertex -88.2941 -59.8296 4
      vertex -88.9134 -59.6194 4
    endloop
  endfacet
  facet normal -0.321407 -0.946941 -0
    outer loop
      vertex -88.2941 -59.8296 4
      vertex -88.9134 -59.6194 0
      vertex -88.2941 -59.8296 0
    endloop
  endfacet
  facet normal -0.195087 -0.980786 0
    outer loop
      vertex -88.2941 -59.8296 0
      vertex -87.6526 -59.9572 4
      vertex -88.2941 -59.8296 4
    endloop
  endfacet
  facet normal -0.195087 -0.980786 -0
    outer loop
      vertex -87.6526 -59.9572 4
      vertex -88.2941 -59.8296 0
      vertex -87.6526 -59.9572 0
    endloop
  endfacet
  facet normal -0.0654432 -0.997856 0
    outer loop
      vertex -87.6526 -59.9572 0
      vertex -87 -60 4
      vertex -87.6526 -59.9572 4
    endloop
  endfacet
  facet normal -0.0654432 -0.997856 -0
    outer loop
      vertex -87 -60 4
      vertex -87.6526 -59.9572 0
      vertex -87 -60 0
    endloop
  endfacet
  facet normal 0 -1 0
    outer loop
      vertex -87 -60 0
      vertex 87 -60 4
      vertex -87 -60 4
    endloop
  endfacet
  facet normal 0 -1 -0
    outer loop
      vertex 87 -60 4
      vertex -87 -60 0
      vertex 87 -60 0
    endloop
  endfacet
  facet normal 0.0654432 -0.997856 0
    outer loop
      vertex 87 -60 0
      vertex 87.6526 -59.9572 4
      vertex 87 -60 4
    endloop
  endfacet
  facet normal 0.0654432 -0.997856 0
    outer loop
      vertex 87.6526 -59.9572 4
      vertex 87 -60 0
      vertex 87.6526 -59.9572 0
    endloop
  endfacet
  facet normal 1 -0 0
    outer loop
      vertex -77.86 -28.825 4
      vertex -77.86 28.825 0
      vertex -77.86 28.825 4
    endloop
  endfacet
  facet normal 1 0 0
    outer loop
      vertex -77.86 28.825 0
      vertex -77.86 -28.825 4
      vertex -77.86 -28.825 0
    endloop
  endfacet
  facet normal 0 -1 0
    outer loop
      vertex -64.766 43.8 0
      vertex 64.766 43.8 4
      vertex -64.766 43.8 4
    endloop
  endfacet
  facet normal 0 -1 -0
    outer loop
      vertex 64.766 43.8 4
      vertex -64.766 43.8 0
      vertex 64.766 43.8 0
    endloop
  endfacet
  facet normal -1 0 0
    outer loop
      vertex 77.86 -28.825 0
      vertex 77.86 28.825 4
      vertex 77.86 28.825 0
    endloop
  endfacet
  facet normal -1 -0 0
    outer loop
      vertex 77.86 28.825 4
      vertex 77.86 -28.825 0
      vertex 77.86 -28.825 4
    endloop
  endfacet
  facet normal 0 1 -0
    outer loop
      vertex 64.766 -43.8 0
      vertex -64.766 -43.8 4
      vertex 64.766 -43.8 4
    endloop
  endfacet
  facet normal 0 1 0
    outer loop
      vertex -64.766 -43.8 4
      vertex 64.766 -43.8 0
      vertex -64.766 -43.8 0
    endloop
  endfacet
  facet normal -0.997842 -0.0656534 0
    outer loop
      vertex -59.6333 -52 0
      vertex -59.6479 -51.7781 4
      vertex -59.6479 -51.7781 0
    endloop
  endfacet
  facet normal -0.997842 -0.0656534 0
    outer loop
      vertex -59.6479 -51.7781 4
      vertex -59.6333 -52 0
      vertex -59.6333 -52 4
    endloop
  endfacet
  facet normal 0.997872 -0.0652057 0
    outer loop
      vertex -63.0333 -52 4
      vertex -63.0188 -51.7781 0
      vertex -63.0188 -51.7781 4
    endloop
  endfacet
  facet normal 0.997872 -0.0652057 0
    outer loop
      vertex -63.0188 -51.7781 0
      vertex -63.0333 -52 4
      vertex -63.0333 -52 0
    endloop
  endfacet
  facet normal -0.0652057 -0.997872 0
    outer loop
      vertex -61.3333 -50.3 0
      vertex -61.1114 -50.3145 4
      vertex -61.3333 -50.3 4
    endloop
  endfacet
  facet normal -0.0652057 -0.997872 -0
    outer loop
      vertex -61.1114 -50.3145 4
      vertex -61.3333 -50.3 0
      vertex -61.1114 -50.3145 0
    endloop
  endfacet
  facet normal -0.659491 -0.751712 0
    outer loop
      vertex -60.2984 -50.6513 0
      vertex -60.1313 -50.7979 4
      vertex -60.2984 -50.6513 4
    endloop
  endfacet
  facet normal -0.659491 -0.751712 -0
    outer loop
      vertex -60.1313 -50.7979 4
      vertex -60.2984 -50.6513 0
      vertex -60.1313 -50.7979 0
    endloop
  endfacet
  facet normal 0.659268 -0.751908 0
    outer loop
      vertex -62.5354 -50.7979 0
      vertex -62.3682 -50.6513 4
      vertex -62.5354 -50.7979 4
    endloop
  endfacet
  facet normal 0.659268 -0.751908 0
    outer loop
      vertex -62.3682 -50.6513 4
      vertex -62.5354 -50.7979 0
      vertex -62.3682 -50.6513 0
    endloop
  endfacet
  facet normal 0.321484 -0.946915 0
    outer loop
      vertex -61.9839 -50.4294 0
      vertex -61.7733 -50.3579 4
      vertex -61.9839 -50.4294 4
    endloop
  endfacet
  facet normal 0.321484 -0.946915 0
    outer loop
      vertex -61.7733 -50.3579 4
      vertex -61.9839 -50.4294 0
      vertex -61.7733 -50.3579 0
    endloop
  endfacet
  facet normal -0.896754 0.44253 0
    outer loop
      vertex -59.8611 -52.85 0
      vertex -59.7627 -52.6506 4
      vertex -59.7627 -52.6506 0
    endloop
  endfacet
  facet normal -0.896754 0.44253 0
    outer loop
      vertex -59.7627 -52.6506 4
      vertex -59.8611 -52.85 0
      vertex -59.8611 -52.85 4
    endloop
  endfacet
  facet normal 0.98077 0.195165 0
    outer loop
      vertex -62.9754 -52.44 4
      vertex -63.0188 -52.2219 0
      vertex -63.0188 -52.2219 4
    endloop
  endfacet
  facet normal 0.98077 0.195165 0
    outer loop
      vertex -63.0188 -52.2219 0
      vertex -62.9754 -52.44 4
      vertex -62.9754 -52.44 0
    endloop
  endfacet
  facet normal -0.896754 -0.44253 0
    outer loop
      vertex -59.7627 -51.3494 0
      vertex -59.8611 -51.15 4
      vertex -59.8611 -51.15 0
    endloop
  endfacet
  facet normal -0.896754 -0.44253 0
    outer loop
      vertex -59.8611 -51.15 4
      vertex -59.7627 -51.3494 0
      vertex -59.7627 -51.3494 4
    endloop
  endfacet
  facet normal -0.831566 -0.555426 0
    outer loop
      vertex -59.8611 -51.15 0
      vertex -59.9846 -50.9651 4
      vertex -59.9846 -50.9651 0
    endloop
  endfacet
  facet normal -0.831566 -0.555426 0
    outer loop
      vertex -59.9846 -50.9651 4
      vertex -59.8611 -51.15 0
      vertex -59.8611 -51.15 4
    endloop
  endfacet
  facet normal -0.32162 -0.946869 0
    outer loop
      vertex -60.8933 -50.3579 0
      vertex -60.6828 -50.4294 4
      vertex -60.8933 -50.3579 4
    endloop
  endfacet
  facet normal -0.32162 -0.946869 -0
    outer loop
      vertex -60.6828 -50.4294 4
      vertex -60.8933 -50.3579 0
      vertex -60.6828 -50.4294 0
    endloop
  endfacet
  facet normal -0.195165 -0.98077 0
    outer loop
      vertex -61.1114 -50.3145 0
      vertex -60.8933 -50.3579 4
      vertex -61.1114 -50.3145 4
    endloop
  endfacet
  facet normal -0.195165 -0.98077 -0
    outer loop
      vertex -60.8933 -50.3579 4
      vertex -61.1114 -50.3145 0
      vertex -60.8933 -50.3579 0
    endloop
  endfacet
  facet normal -0.442352 -0.896842 0
    outer loop
      vertex -60.6828 -50.4294 0
      vertex -60.4833 -50.5278 4
      vertex -60.6828 -50.4294 4
    endloop
  endfacet
  facet normal -0.442352 -0.896842 -0
    outer loop
      vertex -60.4833 -50.5278 4
      vertex -60.6828 -50.4294 0
      vertex -60.4833 -50.5278 0
    endloop
  endfacet
  facet normal 0.896932 -0.442169 0
    outer loop
      vertex -62.9039 -51.3494 4
      vertex -62.8056 -51.15 0
      vertex -62.8056 -51.15 4
    endloop
  endfacet
  facet normal 0.896932 -0.442169 0
    outer loop
      vertex -62.8056 -51.15 0
      vertex -62.9039 -51.3494 4
      vertex -62.9039 -51.3494 0
    endloop
  endfacet
  facet normal 0.831358 -0.555737 0
    outer loop
      vertex -62.8056 -51.15 4
      vertex -62.682 -50.9651 0
      vertex -62.682 -50.9651 4
    endloop
  endfacet
  facet normal 0.831358 -0.555737 0
    outer loop
      vertex -62.682 -50.9651 0
      vertex -62.8056 -51.15 4
      vertex -62.8056 -51.15 0
    endloop
  endfacet
  facet normal 0.555426 -0.831566 0
    outer loop
      vertex -62.3682 -50.6513 0
      vertex -62.1833 -50.5278 4
      vertex -62.3682 -50.6513 4
    endloop
  endfacet
  facet normal 0.555426 -0.831566 0
    outer loop
      vertex -62.1833 -50.5278 4
      vertex -62.3682 -50.6513 0
      vertex -62.1833 -50.5278 0
    endloop
  endfacet
  facet normal 0.195165 -0.98077 0
    outer loop
      vertex -61.7733 -50.3579 0
      vertex -61.5552 -50.3145 4
      vertex -61.7733 -50.3579 4
    endloop
  endfacet
  facet normal 0.195165 -0.98077 0
    outer loop
      vertex -61.5552 -50.3145 4
      vertex -61.7733 -50.3579 0
      vertex -61.5552 -50.3145 0
    endloop
  endfacet
  facet normal -0.751685 0.659523 0
    outer loop
      vertex -60.1313 -53.2021 0
      vertex -59.9846 -53.0349 4
      vertex -59.9846 -53.0349 0
    endloop
  endfacet
  facet normal -0.751685 0.659523 0
    outer loop
      vertex -59.9846 -53.0349 4
      vertex -60.1313 -53.2021 0
      vertex -60.1313 -53.2021 4
    endloop
  endfacet
  facet normal 0.659268 0.751908 -0
    outer loop
      vertex -62.3682 -53.3487 0
      vertex -62.5354 -53.2021 4
      vertex -62.3682 -53.3487 4
    endloop
  endfacet
  facet normal 0.659268 0.751908 0
    outer loop
      vertex -62.5354 -53.2021 4
      vertex -62.3682 -53.3487 0
      vertex -62.5354 -53.2021 0
    endloop
  endfacet
  facet normal 0.321484 0.946915 -0
    outer loop
      vertex -61.7733 -53.6421 0
      vertex -61.9839 -53.5706 4
      vertex -61.7733 -53.6421 4
    endloop
  endfacet
  facet normal 0.321484 0.946915 0
    outer loop
      vertex -61.9839 -53.5706 4
      vertex -61.7733 -53.6421 0
      vertex -61.9839 -53.5706 0
    endloop
  endfacet
  facet normal 0.896932 0.442169 0
    outer loop
      vertex -62.8056 -52.85 4
      vertex -62.9039 -52.6506 0
      vertex -62.9039 -52.6506 4
    endloop
  endfacet
  facet normal 0.896932 0.442169 0
    outer loop
      vertex -62.9039 -52.6506 0
      vertex -62.8056 -52.85 4
      vertex -62.8056 -52.85 0
    endloop
  endfacet
  facet normal 0.831358 0.555737 0
    outer loop
      vertex -62.682 -53.0349 4
      vertex -62.8056 -52.85 0
      vertex -62.8056 -52.85 4
    endloop
  endfacet
  facet normal 0.831358 0.555737 0
    outer loop
      vertex -62.8056 -52.85 0
      vertex -62.682 -53.0349 4
      vertex -62.682 -53.0349 0
    endloop
  endfacet
  facet normal 0.997872 0.0652057 0
    outer loop
      vertex -63.0188 -52.2219 4
      vertex -63.0333 -52 0
      vertex -63.0333 -52 4
    endloop
  endfacet
  facet normal 0.997872 0.0652057 0
    outer loop
      vertex -63.0333 -52 0
      vertex -63.0188 -52.2219 4
      vertex -63.0188 -52.2219 0
    endloop
  endfacet
  facet normal -0.947052 -0.32108 0
    outer loop
      vertex -59.6913 -51.56 0
      vertex -59.7627 -51.3494 4
      vertex -59.7627 -51.3494 0
    endloop
  endfacet
  facet normal -0.947052 -0.32108 0
    outer loop
      vertex -59.7627 -51.3494 4
      vertex -59.6913 -51.56 0
      vertex -59.6913 -51.56 4
    endloop
  endfacet
  facet normal -0.98077 -0.195165 0
    outer loop
      vertex -59.6479 -51.7781 0
      vertex -59.6913 -51.56 4
      vertex -59.6913 -51.56 0
    endloop
  endfacet
  facet normal -0.98077 -0.195165 0
    outer loop
      vertex -59.6913 -51.56 4
      vertex -59.6479 -51.7781 0
      vertex -59.6479 -51.7781 4
    endloop
  endfacet
  facet normal -0.555426 -0.831566 0
    outer loop
      vertex -60.4833 -50.5278 0
      vertex -60.2984 -50.6513 4
      vertex -60.4833 -50.5278 4
    endloop
  endfacet
  facet normal -0.555426 -0.831566 -0
    outer loop
      vertex -60.2984 -50.6513 4
      vertex -60.4833 -50.5278 0
      vertex -60.2984 -50.6513 0
    endloop
  endfacet
  facet normal 0.98077 -0.195165 0
    outer loop
      vertex -63.0188 -51.7781 4
      vertex -62.9754 -51.56 0
      vertex -62.9754 -51.56 4
    endloop
  endfacet
  facet normal 0.98077 -0.195165 0
    outer loop
      vertex -62.9754 -51.56 0
      vertex -63.0188 -51.7781 4
      vertex -63.0188 -51.7781 0
    endloop
  endfacet
  facet normal 0.44253 -0.896754 0
    outer loop
      vertex -62.1833 -50.5278 0
      vertex -61.9839 -50.4294 4
      vertex -62.1833 -50.5278 4
    endloop
  endfacet
  facet normal 0.44253 -0.896754 0
    outer loop
      vertex -61.9839 -50.4294 4
      vertex -62.1833 -50.5278 0
      vertex -61.9839 -50.4294 0
    endloop
  endfacet
  facet normal 0.0652057 -0.997872 0
    outer loop
      vertex -61.5552 -50.3145 0
      vertex -61.3333 -50.3 4
      vertex -61.5552 -50.3145 4
    endloop
  endfacet
  facet normal 0.0652057 -0.997872 0
    outer loop
      vertex -61.3333 -50.3 4
      vertex -61.5552 -50.3145 0
      vertex -61.3333 -50.3 0
    endloop
  endfacet
  facet normal -0.997842 0.0656534 0
    outer loop
      vertex -59.6479 -52.2219 0
      vertex -59.6333 -52 4
      vertex -59.6333 -52 0
    endloop
  endfacet
  facet normal -0.997842 0.0656534 0
    outer loop
      vertex -59.6333 -52 4
      vertex -59.6479 -52.2219 0
      vertex -59.6479 -52.2219 4
    endloop
  endfacet
  facet normal -0.98077 0.195165 0
    outer loop
      vertex -59.6913 -52.44 0
      vertex -59.6479 -52.2219 4
      vertex -59.6479 -52.2219 0
    endloop
  endfacet
  facet normal -0.98077 0.195165 0
    outer loop
      vertex -59.6479 -52.2219 4
      vertex -59.6913 -52.44 0
      vertex -59.6913 -52.44 4
    endloop
  endfacet
  facet normal -0.0652057 0.997872 0
    outer loop
      vertex -61.1114 -53.6855 0
      vertex -61.3333 -53.7 4
      vertex -61.1114 -53.6855 4
    endloop
  endfacet
  facet normal -0.0652057 0.997872 0
    outer loop
      vertex -61.3333 -53.7 4
      vertex -61.1114 -53.6855 0
      vertex -61.3333 -53.7 0
    endloop
  endfacet
  facet normal -0.32162 0.946869 0
    outer loop
      vertex -60.6828 -53.5706 0
      vertex -60.8933 -53.6421 4
      vertex -60.6828 -53.5706 4
    endloop
  endfacet
  facet normal -0.32162 0.946869 0
    outer loop
      vertex -60.8933 -53.6421 4
      vertex -60.6828 -53.5706 0
      vertex -60.8933 -53.6421 0
    endloop
  endfacet
  facet normal -0.442352 0.896842 0
    outer loop
      vertex -60.4833 -53.4722 0
      vertex -60.6828 -53.5706 4
      vertex -60.4833 -53.4722 4
    endloop
  endfacet
  facet normal -0.442352 0.896842 0
    outer loop
      vertex -60.6828 -53.5706 4
      vertex -60.4833 -53.4722 0
      vertex -60.6828 -53.5706 0
    endloop
  endfacet
  facet normal -0.659491 0.751712 0
    outer loop
      vertex -60.1313 -53.2021 0
      vertex -60.2984 -53.3487 4
      vertex -60.1313 -53.2021 4
    endloop
  endfacet
  facet normal -0.659491 0.751712 0
    outer loop
      vertex -60.2984 -53.3487 4
      vertex -60.1313 -53.2021 0
      vertex -60.2984 -53.3487 0
    endloop
  endfacet
  facet normal -0.555426 0.831566 0
    outer loop
      vertex -60.2984 -53.3487 0
      vertex -60.4833 -53.4722 4
      vertex -60.2984 -53.3487 4
    endloop
  endfacet
  facet normal -0.555426 0.831566 0
    outer loop
      vertex -60.4833 -53.4722 4
      vertex -60.2984 -53.3487 0
      vertex -60.4833 -53.4722 0
    endloop
  endfacet
  facet normal -0.831566 0.555426 0
    outer loop
      vertex -59.9846 -53.0349 0
      vertex -59.8611 -52.85 4
      vertex -59.8611 -52.85 0
    endloop
  endfacet
  facet normal -0.831566 0.555426 0
    outer loop
      vertex -59.8611 -52.85 4
      vertex -59.9846 -53.0349 0
      vertex -59.9846 -53.0349 4
    endloop
  endfacet
  facet normal 0.555426 0.831566 -0
    outer loop
      vertex -62.1833 -53.4722 0
      vertex -62.3682 -53.3487 4
      vertex -62.1833 -53.4722 4
    endloop
  endfacet
  facet normal 0.555426 0.831566 0
    outer loop
      vertex -62.3682 -53.3487 4
      vertex -62.1833 -53.4722 0
      vertex -62.3682 -53.3487 0
    endloop
  endfacet
  facet normal 0.44253 0.896754 -0
    outer loop
      vertex -61.9839 -53.5706 0
      vertex -62.1833 -53.4722 4
      vertex -61.9839 -53.5706 4
    endloop
  endfacet
  facet normal 0.44253 0.896754 0
    outer loop
      vertex -62.1833 -53.4722 4
      vertex -61.9839 -53.5706 0
      vertex -62.1833 -53.4722 0
    endloop
  endfacet
  facet normal 0.195165 0.98077 -0
    outer loop
      vertex -61.5552 -53.6855 0
      vertex -61.7733 -53.6421 4
      vertex -61.5552 -53.6855 4
    endloop
  endfacet
  facet normal 0.195165 0.98077 0
    outer loop
      vertex -61.7733 -53.6421 4
      vertex -61.5552 -53.6855 0
      vertex -61.7733 -53.6421 0
    endloop
  endfacet
  facet normal 0.751908 0.659268 0
    outer loop
      vertex -62.5354 -53.2021 4
      vertex -62.682 -53.0349 0
      vertex -62.682 -53.0349 4
    endloop
  endfacet
  facet normal 0.751908 0.659268 0
    outer loop
      vertex -62.682 -53.0349 0
      vertex -62.5354 -53.2021 4
      vertex -62.5354 -53.2021 0
    endloop
  endfacet
  facet normal 0.946915 0.321484 0
    outer loop
      vertex -62.9039 -52.6506 4
      vertex -62.9754 -52.44 0
      vertex -62.9754 -52.44 4
    endloop
  endfacet
  facet normal 0.946915 0.321484 0
    outer loop
      vertex -62.9754 -52.44 0
      vertex -62.9039 -52.6506 4
      vertex -62.9039 -52.6506 0
    endloop
  endfacet
  facet normal -0.751685 -0.659523 0
    outer loop
      vertex -59.9846 -50.9651 0
      vertex -60.1313 -50.7979 4
      vertex -60.1313 -50.7979 0
    endloop
  endfacet
  facet normal -0.751685 -0.659523 0
    outer loop
      vertex -60.1313 -50.7979 4
      vertex -59.9846 -50.9651 0
      vertex -59.9846 -50.9651 4
    endloop
  endfacet
  facet normal 0.751908 -0.659268 0
    outer loop
      vertex -62.682 -50.9651 4
      vertex -62.5354 -50.7979 0
      vertex -62.5354 -50.7979 4
    endloop
  endfacet
  facet normal 0.751908 -0.659268 0
    outer loop
      vertex -62.5354 -50.7979 0
      vertex -62.682 -50.9651 4
      vertex -62.682 -50.9651 0
    endloop
  endfacet
  facet normal 0.946915 -0.321484 0
    outer loop
      vertex -62.9754 -51.56 4
      vertex -62.9039 -51.3494 0
      vertex -62.9039 -51.3494 4
    endloop
  endfacet
  facet normal 0.946915 -0.321484 0
    outer loop
      vertex -62.9039 -51.3494 0
      vertex -62.9754 -51.56 4
      vertex -62.9754 -51.56 0
    endloop
  endfacet
  facet normal -0.947052 0.32108 0
    outer loop
      vertex -59.7627 -52.6506 0
      vertex -59.6913 -52.44 4
      vertex -59.6913 -52.44 0
    endloop
  endfacet
  facet normal -0.947052 0.32108 0
    outer loop
      vertex -59.6913 -52.44 4
      vertex -59.7627 -52.6506 0
      vertex -59.7627 -52.6506 4
    endloop
  endfacet
  facet normal -0.195165 0.98077 0
    outer loop
      vertex -60.8933 -53.6421 0
      vertex -61.1114 -53.6855 4
      vertex -60.8933 -53.6421 4
    endloop
  endfacet
  facet normal -0.195165 0.98077 0
    outer loop
      vertex -61.1114 -53.6855 4
      vertex -60.8933 -53.6421 0
      vertex -61.1114 -53.6855 0
    endloop
  endfacet
  facet normal 0.0652057 0.997872 -0
    outer loop
      vertex -61.3333 -53.7 0
      vertex -61.5552 -53.6855 4
      vertex -61.3333 -53.7 4
    endloop
  endfacet
  facet normal 0.0652057 0.997872 0
    outer loop
      vertex -61.5552 -53.6855 4
      vertex -61.3333 -53.7 0
      vertex -61.5552 -53.6855 0
    endloop
  endfacet
  facet normal -0.997872 -0.0652057 0
    outer loop
      vertex 63.0333 -52 0
      vertex 63.0188 -51.7781 4
      vertex 63.0188 -51.7781 0
    endloop
  endfacet
  facet normal -0.997872 -0.0652057 0
    outer loop
      vertex 63.0188 -51.7781 4
      vertex 63.0333 -52 0
      vertex 63.0333 -52 4
    endloop
  endfacet
  facet normal 0.997842 -0.0656534 0
    outer loop
      vertex 59.6333 -52 4
      vertex 59.6479 -51.7781 0
      vertex 59.6479 -51.7781 4
    endloop
  endfacet
  facet normal 0.997842 -0.0656534 0
    outer loop
      vertex 59.6479 -51.7781 0
      vertex 59.6333 -52 4
      vertex 59.6333 -52 0
    endloop
  endfacet
  facet normal -0.0652057 -0.997872 0
    outer loop
      vertex 61.3333 -50.3 0
      vertex 61.5552 -50.3145 4
      vertex 61.3333 -50.3 4
    endloop
  endfacet
  facet normal -0.0652057 -0.997872 -0
    outer loop
      vertex 61.5552 -50.3145 4
      vertex 61.3333 -50.3 0
      vertex 61.5552 -50.3145 0
    endloop
  endfacet
  facet normal -0.659268 -0.751908 0
    outer loop
      vertex 62.3682 -50.6513 0
      vertex 62.5354 -50.7979 4
      vertex 62.3682 -50.6513 4
    endloop
  endfacet
  facet normal -0.659268 -0.751908 -0
    outer loop
      vertex 62.5354 -50.7979 4
      vertex 62.3682 -50.6513 0
      vertex 62.5354 -50.7979 0
    endloop
  endfacet
  facet normal 0.659491 -0.751712 0
    outer loop
      vertex 60.1313 -50.7979 0
      vertex 60.2984 -50.6513 4
      vertex 60.1313 -50.7979 4
    endloop
  endfacet
  facet normal 0.659491 -0.751712 0
    outer loop
      vertex 60.2984 -50.6513 4
      vertex 60.1313 -50.7979 0
      vertex 60.2984 -50.6513 0
    endloop
  endfacet
  facet normal 0.32162 -0.946869 0
    outer loop
      vertex 60.6828 -50.4294 0
      vertex 60.8933 -50.3579 4
      vertex 60.6828 -50.4294 4
    endloop
  endfacet
  facet normal 0.32162 -0.946869 0
    outer loop
      vertex 60.8933 -50.3579 4
      vertex 60.6828 -50.4294 0
      vertex 60.8933 -50.3579 0
    endloop
  endfacet
  facet normal 0.98077 0.195165 0
    outer loop
      vertex 59.6913 -52.44 4
      vertex 59.6479 -52.2219 0
      vertex 59.6479 -52.2219 4
    endloop
  endfacet
  facet normal 0.98077 0.195165 0
    outer loop
      vertex 59.6479 -52.2219 0
      vertex 59.6913 -52.44 4
      vertex 59.6913 -52.44 0
    endloop
  endfacet
  facet normal -0.896932 -0.442169 0
    outer loop
      vertex 62.9039 -51.3494 0
      vertex 62.8056 -51.15 4
      vertex 62.8056 -51.15 0
    endloop
  endfacet
  facet normal -0.896932 -0.442169 0
    outer loop
      vertex 62.8056 -51.15 4
      vertex 62.9039 -51.3494 0
      vertex 62.9039 -51.3494 4
    endloop
  endfacet
  facet normal -0.98077 -0.195165 0
    outer loop
      vertex 63.0188 -51.7781 0
      vertex 62.9754 -51.56 4
      vertex 62.9754 -51.56 0
    endloop
  endfacet
  facet normal -0.98077 -0.195165 0
    outer loop
      vertex 62.9754 -51.56 4
      vertex 63.0188 -51.7781 0
      vertex 63.0188 -51.7781 4
    endloop
  endfacet
  facet normal -0.321484 -0.946915 0
    outer loop
      vertex 61.7733 -50.3579 0
      vertex 61.9839 -50.4294 4
      vertex 61.7733 -50.3579 4
    endloop
  endfacet
  facet normal -0.321484 -0.946915 -0
    outer loop
      vertex 61.9839 -50.4294 4
      vertex 61.7733 -50.3579 0
      vertex 61.9839 -50.4294 0
    endloop
  endfacet
  facet normal -0.195165 -0.98077 0
    outer loop
      vertex 61.5552 -50.3145 0
      vertex 61.7733 -50.3579 4
      vertex 61.5552 -50.3145 4
    endloop
  endfacet
  facet normal -0.195165 -0.98077 -0
    outer loop
      vertex 61.7733 -50.3579 4
      vertex 61.5552 -50.3145 0
      vertex 61.7733 -50.3579 0
    endloop
  endfacet
  facet normal -0.44253 -0.896754 0
    outer loop
      vertex 61.9839 -50.4294 0
      vertex 62.1833 -50.5278 4
      vertex 61.9839 -50.4294 4
    endloop
  endfacet
  facet normal -0.44253 -0.896754 -0
    outer loop
      vertex 62.1833 -50.5278 4
      vertex 61.9839 -50.4294 0
      vertex 62.1833 -50.5278 0
    endloop
  endfacet
  facet normal 0.831566 -0.555426 0
    outer loop
      vertex 59.8611 -51.15 4
      vertex 59.9846 -50.9651 0
      vertex 59.9846 -50.9651 4
    endloop
  endfacet
  facet normal 0.831566 -0.555426 0
    outer loop
      vertex 59.9846 -50.9651 0
      vertex 59.8611 -51.15 4
      vertex 59.8611 -51.15 0
    endloop
  endfacet
  facet normal 0.751685 -0.659523 0
    outer loop
      vertex 59.9846 -50.9651 4
      vertex 60.1313 -50.7979 0
      vertex 60.1313 -50.7979 4
    endloop
  endfacet
  facet normal 0.751685 -0.659523 0
    outer loop
      vertex 60.1313 -50.7979 0
      vertex 59.9846 -50.9651 4
      vertex 59.9846 -50.9651 0
    endloop
  endfacet
  facet normal 0.555426 -0.831566 0
    outer loop
      vertex 60.2984 -50.6513 0
      vertex 60.4833 -50.5278 4
      vertex 60.2984 -50.6513 4
    endloop
  endfacet
  facet normal 0.555426 -0.831566 0
    outer loop
      vertex 60.4833 -50.5278 4
      vertex 60.2984 -50.6513 0
      vertex 60.4833 -50.5278 0
    endloop
  endfacet
  facet normal 0.195165 -0.98077 0
    outer loop
      vertex 60.8933 -50.3579 0
      vertex 61.1114 -50.3145 4
      vertex 60.8933 -50.3579 4
    endloop
  endfacet
  facet normal 0.195165 -0.98077 0
    outer loop
      vertex 61.1114 -50.3145 4
      vertex 60.8933 -50.3579 0
      vertex 61.1114 -50.3145 0
    endloop
  endfacet
  facet normal -0.896932 0.442169 0
    outer loop
      vertex 62.8056 -52.85 0
      vertex 62.9039 -52.6506 4
      vertex 62.9039 -52.6506 0
    endloop
  endfacet
  facet normal -0.896932 0.442169 0
    outer loop
      vertex 62.9039 -52.6506 4
      vertex 62.8056 -52.85 0
      vertex 62.8056 -52.85 4
    endloop
  endfacet
  facet normal -0.751908 0.659268 0
    outer loop
      vertex 62.5354 -53.2021 0
      vertex 62.682 -53.0349 4
      vertex 62.682 -53.0349 0
    endloop
  endfacet
  facet normal -0.751908 0.659268 0
    outer loop
      vertex 62.682 -53.0349 4
      vertex 62.5354 -53.2021 0
      vertex 62.5354 -53.2021 4
    endloop
  endfacet
  facet normal -0.831358 0.555737 0
    outer loop
      vertex 62.682 -53.0349 0
      vertex 62.8056 -52.85 4
      vertex 62.8056 -52.85 0
    endloop
  endfacet
  facet normal -0.831358 0.555737 0
    outer loop
      vertex 62.8056 -52.85 4
      vertex 62.682 -53.0349 0
      vertex 62.682 -53.0349 4
    endloop
  endfacet
  facet normal -0.98077 0.195165 0
    outer loop
      vertex 62.9754 -52.44 0
      vertex 63.0188 -52.2219 4
      vertex 63.0188 -52.2219 0
    endloop
  endfacet
  facet normal -0.98077 0.195165 0
    outer loop
      vertex 63.0188 -52.2219 4
      vertex 62.9754 -52.44 0
      vertex 62.9754 -52.44 4
    endloop
  endfacet
  facet normal 0.659491 0.751712 -0
    outer loop
      vertex 60.2984 -53.3487 0
      vertex 60.1313 -53.2021 4
      vertex 60.2984 -53.3487 4
    endloop
  endfacet
  facet normal 0.659491 0.751712 0
    outer loop
      vertex 60.1313 -53.2021 4
      vertex 60.2984 -53.3487 0
      vertex 60.1313 -53.2021 0
    endloop
  endfacet
  facet normal 0.32162 0.946869 -0
    outer loop
      vertex 60.8933 -53.6421 0
      vertex 60.6828 -53.5706 4
      vertex 60.8933 -53.6421 4
    endloop
  endfacet
  facet normal 0.32162 0.946869 0
    outer loop
      vertex 60.6828 -53.5706 4
      vertex 60.8933 -53.6421 0
      vertex 60.6828 -53.5706 0
    endloop
  endfacet
  facet normal 0.751685 0.659523 0
    outer loop
      vertex 60.1313 -53.2021 4
      vertex 59.9846 -53.0349 0
      vertex 59.9846 -53.0349 4
    endloop
  endfacet
  facet normal 0.751685 0.659523 0
    outer loop
      vertex 59.9846 -53.0349 0
      vertex 60.1313 -53.2021 4
      vertex 60.1313 -53.2021 0
    endloop
  endfacet
  facet normal 0.997842 0.0656534 0
    outer loop
      vertex 59.6479 -52.2219 4
      vertex 59.6333 -52 0
      vertex 59.6333 -52 4
    endloop
  endfacet
  facet normal 0.997842 0.0656534 0
    outer loop
      vertex 59.6333 -52 0
      vertex 59.6479 -52.2219 4
      vertex 59.6479 -52.2219 0
    endloop
  endfacet
  facet normal -0.946915 -0.321484 0
    outer loop
      vertex 62.9754 -51.56 0
      vertex 62.9039 -51.3494 4
      vertex 62.9039 -51.3494 0
    endloop
  endfacet
  facet normal -0.946915 -0.321484 0
    outer loop
      vertex 62.9039 -51.3494 4
      vertex 62.9754 -51.56 0
      vertex 62.9754 -51.56 4
    endloop
  endfacet
  facet normal -0.751908 -0.659268 0
    outer loop
      vertex 62.682 -50.9651 0
      vertex 62.5354 -50.7979 4
      vertex 62.5354 -50.7979 0
    endloop
  endfacet
  facet normal -0.751908 -0.659268 0
    outer loop
      vertex 62.5354 -50.7979 4
      vertex 62.682 -50.9651 0
      vertex 62.682 -50.9651 4
    endloop
  endfacet
  facet normal -0.831358 -0.555737 0
    outer loop
      vertex 62.8056 -51.15 0
      vertex 62.682 -50.9651 4
      vertex 62.682 -50.9651 0
    endloop
  endfacet
  facet normal -0.831358 -0.555737 0
    outer loop
      vertex 62.682 -50.9651 4
      vertex 62.8056 -51.15 0
      vertex 62.8056 -51.15 4
    endloop
  endfacet
  facet normal -0.555426 -0.831566 0
    outer loop
      vertex 62.1833 -50.5278 0
      vertex 62.3682 -50.6513 4
      vertex 62.1833 -50.5278 4
    endloop
  endfacet
  facet normal -0.555426 -0.831566 -0
    outer loop
      vertex 62.3682 -50.6513 4
      vertex 62.1833 -50.5278 0
      vertex 62.3682 -50.6513 0
    endloop
  endfacet
  facet normal 0.896754 -0.44253 0
    outer loop
      vertex 59.7627 -51.3494 4
      vertex 59.8611 -51.15 0
      vertex 59.8611 -51.15 4
    endloop
  endfacet
  facet normal 0.896754 -0.44253 0
    outer loop
      vertex 59.8611 -51.15 0
      vertex 59.7627 -51.3494 4
      vertex 59.7627 -51.3494 0
    endloop
  endfacet
  facet normal 0.98077 -0.195165 0
    outer loop
      vertex 59.6479 -51.7781 4
      vertex 59.6913 -51.56 0
      vertex 59.6913 -51.56 4
    endloop
  endfacet
  facet normal 0.98077 -0.195165 0
    outer loop
      vertex 59.6913 -51.56 0
      vertex 59.6479 -51.7781 4
      vertex 59.6479 -51.7781 0
    endloop
  endfacet
  facet normal 0.0652057 -0.997872 0
    outer loop
      vertex 61.1114 -50.3145 0
      vertex 61.3333 -50.3 4
      vertex 61.1114 -50.3145 4
    endloop
  endfacet
  facet normal 0.0652057 -0.997872 0
    outer loop
      vertex 61.3333 -50.3 4
      vertex 61.1114 -50.3145 0
      vertex 61.3333 -50.3 0
    endloop
  endfacet
  facet normal -0.0652057 0.997872 0
    outer loop
      vertex 61.5552 -53.6855 0
      vertex 61.3333 -53.7 4
      vertex 61.5552 -53.6855 4
    endloop
  endfacet
  facet normal -0.0652057 0.997872 0
    outer loop
      vertex 61.3333 -53.7 4
      vertex 61.5552 -53.6855 0
      vertex 61.3333 -53.7 0
    endloop
  endfacet
  facet normal -0.321484 0.946915 0
    outer loop
      vertex 61.9839 -53.5706 0
      vertex 61.7733 -53.6421 4
      vertex 61.9839 -53.5706 4
    endloop
  endfacet
  facet normal -0.321484 0.946915 0
    outer loop
      vertex 61.7733 -53.6421 4
      vertex 61.9839 -53.5706 0
      vertex 61.7733 -53.6421 0
    endloop
  endfacet
  facet normal -0.44253 0.896754 0
    outer loop
      vertex 62.1833 -53.4722 0
      vertex 61.9839 -53.5706 4
      vertex 62.1833 -53.4722 4
    endloop
  endfacet
  facet normal -0.44253 0.896754 0
    outer loop
      vertex 61.9839 -53.5706 4
      vertex 62.1833 -53.4722 0
      vertex 61.9839 -53.5706 0
    endloop
  endfacet
  facet normal -0.659268 0.751908 0
    outer loop
      vertex 62.5354 -53.2021 0
      vertex 62.3682 -53.3487 4
      vertex 62.5354 -53.2021 4
    endloop
  endfacet
  facet normal -0.659268 0.751908 0
    outer loop
      vertex 62.3682 -53.3487 4
      vertex 62.5354 -53.2021 0
      vertex 62.3682 -53.3487 0
    endloop
  endfacet
  facet normal -0.997872 0.0652057 0
    outer loop
      vertex 63.0188 -52.2219 0
      vertex 63.0333 -52 4
      vertex 63.0333 -52 0
    endloop
  endfacet
  facet normal -0.997872 0.0652057 0
    outer loop
      vertex 63.0333 -52 4
      vertex 63.0188 -52.2219 0
      vertex 63.0188 -52.2219 4
    endloop
  endfacet
  facet normal 0.555426 0.831566 -0
    outer loop
      vertex 60.4833 -53.4722 0
      vertex 60.2984 -53.3487 4
      vertex 60.4833 -53.4722 4
    endloop
  endfacet
  facet normal 0.555426 0.831566 0
    outer loop
      vertex 60.2984 -53.3487 4
      vertex 60.4833 -53.4722 0
      vertex 60.2984 -53.3487 0
    endloop
  endfacet
  facet normal 0.195165 0.98077 -0
    outer loop
      vertex 61.1114 -53.6855 0
      vertex 60.8933 -53.6421 4
      vertex 61.1114 -53.6855 4
    endloop
  endfacet
  facet normal 0.195165 0.98077 0
    outer loop
      vertex 60.8933 -53.6421 4
      vertex 61.1114 -53.6855 0
      vertex 60.8933 -53.6421 0
    endloop
  endfacet
  facet normal 0.896754 0.44253 0
    outer loop
      vertex 59.8611 -52.85 4
      vertex 59.7627 -52.6506 0
      vertex 59.7627 -52.6506 4
    endloop
  endfacet
  facet normal 0.896754 0.44253 0
    outer loop
      vertex 59.7627 -52.6506 0
      vertex 59.8611 -52.85 4
      vertex 59.8611 -52.85 0
    endloop
  endfacet
  facet normal 0.947052 0.32108 0
    outer loop
      vertex 59.7627 -52.6506 4
      vertex 59.6913 -52.44 0
      vertex 59.6913 -52.44 4
    endloop
  endfacet
  facet normal 0.947052 0.32108 0
    outer loop
      vertex 59.6913 -52.44 0
      vertex 59.7627 -52.6506 4
      vertex 59.7627 -52.6506 0
    endloop
  endfacet
  facet normal 0.947052 -0.32108 0
    outer loop
      vertex 59.6913 -51.56 4
      vertex 59.7627 -51.3494 0
      vertex 59.7627 -51.3494 4
    endloop
  endfacet
  facet normal 0.947052 -0.32108 0
    outer loop
      vertex 59.7627 -51.3494 0
      vertex 59.6913 -51.56 4
      vertex 59.6913 -51.56 0
    endloop
  endfacet
  facet normal 0.442352 -0.896842 0
    outer loop
      vertex 60.4833 -50.5278 0
      vertex 60.6828 -50.4294 4
      vertex 60.4833 -50.5278 4
    endloop
  endfacet
  facet normal 0.442352 -0.896842 0
    outer loop
      vertex 60.6828 -50.4294 4
      vertex 60.4833 -50.5278 0
      vertex 60.6828 -50.4294 0
    endloop
  endfacet
  facet normal -0.195165 0.98077 0
    outer loop
      vertex 61.7733 -53.6421 0
      vertex 61.5552 -53.6855 4
      vertex 61.7733 -53.6421 4
    endloop
  endfacet
  facet normal -0.195165 0.98077 0
    outer loop
      vertex 61.5552 -53.6855 4
      vertex 61.7733 -53.6421 0
      vertex 61.5552 -53.6855 0
    endloop
  endfacet
  facet normal -0.555426 0.831566 0
    outer loop
      vertex 62.3682 -53.3487 0
      vertex 62.1833 -53.4722 4
      vertex 62.3682 -53.3487 4
    endloop
  endfacet
  facet normal -0.555426 0.831566 0
    outer loop
      vertex 62.1833 -53.4722 4
      vertex 62.3682 -53.3487 0
      vertex 62.1833 -53.4722 0
    endloop
  endfacet
  facet normal -0.946915 0.321484 0
    outer loop
      vertex 62.9039 -52.6506 0
      vertex 62.9754 -52.44 4
      vertex 62.9754 -52.44 0
    endloop
  endfacet
  facet normal -0.946915 0.321484 0
    outer loop
      vertex 62.9754 -52.44 4
      vertex 62.9039 -52.6506 0
      vertex 62.9039 -52.6506 4
    endloop
  endfacet
  facet normal 0.442352 0.896842 -0
    outer loop
      vertex 60.6828 -53.5706 0
      vertex 60.4833 -53.4722 4
      vertex 60.6828 -53.5706 4
    endloop
  endfacet
  facet normal 0.442352 0.896842 0
    outer loop
      vertex 60.4833 -53.4722 4
      vertex 60.6828 -53.5706 0
      vertex 60.4833 -53.4722 0
    endloop
  endfacet
  facet normal 0.0652057 0.997872 -0
    outer loop
      vertex 61.3333 -53.7 0
      vertex 61.1114 -53.6855 4
      vertex 61.3333 -53.7 4
    endloop
  endfacet
  facet normal 0.0652057 0.997872 0
    outer loop
      vertex 61.1114 -53.6855 4
      vertex 61.3333 -53.7 0
      vertex 61.1114 -53.6855 0
    endloop
  endfacet
  facet normal 0.831566 0.555426 0
    outer loop
      vertex 59.9846 -53.0349 4
      vertex 59.8611 -52.85 0
      vertex 59.8611 -52.85 4
    endloop
  endfacet
  facet normal 0.831566 0.555426 0
    outer loop
      vertex 59.8611 -52.85 0
      vertex 59.9846 -53.0349 4
      vertex 59.9846 -53.0349 0
    endloop
  endfacet
  facet normal -0.997842 -0.0656534 0
    outer loop
      vertex -59.6333 52 0
      vertex -59.6479 52.2219 4
      vertex -59.6479 52.2219 0
    endloop
  endfacet
  facet normal -0.997842 -0.0656534 0
    outer loop
      vertex -59.6479 52.2219 4
      vertex -59.6333 52 0
      vertex -59.6333 52 4
    endloop
  endfacet
  facet normal 0.997872 0.0652057 0
    outer loop
      vertex -63.0188 51.7781 4
      vertex -63.0333 52 0
      vertex -63.0333 52 4
    endloop
  endfacet
  facet normal 0.997872 0.0652057 0
    outer loop
      vertex -63.0333 52 0
      vertex -63.0188 51.7781 4
      vertex -63.0188 51.7781 0
    endloop
  endfacet
  facet normal 0.0652057 -0.997872 0
    outer loop
      vertex -61.5552 53.6855 0
      vertex -61.3333 53.7 4
      vertex -61.5552 53.6855 4
    endloop
  endfacet
  facet normal 0.0652057 -0.997872 0
    outer loop
      vertex -61.3333 53.7 4
      vertex -61.5552 53.6855 0
      vertex -61.3333 53.7 0
    endloop
  endfacet
  facet normal -0.0652057 0.997872 0
    outer loop
      vertex -61.1114 50.3145 0
      vertex -61.3333 50.3 4
      vertex -61.1114 50.3145 4
    endloop
  endfacet
  facet normal -0.0652057 0.997872 0
    outer loop
      vertex -61.3333 50.3 4
      vertex -61.1114 50.3145 0
      vertex -61.3333 50.3 0
    endloop
  endfacet
  facet normal -0.659491 -0.751712 0
    outer loop
      vertex -60.2984 53.3487 0
      vertex -60.1313 53.2021 4
      vertex -60.2984 53.3487 4
    endloop
  endfacet
  facet normal -0.659491 -0.751712 -0
    outer loop
      vertex -60.1313 53.2021 4
      vertex -60.2984 53.3487 0
      vertex -60.1313 53.2021 0
    endloop
  endfacet
  facet normal 0.751908 -0.659268 0
    outer loop
      vertex -62.682 53.0349 4
      vertex -62.5354 53.2021 0
      vertex -62.5354 53.2021 4
    endloop
  endfacet
  facet normal 0.751908 -0.659268 0
    outer loop
      vertex -62.5354 53.2021 0
      vertex -62.682 53.0349 4
      vertex -62.682 53.0349 0
    endloop
  endfacet
  facet normal 0.44253 -0.896754 0
    outer loop
      vertex -62.1833 53.4722 0
      vertex -61.9839 53.5706 4
      vertex -62.1833 53.4722 4
    endloop
  endfacet
  facet normal 0.44253 -0.896754 0
    outer loop
      vertex -61.9839 53.5706 4
      vertex -62.1833 53.4722 0
      vertex -61.9839 53.5706 0
    endloop
  endfacet
  facet normal -0.896754 -0.44253 0
    outer loop
      vertex -59.7627 52.6506 0
      vertex -59.8611 52.85 4
      vertex -59.8611 52.85 0
    endloop
  endfacet
  facet normal -0.896754 -0.44253 0
    outer loop
      vertex -59.8611 52.85 4
      vertex -59.7627 52.6506 0
      vertex -59.7627 52.6506 4
    endloop
  endfacet
  facet normal -0.831566 -0.555426 0
    outer loop
      vertex -59.8611 52.85 0
      vertex -59.9846 53.0349 4
      vertex -59.9846 53.0349 0
    endloop
  endfacet
  facet normal -0.831566 -0.555426 0
    outer loop
      vertex -59.9846 53.0349 4
      vertex -59.8611 52.85 0
      vertex -59.8611 52.85 4
    endloop
  endfacet
  facet normal -0.32162 -0.946869 0
    outer loop
      vertex -60.8933 53.6421 0
      vertex -60.6828 53.5706 4
      vertex -60.8933 53.6421 4
    endloop
  endfacet
  facet normal -0.32162 -0.946869 -0
    outer loop
      vertex -60.6828 53.5706 4
      vertex -60.8933 53.6421 0
      vertex -60.6828 53.5706 0
    endloop
  endfacet
  facet normal -0.442352 -0.896842 0
    outer loop
      vertex -60.6828 53.5706 0
      vertex -60.4833 53.4722 4
      vertex -60.6828 53.5706 4
    endloop
  endfacet
  facet normal -0.442352 -0.896842 -0
    outer loop
      vertex -60.4833 53.4722 4
      vertex -60.6828 53.5706 0
      vertex -60.4833 53.4722 0
    endloop
  endfacet
  facet normal 0.896932 -0.442169 0
    outer loop
      vertex -62.9039 52.6506 4
      vertex -62.8056 52.85 0
      vertex -62.8056 52.85 4
    endloop
  endfacet
  facet normal 0.896932 -0.442169 0
    outer loop
      vertex -62.8056 52.85 0
      vertex -62.9039 52.6506 4
      vertex -62.9039 52.6506 0
    endloop
  endfacet
  facet normal 0.831358 -0.555737 0
    outer loop
      vertex -62.8056 52.85 4
      vertex -62.682 53.0349 0
      vertex -62.682 53.0349 4
    endloop
  endfacet
  facet normal 0.831358 -0.555737 0
    outer loop
      vertex -62.682 53.0349 0
      vertex -62.8056 52.85 4
      vertex -62.8056 52.85 0
    endloop
  endfacet
  facet normal 0.98077 -0.195165 0
    outer loop
      vertex -63.0188 52.2219 4
      vertex -62.9754 52.44 0
      vertex -62.9754 52.44 4
    endloop
  endfacet
  facet normal 0.98077 -0.195165 0
    outer loop
      vertex -62.9754 52.44 0
      vertex -63.0188 52.2219 4
      vertex -63.0188 52.2219 0
    endloop
  endfacet
  facet normal 0.555426 -0.831566 0
    outer loop
      vertex -62.3682 53.3487 0
      vertex -62.1833 53.4722 4
      vertex -62.3682 53.3487 4
    endloop
  endfacet
  facet normal 0.555426 -0.831566 0
    outer loop
      vertex -62.1833 53.4722 4
      vertex -62.3682 53.3487 0
      vertex -62.1833 53.4722 0
    endloop
  endfacet
  facet normal 0.195165 -0.98077 0
    outer loop
      vertex -61.7733 53.6421 0
      vertex -61.5552 53.6855 4
      vertex -61.7733 53.6421 4
    endloop
  endfacet
  facet normal 0.195165 -0.98077 0
    outer loop
      vertex -61.5552 53.6855 4
      vertex -61.7733 53.6421 0
      vertex -61.5552 53.6855 0
    endloop
  endfacet
  facet normal -0.195165 0.98077 0
    outer loop
      vertex -60.8933 50.3579 0
      vertex -61.1114 50.3145 4
      vertex -60.8933 50.3579 4
    endloop
  endfacet
  facet normal -0.195165 0.98077 0
    outer loop
      vertex -61.1114 50.3145 4
      vertex -60.8933 50.3579 0
      vertex -61.1114 50.3145 0
    endloop
  endfacet
  facet normal -0.947052 -0.32108 0
    outer loop
      vertex -59.6913 52.44 0
      vertex -59.7627 52.6506 4
      vertex -59.7627 52.6506 0
    endloop
  endfacet
  facet normal -0.947052 -0.32108 0
    outer loop
      vertex -59.7627 52.6506 4
      vertex -59.6913 52.44 0
      vertex -59.6913 52.44 4
    endloop
  endfacet
  facet normal -0.98077 -0.195165 0
    outer loop
      vertex -59.6479 52.2219 0
      vertex -59.6913 52.44 4
      vertex -59.6913 52.44 0
    endloop
  endfacet
  facet normal -0.98077 -0.195165 0
    outer loop
      vertex -59.6913 52.44 4
      vertex -59.6479 52.2219 0
      vertex -59.6479 52.2219 4
    endloop
  endfacet
  facet normal -0.751685 -0.659523 0
    outer loop
      vertex -59.9846 53.0349 0
      vertex -60.1313 53.2021 4
      vertex -60.1313 53.2021 0
    endloop
  endfacet
  facet normal -0.751685 -0.659523 0
    outer loop
      vertex -60.1313 53.2021 4
      vertex -59.9846 53.0349 0
      vertex -59.9846 53.0349 4
    endloop
  endfacet
  facet normal -0.195165 -0.98077 0
    outer loop
      vertex -61.1114 53.6855 0
      vertex -60.8933 53.6421 4
      vertex -61.1114 53.6855 4
    endloop
  endfacet
  facet normal -0.195165 -0.98077 -0
    outer loop
      vertex -60.8933 53.6421 4
      vertex -61.1114 53.6855 0
      vertex -60.8933 53.6421 0
    endloop
  endfacet
  facet normal -0.0652057 -0.997872 0
    outer loop
      vertex -61.3333 53.7 0
      vertex -61.1114 53.6855 4
      vertex -61.3333 53.7 4
    endloop
  endfacet
  facet normal -0.0652057 -0.997872 -0
    outer loop
      vertex -61.1114 53.6855 4
      vertex -61.3333 53.7 0
      vertex -61.1114 53.6855 0
    endloop
  endfacet
  facet normal -0.555426 -0.831566 0
    outer loop
      vertex -60.4833 53.4722 0
      vertex -60.2984 53.3487 4
      vertex -60.4833 53.4722 4
    endloop
  endfacet
  facet normal -0.555426 -0.831566 -0
    outer loop
      vertex -60.2984 53.3487 4
      vertex -60.4833 53.4722 0
      vertex -60.2984 53.3487 0
    endloop
  endfacet
  facet normal 0.946915 -0.321484 0
    outer loop
      vertex -62.9754 52.44 4
      vertex -62.9039 52.6506 0
      vertex -62.9039 52.6506 4
    endloop
  endfacet
  facet normal 0.946915 -0.321484 0
    outer loop
      vertex -62.9039 52.6506 0
      vertex -62.9754 52.44 4
      vertex -62.9754 52.44 0
    endloop
  endfacet
  facet normal 0.997872 -0.0652057 0
    outer loop
      vertex -63.0333 52 4
      vertex -63.0188 52.2219 0
      vertex -63.0188 52.2219 4
    endloop
  endfacet
  facet normal 0.997872 -0.0652057 0
    outer loop
      vertex -63.0188 52.2219 0
      vertex -63.0333 52 4
      vertex -63.0333 52 0
    endloop
  endfacet
  facet normal 0.659268 -0.751908 0
    outer loop
      vertex -62.5354 53.2021 0
      vertex -62.3682 53.3487 4
      vertex -62.5354 53.2021 4
    endloop
  endfacet
  facet normal 0.659268 -0.751908 0
    outer loop
      vertex -62.3682 53.3487 4
      vertex -62.5354 53.2021 0
      vertex -62.3682 53.3487 0
    endloop
  endfacet
  facet normal -0.751685 0.659523 0
    outer loop
      vertex -60.1313 50.7979 0
      vertex -59.9846 50.9651 4
      vertex -59.9846 50.9651 0
    endloop
  endfacet
  facet normal -0.751685 0.659523 0
    outer loop
      vertex -59.9846 50.9651 4
      vertex -60.1313 50.7979 0
      vertex -60.1313 50.7979 4
    endloop
  endfacet
  facet normal -0.947052 0.32108 0
    outer loop
      vertex -59.7627 51.3494 0
      vertex -59.6913 51.56 4
      vertex -59.6913 51.56 0
    endloop
  endfacet
  facet normal -0.947052 0.32108 0
    outer loop
      vertex -59.6913 51.56 4
      vertex -59.7627 51.3494 0
      vertex -59.7627 51.3494 4
    endloop
  endfacet
  facet normal -0.98077 0.195165 0
    outer loop
      vertex -59.6913 51.56 0
      vertex -59.6479 51.7781 4
      vertex -59.6479 51.7781 0
    endloop
  endfacet
  facet normal -0.98077 0.195165 0
    outer loop
      vertex -59.6479 51.7781 4
      vertex -59.6913 51.56 0
      vertex -59.6913 51.56 4
    endloop
  endfacet
  facet normal -0.442352 0.896842 0
    outer loop
      vertex -60.4833 50.5278 0
      vertex -60.6828 50.4294 4
      vertex -60.4833 50.5278 4
    endloop
  endfacet
  facet normal -0.442352 0.896842 0
    outer loop
      vertex -60.6828 50.4294 4
      vertex -60.4833 50.5278 0
      vertex -60.6828 50.4294 0
    endloop
  endfacet
  facet normal 0.321484 -0.946915 0
    outer loop
      vertex -61.9839 53.5706 0
      vertex -61.7733 53.6421 4
      vertex -61.9839 53.5706 4
    endloop
  endfacet
  facet normal 0.321484 -0.946915 0
    outer loop
      vertex -61.7733 53.6421 4
      vertex -61.9839 53.5706 0
      vertex -61.7733 53.6421 0
    endloop
  endfacet
  facet normal -0.555426 0.831566 0
    outer loop
      vertex -60.2984 50.6513 0
      vertex -60.4833 50.5278 4
      vertex -60.2984 50.6513 4
    endloop
  endfacet
  facet normal -0.555426 0.831566 0
    outer loop
      vertex -60.4833 50.5278 4
      vertex -60.2984 50.6513 0
      vertex -60.4833 50.5278 0
    endloop
  endfacet
  facet normal -0.659491 0.751712 0
    outer loop
      vertex -60.1313 50.7979 0
      vertex -60.2984 50.6513 4
      vertex -60.1313 50.7979 4
    endloop
  endfacet
  facet normal -0.659491 0.751712 0
    outer loop
      vertex -60.2984 50.6513 4
      vertex -60.1313 50.7979 0
      vertex -60.2984 50.6513 0
    endloop
  endfacet
  facet normal -0.831566 0.555426 0
    outer loop
      vertex -59.9846 50.9651 0
      vertex -59.8611 51.15 4
      vertex -59.8611 51.15 0
    endloop
  endfacet
  facet normal -0.831566 0.555426 0
    outer loop
      vertex -59.8611 51.15 4
      vertex -59.9846 50.9651 0
      vertex -59.9846 50.9651 4
    endloop
  endfacet
  facet normal -0.997842 0.0656534 0
    outer loop
      vertex -59.6479 51.7781 0
      vertex -59.6333 52 4
      vertex -59.6333 52 0
    endloop
  endfacet
  facet normal -0.997842 0.0656534 0
    outer loop
      vertex -59.6333 52 4
      vertex -59.6479 51.7781 0
      vertex -59.6479 51.7781 4
    endloop
  endfacet
  facet normal 0.195165 0.98077 -0
    outer loop
      vertex -61.5552 50.3145 0
      vertex -61.7733 50.3579 4
      vertex -61.5552 50.3145 4
    endloop
  endfacet
  facet normal 0.195165 0.98077 0
    outer loop
      vertex -61.7733 50.3579 4
      vertex -61.5552 50.3145 0
      vertex -61.7733 50.3579 0
    endloop
  endfacet
  facet normal 0.44253 0.896754 -0
    outer loop
      vertex -61.9839 50.4294 0
      vertex -62.1833 50.5278 4
      vertex -61.9839 50.4294 4
    endloop
  endfacet
  facet normal 0.44253 0.896754 0
    outer loop
      vertex -62.1833 50.5278 4
      vertex -61.9839 50.4294 0
      vertex -62.1833 50.5278 0
    endloop
  endfacet
  facet normal 0.659268 0.751908 -0
    outer loop
      vertex -62.3682 50.6513 0
      vertex -62.5354 50.7979 4
      vertex -62.3682 50.6513 4
    endloop
  endfacet
  facet normal 0.659268 0.751908 0
    outer loop
      vertex -62.5354 50.7979 4
      vertex -62.3682 50.6513 0
      vertex -62.5354 50.7979 0
    endloop
  endfacet
  facet normal 0.831358 0.555737 0
    outer loop
      vertex -62.682 50.9651 4
      vertex -62.8056 51.15 0
      vertex -62.8056 51.15 4
    endloop
  endfacet
  facet normal 0.831358 0.555737 0
    outer loop
      vertex -62.8056 51.15 0
      vertex -62.682 50.9651 4
      vertex -62.682 50.9651 0
    endloop
  endfacet
  facet normal 0.98077 0.195165 0
    outer loop
      vertex -62.9754 51.56 4
      vertex -63.0188 51.7781 0
      vertex -63.0188 51.7781 4
    endloop
  endfacet
  facet normal 0.98077 0.195165 0
    outer loop
      vertex -63.0188 51.7781 0
      vertex -62.9754 51.56 4
      vertex -62.9754 51.56 0
    endloop
  endfacet
  facet normal 0.946915 0.321484 0
    outer loop
      vertex -62.9039 51.3494 4
      vertex -62.9754 51.56 0
      vertex -62.9754 51.56 4
    endloop
  endfacet
  facet normal 0.946915 0.321484 0
    outer loop
      vertex -62.9754 51.56 0
      vertex -62.9039 51.3494 4
      vertex -62.9039 51.3494 0
    endloop
  endfacet
  facet normal 0.896932 0.442169 0
    outer loop
      vertex -62.8056 51.15 4
      vertex -62.9039 51.3494 0
      vertex -62.9039 51.3494 4
    endloop
  endfacet
  facet normal 0.896932 0.442169 0
    outer loop
      vertex -62.9039 51.3494 0
      vertex -62.8056 51.15 4
      vertex -62.8056 51.15 0
    endloop
  endfacet
  facet normal -0.32162 0.946869 0
    outer loop
      vertex -60.6828 50.4294 0
      vertex -60.8933 50.3579 4
      vertex -60.6828 50.4294 4
    endloop
  endfacet
  facet normal -0.32162 0.946869 0
    outer loop
      vertex -60.8933 50.3579 4
      vertex -60.6828 50.4294 0
      vertex -60.8933 50.3579 0
    endloop
  endfacet
  facet normal -0.896754 0.44253 0
    outer loop
      vertex -59.8611 51.15 0
      vertex -59.7627 51.3494 4
      vertex -59.7627 51.3494 0
    endloop
  endfacet
  facet normal -0.896754 0.44253 0
    outer loop
      vertex -59.7627 51.3494 4
      vertex -59.8611 51.15 0
      vertex -59.8611 51.15 4
    endloop
  endfacet
  facet normal 0.0652057 0.997872 -0
    outer loop
      vertex -61.3333 50.3 0
      vertex -61.5552 50.3145 4
      vertex -61.3333 50.3 4
    endloop
  endfacet
  facet normal 0.0652057 0.997872 0
    outer loop
      vertex -61.5552 50.3145 4
      vertex -61.3333 50.3 0
      vertex -61.5552 50.3145 0
    endloop
  endfacet
  facet normal 0.321484 0.946915 -0
    outer loop
      vertex -61.7733 50.3579 0
      vertex -61.9839 50.4294 4
      vertex -61.7733 50.3579 4
    endloop
  endfacet
  facet normal 0.321484 0.946915 0
    outer loop
      vertex -61.9839 50.4294 4
      vertex -61.7733 50.3579 0
      vertex -61.9839 50.4294 0
    endloop
  endfacet
  facet normal 0.555426 0.831566 -0
    outer loop
      vertex -62.1833 50.5278 0
      vertex -62.3682 50.6513 4
      vertex -62.1833 50.5278 4
    endloop
  endfacet
  facet normal 0.555426 0.831566 0
    outer loop
      vertex -62.3682 50.6513 4
      vertex -62.1833 50.5278 0
      vertex -62.3682 50.6513 0
    endloop
  endfacet
  facet normal 0.751908 0.659268 0
    outer loop
      vertex -62.5354 50.7979 4
      vertex -62.682 50.9651 0
      vertex -62.682 50.9651 4
    endloop
  endfacet
  facet normal 0.751908 0.659268 0
    outer loop
      vertex -62.682 50.9651 0
      vertex -62.5354 50.7979 4
      vertex -62.5354 50.7979 0
    endloop
  endfacet
  facet normal -0.997872 -0.0652057 0
    outer loop
      vertex 63.0333 52 0
      vertex 63.0188 52.2219 4
      vertex 63.0188 52.2219 0
    endloop
  endfacet
  facet normal -0.997872 -0.0652057 0
    outer loop
      vertex 63.0188 52.2219 4
      vertex 63.0333 52 0
      vertex 63.0333 52 4
    endloop
  endfacet
  facet normal 0.0652057 -0.997872 0
    outer loop
      vertex 61.1114 53.6855 0
      vertex 61.3333 53.7 4
      vertex 61.1114 53.6855 4
    endloop
  endfacet
  facet normal 0.0652057 -0.997872 0
    outer loop
      vertex 61.3333 53.7 4
      vertex 61.1114 53.6855 0
      vertex 61.3333 53.7 0
    endloop
  endfacet
  facet normal -0.0652057 0.997872 0
    outer loop
      vertex 61.5552 50.3145 0
      vertex 61.3333 50.3 4
      vertex 61.5552 50.3145 4
    endloop
  endfacet
  facet normal -0.0652057 0.997872 0
    outer loop
      vertex 61.3333 50.3 4
      vertex 61.5552 50.3145 0
      vertex 61.3333 50.3 0
    endloop
  endfacet
  facet normal -0.659268 -0.751908 0
    outer loop
      vertex 62.3682 53.3487 0
      vertex 62.5354 53.2021 4
      vertex 62.3682 53.3487 4
    endloop
  endfacet
  facet normal -0.659268 -0.751908 -0
    outer loop
      vertex 62.5354 53.2021 4
      vertex 62.3682 53.3487 0
      vertex 62.5354 53.2021 0
    endloop
  endfacet
  facet normal 0.751685 -0.659523 0
    outer loop
      vertex 59.9846 53.0349 4
      vertex 60.1313 53.2021 0
      vertex 60.1313 53.2021 4
    endloop
  endfacet
  facet normal 0.751685 -0.659523 0
    outer loop
      vertex 60.1313 53.2021 0
      vertex 59.9846 53.0349 4
      vertex 59.9846 53.0349 0
    endloop
  endfacet
  facet normal 0.442352 -0.896842 0
    outer loop
      vertex 60.4833 53.4722 0
      vertex 60.6828 53.5706 4
      vertex 60.4833 53.4722 4
    endloop
  endfacet
  facet normal 0.442352 -0.896842 0
    outer loop
      vertex 60.6828 53.5706 4
      vertex 60.4833 53.4722 0
      vertex 60.6828 53.5706 0
    endloop
  endfacet
  facet normal -0.831358 0.555737 0
    outer loop
      vertex 62.682 50.9651 0
      vertex 62.8056 51.15 4
      vertex 62.8056 51.15 0
    endloop
  endfacet
  facet normal -0.831358 0.555737 0
    outer loop
      vertex 62.8056 51.15 4
      vertex 62.682 50.9651 0
      vertex 62.682 50.9651 4
    endloop
  endfacet
  facet normal -0.896932 -0.442169 0
    outer loop
      vertex 62.9039 52.6506 0
      vertex 62.8056 52.85 4
      vertex 62.8056 52.85 0
    endloop
  endfacet
  facet normal -0.896932 -0.442169 0
    outer loop
      vertex 62.8056 52.85 4
      vertex 62.9039 52.6506 0
      vertex 62.9039 52.6506 4
    endloop
  endfacet
  facet normal -0.98077 -0.195165 0
    outer loop
      vertex 63.0188 52.2219 0
      vertex 62.9754 52.44 4
      vertex 62.9754 52.44 0
    endloop
  endfacet
  facet normal -0.98077 -0.195165 0
    outer loop
      vertex 62.9754 52.44 4
      vertex 63.0188 52.2219 0
      vertex 63.0188 52.2219 4
    endloop
  endfacet
  facet normal -0.321484 -0.946915 0
    outer loop
      vertex 61.7733 53.6421 0
      vertex 61.9839 53.5706 4
      vertex 61.7733 53.6421 4
    endloop
  endfacet
  facet normal -0.321484 -0.946915 -0
    outer loop
      vertex 61.9839 53.5706 4
      vertex 61.7733 53.6421 0
      vertex 61.9839 53.5706 0
    endloop
  endfacet
  facet normal -0.44253 -0.896754 0
    outer loop
      vertex 61.9839 53.5706 0
      vertex 62.1833 53.4722 4
      vertex 61.9839 53.5706 4
    endloop
  endfacet
  facet normal -0.44253 -0.896754 -0
    outer loop
      vertex 62.1833 53.4722 4
      vertex 61.9839 53.5706 0
      vertex 62.1833 53.4722 0
    endloop
  endfacet
  facet normal 0.947052 -0.32108 0
    outer loop
      vertex 59.6913 52.44 4
      vertex 59.7627 52.6506 0
      vertex 59.7627 52.6506 4
    endloop
  endfacet
  facet normal 0.947052 -0.32108 0
    outer loop
      vertex 59.7627 52.6506 0
      vertex 59.6913 52.44 4
      vertex 59.6913 52.44 0
    endloop
  endfacet
  facet normal 0.98077 -0.195165 0
    outer loop
      vertex 59.6479 52.2219 4
      vertex 59.6913 52.44 0
      vertex 59.6913 52.44 4
    endloop
  endfacet
  facet normal 0.98077 -0.195165 0
    outer loop
      vertex 59.6913 52.44 0
      vertex 59.6479 52.2219 4
      vertex 59.6479 52.2219 0
    endloop
  endfacet
  facet normal 0.555426 -0.831566 0
    outer loop
      vertex 60.2984 53.3487 0
      vertex 60.4833 53.4722 4
      vertex 60.2984 53.3487 4
    endloop
  endfacet
  facet normal 0.555426 -0.831566 0
    outer loop
      vertex 60.4833 53.4722 4
      vertex 60.2984 53.3487 0
      vertex 60.4833 53.4722 0
    endloop
  endfacet
  facet normal 0.195165 -0.98077 0
    outer loop
      vertex 60.8933 53.6421 0
      vertex 61.1114 53.6855 4
      vertex 60.8933 53.6421 4
    endloop
  endfacet
  facet normal 0.195165 -0.98077 0
    outer loop
      vertex 61.1114 53.6855 4
      vertex 60.8933 53.6421 0
      vertex 61.1114 53.6855 0
    endloop
  endfacet
  facet normal -0.98077 0.195165 0
    outer loop
      vertex 62.9754 51.56 0
      vertex 63.0188 51.7781 4
      vertex 63.0188 51.7781 0
    endloop
  endfacet
  facet normal -0.98077 0.195165 0
    outer loop
      vertex 63.0188 51.7781 4
      vertex 62.9754 51.56 0
      vertex 62.9754 51.56 4
    endloop
  endfacet
  facet normal -0.44253 0.896754 0
    outer loop
      vertex 62.1833 50.5278 0
      vertex 61.9839 50.4294 4
      vertex 62.1833 50.5278 4
    endloop
  endfacet
  facet normal -0.44253 0.896754 0
    outer loop
      vertex 61.9839 50.4294 4
      vertex 62.1833 50.5278 0
      vertex 61.9839 50.4294 0
    endloop
  endfacet
  facet normal -0.946915 -0.321484 0
    outer loop
      vertex 62.9754 52.44 0
      vertex 62.9039 52.6506 4
      vertex 62.9039 52.6506 0
    endloop
  endfacet
  facet normal -0.946915 -0.321484 0
    outer loop
      vertex 62.9039 52.6506 4
      vertex 62.9754 52.44 0
      vertex 62.9754 52.44 4
    endloop
  endfacet
  facet normal -0.751908 -0.659268 0
    outer loop
      vertex 62.682 53.0349 0
      vertex 62.5354 53.2021 4
      vertex 62.5354 53.2021 0
    endloop
  endfacet
  facet normal -0.751908 -0.659268 0
    outer loop
      vertex 62.5354 53.2021 4
      vertex 62.682 53.0349 0
      vertex 62.682 53.0349 4
    endloop
  endfacet
  facet normal -0.831358 -0.555737 0
    outer loop
      vertex 62.8056 52.85 0
      vertex 62.682 53.0349 4
      vertex 62.682 53.0349 0
    endloop
  endfacet
  facet normal -0.831358 -0.555737 0
    outer loop
      vertex 62.682 53.0349 4
      vertex 62.8056 52.85 0
      vertex 62.8056 52.85 4
    endloop
  endfacet
  facet normal -0.195165 -0.98077 0
    outer loop
      vertex 61.5552 53.6855 0
      vertex 61.7733 53.6421 4
      vertex 61.5552 53.6855 4
    endloop
  endfacet
  facet normal -0.195165 -0.98077 -0
    outer loop
      vertex 61.7733 53.6421 4
      vertex 61.5552 53.6855 0
      vertex 61.7733 53.6421 0
    endloop
  endfacet
  facet normal -0.0652057 -0.997872 0
    outer loop
      vertex 61.3333 53.7 0
      vertex 61.5552 53.6855 4
      vertex 61.3333 53.7 4
    endloop
  endfacet
  facet normal -0.0652057 -0.997872 -0
    outer loop
      vertex 61.5552 53.6855 4
      vertex 61.3333 53.7 0
      vertex 61.5552 53.6855 0
    endloop
  endfacet
  facet normal -0.555426 -0.831566 0
    outer loop
      vertex 62.1833 53.4722 0
      vertex 62.3682 53.3487 4
      vertex 62.1833 53.4722 4
    endloop
  endfacet
  facet normal -0.555426 -0.831566 -0
    outer loop
      vertex 62.3682 53.3487 4
      vertex 62.1833 53.4722 0
      vertex 62.3682 53.3487 0
    endloop
  endfacet
  facet normal 0.896754 -0.44253 0
    outer loop
      vertex 59.7627 52.6506 4
      vertex 59.8611 52.85 0
      vertex 59.8611 52.85 4
    endloop
  endfacet
  facet normal 0.896754 -0.44253 0
    outer loop
      vertex 59.8611 52.85 0
      vertex 59.7627 52.6506 4
      vertex 59.7627 52.6506 0
    endloop
  endfacet
  facet normal 0.831566 -0.555426 0
    outer loop
      vertex 59.8611 52.85 4
      vertex 59.9846 53.0349 0
      vertex 59.9846 53.0349 4
    endloop
  endfacet
  facet normal 0.831566 -0.555426 0
    outer loop
      vertex 59.9846 53.0349 0
      vertex 59.8611 52.85 4
      vertex 59.8611 52.85 0
    endloop
  endfacet
  facet normal 0.997842 -0.0656534 0
    outer loop
      vertex 59.6333 52 4
      vertex 59.6479 52.2219 0
      vertex 59.6479 52.2219 4
    endloop
  endfacet
  facet normal 0.997842 -0.0656534 0
    outer loop
      vertex 59.6479 52.2219 0
      vertex 59.6333 52 4
      vertex 59.6333 52 0
    endloop
  endfacet
  facet normal 0.659491 -0.751712 0
    outer loop
      vertex 60.1313 53.2021 0
      vertex 60.2984 53.3487 4
      vertex 60.1313 53.2021 4
    endloop
  endfacet
  facet normal 0.659491 -0.751712 0
    outer loop
      vertex 60.2984 53.3487 4
      vertex 60.1313 53.2021 0
      vertex 60.2984 53.3487 0
    endloop
  endfacet
  facet normal 0.32162 -0.946869 0
    outer loop
      vertex 60.6828 53.5706 0
      vertex 60.8933 53.6421 4
      vertex 60.6828 53.5706 4
    endloop
  endfacet
  facet normal 0.32162 -0.946869 0
    outer loop
      vertex 60.8933 53.6421 4
      vertex 60.6828 53.5706 0
      vertex 60.8933 53.6421 0
    endloop
  endfacet
  facet normal -0.997872 0.0652057 0
    outer loop
      vertex 63.0188 51.7781 0
      vertex 63.0333 52 4
      vertex 63.0333 52 0
    endloop
  endfacet
  facet normal -0.997872 0.0652057 0
    outer loop
      vertex 63.0333 52 4
      vertex 63.0188 51.7781 0
      vertex 63.0188 51.7781 4
    endloop
  endfacet
  facet normal -0.751908 0.659268 0
    outer loop
      vertex 62.5354 50.7979 0
      vertex 62.682 50.9651 4
      vertex 62.682 50.9651 0
    endloop
  endfacet
  facet normal -0.751908 0.659268 0
    outer loop
      vertex 62.682 50.9651 4
      vertex 62.5354 50.7979 0
      vertex 62.5354 50.7979 4
    endloop
  endfacet
  facet normal 0.555426 0.831566 -0
    outer loop
      vertex 60.4833 50.5278 0
      vertex 60.2984 50.6513 4
      vertex 60.4833 50.5278 4
    endloop
  endfacet
  facet normal 0.555426 0.831566 0
    outer loop
      vertex 60.2984 50.6513 4
      vertex 60.4833 50.5278 0
      vertex 60.2984 50.6513 0
    endloop
  endfacet
  facet normal 0.831566 0.555426 0
    outer loop
      vertex 59.9846 50.9651 4
      vertex 59.8611 51.15 0
      vertex 59.8611 51.15 4
    endloop
  endfacet
  facet normal 0.831566 0.555426 0
    outer loop
      vertex 59.8611 51.15 0
      vertex 59.9846 50.9651 4
      vertex 59.9846 50.9651 0
    endloop
  endfacet
  facet normal 0.751685 0.659523 0
    outer loop
      vertex 60.1313 50.7979 4
      vertex 59.9846 50.9651 0
      vertex 59.9846 50.9651 4
    endloop
  endfacet
  facet normal 0.751685 0.659523 0
    outer loop
      vertex 59.9846 50.9651 0
      vertex 60.1313 50.7979 4
      vertex 60.1313 50.7979 0
    endloop
  endfacet
  facet normal 0.997842 0.0656534 0
    outer loop
      vertex 59.6479 51.7781 4
      vertex 59.6333 52 0
      vertex 59.6333 52 4
    endloop
  endfacet
  facet normal 0.997842 0.0656534 0
    outer loop
      vertex 59.6333 52 0
      vertex 59.6479 51.7781 4
      vertex 59.6479 51.7781 0
    endloop
  endfacet
  facet normal -0.555426 0.831566 0
    outer loop
      vertex 62.3682 50.6513 0
      vertex 62.1833 50.5278 4
      vertex 62.3682 50.6513 4
    endloop
  endfacet
  facet normal -0.555426 0.831566 0
    outer loop
      vertex 62.1833 50.5278 4
      vertex 62.3682 50.6513 0
      vertex 62.1833 50.5278 0
    endloop
  endfacet
  facet normal -0.659268 0.751908 0
    outer loop
      vertex 62.5354 50.7979 0
      vertex 62.3682 50.6513 4
      vertex 62.5354 50.7979 4
    endloop
  endfacet
  facet normal -0.659268 0.751908 0
    outer loop
      vertex 62.3682 50.6513 4
      vertex 62.5354 50.7979 0
      vertex 62.3682 50.6513 0
    endloop
  endfacet
  facet normal -0.896932 0.442169 0
    outer loop
      vertex 62.8056 51.15 0
      vertex 62.9039 51.3494 4
      vertex 62.9039 51.3494 0
    endloop
  endfacet
  facet normal -0.896932 0.442169 0
    outer loop
      vertex 62.9039 51.3494 4
      vertex 62.8056 51.15 0
      vertex 62.8056 51.15 4
    endloop
  endfacet
  facet normal 0.195165 0.98077 -0
    outer loop
      vertex 61.1114 50.3145 0
      vertex 60.8933 50.3579 4
      vertex 61.1114 50.3145 4
    endloop
  endfacet
  facet normal 0.195165 0.98077 0
    outer loop
      vertex 60.8933 50.3579 4
      vertex 61.1114 50.3145 0
      vertex 60.8933 50.3579 0
    endloop
  endfacet
  facet normal 0.659491 0.751712 -0
    outer loop
      vertex 60.2984 50.6513 0
      vertex 60.1313 50.7979 4
      vertex 60.2984 50.6513 4
    endloop
  endfacet
  facet normal 0.659491 0.751712 0
    outer loop
      vertex 60.1313 50.7979 4
      vertex 60.2984 50.6513 0
      vertex 60.1313 50.7979 0
    endloop
  endfacet
  facet normal 0.896754 0.44253 0
    outer loop
      vertex 59.8611 51.15 4
      vertex 59.7627 51.3494 0
      vertex 59.7627 51.3494 4
    endloop
  endfacet
  facet normal 0.896754 0.44253 0
    outer loop
      vertex 59.7627 51.3494 0
      vertex 59.8611 51.15 4
      vertex 59.8611 51.15 0
    endloop
  endfacet
  facet normal -0.321484 0.946915 0
    outer loop
      vertex 61.9839 50.4294 0
      vertex 61.7733 50.3579 4
      vertex 61.9839 50.4294 4
    endloop
  endfacet
  facet normal -0.321484 0.946915 0
    outer loop
      vertex 61.7733 50.3579 4
      vertex 61.9839 50.4294 0
      vertex 61.7733 50.3579 0
    endloop
  endfacet
  facet normal -0.195165 0.98077 0
    outer loop
      vertex 61.7733 50.3579 0
      vertex 61.5552 50.3145 4
      vertex 61.7733 50.3579 4
    endloop
  endfacet
  facet normal -0.195165 0.98077 0
    outer loop
      vertex 61.5552 50.3145 4
      vertex 61.7733 50.3579 0
      vertex 61.5552 50.3145 0
    endloop
  endfacet
  facet normal -0.946915 0.321484 0
    outer loop
      vertex 62.9039 51.3494 0
      vertex 62.9754 51.56 4
      vertex 62.9754 51.56 0
    endloop
  endfacet
  facet normal -0.946915 0.321484 0
    outer loop
      vertex 62.9754 51.56 4
      vertex 62.9039 51.3494 0
      vertex 62.9039 51.3494 4
    endloop
  endfacet
  facet normal 0.0652057 0.997872 -0
    outer loop
      vertex 61.3333 50.3 0
      vertex 61.1114 50.3145 4
      vertex 61.3333 50.3 4
    endloop
  endfacet
  facet normal 0.0652057 0.997872 0
    outer loop
      vertex 61.1114 50.3145 4
      vertex 61.3333 50.3 0
      vertex 61.1114 50.3145 0
    endloop
  endfacet
  facet normal 0.442352 0.896842 -0
    outer loop
      vertex 60.6828 50.4294 0
      vertex 60.4833 50.5278 4
      vertex 60.6828 50.4294 4
    endloop
  endfacet
  facet normal 0.442352 0.896842 0
    outer loop
      vertex 60.4833 50.5278 4
      vertex 60.6828 50.4294 0
      vertex 60.4833 50.5278 0
    endloop
  endfacet
  facet normal 0.32162 0.946869 -0
    outer loop
      vertex 60.8933 50.3579 0
      vertex 60.6828 50.4294 4
      vertex 60.8933 50.3579 4
    endloop
  endfacet
  facet normal 0.32162 0.946869 0
    outer loop
      vertex 60.6828 50.4294 4
      vertex 60.8933 50.3579 0
      vertex 60.6828 50.4294 0
    endloop
  endfacet
  facet normal 0.947052 0.32108 0
    outer loop
      vertex 59.7627 51.3494 4
      vertex 59.6913 51.56 0
      vertex 59.6913 51.56 4
    endloop
  endfacet
  facet normal 0.947052 0.32108 0
    outer loop
      vertex 59.6913 51.56 0
      vertex 59.7627 51.3494 4
      vertex 59.7627 51.3494 0
    endloop
  endfacet
  facet normal 0.98077 0.195165 0
    outer loop
      vertex 59.6913 51.56 4
      vertex 59.6479 51.7781 0
      vertex 59.6479 51.7781 4
    endloop
  endfacet
  facet normal 0.98077 0.195165 0
    outer loop
      vertex 59.6479 51.7781 0
      vertex 59.6913 51.56 4
      vertex 59.6913 51.56 0
    endloop
  endfacet
  facet normal -0.997872 -0.0652074 0
    outer loop
      vertex -81.3 0 0
      vertex -81.3145 0.221894 4
      vertex -81.3145 0.221894 0
    endloop
  endfacet
  facet normal -0.997872 -0.0652074 0
    outer loop
      vertex -81.3145 0.221894 4
      vertex -81.3 0 0
      vertex -81.3 0 4
    endloop
  endfacet
  facet normal 0.997872 -0.0652074 0
    outer loop
      vertex -84.7 0 4
      vertex -84.6855 0.221894 0
      vertex -84.6855 0.221894 4
    endloop
  endfacet
  facet normal 0.997872 -0.0652074 0
    outer loop
      vertex -84.6855 0.221894 0
      vertex -84.7 0 4
      vertex -84.7 0 0
    endloop
  endfacet
  facet normal -0.0653848 -0.99786 0
    outer loop
      vertex -83 1.7 0
      vertex -82.7781 1.68546 4
      vertex -83 1.7 4
    endloop
  endfacet
  facet normal -0.0653848 -0.99786 -0
    outer loop
      vertex -82.7781 1.68546 4
      vertex -83 1.7 0
      vertex -82.7781 1.68546 0
    endloop
  endfacet
  facet normal 0.0653848 0.99786 -0
    outer loop
      vertex -83 -1.7 0
      vertex -83.2219 -1.68546 4
      vertex -83 -1.7 4
    endloop
  endfacet
  facet normal 0.0653848 0.99786 0
    outer loop
      vertex -83.2219 -1.68546 4
      vertex -83 -1.7 0
      vertex -83.2219 -1.68546 0
    endloop
  endfacet
  facet normal -0.659319 -0.751863 0
    outer loop
      vertex -81.9651 1.3487 0
      vertex -81.7979 1.20208 4
      vertex -81.9651 1.3487 4
    endloop
  endfacet
  facet normal -0.659319 -0.751863 -0
    outer loop
      vertex -81.7979 1.20208 4
      vertex -81.9651 1.3487 0
      vertex -81.7979 1.20208 0
    endloop
  endfacet
  facet normal 0.659319 -0.751863 0
    outer loop
      vertex -84.2021 1.20208 0
      vertex -84.0349 1.3487 4
      vertex -84.2021 1.20208 4
    endloop
  endfacet
  facet normal 0.659319 -0.751863 0
    outer loop
      vertex -84.0349 1.3487 4
      vertex -84.2021 1.20208 0
      vertex -84.0349 1.3487 0
    endloop
  endfacet
  facet normal 0.321403 -0.946943 0
    outer loop
      vertex -83.6506 1.57059 0
      vertex -83.44 1.64207 4
      vertex -83.6506 1.57059 4
    endloop
  endfacet
  facet normal 0.321403 -0.946943 0
    outer loop
      vertex -83.44 1.64207 4
      vertex -83.6506 1.57059 0
      vertex -83.44 1.64207 0
    endloop
  endfacet
  facet normal -0.896787 -0.442463 0
    outer loop
      vertex -81.4294 0.650561 0
      vertex -81.5278 0.849999 4
      vertex -81.5278 0.849999 0
    endloop
  endfacet
  facet normal -0.896787 -0.442463 0
    outer loop
      vertex -81.5278 0.849999 4
      vertex -81.4294 0.650561 0
      vertex -81.4294 0.650561 4
    endloop
  endfacet
  facet normal -0.98077 -0.195167 0
    outer loop
      vertex -81.3145 0.221894 0
      vertex -81.3579 0.439992 4
      vertex -81.3579 0.439992 0
    endloop
  endfacet
  facet normal -0.98077 -0.195167 0
    outer loop
      vertex -81.3579 0.439992 4
      vertex -81.3145 0.221894 0
      vertex -81.3145 0.221894 4
    endloop
  endfacet
  facet normal -0.831553 -0.555445 0
    outer loop
      vertex -81.5278 0.849999 0
      vertex -81.6513 1.03489 4
      vertex -81.6513 1.03489 0
    endloop
  endfacet
  facet normal -0.831553 -0.555445 0
    outer loop
      vertex -81.6513 1.03489 4
      vertex -81.5278 0.849999 0
      vertex -81.5278 0.849999 4
    endloop
  endfacet
  facet normal -0.321403 -0.946943 0
    outer loop
      vertex -82.56 1.64207 0
      vertex -82.3494 1.57059 4
      vertex -82.56 1.64207 4
    endloop
  endfacet
  facet normal -0.321403 -0.946943 -0
    outer loop
      vertex -82.3494 1.57059 4
      vertex -82.56 1.64207 0
      vertex -82.3494 1.57059 0
    endloop
  endfacet
  facet normal -0.195122 -0.980779 0
    outer loop
      vertex -82.7781 1.68546 0
      vertex -82.56 1.64207 4
      vertex -82.7781 1.68546 4
    endloop
  endfacet
  facet normal -0.195122 -0.980779 -0
    outer loop
      vertex -82.56 1.64207 4
      vertex -82.7781 1.68546 0
      vertex -82.56 1.64207 0
    endloop
  endfacet
  facet normal -0.442349 -0.896843 0
    outer loop
      vertex -82.3494 1.57059 0
      vertex -82.15 1.47224 4
      vertex -82.3494 1.57059 4
    endloop
  endfacet
  facet normal -0.442349 -0.896843 -0
    outer loop
      vertex -82.15 1.47224 4
      vertex -82.3494 1.57059 0
      vertex -82.15 1.47224 0
    endloop
  endfacet
  facet normal 0.896787 -0.442463 0
    outer loop
      vertex -84.5706 0.650561 4
      vertex -84.4722 0.849999 0
      vertex -84.4722 0.849999 4
    endloop
  endfacet
  facet normal 0.896787 -0.442463 0
    outer loop
      vertex -84.4722 0.849999 0
      vertex -84.5706 0.650561 4
      vertex -84.5706 0.650561 0
    endloop
  endfacet
  facet normal 0.751888 -0.659291 0
    outer loop
      vertex -84.3487 1.03489 4
      vertex -84.2021 1.20208 0
      vertex -84.2021 1.20208 4
    endloop
  endfacet
  facet normal 0.751888 -0.659291 0
    outer loop
      vertex -84.2021 1.20208 0
      vertex -84.3487 1.03489 4
      vertex -84.3487 1.03489 0
    endloop
  endfacet
  facet normal 0.946901 -0.321526 0
    outer loop
      vertex -84.6421 0.439992 4
      vertex -84.5706 0.650561 0
      vertex -84.5706 0.650561 4
    endloop
  endfacet
  facet normal 0.946901 -0.321526 0
    outer loop
      vertex -84.5706 0.650561 0
      vertex -84.6421 0.439992 4
      vertex -84.6421 0.439992 0
    endloop
  endfacet
  facet normal 0.195122 -0.980779 0
    outer loop
      vertex -83.44 1.64207 0
      vertex -83.2219 1.68546 4
      vertex -83.44 1.64207 4
    endloop
  endfacet
  facet normal 0.195122 -0.980779 0
    outer loop
      vertex -83.2219 1.68546 4
      vertex -83.44 1.64207 0
      vertex -83.2219 1.68546 0
    endloop
  endfacet
  facet normal -0.98077 0.195167 0
    outer loop
      vertex -81.3579 -0.439992 0
      vertex -81.3145 -0.221894 4
      vertex -81.3145 -0.221894 0
    endloop
  endfacet
  facet normal -0.98077 0.195167 0
    outer loop
      vertex -81.3145 -0.221894 4
      vertex -81.3579 -0.439992 0
      vertex -81.3579 -0.439992 4
    endloop
  endfacet
  facet normal 0.442349 0.896843 -0
    outer loop
      vertex -83.6506 -1.57059 0
      vertex -83.85 -1.47224 4
      vertex -83.6506 -1.57059 4
    endloop
  endfacet
  facet normal 0.442349 0.896843 0
    outer loop
      vertex -83.85 -1.47224 4
      vertex -83.6506 -1.57059 0
      vertex -83.85 -1.47224 0
    endloop
  endfacet
  facet normal 0.659319 0.751863 -0
    outer loop
      vertex -84.0349 -1.3487 0
      vertex -84.2021 -1.20208 4
      vertex -84.0349 -1.3487 4
    endloop
  endfacet
  facet normal 0.659319 0.751863 0
    outer loop
      vertex -84.2021 -1.20208 4
      vertex -84.0349 -1.3487 0
      vertex -84.2021 -1.20208 0
    endloop
  endfacet
  facet normal 0.321403 0.946943 -0
    outer loop
      vertex -83.44 -1.64207 0
      vertex -83.6506 -1.57059 4
      vertex -83.44 -1.64207 4
    endloop
  endfacet
  facet normal 0.321403 0.946943 0
    outer loop
      vertex -83.6506 -1.57059 4
      vertex -83.44 -1.64207 0
      vertex -83.6506 -1.57059 0
    endloop
  endfacet
  facet normal -0.946901 -0.321526 0
    outer loop
      vertex -81.3579 0.439992 0
      vertex -81.4294 0.650561 4
      vertex -81.4294 0.650561 0
    endloop
  endfacet
  facet normal -0.946901 -0.321526 0
    outer loop
      vertex -81.4294 0.650561 4
      vertex -81.3579 0.439992 0
      vertex -81.3579 0.439992 4
    endloop
  endfacet
  facet normal -0.751888 -0.659291 0
    outer loop
      vertex -81.6513 1.03489 0
      vertex -81.7979 1.20208 4
      vertex -81.7979 1.20208 0
    endloop
  endfacet
  facet normal -0.751888 -0.659291 0
    outer loop
      vertex -81.7979 1.20208 4
      vertex -81.6513 1.03489 0
      vertex -81.6513 1.03489 4
    endloop
  endfacet
  facet normal -0.555551 -0.831483 0
    outer loop
      vertex -82.15 1.47224 0
      vertex -81.9651 1.3487 4
      vertex -82.15 1.47224 4
    endloop
  endfacet
  facet normal -0.555551 -0.831483 -0
    outer loop
      vertex -81.9651 1.3487 4
      vertex -82.15 1.47224 0
      vertex -81.9651 1.3487 0
    endloop
  endfacet
  facet normal 0.831553 -0.555445 0
    outer loop
      vertex -84.4722 0.849999 4
      vertex -84.3487 1.03489 0
      vertex -84.3487 1.03489 4
    endloop
  endfacet
  facet normal 0.831553 -0.555445 0
    outer loop
      vertex -84.3487 1.03489 0
      vertex -84.4722 0.849999 4
      vertex -84.4722 0.849999 0
    endloop
  endfacet
  facet normal 0.98077 -0.195167 0
    outer loop
      vertex -84.6855 0.221894 4
      vertex -84.6421 0.439992 0
      vertex -84.6421 0.439992 4
    endloop
  endfacet
  facet normal 0.98077 -0.195167 0
    outer loop
      vertex -84.6421 0.439992 0
      vertex -84.6855 0.221894 4
      vertex -84.6855 0.221894 0
    endloop
  endfacet
  facet normal 0.442349 -0.896843 0
    outer loop
      vertex -83.85 1.47224 0
      vertex -83.6506 1.57059 4
      vertex -83.85 1.47224 4
    endloop
  endfacet
  facet normal 0.442349 -0.896843 0
    outer loop
      vertex -83.6506 1.57059 4
      vertex -83.85 1.47224 0
      vertex -83.6506 1.57059 0
    endloop
  endfacet
  facet normal 0.555551 -0.831483 0
    outer loop
      vertex -84.0349 1.3487 0
      vertex -83.85 1.47224 4
      vertex -84.0349 1.3487 4
    endloop
  endfacet
  facet normal 0.555551 -0.831483 0
    outer loop
      vertex -83.85 1.47224 4
      vertex -84.0349 1.3487 0
      vertex -83.85 1.47224 0
    endloop
  endfacet
  facet normal 0.0653848 -0.99786 0
    outer loop
      vertex -83.2219 1.68546 0
      vertex -83 1.7 4
      vertex -83.2219 1.68546 4
    endloop
  endfacet
  facet normal 0.0653848 -0.99786 0
    outer loop
      vertex -83 1.7 4
      vertex -83.2219 1.68546 0
      vertex -83 1.7 0
    endloop
  endfacet
  facet normal -0.997872 0.0652074 0
    outer loop
      vertex -81.3145 -0.221894 0
      vertex -81.3 0 4
      vertex -81.3 0 0
    endloop
  endfacet
  facet normal -0.997872 0.0652074 0
    outer loop
      vertex -81.3 0 4
      vertex -81.3145 -0.221894 0
      vertex -81.3145 -0.221894 4
    endloop
  endfacet
  facet normal -0.0653848 0.99786 0
    outer loop
      vertex -82.7781 -1.68546 0
      vertex -83 -1.7 4
      vertex -82.7781 -1.68546 4
    endloop
  endfacet
  facet normal -0.0653848 0.99786 0
    outer loop
      vertex -83 -1.7 4
      vertex -82.7781 -1.68546 0
      vertex -83 -1.7 0
    endloop
  endfacet
  facet normal -0.321403 0.946943 0
    outer loop
      vertex -82.3494 -1.57059 0
      vertex -82.56 -1.64207 4
      vertex -82.3494 -1.57059 4
    endloop
  endfacet
  facet normal -0.321403 0.946943 0
    outer loop
      vertex -82.56 -1.64207 4
      vertex -82.3494 -1.57059 0
      vertex -82.56 -1.64207 0
    endloop
  endfacet
  facet normal -0.659319 0.751863 0
    outer loop
      vertex -81.7979 -1.20208 0
      vertex -81.9651 -1.3487 4
      vertex -81.7979 -1.20208 4
    endloop
  endfacet
  facet normal -0.659319 0.751863 0
    outer loop
      vertex -81.9651 -1.3487 4
      vertex -81.7979 -1.20208 0
      vertex -81.9651 -1.3487 0
    endloop
  endfacet
  facet normal -0.442349 0.896843 0
    outer loop
      vertex -82.15 -1.47224 0
      vertex -82.3494 -1.57059 4
      vertex -82.15 -1.47224 4
    endloop
  endfacet
  facet normal -0.442349 0.896843 0
    outer loop
      vertex -82.3494 -1.57059 4
      vertex -82.15 -1.47224 0
      vertex -82.3494 -1.57059 0
    endloop
  endfacet
  facet normal -0.831553 0.555445 0
    outer loop
      vertex -81.6513 -1.03489 0
      vertex -81.5278 -0.849999 4
      vertex -81.5278 -0.849999 0
    endloop
  endfacet
  facet normal -0.831553 0.555445 0
    outer loop
      vertex -81.5278 -0.849999 4
      vertex -81.6513 -1.03489 0
      vertex -81.6513 -1.03489 4
    endloop
  endfacet
  facet normal -0.946901 0.321526 0
    outer loop
      vertex -81.4294 -0.650561 0
      vertex -81.3579 -0.439992 4
      vertex -81.3579 -0.439992 0
    endloop
  endfacet
  facet normal -0.946901 0.321526 0
    outer loop
      vertex -81.3579 -0.439992 4
      vertex -81.4294 -0.650561 0
      vertex -81.4294 -0.650561 4
    endloop
  endfacet
  facet normal 0.555551 0.831483 -0
    outer loop
      vertex -83.85 -1.47224 0
      vertex -84.0349 -1.3487 4
      vertex -83.85 -1.47224 4
    endloop
  endfacet
  facet normal 0.555551 0.831483 0
    outer loop
      vertex -84.0349 -1.3487 4
      vertex -83.85 -1.47224 0
      vertex -84.0349 -1.3487 0
    endloop
  endfacet
  facet normal 0.195122 0.980779 -0
    outer loop
      vertex -83.2219 -1.68546 0
      vertex -83.44 -1.64207 4
      vertex -83.2219 -1.68546 4
    endloop
  endfacet
  facet normal 0.195122 0.980779 0
    outer loop
      vertex -83.44 -1.64207 4
      vertex -83.2219 -1.68546 0
      vertex -83.44 -1.64207 0
    endloop
  endfacet
  facet normal 0.896787 0.442463 0
    outer loop
      vertex -84.4722 -0.849999 4
      vertex -84.5706 -0.650561 0
      vertex -84.5706 -0.650561 4
    endloop
  endfacet
  facet normal 0.896787 0.442463 0
    outer loop
      vertex -84.5706 -0.650561 0
      vertex -84.4722 -0.849999 4
      vertex -84.4722 -0.849999 0
    endloop
  endfacet
  facet normal 0.751888 0.659291 0
    outer loop
      vertex -84.2021 -1.20208 4
      vertex -84.3487 -1.03489 0
      vertex -84.3487 -1.03489 4
    endloop
  endfacet
  facet normal 0.751888 0.659291 0
    outer loop
      vertex -84.3487 -1.03489 0
      vertex -84.2021 -1.20208 4
      vertex -84.2021 -1.20208 0
    endloop
  endfacet
  facet normal 0.946901 0.321526 0
    outer loop
      vertex -84.5706 -0.650561 4
      vertex -84.6421 -0.439992 0
      vertex -84.6421 -0.439992 4
    endloop
  endfacet
  facet normal 0.946901 0.321526 0
    outer loop
      vertex -84.6421 -0.439992 0
      vertex -84.5706 -0.650561 4
      vertex -84.5706 -0.650561 0
    endloop
  endfacet
  facet normal 0.997872 0.0652074 0
    outer loop
      vertex -84.6855 -0.221894 4
      vertex -84.7 0 0
      vertex -84.7 0 4
    endloop
  endfacet
  facet normal 0.997872 0.0652074 0
    outer loop
      vertex -84.7 0 0
      vertex -84.6855 -0.221894 4
      vertex -84.6855 -0.221894 0
    endloop
  endfacet
  facet normal -0.195122 0.980779 0
    outer loop
      vertex -82.56 -1.64207 0
      vertex -82.7781 -1.68546 4
      vertex -82.56 -1.64207 4
    endloop
  endfacet
  facet normal -0.195122 0.980779 0
    outer loop
      vertex -82.7781 -1.68546 4
      vertex -82.56 -1.64207 0
      vertex -82.7781 -1.68546 0
    endloop
  endfacet
  facet normal -0.751888 0.659291 0
    outer loop
      vertex -81.7979 -1.20208 0
      vertex -81.6513 -1.03489 4
      vertex -81.6513 -1.03489 0
    endloop
  endfacet
  facet normal -0.751888 0.659291 0
    outer loop
      vertex -81.6513 -1.03489 4
      vertex -81.7979 -1.20208 0
      vertex -81.7979 -1.20208 4
    endloop
  endfacet
  facet normal -0.555551 0.831483 0
    outer loop
      vertex -81.9651 -1.3487 0
      vertex -82.15 -1.47224 4
      vertex -81.9651 -1.3487 4
    endloop
  endfacet
  facet normal -0.555551 0.831483 0
    outer loop
      vertex -82.15 -1.47224 4
      vertex -81.9651 -1.3487 0
      vertex -82.15 -1.47224 0
    endloop
  endfacet
  facet normal -0.896787 0.442463 0
    outer loop
      vertex -81.5278 -0.849999 0
      vertex -81.4294 -0.650561 4
      vertex -81.4294 -0.650561 0
    endloop
  endfacet
  facet normal -0.896787 0.442463 0
    outer loop
      vertex -81.4294 -0.650561 4
      vertex -81.5278 -0.849999 0
      vertex -81.5278 -0.849999 4
    endloop
  endfacet
  facet normal 0.831553 0.555445 0
    outer loop
      vertex -84.3487 -1.03489 4
      vertex -84.4722 -0.849999 0
      vertex -84.4722 -0.849999 4
    endloop
  endfacet
  facet normal 0.831553 0.555445 0
    outer loop
      vertex -84.4722 -0.849999 0
      vertex -84.3487 -1.03489 4
      vertex -84.3487 -1.03489 0
    endloop
  endfacet
  facet normal 0.98077 0.195167 0
    outer loop
      vertex -84.6421 -0.439992 4
      vertex -84.6855 -0.221894 0
      vertex -84.6855 -0.221894 4
    endloop
  endfacet
  facet normal 0.98077 0.195167 0
    outer loop
      vertex -84.6855 -0.221894 0
      vertex -84.6421 -0.439992 4
      vertex -84.6421 -0.439992 0
    endloop
  endfacet
  facet normal -0.997872 -0.0652074 0
    outer loop
      vertex 84.7 0 0
      vertex 84.6855 0.221894 4
      vertex 84.6855 0.221894 0
    endloop
  endfacet
  facet normal -0.997872 -0.0652074 0
    outer loop
      vertex 84.6855 0.221894 4
      vertex 84.7 0 0
      vertex 84.7 0 4
    endloop
  endfacet
  facet normal 0.997872 -0.0652074 0
    outer loop
      vertex 81.3 0 4
      vertex 81.3145 0.221894 0
      vertex 81.3145 0.221894 4
    endloop
  endfacet
  facet normal 0.997872 -0.0652074 0
    outer loop
      vertex 81.3145 0.221894 0
      vertex 81.3 0 4
      vertex 81.3 0 0
    endloop
  endfacet
  facet normal -0.0653848 -0.99786 0
    outer loop
      vertex 83 1.7 0
      vertex 83.2219 1.68546 4
      vertex 83 1.7 4
    endloop
  endfacet
  facet normal -0.0653848 -0.99786 -0
    outer loop
      vertex 83.2219 1.68546 4
      vertex 83 1.7 0
      vertex 83.2219 1.68546 0
    endloop
  endfacet
  facet normal 0.0653848 0.99786 -0
    outer loop
      vertex 83 -1.7 0
      vertex 82.7781 -1.68546 4
      vertex 83 -1.7 4
    endloop
  endfacet
  facet normal 0.0653848 0.99786 0
    outer loop
      vertex 82.7781 -1.68546 4
      vertex 83 -1.7 0
      vertex 82.7781 -1.68546 0
    endloop
  endfacet
  facet normal -0.659319 -0.751863 0
    outer loop
      vertex 84.0349 1.3487 0
      vertex 84.2021 1.20208 4
      vertex 84.0349 1.3487 4
    endloop
  endfacet
  facet normal -0.659319 -0.751863 -0
    outer loop
      vertex 84.2021 1.20208 4
      vertex 84.0349 1.3487 0
      vertex 84.2021 1.20208 0
    endloop
  endfacet
  facet normal 0.659319 -0.751863 0
    outer loop
      vertex 81.7979 1.20208 0
      vertex 81.9651 1.3487 4
      vertex 81.7979 1.20208 4
    endloop
  endfacet
  facet normal 0.659319 -0.751863 0
    outer loop
      vertex 81.9651 1.3487 4
      vertex 81.7979 1.20208 0
      vertex 81.9651 1.3487 0
    endloop
  endfacet
  facet normal 0.321403 -0.946943 0
    outer loop
      vertex 82.3494 1.57059 0
      vertex 82.56 1.64207 4
      vertex 82.3494 1.57059 4
    endloop
  endfacet
  facet normal 0.321403 -0.946943 0
    outer loop
      vertex 82.56 1.64207 4
      vertex 82.3494 1.57059 0
      vertex 82.56 1.64207 0
    endloop
  endfacet
  facet normal -0.896787 -0.442463 0
    outer loop
      vertex 84.5706 0.650561 0
      vertex 84.4722 0.849999 4
      vertex 84.4722 0.849999 0
    endloop
  endfacet
  facet normal -0.896787 -0.442463 0
    outer loop
      vertex 84.4722 0.849999 4
      vertex 84.5706 0.650561 0
      vertex 84.5706 0.650561 4
    endloop
  endfacet
  facet normal -0.98077 -0.195167 0
    outer loop
      vertex 84.6855 0.221894 0
      vertex 84.6421 0.439992 4
      vertex 84.6421 0.439992 0
    endloop
  endfacet
  facet normal -0.98077 -0.195167 0
    outer loop
      vertex 84.6421 0.439992 4
      vertex 84.6855 0.221894 0
      vertex 84.6855 0.221894 4
    endloop
  endfacet
  facet normal -0.831553 -0.555445 0
    outer loop
      vertex 84.4722 0.849999 0
      vertex 84.3487 1.03489 4
      vertex 84.3487 1.03489 0
    endloop
  endfacet
  facet normal -0.831553 -0.555445 0
    outer loop
      vertex 84.3487 1.03489 4
      vertex 84.4722 0.849999 0
      vertex 84.4722 0.849999 4
    endloop
  endfacet
  facet normal -0.321403 -0.946943 0
    outer loop
      vertex 83.44 1.64207 0
      vertex 83.6506 1.57059 4
      vertex 83.44 1.64207 4
    endloop
  endfacet
  facet normal -0.321403 -0.946943 -0
    outer loop
      vertex 83.6506 1.57059 4
      vertex 83.44 1.64207 0
      vertex 83.6506 1.57059 0
    endloop
  endfacet
  facet normal -0.195122 -0.980779 0
    outer loop
      vertex 83.2219 1.68546 0
      vertex 83.44 1.64207 4
      vertex 83.2219 1.68546 4
    endloop
  endfacet
  facet normal -0.195122 -0.980779 -0
    outer loop
      vertex 83.44 1.64207 4
      vertex 83.2219 1.68546 0
      vertex 83.44 1.64207 0
    endloop
  endfacet
  facet normal -0.442349 -0.896843 0
    outer loop
      vertex 83.6506 1.57059 0
      vertex 83.85 1.47224 4
      vertex 83.6506 1.57059 4
    endloop
  endfacet
  facet normal -0.442349 -0.896843 -0
    outer loop
      vertex 83.85 1.47224 4
      vertex 83.6506 1.57059 0
      vertex 83.85 1.47224 0
    endloop
  endfacet
  facet normal 0.831553 -0.555445 0
    outer loop
      vertex 81.5278 0.849999 4
      vertex 81.6513 1.03489 0
      vertex 81.6513 1.03489 4
    endloop
  endfacet
  facet normal 0.831553 -0.555445 0
    outer loop
      vertex 81.6513 1.03489 0
      vertex 81.5278 0.849999 4
      vertex 81.5278 0.849999 0
    endloop
  endfacet
  facet normal 0.751888 -0.659291 0
    outer loop
      vertex 81.6513 1.03489 4
      vertex 81.7979 1.20208 0
      vertex 81.7979 1.20208 4
    endloop
  endfacet
  facet normal 0.751888 -0.659291 0
    outer loop
      vertex 81.7979 1.20208 0
      vertex 81.6513 1.03489 4
      vertex 81.6513 1.03489 0
    endloop
  endfacet
  facet normal 0.946901 -0.321526 0
    outer loop
      vertex 81.3579 0.439992 4
      vertex 81.4294 0.650561 0
      vertex 81.4294 0.650561 4
    endloop
  endfacet
  facet normal 0.946901 -0.321526 0
    outer loop
      vertex 81.4294 0.650561 0
      vertex 81.3579 0.439992 4
      vertex 81.3579 0.439992 0
    endloop
  endfacet
  facet normal 0.555551 -0.831483 0
    outer loop
      vertex 81.9651 1.3487 0
      vertex 82.15 1.47224 4
      vertex 81.9651 1.3487 4
    endloop
  endfacet
  facet normal 0.555551 -0.831483 0
    outer loop
      vertex 82.15 1.47224 4
      vertex 81.9651 1.3487 0
      vertex 82.15 1.47224 0
    endloop
  endfacet
  facet normal 0.195122 -0.980779 0
    outer loop
      vertex 82.56 1.64207 0
      vertex 82.7781 1.68546 4
      vertex 82.56 1.64207 4
    endloop
  endfacet
  facet normal 0.195122 -0.980779 0
    outer loop
      vertex 82.7781 1.68546 4
      vertex 82.56 1.64207 0
      vertex 82.7781 1.68546 0
    endloop
  endfacet
  facet normal -0.751888 0.659291 0
    outer loop
      vertex 84.2021 -1.20208 0
      vertex 84.3487 -1.03489 4
      vertex 84.3487 -1.03489 0
    endloop
  endfacet
  facet normal -0.751888 0.659291 0
    outer loop
      vertex 84.3487 -1.03489 4
      vertex 84.2021 -1.20208 0
      vertex 84.2021 -1.20208 4
    endloop
  endfacet
  facet normal -0.98077 0.195167 0
    outer loop
      vertex 84.6421 -0.439992 0
      vertex 84.6855 -0.221894 4
      vertex 84.6855 -0.221894 0
    endloop
  endfacet
  facet normal -0.98077 0.195167 0
    outer loop
      vertex 84.6855 -0.221894 4
      vertex 84.6421 -0.439992 0
      vertex 84.6421 -0.439992 4
    endloop
  endfacet
  facet normal 0.442349 0.896843 -0
    outer loop
      vertex 82.3494 -1.57059 0
      vertex 82.15 -1.47224 4
      vertex 82.3494 -1.57059 4
    endloop
  endfacet
  facet normal 0.442349 0.896843 0
    outer loop
      vertex 82.15 -1.47224 4
      vertex 82.3494 -1.57059 0
      vertex 82.15 -1.47224 0
    endloop
  endfacet
  facet normal 0.659319 0.751863 -0
    outer loop
      vertex 81.9651 -1.3487 0
      vertex 81.7979 -1.20208 4
      vertex 81.9651 -1.3487 4
    endloop
  endfacet
  facet normal 0.659319 0.751863 0
    outer loop
      vertex 81.7979 -1.20208 4
      vertex 81.9651 -1.3487 0
      vertex 81.7979 -1.20208 0
    endloop
  endfacet
  facet normal 0.321403 0.946943 -0
    outer loop
      vertex 82.56 -1.64207 0
      vertex 82.3494 -1.57059 4
      vertex 82.56 -1.64207 4
    endloop
  endfacet
  facet normal 0.321403 0.946943 0
    outer loop
      vertex 82.3494 -1.57059 4
      vertex 82.56 -1.64207 0
      vertex 82.3494 -1.57059 0
    endloop
  endfacet
  facet normal 0.751888 0.659291 0
    outer loop
      vertex 81.7979 -1.20208 4
      vertex 81.6513 -1.03489 0
      vertex 81.6513 -1.03489 4
    endloop
  endfacet
  facet normal 0.751888 0.659291 0
    outer loop
      vertex 81.6513 -1.03489 0
      vertex 81.7979 -1.20208 4
      vertex 81.7979 -1.20208 0
    endloop
  endfacet
  facet normal -0.946901 -0.321526 0
    outer loop
      vertex 84.6421 0.439992 0
      vertex 84.5706 0.650561 4
      vertex 84.5706 0.650561 0
    endloop
  endfacet
  facet normal -0.946901 -0.321526 0
    outer loop
      vertex 84.5706 0.650561 4
      vertex 84.6421 0.439992 0
      vertex 84.6421 0.439992 4
    endloop
  endfacet
  facet normal -0.555551 -0.831483 0
    outer loop
      vertex 83.85 1.47224 0
      vertex 84.0349 1.3487 4
      vertex 83.85 1.47224 4
    endloop
  endfacet
  facet normal -0.555551 -0.831483 -0
    outer loop
      vertex 84.0349 1.3487 4
      vertex 83.85 1.47224 0
      vertex 84.0349 1.3487 0
    endloop
  endfacet
  facet normal 0.896787 -0.442463 0
    outer loop
      vertex 81.4294 0.650561 4
      vertex 81.5278 0.849999 0
      vertex 81.5278 0.849999 4
    endloop
  endfacet
  facet normal 0.896787 -0.442463 0
    outer loop
      vertex 81.5278 0.849999 0
      vertex 81.4294 0.650561 4
      vertex 81.4294 0.650561 0
    endloop
  endfacet
  facet normal 0.98077 -0.195167 0
    outer loop
      vertex 81.3145 0.221894 4
      vertex 81.3579 0.439992 0
      vertex 81.3579 0.439992 4
    endloop
  endfacet
  facet normal 0.98077 -0.195167 0
    outer loop
      vertex 81.3579 0.439992 0
      vertex 81.3145 0.221894 4
      vertex 81.3145 0.221894 0
    endloop
  endfacet
  facet normal 0.0653848 -0.99786 0
    outer loop
      vertex 82.7781 1.68546 0
      vertex 83 1.7 4
      vertex 82.7781 1.68546 4
    endloop
  endfacet
  facet normal 0.0653848 -0.99786 0
    outer loop
      vertex 83 1.7 4
      vertex 82.7781 1.68546 0
      vertex 83 1.7 0
    endloop
  endfacet
  facet normal -0.997872 0.0652074 0
    outer loop
      vertex 84.6855 -0.221894 0
      vertex 84.7 0 4
      vertex 84.7 0 0
    endloop
  endfacet
  facet normal -0.997872 0.0652074 0
    outer loop
      vertex 84.7 0 4
      vertex 84.6855 -0.221894 0
      vertex 84.6855 -0.221894 4
    endloop
  endfacet
  facet normal -0.0653848 0.99786 0
    outer loop
      vertex 83.2219 -1.68546 0
      vertex 83 -1.7 4
      vertex 83.2219 -1.68546 4
    endloop
  endfacet
  facet normal -0.0653848 0.99786 0
    outer loop
      vertex 83 -1.7 4
      vertex 83.2219 -1.68546 0
      vertex 83 -1.7 0
    endloop
  endfacet
  facet normal -0.321403 0.946943 0
    outer loop
      vertex 83.6506 -1.57059 0
      vertex 83.44 -1.64207 4
      vertex 83.6506 -1.57059 4
    endloop
  endfacet
  facet normal -0.321403 0.946943 0
    outer loop
      vertex 83.44 -1.64207 4
      vertex 83.6506 -1.57059 0
      vertex 83.44 -1.64207 0
    endloop
  endfacet
  facet normal -0.442349 0.896843 0
    outer loop
      vertex 83.85 -1.47224 0
      vertex 83.6506 -1.57059 4
      vertex 83.85 -1.47224 4
    endloop
  endfacet
  facet normal -0.442349 0.896843 0
    outer loop
      vertex 83.6506 -1.57059 4
      vertex 83.85 -1.47224 0
      vertex 83.6506 -1.57059 0
    endloop
  endfacet
  facet normal -0.659319 0.751863 0
    outer loop
      vertex 84.2021 -1.20208 0
      vertex 84.0349 -1.3487 4
      vertex 84.2021 -1.20208 4
    endloop
  endfacet
  facet normal -0.659319 0.751863 0
    outer loop
      vertex 84.0349 -1.3487 4
      vertex 84.2021 -1.20208 0
      vertex 84.0349 -1.3487 0
    endloop
  endfacet
  facet normal -0.555551 0.831483 0
    outer loop
      vertex 84.0349 -1.3487 0
      vertex 83.85 -1.47224 4
      vertex 84.0349 -1.3487 4
    endloop
  endfacet
  facet normal -0.555551 0.831483 0
    outer loop
      vertex 83.85 -1.47224 4
      vertex 84.0349 -1.3487 0
      vertex 83.85 -1.47224 0
    endloop
  endfacet
  facet normal -0.946901 0.321526 0
    outer loop
      vertex 84.5706 -0.650561 0
      vertex 84.6421 -0.439992 4
      vertex 84.6421 -0.439992 0
    endloop
  endfacet
  facet normal -0.946901 0.321526 0
    outer loop
      vertex 84.6421 -0.439992 4
      vertex 84.5706 -0.650561 0
      vertex 84.5706 -0.650561 4
    endloop
  endfacet
  facet normal -0.831553 0.555445 0
    outer loop
      vertex 84.3487 -1.03489 0
      vertex 84.4722 -0.849999 4
      vertex 84.4722 -0.849999 0
    endloop
  endfacet
  facet normal -0.831553 0.555445 0
    outer loop
      vertex 84.4722 -0.849999 4
      vertex 84.3487 -1.03489 0
      vertex 84.3487 -1.03489 4
    endloop
  endfacet
  facet normal -0.896787 0.442463 0
    outer loop
      vertex 84.4722 -0.849999 0
      vertex 84.5706 -0.650561 4
      vertex 84.5706 -0.650561 0
    endloop
  endfacet
  facet normal -0.896787 0.442463 0
    outer loop
      vertex 84.5706 -0.650561 4
      vertex 84.4722 -0.849999 0
      vertex 84.4722 -0.849999 4
    endloop
  endfacet
  facet normal 0.555551 0.831483 -0
    outer loop
      vertex 82.15 -1.47224 0
      vertex 81.9651 -1.3487 4
      vertex 82.15 -1.47224 4
    endloop
  endfacet
  facet normal 0.555551 0.831483 0
    outer loop
      vertex 81.9651 -1.3487 4
      vertex 82.15 -1.47224 0
      vertex 81.9651 -1.3487 0
    endloop
  endfacet
  facet normal 0.195122 0.980779 -0
    outer loop
      vertex 82.7781 -1.68546 0
      vertex 82.56 -1.64207 4
      vertex 82.7781 -1.68546 4
    endloop
  endfacet
  facet normal 0.195122 0.980779 0
    outer loop
      vertex 82.56 -1.64207 4
      vertex 82.7781 -1.68546 0
      vertex 82.56 -1.64207 0
    endloop
  endfacet
  facet normal 0.896787 0.442463 0
    outer loop
      vertex 81.5278 -0.849999 4
      vertex 81.4294 -0.650561 0
      vertex 81.4294 -0.650561 4
    endloop
  endfacet
  facet normal 0.896787 0.442463 0
    outer loop
      vertex 81.4294 -0.650561 0
      vertex 81.5278 -0.849999 4
      vertex 81.5278 -0.849999 0
    endloop
  endfacet
  facet normal 0.946901 0.321526 0
    outer loop
      vertex 81.4294 -0.650561 4
      vertex 81.3579 -0.439992 0
      vertex 81.3579 -0.439992 4
    endloop
  endfacet
  facet normal 0.946901 0.321526 0
    outer loop
      vertex 81.3579 -0.439992 0
      vertex 81.4294 -0.650561 4
      vertex 81.4294 -0.650561 0
    endloop
  endfacet
  facet normal 0.997872 0.0652074 0
    outer loop
      vertex 81.3145 -0.221894 4
      vertex 81.3 0 0
      vertex 81.3 0 4
    endloop
  endfacet
  facet normal 0.997872 0.0652074 0
    outer loop
      vertex 81.3 0 0
      vertex 81.3145 -0.221894 4
      vertex 81.3145 -0.221894 0
    endloop
  endfacet
  facet normal -0.751888 -0.659291 0
    outer loop
      vertex 84.3487 1.03489 0
      vertex 84.2021 1.20208 4
      vertex 84.2021 1.20208 0
    endloop
  endfacet
  facet normal -0.751888 -0.659291 0
    outer loop
      vertex 84.2021 1.20208 4
      vertex 84.3487 1.03489 0
      vertex 84.3487 1.03489 4
    endloop
  endfacet
  facet normal 0.442349 -0.896843 0
    outer loop
      vertex 82.15 1.47224 0
      vertex 82.3494 1.57059 4
      vertex 82.15 1.47224 4
    endloop
  endfacet
  facet normal 0.442349 -0.896843 0
    outer loop
      vertex 82.3494 1.57059 4
      vertex 82.15 1.47224 0
      vertex 82.3494 1.57059 0
    endloop
  endfacet
  facet normal -0.195122 0.980779 0
    outer loop
      vertex 83.44 -1.64207 0
      vertex 83.2219 -1.68546 4
      vertex 83.44 -1.64207 4
    endloop
  endfacet
  facet normal -0.195122 0.980779 0
    outer loop
      vertex 83.2219 -1.68546 4
      vertex 83.44 -1.64207 0
      vertex 83.2219 -1.68546 0
    endloop
  endfacet
  facet normal 0.831553 0.555445 0
    outer loop
      vertex 81.6513 -1.03489 4
      vertex 81.5278 -0.849999 0
      vertex 81.5278 -0.849999 4
    endloop
  endfacet
  facet normal 0.831553 0.555445 0
    outer loop
      vertex 81.5278 -0.849999 0
      vertex 81.6513 -1.03489 4
      vertex 81.6513 -1.03489 0
    endloop
  endfacet
  facet normal 0.98077 0.195167 0
    outer loop
      vertex 81.3579 -0.439992 4
      vertex 81.3145 -0.221894 0
      vertex 81.3145 -0.221894 4
    endloop
  endfacet
  facet normal 0.98077 0.195167 0
    outer loop
      vertex 81.3145 -0.221894 0
      vertex 81.3579 -0.439992 4
      vertex 81.3579 -0.439992 0
    endloop
  endfacet
  facet normal -0.831566 -0.555426 0
    outer loop
      vertex -61.6278 -31.975 0
      vertex -61.7513 -31.7901 12
      vertex -61.7513 -31.7901 0
    endloop
  endfacet
  facet normal -0.831566 -0.555426 0
    outer loop
      vertex -61.7513 -31.7901 12
      vertex -61.6278 -31.975 0
      vertex -61.6278 -31.975 12
    endloop
  endfacet
  facet normal -0.321484 -0.946915 0
    outer loop
      vertex -62.66 -31.1829 0
      vertex -62.4494 -31.2544 12
      vertex -62.66 -31.1829 12
    endloop
  endfacet
  facet normal -0.321484 -0.946915 -0
    outer loop
      vertex -62.4494 -31.2544 12
      vertex -62.66 -31.1829 0
      vertex -62.4494 -31.2544 0
    endloop
  endfacet
  facet normal 0.44253 -0.896754 0
    outer loop
      vertex -63.95 -31.3528 0
      vertex -63.7506 -31.2544 12
      vertex -63.95 -31.3528 12
    endloop
  endfacet
  facet normal 0.44253 -0.896754 0
    outer loop
      vertex -63.7506 -31.2544 12
      vertex -63.95 -31.3528 0
      vertex -63.7506 -31.2544 0
    endloop
  endfacet
  facet normal 0.896754 -0.44253 0
    outer loop
      vertex -64.6706 -32.1744 12
      vertex -64.5722 -31.975 0
      vertex -64.5722 -31.975 12
    endloop
  endfacet
  facet normal 0.896754 -0.44253 0
    outer loop
      vertex -64.5722 -31.975 0
      vertex -64.6706 -32.1744 12
      vertex -64.6706 -32.1744 0
    endloop
  endfacet
  facet normal -0.659268 -0.751908 0
    outer loop
      vertex -62.0651 -31.4763 0
      vertex -61.8979 -31.6229 12
      vertex -62.0651 -31.4763 12
    endloop
  endfacet
  facet normal -0.659268 -0.751908 -0
    outer loop
      vertex -61.8979 -31.6229 12
      vertex -62.0651 -31.4763 0
      vertex -61.8979 -31.6229 0
    endloop
  endfacet
  facet normal 0.0652057 -0.997872 0
    outer loop
      vertex -63.3219 -31.1395 0
      vertex -63.1 -31.125 12
      vertex -63.3219 -31.1395 12
    endloop
  endfacet
  facet normal 0.0652057 -0.997872 0
    outer loop
      vertex -63.1 -31.125 12
      vertex -63.3219 -31.1395 0
      vertex -63.1 -31.125 0
    endloop
  endfacet
  facet normal -0.44253 -0.896754 0
    outer loop
      vertex -62.4494 -31.2544 0
      vertex -62.25 -31.3528 12
      vertex -62.4494 -31.2544 12
    endloop
  endfacet
  facet normal -0.44253 -0.896754 -0
    outer loop
      vertex -62.25 -31.3528 12
      vertex -62.4494 -31.2544 0
      vertex -62.25 -31.3528 0
    endloop
  endfacet
  facet normal 0.997872 -0.0652057 0
    outer loop
      vertex -64.8 -32.825 12
      vertex -64.7855 -32.6031 0
      vertex -64.7855 -32.6031 12
    endloop
  endfacet
  facet normal 0.997872 -0.0652057 0
    outer loop
      vertex -64.7855 -32.6031 0
      vertex -64.8 -32.825 12
      vertex -64.8 -32.825 0
    endloop
  endfacet
  facet normal 0.831566 -0.555426 0
    outer loop
      vertex -64.5722 -31.975 12
      vertex -64.4487 -31.7901 0
      vertex -64.4487 -31.7901 12
    endloop
  endfacet
  facet normal 0.831566 -0.555426 0
    outer loop
      vertex -64.4487 -31.7901 0
      vertex -64.5722 -31.975 12
      vertex -64.5722 -31.975 0
    endloop
  endfacet
  facet normal 0.195165 -0.98077 0
    outer loop
      vertex -63.54 -31.1829 0
      vertex -63.3219 -31.1395 12
      vertex -63.54 -31.1829 12
    endloop
  endfacet
  facet normal 0.195165 -0.98077 0
    outer loop
      vertex -63.3219 -31.1395 12
      vertex -63.54 -31.1829 0
      vertex -63.3219 -31.1395 0
    endloop
  endfacet
  facet normal 0.751908 -0.659268 0
    outer loop
      vertex -64.4487 -31.7901 12
      vertex -64.3021 -31.6229 0
      vertex -64.3021 -31.6229 12
    endloop
  endfacet
  facet normal 0.751908 -0.659268 0
    outer loop
      vertex -64.3021 -31.6229 0
      vertex -64.4487 -31.7901 12
      vertex -64.4487 -31.7901 0
    endloop
  endfacet
  facet normal -0.555426 0.831566 0
    outer loop
      vertex -62.0651 -34.1737 0
      vertex -62.25 -34.2972 12
      vertex -62.0651 -34.1737 12
    endloop
  endfacet
  facet normal -0.555426 0.831566 0
    outer loop
      vertex -62.25 -34.2972 12
      vertex -62.0651 -34.1737 0
      vertex -62.25 -34.2972 0
    endloop
  endfacet
  facet normal 0.659268 0.751908 -0
    outer loop
      vertex -64.1349 -34.1737 0
      vertex -64.3021 -34.0271 12
      vertex -64.1349 -34.1737 12
    endloop
  endfacet
  facet normal 0.659268 0.751908 0
    outer loop
      vertex -64.3021 -34.0271 12
      vertex -64.1349 -34.1737 0
      vertex -64.3021 -34.0271 0
    endloop
  endfacet
  facet normal 0.896754 0.44253 0
    outer loop
      vertex -64.5722 -33.675 12
      vertex -64.6706 -33.4756 0
      vertex -64.6706 -33.4756 12
    endloop
  endfacet
  facet normal 0.896754 0.44253 0
    outer loop
      vertex -64.6706 -33.4756 0
      vertex -64.5722 -33.675 12
      vertex -64.5722 -33.675 0
    endloop
  endfacet
  facet normal -0.751908 -0.659268 0
    outer loop
      vertex -61.7513 -31.7901 0
      vertex -61.8979 -31.6229 12
      vertex -61.8979 -31.6229 0
    endloop
  endfacet
  facet normal -0.751908 -0.659268 0
    outer loop
      vertex -61.8979 -31.6229 12
      vertex -61.7513 -31.7901 0
      vertex -61.7513 -31.7901 12
    endloop
  endfacet
  facet normal -0.195165 -0.98077 0
    outer loop
      vertex -62.8781 -31.1395 0
      vertex -62.66 -31.1829 12
      vertex -62.8781 -31.1395 12
    endloop
  endfacet
  facet normal -0.195165 -0.98077 -0
    outer loop
      vertex -62.66 -31.1829 12
      vertex -62.8781 -31.1395 0
      vertex -62.66 -31.1829 0
    endloop
  endfacet
  facet normal -0.0652057 -0.997872 0
    outer loop
      vertex -63.1 -31.125 0
      vertex -62.8781 -31.1395 12
      vertex -63.1 -31.125 12
    endloop
  endfacet
  facet normal -0.0652057 -0.997872 -0
    outer loop
      vertex -62.8781 -31.1395 12
      vertex -63.1 -31.125 0
      vertex -62.8781 -31.1395 0
    endloop
  endfacet
  facet normal -0.555426 -0.831566 0
    outer loop
      vertex -62.25 -31.3528 0
      vertex -62.0651 -31.4763 12
      vertex -62.25 -31.3528 12
    endloop
  endfacet
  facet normal -0.555426 -0.831566 -0
    outer loop
      vertex -62.0651 -31.4763 12
      vertex -62.25 -31.3528 0
      vertex -62.0651 -31.4763 0
    endloop
  endfacet
  facet normal 0.946915 -0.321484 0
    outer loop
      vertex -64.7421 -32.385 12
      vertex -64.6706 -32.1744 0
      vertex -64.6706 -32.1744 12
    endloop
  endfacet
  facet normal 0.946915 -0.321484 0
    outer loop
      vertex -64.6706 -32.1744 0
      vertex -64.7421 -32.385 12
      vertex -64.7421 -32.385 0
    endloop
  endfacet
  facet normal 0.98077 -0.195165 0
    outer loop
      vertex -64.7855 -32.6031 12
      vertex -64.7421 -32.385 0
      vertex -64.7421 -32.385 12
    endloop
  endfacet
  facet normal 0.98077 -0.195165 0
    outer loop
      vertex -64.7421 -32.385 0
      vertex -64.7855 -32.6031 12
      vertex -64.7855 -32.6031 0
    endloop
  endfacet
  facet normal 0.321484 -0.946915 0
    outer loop
      vertex -63.7506 -31.2544 0
      vertex -63.54 -31.1829 12
      vertex -63.7506 -31.2544 12
    endloop
  endfacet
  facet normal 0.321484 -0.946915 0
    outer loop
      vertex -63.54 -31.1829 12
      vertex -63.7506 -31.2544 0
      vertex -63.54 -31.1829 0
    endloop
  endfacet
  facet normal 0.659268 -0.751908 0
    outer loop
      vertex -64.3021 -31.6229 0
      vertex -64.1349 -31.4763 12
      vertex -64.3021 -31.6229 12
    endloop
  endfacet
  facet normal 0.659268 -0.751908 0
    outer loop
      vertex -64.1349 -31.4763 12
      vertex -64.3021 -31.6229 0
      vertex -64.1349 -31.4763 0
    endloop
  endfacet
  facet normal 0.555426 -0.831566 0
    outer loop
      vertex -64.1349 -31.4763 0
      vertex -63.95 -31.3528 12
      vertex -64.1349 -31.4763 12
    endloop
  endfacet
  facet normal 0.555426 -0.831566 0
    outer loop
      vertex -63.95 -31.3528 12
      vertex -64.1349 -31.4763 0
      vertex -63.95 -31.3528 0
    endloop
  endfacet
  facet normal -0.997872 -0.0652057 0
    outer loop
      vertex -61.4 -32.825 0
      vertex -61.4145 -32.6031 12
      vertex -61.4145 -32.6031 0
    endloop
  endfacet
  facet normal -0.997872 -0.0652057 0
    outer loop
      vertex -61.4145 -32.6031 12
      vertex -61.4 -32.825 0
      vertex -61.4 -32.825 12
    endloop
  endfacet
  facet normal -0.997872 0.0652057 0
    outer loop
      vertex -61.4145 -33.0469 0
      vertex -61.4 -32.825 12
      vertex -61.4 -32.825 0
    endloop
  endfacet
  facet normal -0.997872 0.0652057 0
    outer loop
      vertex -61.4 -32.825 12
      vertex -61.4145 -33.0469 0
      vertex -61.4145 -33.0469 12
    endloop
  endfacet
  facet normal -0.98077 0.195165 0
    outer loop
      vertex -61.4579 -33.265 0
      vertex -61.4145 -33.0469 12
      vertex -61.4145 -33.0469 0
    endloop
  endfacet
  facet normal -0.98077 0.195165 0
    outer loop
      vertex -61.4145 -33.0469 12
      vertex -61.4579 -33.265 0
      vertex -61.4579 -33.265 12
    endloop
  endfacet
  facet normal -0.0652057 0.997872 0
    outer loop
      vertex -62.8781 -34.5105 0
      vertex -63.1 -34.525 12
      vertex -62.8781 -34.5105 12
    endloop
  endfacet
  facet normal -0.0652057 0.997872 0
    outer loop
      vertex -63.1 -34.525 12
      vertex -62.8781 -34.5105 0
      vertex -63.1 -34.525 0
    endloop
  endfacet
  facet normal 0.831566 0.555426 0
    outer loop
      vertex -64.4487 -33.8599 12
      vertex -64.5722 -33.675 0
      vertex -64.5722 -33.675 12
    endloop
  endfacet
  facet normal 0.831566 0.555426 0
    outer loop
      vertex -64.5722 -33.675 0
      vertex -64.4487 -33.8599 12
      vertex -64.4487 -33.8599 0
    endloop
  endfacet
  facet normal -0.195165 0.98077 0
    outer loop
      vertex -62.66 -34.4671 0
      vertex -62.8781 -34.5105 12
      vertex -62.66 -34.4671 12
    endloop
  endfacet
  facet normal -0.195165 0.98077 0
    outer loop
      vertex -62.8781 -34.5105 12
      vertex -62.66 -34.4671 0
      vertex -62.8781 -34.5105 0
    endloop
  endfacet
  facet normal -0.44253 0.896754 0
    outer loop
      vertex -62.25 -34.2972 0
      vertex -62.4494 -34.3956 12
      vertex -62.25 -34.2972 12
    endloop
  endfacet
  facet normal -0.44253 0.896754 0
    outer loop
      vertex -62.4494 -34.3956 12
      vertex -62.25 -34.2972 0
      vertex -62.4494 -34.3956 0
    endloop
  endfacet
  facet normal -0.896754 -0.44253 0
    outer loop
      vertex -61.5294 -32.1744 0
      vertex -61.6278 -31.975 12
      vertex -61.6278 -31.975 0
    endloop
  endfacet
  facet normal -0.896754 -0.44253 0
    outer loop
      vertex -61.6278 -31.975 12
      vertex -61.5294 -32.1744 0
      vertex -61.5294 -32.1744 12
    endloop
  endfacet
  facet normal -0.946915 -0.321484 0
    outer loop
      vertex -61.4579 -32.385 0
      vertex -61.5294 -32.1744 12
      vertex -61.5294 -32.1744 0
    endloop
  endfacet
  facet normal -0.946915 -0.321484 0
    outer loop
      vertex -61.5294 -32.1744 12
      vertex -61.4579 -32.385 0
      vertex -61.4579 -32.385 12
    endloop
  endfacet
  facet normal -0.98077 -0.195165 0
    outer loop
      vertex -61.4145 -32.6031 0
      vertex -61.4579 -32.385 12
      vertex -61.4579 -32.385 0
    endloop
  endfacet
  facet normal -0.98077 -0.195165 0
    outer loop
      vertex -61.4579 -32.385 12
      vertex -61.4145 -32.6031 0
      vertex -61.4145 -32.6031 12
    endloop
  endfacet
  facet normal -0.751908 0.659268 0
    outer loop
      vertex -61.8979 -34.0271 0
      vertex -61.7513 -33.8599 12
      vertex -61.7513 -33.8599 0
    endloop
  endfacet
  facet normal -0.751908 0.659268 0
    outer loop
      vertex -61.7513 -33.8599 12
      vertex -61.8979 -34.0271 0
      vertex -61.8979 -34.0271 12
    endloop
  endfacet
  facet normal -0.831566 0.555426 0
    outer loop
      vertex -61.7513 -33.8599 0
      vertex -61.6278 -33.675 12
      vertex -61.6278 -33.675 0
    endloop
  endfacet
  facet normal -0.831566 0.555426 0
    outer loop
      vertex -61.6278 -33.675 12
      vertex -61.7513 -33.8599 0
      vertex -61.7513 -33.8599 12
    endloop
  endfacet
  facet normal -0.896754 0.44253 0
    outer loop
      vertex -61.6278 -33.675 0
      vertex -61.5294 -33.4756 12
      vertex -61.5294 -33.4756 0
    endloop
  endfacet
  facet normal -0.896754 0.44253 0
    outer loop
      vertex -61.5294 -33.4756 12
      vertex -61.6278 -33.675 0
      vertex -61.6278 -33.675 12
    endloop
  endfacet
  facet normal 0.555426 0.831566 -0
    outer loop
      vertex -63.95 -34.2972 0
      vertex -64.1349 -34.1737 12
      vertex -63.95 -34.2972 12
    endloop
  endfacet
  facet normal 0.555426 0.831566 0
    outer loop
      vertex -64.1349 -34.1737 12
      vertex -63.95 -34.2972 0
      vertex -64.1349 -34.1737 0
    endloop
  endfacet
  facet normal 0.321484 0.946915 -0
    outer loop
      vertex -63.54 -34.4671 0
      vertex -63.7506 -34.3956 12
      vertex -63.54 -34.4671 12
    endloop
  endfacet
  facet normal 0.321484 0.946915 0
    outer loop
      vertex -63.7506 -34.3956 12
      vertex -63.54 -34.4671 0
      vertex -63.7506 -34.3956 0
    endloop
  endfacet
  facet normal 0.946915 0.321484 0
    outer loop
      vertex -64.6706 -33.4756 12
      vertex -64.7421 -33.265 0
      vertex -64.7421 -33.265 12
    endloop
  endfacet
  facet normal 0.946915 0.321484 0
    outer loop
      vertex -64.7421 -33.265 0
      vertex -64.6706 -33.4756 12
      vertex -64.6706 -33.4756 0
    endloop
  endfacet
  facet normal 0.98077 0.195165 0
    outer loop
      vertex -64.7421 -33.265 12
      vertex -64.7855 -33.0469 0
      vertex -64.7855 -33.0469 12
    endloop
  endfacet
  facet normal 0.98077 0.195165 0
    outer loop
      vertex -64.7855 -33.0469 0
      vertex -64.7421 -33.265 12
      vertex -64.7421 -33.265 0
    endloop
  endfacet
  facet normal 0.997872 0.0652057 0
    outer loop
      vertex -64.7855 -33.0469 12
      vertex -64.8 -32.825 0
      vertex -64.8 -32.825 12
    endloop
  endfacet
  facet normal 0.997872 0.0652057 0
    outer loop
      vertex -64.8 -32.825 0
      vertex -64.7855 -33.0469 12
      vertex -64.7855 -33.0469 0
    endloop
  endfacet
  facet normal 0.751908 0.659268 0
    outer loop
      vertex -64.3021 -34.0271 12
      vertex -64.4487 -33.8599 0
      vertex -64.4487 -33.8599 12
    endloop
  endfacet
  facet normal 0.751908 0.659268 0
    outer loop
      vertex -64.4487 -33.8599 0
      vertex -64.3021 -34.0271 12
      vertex -64.3021 -34.0271 0
    endloop
  endfacet
  facet normal -0.321484 0.946915 0
    outer loop
      vertex -62.4494 -34.3956 0
      vertex -62.66 -34.4671 12
      vertex -62.4494 -34.3956 12
    endloop
  endfacet
  facet normal -0.321484 0.946915 0
    outer loop
      vertex -62.66 -34.4671 12
      vertex -62.4494 -34.3956 0
      vertex -62.66 -34.4671 0
    endloop
  endfacet
  facet normal -0.659268 0.751908 0
    outer loop
      vertex -61.8979 -34.0271 0
      vertex -62.0651 -34.1737 12
      vertex -61.8979 -34.0271 12
    endloop
  endfacet
  facet normal -0.659268 0.751908 0
    outer loop
      vertex -62.0651 -34.1737 12
      vertex -61.8979 -34.0271 0
      vertex -62.0651 -34.1737 0
    endloop
  endfacet
  facet normal -0.946915 0.321484 0
    outer loop
      vertex -61.5294 -33.4756 0
      vertex -61.4579 -33.265 12
      vertex -61.4579 -33.265 0
    endloop
  endfacet
  facet normal -0.946915 0.321484 0
    outer loop
      vertex -61.4579 -33.265 12
      vertex -61.5294 -33.4756 0
      vertex -61.5294 -33.4756 12
    endloop
  endfacet
  facet normal 0.195165 0.98077 -0
    outer loop
      vertex -63.3219 -34.5105 0
      vertex -63.54 -34.4671 12
      vertex -63.3219 -34.5105 12
    endloop
  endfacet
  facet normal 0.195165 0.98077 0
    outer loop
      vertex -63.54 -34.4671 12
      vertex -63.3219 -34.5105 0
      vertex -63.54 -34.4671 0
    endloop
  endfacet
  facet normal 0.44253 0.896754 -0
    outer loop
      vertex -63.7506 -34.3956 0
      vertex -63.95 -34.2972 12
      vertex -63.7506 -34.3956 12
    endloop
  endfacet
  facet normal 0.44253 0.896754 0
    outer loop
      vertex -63.95 -34.2972 12
      vertex -63.7506 -34.3956 0
      vertex -63.95 -34.2972 0
    endloop
  endfacet
  facet normal 0.0652057 0.997872 -0
    outer loop
      vertex -63.1 -34.525 0
      vertex -63.3219 -34.5105 12
      vertex -63.1 -34.525 12
    endloop
  endfacet
  facet normal 0.0652057 0.997872 0
    outer loop
      vertex -63.3219 -34.5105 12
      vertex -63.1 -34.525 0
      vertex -63.3219 -34.5105 0
    endloop
  endfacet
  facet normal -0.555426 -0.831566 0
    outer loop
      vertex -62.25 34.2972 0
      vertex -62.0651 34.1737 12
      vertex -62.25 34.2972 12
    endloop
  endfacet
  facet normal -0.555426 -0.831566 -0
    outer loop
      vertex -62.0651 34.1737 12
      vertex -62.25 34.2972 0
      vertex -62.0651 34.1737 0
    endloop
  endfacet
  facet normal 0.98077 -0.195165 0
    outer loop
      vertex -64.7855 33.0469 12
      vertex -64.7421 33.265 0
      vertex -64.7421 33.265 12
    endloop
  endfacet
  facet normal 0.98077 -0.195165 0
    outer loop
      vertex -64.7421 33.265 0
      vertex -64.7855 33.0469 12
      vertex -64.7855 33.0469 0
    endloop
  endfacet
  facet normal -0.98077 0.195165 0
    outer loop
      vertex -61.4579 32.385 0
      vertex -61.4145 32.6031 12
      vertex -61.4145 32.6031 0
    endloop
  endfacet
  facet normal -0.98077 0.195165 0
    outer loop
      vertex -61.4145 32.6031 12
      vertex -61.4579 32.385 0
      vertex -61.4579 32.385 12
    endloop
  endfacet
  facet normal 0.44253 -0.896754 0
    outer loop
      vertex -63.95 34.2972 0
      vertex -63.7506 34.3956 12
      vertex -63.95 34.2972 12
    endloop
  endfacet
  facet normal 0.44253 -0.896754 0
    outer loop
      vertex -63.7506 34.3956 12
      vertex -63.95 34.2972 0
      vertex -63.7506 34.3956 0
    endloop
  endfacet
  facet normal 0.946915 -0.321484 0
    outer loop
      vertex -64.7421 33.265 12
      vertex -64.6706 33.4756 0
      vertex -64.6706 33.4756 12
    endloop
  endfacet
  facet normal 0.946915 -0.321484 0
    outer loop
      vertex -64.6706 33.4756 0
      vertex -64.7421 33.265 12
      vertex -64.7421 33.265 0
    endloop
  endfacet
  facet normal -0.896754 -0.44253 0
    outer loop
      vertex -61.5294 33.4756 0
      vertex -61.6278 33.675 12
      vertex -61.6278 33.675 0
    endloop
  endfacet
  facet normal -0.896754 -0.44253 0
    outer loop
      vertex -61.6278 33.675 12
      vertex -61.5294 33.4756 0
      vertex -61.5294 33.4756 12
    endloop
  endfacet
  facet normal -0.98077 -0.195165 0
    outer loop
      vertex -61.4145 33.0469 0
      vertex -61.4579 33.265 12
      vertex -61.4579 33.265 0
    endloop
  endfacet
  facet normal -0.98077 -0.195165 0
    outer loop
      vertex -61.4579 33.265 12
      vertex -61.4145 33.0469 0
      vertex -61.4145 33.0469 12
    endloop
  endfacet
  facet normal -0.831566 -0.555426 0
    outer loop
      vertex -61.6278 33.675 0
      vertex -61.7513 33.8599 12
      vertex -61.7513 33.8599 0
    endloop
  endfacet
  facet normal -0.831566 -0.555426 0
    outer loop
      vertex -61.7513 33.8599 12
      vertex -61.6278 33.675 0
      vertex -61.6278 33.675 12
    endloop
  endfacet
  facet normal -0.659268 -0.751908 0
    outer loop
      vertex -62.0651 34.1737 0
      vertex -61.8979 34.0271 12
      vertex -62.0651 34.1737 12
    endloop
  endfacet
  facet normal -0.659268 -0.751908 -0
    outer loop
      vertex -61.8979 34.0271 12
      vertex -62.0651 34.1737 0
      vertex -61.8979 34.0271 0
    endloop
  endfacet
  facet normal -0.321484 -0.946915 0
    outer loop
      vertex -62.66 34.4671 0
      vertex -62.4494 34.3956 12
      vertex -62.66 34.4671 12
    endloop
  endfacet
  facet normal -0.321484 -0.946915 -0
    outer loop
      vertex -62.4494 34.3956 12
      vertex -62.66 34.4671 0
      vertex -62.4494 34.3956 0
    endloop
  endfacet
  facet normal -0.195165 -0.98077 0
    outer loop
      vertex -62.8781 34.5105 0
      vertex -62.66 34.4671 12
      vertex -62.8781 34.5105 12
    endloop
  endfacet
  facet normal -0.195165 -0.98077 -0
    outer loop
      vertex -62.66 34.4671 12
      vertex -62.8781 34.5105 0
      vertex -62.66 34.4671 0
    endloop
  endfacet
  facet normal -0.0652057 -0.997872 0
    outer loop
      vertex -63.1 34.525 0
      vertex -62.8781 34.5105 12
      vertex -63.1 34.525 12
    endloop
  endfacet
  facet normal -0.0652057 -0.997872 -0
    outer loop
      vertex -62.8781 34.5105 12
      vertex -63.1 34.525 0
      vertex -62.8781 34.5105 0
    endloop
  endfacet
  facet normal 0.997872 -0.0652057 0
    outer loop
      vertex -64.8 32.825 12
      vertex -64.7855 33.0469 0
      vertex -64.7855 33.0469 12
    endloop
  endfacet
  facet normal 0.997872 -0.0652057 0
    outer loop
      vertex -64.7855 33.0469 0
      vertex -64.8 32.825 12
      vertex -64.8 32.825 0
    endloop
  endfacet
  facet normal 0.831566 -0.555426 0
    outer loop
      vertex -64.5722 33.675 12
      vertex -64.4487 33.8599 0
      vertex -64.4487 33.8599 12
    endloop
  endfacet
  facet normal 0.831566 -0.555426 0
    outer loop
      vertex -64.4487 33.8599 0
      vertex -64.5722 33.675 12
      vertex -64.5722 33.675 0
    endloop
  endfacet
  facet normal 0.195165 -0.98077 0
    outer loop
      vertex -63.54 34.4671 0
      vertex -63.3219 34.5105 12
      vertex -63.54 34.4671 12
    endloop
  endfacet
  facet normal 0.195165 -0.98077 0
    outer loop
      vertex -63.3219 34.5105 12
      vertex -63.54 34.4671 0
      vertex -63.3219 34.5105 0
    endloop
  endfacet
  facet normal 0.751908 -0.659268 0
    outer loop
      vertex -64.4487 33.8599 12
      vertex -64.3021 34.0271 0
      vertex -64.3021 34.0271 12
    endloop
  endfacet
  facet normal 0.751908 -0.659268 0
    outer loop
      vertex -64.3021 34.0271 0
      vertex -64.4487 33.8599 12
      vertex -64.4487 33.8599 0
    endloop
  endfacet
  facet normal -0.997872 0.0652057 0
    outer loop
      vertex -61.4145 32.6031 0
      vertex -61.4 32.825 12
      vertex -61.4 32.825 0
    endloop
  endfacet
  facet normal -0.997872 0.0652057 0
    outer loop
      vertex -61.4 32.825 12
      vertex -61.4145 32.6031 0
      vertex -61.4145 32.6031 12
    endloop
  endfacet
  facet normal -0.195165 0.98077 0
    outer loop
      vertex -62.66 31.1829 0
      vertex -62.8781 31.1395 12
      vertex -62.66 31.1829 12
    endloop
  endfacet
  facet normal -0.195165 0.98077 0
    outer loop
      vertex -62.8781 31.1395 12
      vertex -62.66 31.1829 0
      vertex -62.8781 31.1395 0
    endloop
  endfacet
  facet normal -0.831566 0.555426 0
    outer loop
      vertex -61.7513 31.7901 0
      vertex -61.6278 31.975 12
      vertex -61.6278 31.975 0
    endloop
  endfacet
  facet normal -0.831566 0.555426 0
    outer loop
      vertex -61.6278 31.975 12
      vertex -61.7513 31.7901 0
      vertex -61.7513 31.7901 12
    endloop
  endfacet
  facet normal -0.0652057 0.997872 0
    outer loop
      vertex -62.8781 31.1395 0
      vertex -63.1 31.125 12
      vertex -62.8781 31.1395 12
    endloop
  endfacet
  facet normal -0.0652057 0.997872 0
    outer loop
      vertex -63.1 31.125 12
      vertex -62.8781 31.1395 0
      vertex -63.1 31.125 0
    endloop
  endfacet
  facet normal 0.555426 0.831566 -0
    outer loop
      vertex -63.95 31.3528 0
      vertex -64.1349 31.4763 12
      vertex -63.95 31.3528 12
    endloop
  endfacet
  facet normal 0.555426 0.831566 0
    outer loop
      vertex -64.1349 31.4763 12
      vertex -63.95 31.3528 0
      vertex -64.1349 31.4763 0
    endloop
  endfacet
  facet normal -0.946915 -0.321484 0
    outer loop
      vertex -61.4579 33.265 0
      vertex -61.5294 33.4756 12
      vertex -61.5294 33.4756 0
    endloop
  endfacet
  facet normal -0.946915 -0.321484 0
    outer loop
      vertex -61.5294 33.4756 12
      vertex -61.4579 33.265 0
      vertex -61.4579 33.265 12
    endloop
  endfacet
  facet normal -0.751908 -0.659268 0
    outer loop
      vertex -61.7513 33.8599 0
      vertex -61.8979 34.0271 12
      vertex -61.8979 34.0271 0
    endloop
  endfacet
  facet normal -0.751908 -0.659268 0
    outer loop
      vertex -61.8979 34.0271 12
      vertex -61.7513 33.8599 0
      vertex -61.7513 33.8599 12
    endloop
  endfacet
  facet normal 0.0652057 -0.997872 0
    outer loop
      vertex -63.3219 34.5105 0
      vertex -63.1 34.525 12
      vertex -63.3219 34.5105 12
    endloop
  endfacet
  facet normal 0.0652057 -0.997872 0
    outer loop
      vertex -63.1 34.525 12
      vertex -63.3219 34.5105 0
      vertex -63.1 34.525 0
    endloop
  endfacet
  facet normal -0.44253 -0.896754 0
    outer loop
      vertex -62.4494 34.3956 0
      vertex -62.25 34.2972 12
      vertex -62.4494 34.3956 12
    endloop
  endfacet
  facet normal -0.44253 -0.896754 -0
    outer loop
      vertex -62.25 34.2972 12
      vertex -62.4494 34.3956 0
      vertex -62.25 34.2972 0
    endloop
  endfacet
  facet normal 0.896754 -0.44253 0
    outer loop
      vertex -64.6706 33.4756 12
      vertex -64.5722 33.675 0
      vertex -64.5722 33.675 12
    endloop
  endfacet
  facet normal 0.896754 -0.44253 0
    outer loop
      vertex -64.5722 33.675 0
      vertex -64.6706 33.4756 12
      vertex -64.6706 33.4756 0
    endloop
  endfacet
  facet normal 0.321484 -0.946915 0
    outer loop
      vertex -63.7506 34.3956 0
      vertex -63.54 34.4671 12
      vertex -63.7506 34.3956 12
    endloop
  endfacet
  facet normal 0.321484 -0.946915 0
    outer loop
      vertex -63.54 34.4671 12
      vertex -63.7506 34.3956 0
      vertex -63.54 34.4671 0
    endloop
  endfacet
  facet normal 0.659268 -0.751908 0
    outer loop
      vertex -64.3021 34.0271 0
      vertex -64.1349 34.1737 12
      vertex -64.3021 34.0271 12
    endloop
  endfacet
  facet normal 0.659268 -0.751908 0
    outer loop
      vertex -64.1349 34.1737 12
      vertex -64.3021 34.0271 0
      vertex -64.1349 34.1737 0
    endloop
  endfacet
  facet normal 0.555426 -0.831566 0
    outer loop
      vertex -64.1349 34.1737 0
      vertex -63.95 34.2972 12
      vertex -64.1349 34.1737 12
    endloop
  endfacet
  facet normal 0.555426 -0.831566 0
    outer loop
      vertex -63.95 34.2972 12
      vertex -64.1349 34.1737 0
      vertex -63.95 34.2972 0
    endloop
  endfacet
  facet normal -0.997872 -0.0652057 0
    outer loop
      vertex -61.4 32.825 0
      vertex -61.4145 33.0469 12
      vertex -61.4145 33.0469 0
    endloop
  endfacet
  facet normal -0.997872 -0.0652057 0
    outer loop
      vertex -61.4145 33.0469 12
      vertex -61.4 32.825 0
      vertex -61.4 32.825 12
    endloop
  endfacet
  facet normal -0.321484 0.946915 0
    outer loop
      vertex -62.4494 31.2544 0
      vertex -62.66 31.1829 12
      vertex -62.4494 31.2544 12
    endloop
  endfacet
  facet normal -0.321484 0.946915 0
    outer loop
      vertex -62.66 31.1829 12
      vertex -62.4494 31.2544 0
      vertex -62.66 31.1829 0
    endloop
  endfacet
  facet normal -0.751908 0.659268 0
    outer loop
      vertex -61.8979 31.6229 0
      vertex -61.7513 31.7901 12
      vertex -61.7513 31.7901 0
    endloop
  endfacet
  facet normal -0.751908 0.659268 0
    outer loop
      vertex -61.7513 31.7901 12
      vertex -61.8979 31.6229 0
      vertex -61.8979 31.6229 12
    endloop
  endfacet
  facet normal -0.555426 0.831566 0
    outer loop
      vertex -62.0651 31.4763 0
      vertex -62.25 31.3528 12
      vertex -62.0651 31.4763 12
    endloop
  endfacet
  facet normal -0.555426 0.831566 0
    outer loop
      vertex -62.25 31.3528 12
      vertex -62.0651 31.4763 0
      vertex -62.25 31.3528 0
    endloop
  endfacet
  facet normal -0.896754 0.44253 0
    outer loop
      vertex -61.6278 31.975 0
      vertex -61.5294 32.1744 12
      vertex -61.5294 32.1744 0
    endloop
  endfacet
  facet normal -0.896754 0.44253 0
    outer loop
      vertex -61.5294 32.1744 12
      vertex -61.6278 31.975 0
      vertex -61.6278 31.975 12
    endloop
  endfacet
  facet normal 0.195165 0.98077 -0
    outer loop
      vertex -63.3219 31.1395 0
      vertex -63.54 31.1829 12
      vertex -63.3219 31.1395 12
    endloop
  endfacet
  facet normal 0.195165 0.98077 0
    outer loop
      vertex -63.54 31.1829 12
      vertex -63.3219 31.1395 0
      vertex -63.54 31.1829 0
    endloop
  endfacet
  facet normal 0.321484 0.946915 -0
    outer loop
      vertex -63.54 31.1829 0
      vertex -63.7506 31.2544 12
      vertex -63.54 31.1829 12
    endloop
  endfacet
  facet normal 0.321484 0.946915 0
    outer loop
      vertex -63.7506 31.2544 12
      vertex -63.54 31.1829 0
      vertex -63.7506 31.2544 0
    endloop
  endfacet
  facet normal 0.896754 0.44253 0
    outer loop
      vertex -64.5722 31.975 12
      vertex -64.6706 32.1744 0
      vertex -64.6706 32.1744 12
    endloop
  endfacet
  facet normal 0.896754 0.44253 0
    outer loop
      vertex -64.6706 32.1744 0
      vertex -64.5722 31.975 12
      vertex -64.5722 31.975 0
    endloop
  endfacet
  facet normal 0.98077 0.195165 0
    outer loop
      vertex -64.7421 32.385 12
      vertex -64.7855 32.6031 0
      vertex -64.7855 32.6031 12
    endloop
  endfacet
  facet normal 0.98077 0.195165 0
    outer loop
      vertex -64.7855 32.6031 0
      vertex -64.7421 32.385 12
      vertex -64.7421 32.385 0
    endloop
  endfacet
  facet normal 0.659268 0.751908 -0
    outer loop
      vertex -64.1349 31.4763 0
      vertex -64.3021 31.6229 12
      vertex -64.1349 31.4763 12
    endloop
  endfacet
  facet normal 0.659268 0.751908 0
    outer loop
      vertex -64.3021 31.6229 12
      vertex -64.1349 31.4763 0
      vertex -64.3021 31.6229 0
    endloop
  endfacet
  facet normal 0.831566 0.555426 0
    outer loop
      vertex -64.4487 31.7901 12
      vertex -64.5722 31.975 0
      vertex -64.5722 31.975 12
    endloop
  endfacet
  facet normal 0.831566 0.555426 0
    outer loop
      vertex -64.5722 31.975 0
      vertex -64.4487 31.7901 12
      vertex -64.4487 31.7901 0
    endloop
  endfacet
  facet normal 0.997872 0.0652057 0
    outer loop
      vertex -64.7855 32.6031 12
      vertex -64.8 32.825 0
      vertex -64.8 32.825 12
    endloop
  endfacet
  facet normal 0.997872 0.0652057 0
    outer loop
      vertex -64.8 32.825 0
      vertex -64.7855 32.6031 12
      vertex -64.7855 32.6031 0
    endloop
  endfacet
  facet normal -0.44253 0.896754 0
    outer loop
      vertex -62.25 31.3528 0
      vertex -62.4494 31.2544 12
      vertex -62.25 31.3528 12
    endloop
  endfacet
  facet normal -0.44253 0.896754 0
    outer loop
      vertex -62.4494 31.2544 12
      vertex -62.25 31.3528 0
      vertex -62.4494 31.2544 0
    endloop
  endfacet
  facet normal -0.659268 0.751908 0
    outer loop
      vertex -61.8979 31.6229 0
      vertex -62.0651 31.4763 12
      vertex -61.8979 31.6229 12
    endloop
  endfacet
  facet normal -0.659268 0.751908 0
    outer loop
      vertex -62.0651 31.4763 12
      vertex -61.8979 31.6229 0
      vertex -62.0651 31.4763 0
    endloop
  endfacet
  facet normal -0.946915 0.321484 0
    outer loop
      vertex -61.5294 32.1744 0
      vertex -61.4579 32.385 12
      vertex -61.4579 32.385 0
    endloop
  endfacet
  facet normal -0.946915 0.321484 0
    outer loop
      vertex -61.4579 32.385 12
      vertex -61.5294 32.1744 0
      vertex -61.5294 32.1744 12
    endloop
  endfacet
  facet normal 0.0652057 0.997872 -0
    outer loop
      vertex -63.1 31.125 0
      vertex -63.3219 31.1395 12
      vertex -63.1 31.125 12
    endloop
  endfacet
  facet normal 0.0652057 0.997872 0
    outer loop
      vertex -63.3219 31.1395 12
      vertex -63.1 31.125 0
      vertex -63.3219 31.1395 0
    endloop
  endfacet
  facet normal 0.44253 0.896754 -0
    outer loop
      vertex -63.7506 31.2544 0
      vertex -63.95 31.3528 12
      vertex -63.7506 31.2544 12
    endloop
  endfacet
  facet normal 0.44253 0.896754 0
    outer loop
      vertex -63.95 31.3528 12
      vertex -63.7506 31.2544 0
      vertex -63.95 31.3528 0
    endloop
  endfacet
  facet normal 0.946915 0.321484 0
    outer loop
      vertex -64.6706 32.1744 12
      vertex -64.7421 32.385 0
      vertex -64.7421 32.385 12
    endloop
  endfacet
  facet normal 0.946915 0.321484 0
    outer loop
      vertex -64.7421 32.385 0
      vertex -64.6706 32.1744 12
      vertex -64.6706 32.1744 0
    endloop
  endfacet
  facet normal 0.751908 0.659268 0
    outer loop
      vertex -64.3021 31.6229 12
      vertex -64.4487 31.7901 0
      vertex -64.4487 31.7901 12
    endloop
  endfacet
  facet normal 0.751908 0.659268 0
    outer loop
      vertex -64.4487 31.7901 0
      vertex -64.3021 31.6229 12
      vertex -64.3021 31.6229 0
    endloop
  endfacet
  facet normal -0.997872 -0.0652057 0
    outer loop
      vertex 64.8 -32.825 0
      vertex 64.7855 -32.6031 12
      vertex 64.7855 -32.6031 0
    endloop
  endfacet
  facet normal -0.997872 -0.0652057 0
    outer loop
      vertex 64.7855 -32.6031 12
      vertex 64.8 -32.825 0
      vertex 64.8 -32.825 12
    endloop
  endfacet
  facet normal 0.997872 -0.0652057 0
    outer loop
      vertex 61.4 -32.825 12
      vertex 61.4145 -32.6031 0
      vertex 61.4145 -32.6031 12
    endloop
  endfacet
  facet normal 0.997872 -0.0652057 0
    outer loop
      vertex 61.4145 -32.6031 0
      vertex 61.4 -32.825 12
      vertex 61.4 -32.825 0
    endloop
  endfacet
  facet normal 0.0652057 -0.997872 0
    outer loop
      vertex 62.8781 -31.1395 0
      vertex 63.1 -31.125 12
      vertex 62.8781 -31.1395 12
    endloop
  endfacet
  facet normal 0.0652057 -0.997872 0
    outer loop
      vertex 63.1 -31.125 12
      vertex 62.8781 -31.1395 0
      vertex 63.1 -31.125 0
    endloop
  endfacet
  facet normal -0.0652057 0.997872 0
    outer loop
      vertex 63.3219 -34.5105 0
      vertex 63.1 -34.525 12
      vertex 63.3219 -34.5105 12
    endloop
  endfacet
  facet normal -0.0652057 0.997872 0
    outer loop
      vertex 63.1 -34.525 12
      vertex 63.3219 -34.5105 0
      vertex 63.1 -34.525 0
    endloop
  endfacet
  facet normal -0.659268 -0.751908 0
    outer loop
      vertex 64.1349 -31.4763 0
      vertex 64.3021 -31.6229 12
      vertex 64.1349 -31.4763 12
    endloop
  endfacet
  facet normal -0.659268 -0.751908 -0
    outer loop
      vertex 64.3021 -31.6229 12
      vertex 64.1349 -31.4763 0
      vertex 64.3021 -31.6229 0
    endloop
  endfacet
  facet normal 0.751908 -0.659268 0
    outer loop
      vertex 61.7513 -31.7901 12
      vertex 61.8979 -31.6229 0
      vertex 61.8979 -31.6229 12
    endloop
  endfacet
  facet normal 0.751908 -0.659268 0
    outer loop
      vertex 61.8979 -31.6229 0
      vertex 61.7513 -31.7901 12
      vertex 61.7513 -31.7901 0
    endloop
  endfacet
  facet normal 0.44253 -0.896754 0
    outer loop
      vertex 62.25 -31.3528 0
      vertex 62.4494 -31.2544 12
      vertex 62.25 -31.3528 12
    endloop
  endfacet
  facet normal 0.44253 -0.896754 0
    outer loop
      vertex 62.4494 -31.2544 12
      vertex 62.25 -31.3528 0
      vertex 62.4494 -31.2544 0
    endloop
  endfacet
  facet normal -0.896754 -0.44253 0
    outer loop
      vertex 64.6706 -32.1744 0
      vertex 64.5722 -31.975 12
      vertex 64.5722 -31.975 0
    endloop
  endfacet
  facet normal -0.896754 -0.44253 0
    outer loop
      vertex 64.5722 -31.975 12
      vertex 64.6706 -32.1744 0
      vertex 64.6706 -32.1744 12
    endloop
  endfacet
  facet normal -0.321484 -0.946915 0
    outer loop
      vertex 63.54 -31.1829 0
      vertex 63.7506 -31.2544 12
      vertex 63.54 -31.1829 12
    endloop
  endfacet
  facet normal -0.321484 -0.946915 -0
    outer loop
      vertex 63.7506 -31.2544 12
      vertex 63.54 -31.1829 0
      vertex 63.7506 -31.2544 0
    endloop
  endfacet
  facet normal -0.44253 -0.896754 0
    outer loop
      vertex 63.7506 -31.2544 0
      vertex 63.95 -31.3528 12
      vertex 63.7506 -31.2544 12
    endloop
  endfacet
  facet normal -0.44253 -0.896754 -0
    outer loop
      vertex 63.95 -31.3528 12
      vertex 63.7506 -31.2544 0
      vertex 63.95 -31.3528 0
    endloop
  endfacet
  facet normal 0.946915 -0.321484 0
    outer loop
      vertex 61.4579 -32.385 12
      vertex 61.5294 -32.1744 0
      vertex 61.5294 -32.1744 12
    endloop
  endfacet
  facet normal 0.946915 -0.321484 0
    outer loop
      vertex 61.5294 -32.1744 0
      vertex 61.4579 -32.385 12
      vertex 61.4579 -32.385 0
    endloop
  endfacet
  facet normal 0.831566 -0.555426 0
    outer loop
      vertex 61.6278 -31.975 12
      vertex 61.7513 -31.7901 0
      vertex 61.7513 -31.7901 12
    endloop
  endfacet
  facet normal 0.831566 -0.555426 0
    outer loop
      vertex 61.7513 -31.7901 0
      vertex 61.6278 -31.975 12
      vertex 61.6278 -31.975 0
    endloop
  endfacet
  facet normal 0.98077 -0.195165 0
    outer loop
      vertex 61.4145 -32.6031 12
      vertex 61.4579 -32.385 0
      vertex 61.4579 -32.385 12
    endloop
  endfacet
  facet normal 0.98077 -0.195165 0
    outer loop
      vertex 61.4579 -32.385 0
      vertex 61.4145 -32.6031 12
      vertex 61.4145 -32.6031 0
    endloop
  endfacet
  facet normal 0.195165 -0.98077 0
    outer loop
      vertex 62.66 -31.1829 0
      vertex 62.8781 -31.1395 12
      vertex 62.66 -31.1829 12
    endloop
  endfacet
  facet normal 0.195165 -0.98077 0
    outer loop
      vertex 62.8781 -31.1395 12
      vertex 62.66 -31.1829 0
      vertex 62.8781 -31.1395 0
    endloop
  endfacet
  facet normal -0.195165 0.98077 0
    outer loop
      vertex 63.54 -34.4671 0
      vertex 63.3219 -34.5105 12
      vertex 63.54 -34.4671 12
    endloop
  endfacet
  facet normal -0.195165 0.98077 0
    outer loop
      vertex 63.3219 -34.5105 12
      vertex 63.54 -34.4671 0
      vertex 63.3219 -34.5105 0
    endloop
  endfacet
  facet normal -0.44253 0.896754 0
    outer loop
      vertex 63.95 -34.2972 0
      vertex 63.7506 -34.3956 12
      vertex 63.95 -34.2972 12
    endloop
  endfacet
  facet normal -0.44253 0.896754 0
    outer loop
      vertex 63.7506 -34.3956 12
      vertex 63.95 -34.2972 0
      vertex 63.7506 -34.3956 0
    endloop
  endfacet
  facet normal -0.946915 -0.321484 0
    outer loop
      vertex 64.7421 -32.385 0
      vertex 64.6706 -32.1744 12
      vertex 64.6706 -32.1744 0
    endloop
  endfacet
  facet normal -0.946915 -0.321484 0
    outer loop
      vertex 64.6706 -32.1744 12
      vertex 64.7421 -32.385 0
      vertex 64.7421 -32.385 12
    endloop
  endfacet
  facet normal -0.98077 -0.195165 0
    outer loop
      vertex 64.7855 -32.6031 0
      vertex 64.7421 -32.385 12
      vertex 64.7421 -32.385 0
    endloop
  endfacet
  facet normal -0.98077 -0.195165 0
    outer loop
      vertex 64.7421 -32.385 12
      vertex 64.7855 -32.6031 0
      vertex 64.7855 -32.6031 12
    endloop
  endfacet
  facet normal -0.751908 -0.659268 0
    outer loop
      vertex 64.4487 -31.7901 0
      vertex 64.3021 -31.6229 12
      vertex 64.3021 -31.6229 0
    endloop
  endfacet
  facet normal -0.751908 -0.659268 0
    outer loop
      vertex 64.3021 -31.6229 12
      vertex 64.4487 -31.7901 0
      vertex 64.4487 -31.7901 12
    endloop
  endfacet
  facet normal -0.831566 -0.555426 0
    outer loop
      vertex 64.5722 -31.975 0
      vertex 64.4487 -31.7901 12
      vertex 64.4487 -31.7901 0
    endloop
  endfacet
  facet normal -0.831566 -0.555426 0
    outer loop
      vertex 64.4487 -31.7901 12
      vertex 64.5722 -31.975 0
      vertex 64.5722 -31.975 12
    endloop
  endfacet
  facet normal -0.195165 -0.98077 0
    outer loop
      vertex 63.3219 -31.1395 0
      vertex 63.54 -31.1829 12
      vertex 63.3219 -31.1395 12
    endloop
  endfacet
  facet normal -0.195165 -0.98077 -0
    outer loop
      vertex 63.54 -31.1829 12
      vertex 63.3219 -31.1395 0
      vertex 63.54 -31.1829 0
    endloop
  endfacet
  facet normal -0.0652057 -0.997872 0
    outer loop
      vertex 63.1 -31.125 0
      vertex 63.3219 -31.1395 12
      vertex 63.1 -31.125 12
    endloop
  endfacet
  facet normal -0.0652057 -0.997872 -0
    outer loop
      vertex 63.3219 -31.1395 12
      vertex 63.1 -31.125 0
      vertex 63.3219 -31.1395 0
    endloop
  endfacet
  facet normal -0.555426 -0.831566 0
    outer loop
      vertex 63.95 -31.3528 0
      vertex 64.1349 -31.4763 12
      vertex 63.95 -31.3528 12
    endloop
  endfacet
  facet normal -0.555426 -0.831566 -0
    outer loop
      vertex 64.1349 -31.4763 12
      vertex 63.95 -31.3528 0
      vertex 64.1349 -31.4763 0
    endloop
  endfacet
  facet normal 0.896754 -0.44253 0
    outer loop
      vertex 61.5294 -32.1744 12
      vertex 61.6278 -31.975 0
      vertex 61.6278 -31.975 12
    endloop
  endfacet
  facet normal 0.896754 -0.44253 0
    outer loop
      vertex 61.6278 -31.975 0
      vertex 61.5294 -32.1744 12
      vertex 61.5294 -32.1744 0
    endloop
  endfacet
  facet normal 0.555426 -0.831566 0
    outer loop
      vertex 62.0651 -31.4763 0
      vertex 62.25 -31.3528 12
      vertex 62.0651 -31.4763 12
    endloop
  endfacet
  facet normal 0.555426 -0.831566 0
    outer loop
      vertex 62.25 -31.3528 12
      vertex 62.0651 -31.4763 0
      vertex 62.25 -31.3528 0
    endloop
  endfacet
  facet normal 0.659268 -0.751908 0
    outer loop
      vertex 61.8979 -31.6229 0
      vertex 62.0651 -31.4763 12
      vertex 61.8979 -31.6229 12
    endloop
  endfacet
  facet normal 0.659268 -0.751908 0
    outer loop
      vertex 62.0651 -31.4763 12
      vertex 61.8979 -31.6229 0
      vertex 62.0651 -31.4763 0
    endloop
  endfacet
  facet normal 0.321484 -0.946915 0
    outer loop
      vertex 62.4494 -31.2544 0
      vertex 62.66 -31.1829 12
      vertex 62.4494 -31.2544 12
    endloop
  endfacet
  facet normal 0.321484 -0.946915 0
    outer loop
      vertex 62.66 -31.1829 12
      vertex 62.4494 -31.2544 0
      vertex 62.66 -31.1829 0
    endloop
  endfacet
  facet normal -0.751908 0.659268 0
    outer loop
      vertex 64.3021 -34.0271 0
      vertex 64.4487 -33.8599 12
      vertex 64.4487 -33.8599 0
    endloop
  endfacet
  facet normal -0.751908 0.659268 0
    outer loop
      vertex 64.4487 -33.8599 12
      vertex 64.3021 -34.0271 0
      vertex 64.3021 -34.0271 12
    endloop
  endfacet
  facet normal -0.946915 0.321484 0
    outer loop
      vertex 64.6706 -33.4756 0
      vertex 64.7421 -33.265 12
      vertex 64.7421 -33.265 0
    endloop
  endfacet
  facet normal -0.946915 0.321484 0
    outer loop
      vertex 64.7421 -33.265 12
      vertex 64.6706 -33.4756 0
      vertex 64.6706 -33.4756 12
    endloop
  endfacet
  facet normal -0.98077 0.195165 0
    outer loop
      vertex 64.7421 -33.265 0
      vertex 64.7855 -33.0469 12
      vertex 64.7855 -33.0469 0
    endloop
  endfacet
  facet normal -0.98077 0.195165 0
    outer loop
      vertex 64.7855 -33.0469 12
      vertex 64.7421 -33.265 0
      vertex 64.7421 -33.265 12
    endloop
  endfacet
  facet normal 0.659268 0.751908 -0
    outer loop
      vertex 62.0651 -34.1737 0
      vertex 61.8979 -34.0271 12
      vertex 62.0651 -34.1737 12
    endloop
  endfacet
  facet normal 0.659268 0.751908 0
    outer loop
      vertex 61.8979 -34.0271 12
      vertex 62.0651 -34.1737 0
      vertex 61.8979 -34.0271 0
    endloop
  endfacet
  facet normal 0.896754 0.44253 0
    outer loop
      vertex 61.6278 -33.675 12
      vertex 61.5294 -33.4756 0
      vertex 61.5294 -33.4756 12
    endloop
  endfacet
  facet normal 0.896754 0.44253 0
    outer loop
      vertex 61.5294 -33.4756 0
      vertex 61.6278 -33.675 12
      vertex 61.6278 -33.675 0
    endloop
  endfacet
  facet normal 0.831566 0.555426 0
    outer loop
      vertex 61.7513 -33.8599 12
      vertex 61.6278 -33.675 0
      vertex 61.6278 -33.675 12
    endloop
  endfacet
  facet normal 0.831566 0.555426 0
    outer loop
      vertex 61.6278 -33.675 0
      vertex 61.7513 -33.8599 12
      vertex 61.7513 -33.8599 0
    endloop
  endfacet
  facet normal 0.997872 0.0652057 0
    outer loop
      vertex 61.4145 -33.0469 12
      vertex 61.4 -32.825 0
      vertex 61.4 -32.825 12
    endloop
  endfacet
  facet normal 0.997872 0.0652057 0
    outer loop
      vertex 61.4 -32.825 0
      vertex 61.4145 -33.0469 12
      vertex 61.4145 -33.0469 0
    endloop
  endfacet
  facet normal -0.831566 0.555426 0
    outer loop
      vertex 64.4487 -33.8599 0
      vertex 64.5722 -33.675 12
      vertex 64.5722 -33.675 0
    endloop
  endfacet
  facet normal -0.831566 0.555426 0
    outer loop
      vertex 64.5722 -33.675 12
      vertex 64.4487 -33.8599 0
      vertex 64.4487 -33.8599 12
    endloop
  endfacet
  facet normal -0.997872 0.0652057 0
    outer loop
      vertex 64.7855 -33.0469 0
      vertex 64.8 -32.825 12
      vertex 64.8 -32.825 0
    endloop
  endfacet
  facet normal -0.997872 0.0652057 0
    outer loop
      vertex 64.8 -32.825 12
      vertex 64.7855 -33.0469 0
      vertex 64.7855 -33.0469 12
    endloop
  endfacet
  facet normal 0.751908 0.659268 0
    outer loop
      vertex 61.8979 -34.0271 12
      vertex 61.7513 -33.8599 0
      vertex 61.7513 -33.8599 12
    endloop
  endfacet
  facet normal 0.751908 0.659268 0
    outer loop
      vertex 61.7513 -33.8599 0
      vertex 61.8979 -34.0271 12
      vertex 61.8979 -34.0271 0
    endloop
  endfacet
  facet normal 0.98077 0.195165 0
    outer loop
      vertex 61.4579 -33.265 12
      vertex 61.4145 -33.0469 0
      vertex 61.4145 -33.0469 12
    endloop
  endfacet
  facet normal 0.98077 0.195165 0
    outer loop
      vertex 61.4145 -33.0469 0
      vertex 61.4579 -33.265 12
      vertex 61.4579 -33.265 0
    endloop
  endfacet
  facet normal 0.946915 0.321484 0
    outer loop
      vertex 61.5294 -33.4756 12
      vertex 61.4579 -33.265 0
      vertex 61.4579 -33.265 12
    endloop
  endfacet
  facet normal 0.946915 0.321484 0
    outer loop
      vertex 61.4579 -33.265 0
      vertex 61.5294 -33.4756 12
      vertex 61.5294 -33.4756 0
    endloop
  endfacet
  facet normal -0.321484 0.946915 0
    outer loop
      vertex 63.7506 -34.3956 0
      vertex 63.54 -34.4671 12
      vertex 63.7506 -34.3956 12
    endloop
  endfacet
  facet normal -0.321484 0.946915 0
    outer loop
      vertex 63.54 -34.4671 12
      vertex 63.7506 -34.3956 0
      vertex 63.54 -34.4671 0
    endloop
  endfacet
  facet normal -0.896754 0.44253 0
    outer loop
      vertex 64.5722 -33.675 0
      vertex 64.6706 -33.4756 12
      vertex 64.6706 -33.4756 0
    endloop
  endfacet
  facet normal -0.896754 0.44253 0
    outer loop
      vertex 64.6706 -33.4756 12
      vertex 64.5722 -33.675 0
      vertex 64.5722 -33.675 12
    endloop
  endfacet
  facet normal -0.659268 0.751908 0
    outer loop
      vertex 64.3021 -34.0271 0
      vertex 64.1349 -34.1737 12
      vertex 64.3021 -34.0271 12
    endloop
  endfacet
  facet normal -0.659268 0.751908 0
    outer loop
      vertex 64.1349 -34.1737 12
      vertex 64.3021 -34.0271 0
      vertex 64.1349 -34.1737 0
    endloop
  endfacet
  facet normal -0.555426 0.831566 0
    outer loop
      vertex 64.1349 -34.1737 0
      vertex 63.95 -34.2972 12
      vertex 64.1349 -34.1737 12
    endloop
  endfacet
  facet normal -0.555426 0.831566 0
    outer loop
      vertex 63.95 -34.2972 12
      vertex 64.1349 -34.1737 0
      vertex 63.95 -34.2972 0
    endloop
  endfacet
  facet normal 0.0652057 0.997872 -0
    outer loop
      vertex 63.1 -34.525 0
      vertex 62.8781 -34.5105 12
      vertex 63.1 -34.525 12
    endloop
  endfacet
  facet normal 0.0652057 0.997872 0
    outer loop
      vertex 62.8781 -34.5105 12
      vertex 63.1 -34.525 0
      vertex 62.8781 -34.5105 0
    endloop
  endfacet
  facet normal 0.321484 0.946915 -0
    outer loop
      vertex 62.66 -34.4671 0
      vertex 62.4494 -34.3956 12
      vertex 62.66 -34.4671 12
    endloop
  endfacet
  facet normal 0.321484 0.946915 0
    outer loop
      vertex 62.4494 -34.3956 12
      vertex 62.66 -34.4671 0
      vertex 62.4494 -34.3956 0
    endloop
  endfacet
  facet normal 0.195165 0.98077 -0
    outer loop
      vertex 62.8781 -34.5105 0
      vertex 62.66 -34.4671 12
      vertex 62.8781 -34.5105 12
    endloop
  endfacet
  facet normal 0.195165 0.98077 0
    outer loop
      vertex 62.66 -34.4671 12
      vertex 62.8781 -34.5105 0
      vertex 62.66 -34.4671 0
    endloop
  endfacet
  facet normal 0.555426 0.831566 -0
    outer loop
      vertex 62.25 -34.2972 0
      vertex 62.0651 -34.1737 12
      vertex 62.25 -34.2972 12
    endloop
  endfacet
  facet normal 0.555426 0.831566 0
    outer loop
      vertex 62.0651 -34.1737 12
      vertex 62.25 -34.2972 0
      vertex 62.0651 -34.1737 0
    endloop
  endfacet
  facet normal 0.44253 0.896754 -0
    outer loop
      vertex 62.4494 -34.3956 0
      vertex 62.25 -34.2972 12
      vertex 62.4494 -34.3956 12
    endloop
  endfacet
  facet normal 0.44253 0.896754 0
    outer loop
      vertex 62.25 -34.2972 12
      vertex 62.4494 -34.3956 0
      vertex 62.25 -34.2972 0
    endloop
  endfacet
  facet normal -0.997872 -0.0652057 0
    outer loop
      vertex 64.8 32.825 0
      vertex 64.7855 33.0469 12
      vertex 64.7855 33.0469 0
    endloop
  endfacet
  facet normal -0.997872 -0.0652057 0
    outer loop
      vertex 64.7855 33.0469 12
      vertex 64.8 32.825 0
      vertex 64.8 32.825 12
    endloop
  endfacet
  facet normal 0.0652057 -0.997872 0
    outer loop
      vertex 62.8781 34.5105 0
      vertex 63.1 34.525 12
      vertex 62.8781 34.5105 12
    endloop
  endfacet
  facet normal 0.0652057 -0.997872 0
    outer loop
      vertex 63.1 34.525 12
      vertex 62.8781 34.5105 0
      vertex 63.1 34.525 0
    endloop
  endfacet
  facet normal -0.0652057 0.997872 0
    outer loop
      vertex 63.3219 31.1395 0
      vertex 63.1 31.125 12
      vertex 63.3219 31.1395 12
    endloop
  endfacet
  facet normal -0.0652057 0.997872 0
    outer loop
      vertex 63.1 31.125 12
      vertex 63.3219 31.1395 0
      vertex 63.1 31.125 0
    endloop
  endfacet
  facet normal -0.659268 -0.751908 0
    outer loop
      vertex 64.1349 34.1737 0
      vertex 64.3021 34.0271 12
      vertex 64.1349 34.1737 12
    endloop
  endfacet
  facet normal -0.659268 -0.751908 -0
    outer loop
      vertex 64.3021 34.0271 12
      vertex 64.1349 34.1737 0
      vertex 64.3021 34.0271 0
    endloop
  endfacet
  facet normal 0.751908 -0.659268 0
    outer loop
      vertex 61.7513 33.8599 12
      vertex 61.8979 34.0271 0
      vertex 61.8979 34.0271 12
    endloop
  endfacet
  facet normal 0.751908 -0.659268 0
    outer loop
      vertex 61.8979 34.0271 0
      vertex 61.7513 33.8599 12
      vertex 61.7513 33.8599 0
    endloop
  endfacet
  facet normal 0.44253 -0.896754 0
    outer loop
      vertex 62.25 34.2972 0
      vertex 62.4494 34.3956 12
      vertex 62.25 34.2972 12
    endloop
  endfacet
  facet normal 0.44253 -0.896754 0
    outer loop
      vertex 62.4494 34.3956 12
      vertex 62.25 34.2972 0
      vertex 62.4494 34.3956 0
    endloop
  endfacet
  facet normal -0.896754 -0.44253 0
    outer loop
      vertex 64.6706 33.4756 0
      vertex 64.5722 33.675 12
      vertex 64.5722 33.675 0
    endloop
  endfacet
  facet normal -0.896754 -0.44253 0
    outer loop
      vertex 64.5722 33.675 12
      vertex 64.6706 33.4756 0
      vertex 64.6706 33.4756 12
    endloop
  endfacet
  facet normal -0.321484 -0.946915 0
    outer loop
      vertex 63.54 34.4671 0
      vertex 63.7506 34.3956 12
      vertex 63.54 34.4671 12
    endloop
  endfacet
  facet normal -0.321484 -0.946915 -0
    outer loop
      vertex 63.7506 34.3956 12
      vertex 63.54 34.4671 0
      vertex 63.7506 34.3956 0
    endloop
  endfacet
  facet normal -0.195165 -0.98077 0
    outer loop
      vertex 63.3219 34.5105 0
      vertex 63.54 34.4671 12
      vertex 63.3219 34.5105 12
    endloop
  endfacet
  facet normal -0.195165 -0.98077 -0
    outer loop
      vertex 63.54 34.4671 12
      vertex 63.3219 34.5105 0
      vertex 63.54 34.4671 0
    endloop
  endfacet
  facet normal -0.555426 -0.831566 0
    outer loop
      vertex 63.95 34.2972 0
      vertex 64.1349 34.1737 12
      vertex 63.95 34.2972 12
    endloop
  endfacet
  facet normal -0.555426 -0.831566 -0
    outer loop
      vertex 64.1349 34.1737 12
      vertex 63.95 34.2972 0
      vertex 64.1349 34.1737 0
    endloop
  endfacet
  facet normal 0.946915 -0.321484 0
    outer loop
      vertex 61.4579 33.265 12
      vertex 61.5294 33.4756 0
      vertex 61.5294 33.4756 12
    endloop
  endfacet
  facet normal 0.946915 -0.321484 0
    outer loop
      vertex 61.5294 33.4756 0
      vertex 61.4579 33.265 12
      vertex 61.4579 33.265 0
    endloop
  endfacet
  facet normal 0.831566 -0.555426 0
    outer loop
      vertex 61.6278 33.675 12
      vertex 61.7513 33.8599 0
      vertex 61.7513 33.8599 12
    endloop
  endfacet
  facet normal 0.831566 -0.555426 0
    outer loop
      vertex 61.7513 33.8599 0
      vertex 61.6278 33.675 12
      vertex 61.6278 33.675 0
    endloop
  endfacet
  facet normal 0.98077 -0.195165 0
    outer loop
      vertex 61.4145 33.0469 12
      vertex 61.4579 33.265 0
      vertex 61.4579 33.265 12
    endloop
  endfacet
  facet normal 0.98077 -0.195165 0
    outer loop
      vertex 61.4579 33.265 0
      vertex 61.4145 33.0469 12
      vertex 61.4145 33.0469 0
    endloop
  endfacet
  facet normal 0.195165 -0.98077 0
    outer loop
      vertex 62.66 34.4671 0
      vertex 62.8781 34.5105 12
      vertex 62.66 34.4671 12
    endloop
  endfacet
  facet normal 0.195165 -0.98077 0
    outer loop
      vertex 62.8781 34.5105 12
      vertex 62.66 34.4671 0
      vertex 62.8781 34.5105 0
    endloop
  endfacet
  facet normal -0.195165 0.98077 0
    outer loop
      vertex 63.54 31.1829 0
      vertex 63.3219 31.1395 12
      vertex 63.54 31.1829 12
    endloop
  endfacet
  facet normal -0.195165 0.98077 0
    outer loop
      vertex 63.3219 31.1395 12
      vertex 63.54 31.1829 0
      vertex 63.3219 31.1395 0
    endloop
  endfacet
  facet normal -0.98077 0.195165 0
    outer loop
      vertex 64.7421 32.385 0
      vertex 64.7855 32.6031 12
      vertex 64.7855 32.6031 0
    endloop
  endfacet
  facet normal -0.98077 0.195165 0
    outer loop
      vertex 64.7855 32.6031 12
      vertex 64.7421 32.385 0
      vertex 64.7421 32.385 12
    endloop
  endfacet
  facet normal 0.98077 0.195165 0
    outer loop
      vertex 61.4579 32.385 12
      vertex 61.4145 32.6031 0
      vertex 61.4145 32.6031 12
    endloop
  endfacet
  facet normal 0.98077 0.195165 0
    outer loop
      vertex 61.4145 32.6031 0
      vertex 61.4579 32.385 12
      vertex 61.4579 32.385 0
    endloop
  endfacet
  facet normal -0.946915 -0.321484 0
    outer loop
      vertex 64.7421 33.265 0
      vertex 64.6706 33.4756 12
      vertex 64.6706 33.4756 0
    endloop
  endfacet
  facet normal -0.946915 -0.321484 0
    outer loop
      vertex 64.6706 33.4756 12
      vertex 64.7421 33.265 0
      vertex 64.7421 33.265 12
    endloop
  endfacet
  facet normal -0.98077 -0.195165 0
    outer loop
      vertex 64.7855 33.0469 0
      vertex 64.7421 33.265 12
      vertex 64.7421 33.265 0
    endloop
  endfacet
  facet normal -0.98077 -0.195165 0
    outer loop
      vertex 64.7421 33.265 12
      vertex 64.7855 33.0469 0
      vertex 64.7855 33.0469 12
    endloop
  endfacet
  facet normal -0.751908 -0.659268 0
    outer loop
      vertex 64.4487 33.8599 0
      vertex 64.3021 34.0271 12
      vertex 64.3021 34.0271 0
    endloop
  endfacet
  facet normal -0.751908 -0.659268 0
    outer loop
      vertex 64.3021 34.0271 12
      vertex 64.4487 33.8599 0
      vertex 64.4487 33.8599 12
    endloop
  endfacet
  facet normal -0.831566 -0.555426 0
    outer loop
      vertex 64.5722 33.675 0
      vertex 64.4487 33.8599 12
      vertex 64.4487 33.8599 0
    endloop
  endfacet
  facet normal -0.831566 -0.555426 0
    outer loop
      vertex 64.4487 33.8599 12
      vertex 64.5722 33.675 0
      vertex 64.5722 33.675 12
    endloop
  endfacet
  facet normal -0.0652057 -0.997872 0
    outer loop
      vertex 63.1 34.525 0
      vertex 63.3219 34.5105 12
      vertex 63.1 34.525 12
    endloop
  endfacet
  facet normal -0.0652057 -0.997872 -0
    outer loop
      vertex 63.3219 34.5105 12
      vertex 63.1 34.525 0
      vertex 63.3219 34.5105 0
    endloop
  endfacet
  facet normal -0.44253 -0.896754 0
    outer loop
      vertex 63.7506 34.3956 0
      vertex 63.95 34.2972 12
      vertex 63.7506 34.3956 12
    endloop
  endfacet
  facet normal -0.44253 -0.896754 -0
    outer loop
      vertex 63.95 34.2972 12
      vertex 63.7506 34.3956 0
      vertex 63.95 34.2972 0
    endloop
  endfacet
  facet normal 0.896754 -0.44253 0
    outer loop
      vertex 61.5294 33.4756 12
      vertex 61.6278 33.675 0
      vertex 61.6278 33.675 12
    endloop
  endfacet
  facet normal 0.896754 -0.44253 0
    outer loop
      vertex 61.6278 33.675 0
      vertex 61.5294 33.4756 12
      vertex 61.5294 33.4756 0
    endloop
  endfacet
  facet normal 0.997872 -0.0652057 0
    outer loop
      vertex 61.4 32.825 12
      vertex 61.4145 33.0469 0
      vertex 61.4145 33.0469 12
    endloop
  endfacet
  facet normal 0.997872 -0.0652057 0
    outer loop
      vertex 61.4145 33.0469 0
      vertex 61.4 32.825 12
      vertex 61.4 32.825 0
    endloop
  endfacet
  facet normal 0.555426 -0.831566 0
    outer loop
      vertex 62.0651 34.1737 0
      vertex 62.25 34.2972 12
      vertex 62.0651 34.1737 12
    endloop
  endfacet
  facet normal 0.555426 -0.831566 0
    outer loop
      vertex 62.25 34.2972 12
      vertex 62.0651 34.1737 0
      vertex 62.25 34.2972 0
    endloop
  endfacet
  facet normal 0.659268 -0.751908 0
    outer loop
      vertex 61.8979 34.0271 0
      vertex 62.0651 34.1737 12
      vertex 61.8979 34.0271 12
    endloop
  endfacet
  facet normal 0.659268 -0.751908 0
    outer loop
      vertex 62.0651 34.1737 12
      vertex 61.8979 34.0271 0
      vertex 62.0651 34.1737 0
    endloop
  endfacet
  facet normal 0.321484 -0.946915 0
    outer loop
      vertex 62.4494 34.3956 0
      vertex 62.66 34.4671 12
      vertex 62.4494 34.3956 12
    endloop
  endfacet
  facet normal 0.321484 -0.946915 0
    outer loop
      vertex 62.66 34.4671 12
      vertex 62.4494 34.3956 0
      vertex 62.66 34.4671 0
    endloop
  endfacet
  facet normal -0.997872 0.0652057 0
    outer loop
      vertex 64.7855 32.6031 0
      vertex 64.8 32.825 12
      vertex 64.8 32.825 0
    endloop
  endfacet
  facet normal -0.997872 0.0652057 0
    outer loop
      vertex 64.8 32.825 12
      vertex 64.7855 32.6031 0
      vertex 64.7855 32.6031 12
    endloop
  endfacet
  facet normal -0.321484 0.946915 0
    outer loop
      vertex 63.7506 31.2544 0
      vertex 63.54 31.1829 12
      vertex 63.7506 31.2544 12
    endloop
  endfacet
  facet normal -0.321484 0.946915 0
    outer loop
      vertex 63.54 31.1829 12
      vertex 63.7506 31.2544 0
      vertex 63.54 31.1829 0
    endloop
  endfacet
  facet normal -0.751908 0.659268 0
    outer loop
      vertex 64.3021 31.6229 0
      vertex 64.4487 31.7901 12
      vertex 64.4487 31.7901 0
    endloop
  endfacet
  facet normal -0.751908 0.659268 0
    outer loop
      vertex 64.4487 31.7901 12
      vertex 64.3021 31.6229 0
      vertex 64.3021 31.6229 12
    endloop
  endfacet
  facet normal -0.555426 0.831566 0
    outer loop
      vertex 64.1349 31.4763 0
      vertex 63.95 31.3528 12
      vertex 64.1349 31.4763 12
    endloop
  endfacet
  facet normal -0.555426 0.831566 0
    outer loop
      vertex 63.95 31.3528 12
      vertex 64.1349 31.4763 0
      vertex 63.95 31.3528 0
    endloop
  endfacet
  facet normal -0.831566 0.555426 0
    outer loop
      vertex 64.4487 31.7901 0
      vertex 64.5722 31.975 12
      vertex 64.5722 31.975 0
    endloop
  endfacet
  facet normal -0.831566 0.555426 0
    outer loop
      vertex 64.5722 31.975 12
      vertex 64.4487 31.7901 0
      vertex 64.4487 31.7901 12
    endloop
  endfacet
  facet normal 0.555426 0.831566 -0
    outer loop
      vertex 62.25 31.3528 0
      vertex 62.0651 31.4763 12
      vertex 62.25 31.3528 12
    endloop
  endfacet
  facet normal 0.555426 0.831566 0
    outer loop
      vertex 62.0651 31.4763 12
      vertex 62.25 31.3528 0
      vertex 62.0651 31.4763 0
    endloop
  endfacet
  facet normal 0.321484 0.946915 -0
    outer loop
      vertex 62.66 31.1829 0
      vertex 62.4494 31.2544 12
      vertex 62.66 31.1829 12
    endloop
  endfacet
  facet normal 0.321484 0.946915 0
    outer loop
      vertex 62.4494 31.2544 12
      vertex 62.66 31.1829 0
      vertex 62.4494 31.2544 0
    endloop
  endfacet
  facet normal 0.195165 0.98077 -0
    outer loop
      vertex 62.8781 31.1395 0
      vertex 62.66 31.1829 12
      vertex 62.8781 31.1395 12
    endloop
  endfacet
  facet normal 0.195165 0.98077 0
    outer loop
      vertex 62.66 31.1829 12
      vertex 62.8781 31.1395 0
      vertex 62.66 31.1829 0
    endloop
  endfacet
  facet normal 0.831566 0.555426 0
    outer loop
      vertex 61.7513 31.7901 12
      vertex 61.6278 31.975 0
      vertex 61.6278 31.975 12
    endloop
  endfacet
  facet normal 0.831566 0.555426 0
    outer loop
      vertex 61.6278 31.975 0
      vertex 61.7513 31.7901 12
      vertex 61.7513 31.7901 0
    endloop
  endfacet
  facet normal 0.659268 0.751908 -0
    outer loop
      vertex 62.0651 31.4763 0
      vertex 61.8979 31.6229 12
      vertex 62.0651 31.4763 12
    endloop
  endfacet
  facet normal 0.659268 0.751908 0
    outer loop
      vertex 61.8979 31.6229 12
      vertex 62.0651 31.4763 0
      vertex 61.8979 31.6229 0
    endloop
  endfacet
  facet normal 0.946915 0.321484 0
    outer loop
      vertex 61.5294 32.1744 12
      vertex 61.4579 32.385 0
      vertex 61.4579 32.385 12
    endloop
  endfacet
  facet normal 0.946915 0.321484 0
    outer loop
      vertex 61.4579 32.385 0
      vertex 61.5294 32.1744 12
      vertex 61.5294 32.1744 0
    endloop
  endfacet
  facet normal 0.997872 0.0652057 0
    outer loop
      vertex 61.4145 32.6031 12
      vertex 61.4 32.825 0
      vertex 61.4 32.825 12
    endloop
  endfacet
  facet normal 0.997872 0.0652057 0
    outer loop
      vertex 61.4 32.825 0
      vertex 61.4145 32.6031 12
      vertex 61.4145 32.6031 0
    endloop
  endfacet
  facet normal -0.946915 0.321484 0
    outer loop
      vertex 64.6706 32.1744 0
      vertex 64.7421 32.385 12
      vertex 64.7421 32.385 0
    endloop
  endfacet
  facet normal -0.946915 0.321484 0
    outer loop
      vertex 64.7421 32.385 12
      vertex 64.6706 32.1744 0
      vertex 64.6706 32.1744 12
    endloop
  endfacet
  facet normal -0.44253 0.896754 0
    outer loop
      vertex 63.95 31.3528 0
      vertex 63.7506 31.2544 12
      vertex 63.95 31.3528 12
    endloop
  endfacet
  facet normal -0.44253 0.896754 0
    outer loop
      vertex 63.7506 31.2544 12
      vertex 63.95 31.3528 0
      vertex 63.7506 31.2544 0
    endloop
  endfacet
  facet normal -0.659268 0.751908 0
    outer loop
      vertex 64.3021 31.6229 0
      vertex 64.1349 31.4763 12
      vertex 64.3021 31.6229 12
    endloop
  endfacet
  facet normal -0.659268 0.751908 0
    outer loop
      vertex 64.1349 31.4763 12
      vertex 64.3021 31.6229 0
      vertex 64.1349 31.4763 0
    endloop
  endfacet
  facet normal 0.44253 0.896754 -0
    outer loop
      vertex 62.4494 31.2544 0
      vertex 62.25 31.3528 12
      vertex 62.4494 31.2544 12
    endloop
  endfacet
  facet normal 0.44253 0.896754 0
    outer loop
      vertex 62.25 31.3528 12
      vertex 62.4494 31.2544 0
      vertex 62.25 31.3528 0
    endloop
  endfacet
  facet normal 0.0652057 0.997872 -0
    outer loop
      vertex 63.1 31.125 0
      vertex 62.8781 31.1395 12
      vertex 63.1 31.125 12
    endloop
  endfacet
  facet normal 0.0652057 0.997872 0
    outer loop
      vertex 62.8781 31.1395 12
      vertex 63.1 31.125 0
      vertex 62.8781 31.1395 0
    endloop
  endfacet
  facet normal 0.751908 0.659268 0
    outer loop
      vertex 61.8979 31.6229 12
      vertex 61.7513 31.7901 0
      vertex 61.7513 31.7901 12
    endloop
  endfacet
  facet normal 0.751908 0.659268 0
    outer loop
      vertex 61.7513 31.7901 0
      vertex 61.8979 31.6229 12
      vertex 61.8979 31.6229 0
    endloop
  endfacet
  facet normal 0.896754 0.44253 0
    outer loop
      vertex 61.6278 31.975 12
      vertex 61.5294 32.1744 0
      vertex 61.5294 32.1744 12
    endloop
  endfacet
  facet normal 0.896754 0.44253 0
    outer loop
      vertex 61.5294 32.1744 0
      vertex 61.6278 31.975 12
      vertex 61.6278 31.975 0
    endloop
  endfacet
  facet normal -0.896754 0.44253 0
    outer loop
      vertex 64.5722 31.975 0
      vertex 64.6706 32.1744 12
      vertex 64.6706 32.1744 0
    endloop
  endfacet
  facet normal -0.896754 0.44253 0
    outer loop
      vertex 64.6706 32.1744 12
      vertex 64.5722 31.975 0
      vertex 64.5722 31.975 12
    endloop
  endfacet
  facet normal 0.997856 0.0654432 0
    outer loop
      vertex -58.1 -32.825 12
      vertex -58.1428 -32.1724 4
      vertex -58.1428 -32.1724 12
    endloop
  endfacet
  facet normal 0.997856 0.0654432 0
    outer loop
      vertex -58.1428 -32.1724 4
      vertex -58.1 -32.825 12
      vertex -58.1 -32.825 4
    endloop
  endfacet
  facet normal -0.0654432 0.997856 0
    outer loop
      vertex -63.1 -27.825 0
      vertex -63.7526 -27.8678 12
      vertex -63.1 -27.825 12
    endloop
  endfacet
  facet normal -0.0654432 0.997856 0
    outer loop
      vertex -63.7526 -27.8678 12
      vertex -63.1 -27.825 0
      vertex -63.7526 -27.8678 0
    endloop
  endfacet
  facet normal 0.659424 0.751771 -0
    outer loop
      vertex -59.5645 -29.2895 4
      vertex -60.0562 -28.8582 12
      vertex -59.5645 -29.2895 12
    endloop
  endfacet
  facet normal 0.659424 0.751771 0
    outer loop
      vertex -60.0562 -28.8582 12
      vertex -59.5645 -29.2895 4
      vertex -60.0562 -28.8582 4
    endloop
  endfacet
  facet normal -0.751771 0.659424 0
    outer loop
      vertex -67.0668 -29.7812 4
      vertex -66.6355 -29.2895 12
      vertex -66.6355 -29.2895 4
    endloop
  endfacet
  facet normal -0.751771 0.659424 0
    outer loop
      vertex -66.6355 -29.2895 12
      vertex -67.0668 -29.7812 4
      vertex -67.0668 -29.7812 12
    endloop
  endfacet
  facet normal -0.442314 0.89686 0
    outer loop
      vertex -65.0134 -28.2056 0
      vertex -65.6 -28.4949 12
      vertex -65.0134 -28.2056 12
    endloop
  endfacet
  facet normal -0.442314 0.89686 0
    outer loop
      vertex -65.6 -28.4949 12
      vertex -65.0134 -28.2056 0
      vertex -65.6 -28.4949 0
    endloop
  endfacet
  facet normal 0.89686 0.442314 0
    outer loop
      vertex -58.4806 -30.9116 12
      vertex -58.7699 -30.325 4
      vertex -58.7699 -30.325 12
    endloop
  endfacet
  facet normal 0.89686 0.442314 0
    outer loop
      vertex -58.7699 -30.325 4
      vertex -58.4806 -30.9116 12
      vertex -58.4806 -30.9116 4
    endloop
  endfacet
  facet normal 0.980786 0.195087 0
    outer loop
      vertex -58.1428 -32.1724 12
      vertex -58.2704 -31.5309 4
      vertex -58.2704 -31.5309 12
    endloop
  endfacet
  facet normal 0.980786 0.195087 0
    outer loop
      vertex -58.2704 -31.5309 4
      vertex -58.1428 -32.1724 12
      vertex -58.1428 -32.1724 4
    endloop
  endfacet
  facet normal 0.321407 0.946941 -0
    outer loop
      vertex -61.1866 -28.2056 0
      vertex -61.8059 -27.9954 12
      vertex -61.1866 -28.2056 12
    endloop
  endfacet
  facet normal 0.321407 0.946941 0
    outer loop
      vertex -61.8059 -27.9954 12
      vertex -61.1866 -28.2056 0
      vertex -61.8059 -27.9954 0
    endloop
  endfacet
  facet normal 0.195087 0.980786 -0
    outer loop
      vertex -61.8059 -27.9954 0
      vertex -62.4474 -27.8678 12
      vertex -61.8059 -27.9954 12
    endloop
  endfacet
  facet normal 0.195087 0.980786 0
    outer loop
      vertex -62.4474 -27.8678 12
      vertex -61.8059 -27.9954 0
      vertex -62.4474 -27.8678 0
    endloop
  endfacet
  facet normal 0.555472 0.831535 0
    outer loop
      vertex -60.1059 -28.825 4
      vertex -60.0562 -28.8582 12
      vertex -60.0562 -28.8582 4
    endloop
  endfacet
  facet normal 0.555512 0.831509 -3.53598e-07
    outer loop
      vertex -60.0562 -28.8582 12
      vertex -60.1059 -28.825 4
      vertex -60.6 -28.4949 12
    endloop
  endfacet
  facet normal 0.555515 0.831506 0
    outer loop
      vertex -60.6 -28.4949 0
      vertex -60.1059 -28.825 4
      vertex -60.1059 -28.825 0
    endloop
  endfacet
  facet normal 0.555515 0.831506 0
    outer loop
      vertex -60.1059 -28.825 4
      vertex -60.6 -28.4949 0
      vertex -60.6 -28.4949 12
    endloop
  endfacet
  facet normal -0.946941 0.321407 0
    outer loop
      vertex -67.9296 -31.5309 4
      vertex -67.7194 -30.9116 12
      vertex -67.7194 -30.9116 4
    endloop
  endfacet
  facet normal -0.946941 0.321407 0
    outer loop
      vertex -67.7194 -30.9116 12
      vertex -67.9296 -31.5309 4
      vertex -67.9296 -31.5309 12
    endloop
  endfacet
  facet normal -0.89686 0.442314 0
    outer loop
      vertex -67.7194 -30.9116 4
      vertex -67.4301 -30.325 12
      vertex -67.4301 -30.325 4
    endloop
  endfacet
  facet normal -0.89686 0.442314 0
    outer loop
      vertex -67.4301 -30.325 12
      vertex -67.7194 -30.9116 4
      vertex -67.7194 -30.9116 12
    endloop
  endfacet
  facet normal -0.980786 0.195087 0
    outer loop
      vertex -68.0572 -32.1724 4
      vertex -67.9296 -31.5309 12
      vertex -67.9296 -31.5309 4
    endloop
  endfacet
  facet normal -0.980786 0.195087 0
    outer loop
      vertex -67.9296 -31.5309 12
      vertex -68.0572 -32.1724 4
      vertex -68.0572 -32.1724 12
    endloop
  endfacet
  facet normal -0.997856 -0.0654432 0
    outer loop
      vertex -68.0572 -33.4776 4
      vertex -68.1 -32.825 12
      vertex -68.1 -32.825 4
    endloop
  endfacet
  facet normal -0.997856 -0.0654432 0
    outer loop
      vertex -68.1 -32.825 12
      vertex -68.0572 -33.4776 4
      vertex -68.0572 -33.4776 12
    endloop
  endfacet
  facet normal -0.555512 0.831509 -3.53598e-07
    outer loop
      vertex -65.6 -28.4949 12
      vertex -66.0941 -28.825 4
      vertex -66.1438 -28.8582 12
    endloop
  endfacet
  facet normal -0.555515 0.831506 0
    outer loop
      vertex -65.6 -28.4949 0
      vertex -66.0941 -28.825 4
      vertex -65.6 -28.4949 12
    endloop
  endfacet
  facet normal -0.555515 0.831506 0
    outer loop
      vertex -66.0941 -28.825 4
      vertex -65.6 -28.4949 0
      vertex -66.0941 -28.825 0
    endloop
  endfacet
  facet normal -0.555472 0.831535 0
    outer loop
      vertex -66.1438 -28.8582 12
      vertex -66.0941 -28.825 4
      vertex -66.1438 -28.8582 4
    endloop
  endfacet
  facet normal -0.195087 0.980786 0
    outer loop
      vertex -63.7526 -27.8678 0
      vertex -64.3941 -27.9954 12
      vertex -63.7526 -27.8678 12
    endloop
  endfacet
  facet normal -0.195087 0.980786 0
    outer loop
      vertex -64.3941 -27.9954 12
      vertex -63.7526 -27.8678 0
      vertex -64.3941 -27.9954 0
    endloop
  endfacet
  facet normal 0.997856 -0.0654432 0
    outer loop
      vertex -58.1428 -33.4776 12
      vertex -58.1 -32.825 4
      vertex -58.1 -32.825 12
    endloop
  endfacet
  facet normal 0.997856 -0.0654432 0
    outer loop
      vertex -58.1 -32.825 4
      vertex -58.1428 -33.4776 12
      vertex -58.1428 -33.4776 4
    endloop
  endfacet
  facet normal 0.195087 -0.980786 0
    outer loop
      vertex -62.4474 -37.7822 0
      vertex -61.8059 -37.6546 12
      vertex -62.4474 -37.7822 12
    endloop
  endfacet
  facet normal 0.195087 -0.980786 0
    outer loop
      vertex -61.8059 -37.6546 12
      vertex -62.4474 -37.7822 0
      vertex -61.8059 -37.6546 0
    endloop
  endfacet
  facet normal 0.946941 0.321407 0
    outer loop
      vertex -58.2704 -31.5309 12
      vertex -58.4806 -30.9116 4
      vertex -58.4806 -30.9116 12
    endloop
  endfacet
  facet normal 0.946941 0.321407 0
    outer loop
      vertex -58.4806 -30.9116 4
      vertex -58.2704 -31.5309 12
      vertex -58.2704 -31.5309 4
    endloop
  endfacet
  facet normal 0.751771 0.659424 0
    outer loop
      vertex -59.1332 -29.7812 12
      vertex -59.5645 -29.2895 4
      vertex -59.5645 -29.2895 12
    endloop
  endfacet
  facet normal 0.751771 0.659424 0
    outer loop
      vertex -59.5645 -29.2895 4
      vertex -59.1332 -29.7812 12
      vertex -59.1332 -29.7812 4
    endloop
  endfacet
  facet normal 0.831509 0.555512 0
    outer loop
      vertex -58.7699 -30.325 12
      vertex -59.1332 -29.7812 4
      vertex -59.1332 -29.7812 12
    endloop
  endfacet
  facet normal 0.831509 0.555512 0
    outer loop
      vertex -59.1332 -29.7812 4
      vertex -58.7699 -30.325 12
      vertex -58.7699 -30.325 4
    endloop
  endfacet
  facet normal 0.0654432 0.997856 -0
    outer loop
      vertex -62.4474 -27.8678 0
      vertex -63.1 -27.825 12
      vertex -62.4474 -27.8678 12
    endloop
  endfacet
  facet normal 0.0654432 0.997856 0
    outer loop
      vertex -63.1 -27.825 12
      vertex -62.4474 -27.8678 0
      vertex -63.1 -27.825 0
    endloop
  endfacet
  facet normal -0.831509 0.555512 0
    outer loop
      vertex -67.4301 -30.325 4
      vertex -67.0668 -29.7812 12
      vertex -67.0668 -29.7812 4
    endloop
  endfacet
  facet normal -0.831509 0.555512 0
    outer loop
      vertex -67.0668 -29.7812 12
      vertex -67.4301 -30.325 4
      vertex -67.4301 -30.325 12
    endloop
  endfacet
  facet normal -0.321407 0.946941 0
    outer loop
      vertex -64.3941 -27.9954 0
      vertex -65.0134 -28.2056 12
      vertex -64.3941 -27.9954 12
    endloop
  endfacet
  facet normal -0.321407 0.946941 0
    outer loop
      vertex -65.0134 -28.2056 12
      vertex -64.3941 -27.9954 0
      vertex -65.0134 -28.2056 0
    endloop
  endfacet
  facet normal 0.831509 -0.555512 0
    outer loop
      vertex -59.1332 -35.8688 12
      vertex -58.7699 -35.325 4
      vertex -58.7699 -35.325 12
    endloop
  endfacet
  facet normal 0.831509 -0.555512 0
    outer loop
      vertex -58.7699 -35.325 4
      vertex -59.1332 -35.8688 12
      vertex -59.1332 -35.8688 4
    endloop
  endfacet
  facet normal 0.980786 -0.195087 0
    outer loop
      vertex -58.2704 -34.1191 12
      vertex -58.1428 -33.4776 4
      vertex -58.1428 -33.4776 12
    endloop
  endfacet
  facet normal 0.980786 -0.195087 0
    outer loop
      vertex -58.1428 -33.4776 4
      vertex -58.2704 -34.1191 12
      vertex -58.2704 -34.1191 4
    endloop
  endfacet
  facet normal -0.896832 -0.442371 0
    outer loop
      vertex -67.5767 -35.0277 4
      vertex -67.7194 -34.7384 12
      vertex -67.7194 -34.7384 4
    endloop
  endfacet
  facet normal -0.896832 -0.442371 0
    outer loop
      vertex -67.7194 -34.7384 12
      vertex -67.5767 -35.0277 4
      vertex -67.5767 -35.0277 12
    endloop
  endfacet
  facet normal -0.980786 -0.195087 0
    outer loop
      vertex -67.9296 -34.1191 4
      vertex -68.0572 -33.4776 12
      vertex -68.0572 -33.4776 4
    endloop
  endfacet
  facet normal -0.980786 -0.195087 0
    outer loop
      vertex -68.0572 -33.4776 12
      vertex -67.9296 -34.1191 4
      vertex -67.9296 -34.1191 12
    endloop
  endfacet
  facet normal 0.442314 -0.89686 0
    outer loop
      vertex -61.1866 -37.4444 0
      vertex -60.6 -37.1551 12
      vertex -61.1866 -37.4444 12
    endloop
  endfacet
  facet normal 0.442314 -0.89686 0
    outer loop
      vertex -60.6 -37.1551 12
      vertex -61.1866 -37.4444 0
      vertex -60.6 -37.1551 0
    endloop
  endfacet
  facet normal 0.321407 -0.946941 0
    outer loop
      vertex -61.8059 -37.6546 0
      vertex -61.1866 -37.4444 12
      vertex -61.8059 -37.6546 12
    endloop
  endfacet
  facet normal 0.321407 -0.946941 0
    outer loop
      vertex -61.1866 -37.4444 12
      vertex -61.8059 -37.6546 0
      vertex -61.1866 -37.4444 0
    endloop
  endfacet
  facet normal 0.442314 0.89686 -0
    outer loop
      vertex -60.6 -28.4949 0
      vertex -61.1866 -28.2056 12
      vertex -60.6 -28.4949 12
    endloop
  endfacet
  facet normal 0.442314 0.89686 0
    outer loop
      vertex -61.1866 -28.2056 12
      vertex -60.6 -28.4949 0
      vertex -61.1866 -28.2056 0
    endloop
  endfacet
  facet normal 0 0 1
    outer loop
      vertex -61.4 -32.825 12
      vertex -58.1 -32.825 12
      vertex -58.1428 -32.1724 12
    endloop
  endfacet
  facet normal 0 0 1
    outer loop
      vertex -61.4145 -32.6031 12
      vertex -58.1428 -32.1724 12
      vertex -58.2704 -31.5309 12
    endloop
  endfacet
  facet normal 0 0 1
    outer loop
      vertex -58.1 -32.825 12
      vertex -61.4 -32.825 12
      vertex -58.1428 -33.4776 12
    endloop
  endfacet
  facet normal 0 0 1
    outer loop
      vertex -61.4579 -32.385 12
      vertex -58.2704 -31.5309 12
      vertex -58.4806 -30.9116 12
    endloop
  endfacet
  facet normal -0 0 1
    outer loop
      vertex -61.4145 -33.0469 12
      vertex -58.1428 -33.4776 12
      vertex -61.4 -32.825 12
    endloop
  endfacet
  facet normal 0 0 1
    outer loop
      vertex -61.5294 -32.1744 12
      vertex -58.4806 -30.9116 12
      vertex -58.7699 -30.325 12
    endloop
  endfacet
  facet normal 0 0 1
    outer loop
      vertex -58.1428 -33.4776 12
      vertex -61.4145 -33.0469 12
      vertex -58.2704 -34.1191 12
    endloop
  endfacet
  facet normal 0 0 1
    outer loop
      vertex -61.6278 -31.975 12
      vertex -58.7699 -30.325 12
      vertex -59.1332 -29.7812 12
    endloop
  endfacet
  facet normal -0 0 1
    outer loop
      vertex -61.4579 -33.265 12
      vertex -58.2704 -34.1191 12
      vertex -61.4145 -33.0469 12
    endloop
  endfacet
  facet normal 0 0 1
    outer loop
      vertex -61.7513 -31.7901 12
      vertex -59.1332 -29.7812 12
      vertex -59.5645 -29.2895 12
    endloop
  endfacet
  facet normal 0 0 1
    outer loop
      vertex -58.2704 -34.1191 12
      vertex -61.4579 -33.265 12
      vertex -58.4806 -34.7384 12
    endloop
  endfacet
  facet normal 0 0 1
    outer loop
      vertex -61.8979 -31.6229 12
      vertex -59.5645 -29.2895 12
      vertex -60.0562 -28.8582 12
    endloop
  endfacet
  facet normal -0 0 1
    outer loop
      vertex -61.5294 -33.4756 12
      vertex -58.4806 -34.7384 12
      vertex -61.4579 -33.265 12
    endloop
  endfacet
  facet normal 0 0 1
    outer loop
      vertex -62.0651 -31.4763 12
      vertex -60.0562 -28.8582 12
      vertex -60.6 -28.4949 12
    endloop
  endfacet
  facet normal 0 0 1
    outer loop
      vertex -58.4806 -34.7384 12
      vertex -61.5294 -33.4756 12
      vertex -58.7699 -35.325 12
    endloop
  endfacet
  facet normal 0 0 1
    outer loop
      vertex -62.25 -31.3528 12
      vertex -60.6 -28.4949 12
      vertex -61.1866 -28.2056 12
    endloop
  endfacet
  facet normal -0 0 1
    outer loop
      vertex -61.6278 -33.675 12
      vertex -58.7699 -35.325 12
      vertex -61.5294 -33.4756 12
    endloop
  endfacet
  facet normal 0 0 1
    outer loop
      vertex -58.7699 -35.325 12
      vertex -61.6278 -33.675 12
      vertex -59.1332 -35.8688 12
    endloop
  endfacet
  facet normal 0 0 1
    outer loop
      vertex -58.1428 -32.1724 12
      vertex -61.4145 -32.6031 12
      vertex -61.4 -32.825 12
    endloop
  endfacet
  facet normal 0 0 1
    outer loop
      vertex -58.2704 -31.5309 12
      vertex -61.4579 -32.385 12
      vertex -61.4145 -32.6031 12
    endloop
  endfacet
  facet normal 0 0 1
    outer loop
      vertex -58.4806 -30.9116 12
      vertex -61.5294 -32.1744 12
      vertex -61.4579 -32.385 12
    endloop
  endfacet
  facet normal 0 0 1
    outer loop
      vertex -58.7699 -30.325 12
      vertex -61.6278 -31.975 12
      vertex -61.5294 -32.1744 12
    endloop
  endfacet
  facet normal 0 0 1
    outer loop
      vertex -59.1332 -29.7812 12
      vertex -61.7513 -31.7901 12
      vertex -61.6278 -31.975 12
    endloop
  endfacet
  facet normal 0 0 1
    outer loop
      vertex -62.4494 -31.2544 12
      vertex -61.1866 -28.2056 12
      vertex -61.8059 -27.9954 12
    endloop
  endfacet
  facet normal 0 0 1
    outer loop
      vertex -59.5645 -29.2895 12
      vertex -61.8979 -31.6229 12
      vertex -61.7513 -31.7901 12
    endloop
  endfacet
  facet normal 0 0 1
    outer loop
      vertex -60.0562 -28.8582 12
      vertex -62.0651 -31.4763 12
      vertex -61.8979 -31.6229 12
    endloop
  endfacet
  facet normal 0 0 1
    outer loop
      vertex -60.6 -28.4949 12
      vertex -62.25 -31.3528 12
      vertex -62.0651 -31.4763 12
    endloop
  endfacet
  facet normal 0 0 1
    outer loop
      vertex -62.66 -31.1829 12
      vertex -61.8059 -27.9954 12
      vertex -62.4474 -27.8678 12
    endloop
  endfacet
  facet normal 0 0 1
    outer loop
      vertex -61.1866 -28.2056 12
      vertex -62.4494 -31.2544 12
      vertex -62.25 -31.3528 12
    endloop
  endfacet
  facet normal 0 0 1
    outer loop
      vertex -61.8059 -27.9954 12
      vertex -62.66 -31.1829 12
      vertex -62.4494 -31.2544 12
    endloop
  endfacet
  facet normal 0 0 1
    outer loop
      vertex -62.4474 -27.8678 12
      vertex -62.8781 -31.1395 12
      vertex -62.66 -31.1829 12
    endloop
  endfacet
  facet normal 0 0 1
    outer loop
      vertex -63.1 -27.825 12
      vertex -62.8781 -31.1395 12
      vertex -62.4474 -27.8678 12
    endloop
  endfacet
  facet normal 0 0 1
    outer loop
      vertex -63.1 -27.825 12
      vertex -63.1 -31.125 12
      vertex -62.8781 -31.1395 12
    endloop
  endfacet
  facet normal 0 0 1
    outer loop
      vertex -63.1 -27.825 12
      vertex -63.3219 -31.1395 12
      vertex -63.1 -31.125 12
    endloop
  endfacet
  facet normal -0 0 1
    outer loop
      vertex -63.7526 -27.8678 12
      vertex -63.3219 -31.1395 12
      vertex -63.1 -27.825 12
    endloop
  endfacet
  facet normal 0 0 1
    outer loop
      vertex -63.3219 -31.1395 12
      vertex -63.7526 -27.8678 12
      vertex -63.54 -31.1829 12
    endloop
  endfacet
  facet normal -0 0 1
    outer loop
      vertex -64.3941 -27.9954 12
      vertex -63.54 -31.1829 12
      vertex -63.7526 -27.8678 12
    endloop
  endfacet
  facet normal 0 0 1
    outer loop
      vertex -63.54 -31.1829 12
      vertex -64.3941 -27.9954 12
      vertex -63.7506 -31.2544 12
    endloop
  endfacet
  facet normal -0 0 1
    outer loop
      vertex -65.0134 -28.2056 12
      vertex -63.7506 -31.2544 12
      vertex -64.3941 -27.9954 12
    endloop
  endfacet
  facet normal 0 0 1
    outer loop
      vertex -63.7506 -31.2544 12
      vertex -65.0134 -28.2056 12
      vertex -63.95 -31.3528 12
    endloop
  endfacet
  facet normal -0 0 1
    outer loop
      vertex -65.6 -28.4949 12
      vertex -63.95 -31.3528 12
      vertex -65.0134 -28.2056 12
    endloop
  endfacet
  facet normal 0 0 1
    outer loop
      vertex -63.95 -31.3528 12
      vertex -65.6 -28.4949 12
      vertex -64.1349 -31.4763 12
    endloop
  endfacet
  facet normal -0 0 1
    outer loop
      vertex -66.1438 -28.8582 12
      vertex -64.1349 -31.4763 12
      vertex -65.6 -28.4949 12
    endloop
  endfacet
  facet normal 0 0 1
    outer loop
      vertex -64.1349 -31.4763 12
      vertex -66.1438 -28.8582 12
      vertex -64.3021 -31.6229 12
    endloop
  endfacet
  facet normal -0 0 1
    outer loop
      vertex -66.6355 -29.2895 12
      vertex -64.3021 -31.6229 12
      vertex -66.1438 -28.8582 12
    endloop
  endfacet
  facet normal 0 0 1
    outer loop
      vertex -64.3021 -31.6229 12
      vertex -66.6355 -29.2895 12
      vertex -64.4487 -31.7901 12
    endloop
  endfacet
  facet normal -0 0 1
    outer loop
      vertex -67.0668 -29.7812 12
      vertex -64.4487 -31.7901 12
      vertex -66.6355 -29.2895 12
    endloop
  endfacet
  facet normal 0 0 1
    outer loop
      vertex -64.4487 -31.7901 12
      vertex -67.0668 -29.7812 12
      vertex -64.5722 -31.975 12
    endloop
  endfacet
  facet normal -0 0 1
    outer loop
      vertex -67.4301 -30.325 12
      vertex -64.5722 -31.975 12
      vertex -67.0668 -29.7812 12
    endloop
  endfacet
  facet normal 0 0 1
    outer loop
      vertex -64.8 -32.825 12
      vertex -65.1716 -37.1716 12
      vertex -64.8266 -37.565 12
    endloop
  endfacet
  facet normal 0 0 1
    outer loop
      vertex -64.8 -32.825 12
      vertex -65.565 -36.8266 12
      vertex -65.1716 -37.1716 12
    endloop
  endfacet
  facet normal 0 0 1
    outer loop
      vertex -64.5722 -31.975 12
      vertex -67.4301 -30.325 12
      vertex -64.6706 -32.1744 12
    endloop
  endfacet
  facet normal 0 0 1
    outer loop
      vertex -64.8 -32.825 12
      vertex -66 -36.5359 12
      vertex -65.565 -36.8266 12
    endloop
  endfacet
  facet normal -0 0 1
    outer loop
      vertex -67.7194 -30.9116 12
      vertex -64.6706 -32.1744 12
      vertex -67.4301 -30.325 12
    endloop
  endfacet
  facet normal 0 0 1
    outer loop
      vertex -64.6706 -32.1744 12
      vertex -67.7194 -30.9116 12
      vertex -64.7421 -32.385 12
    endloop
  endfacet
  facet normal -0 0 1
    outer loop
      vertex -67.9296 -31.5309 12
      vertex -64.7421 -32.385 12
      vertex -67.7194 -30.9116 12
    endloop
  endfacet
  facet normal 0 0 1
    outer loop
      vertex -64.7421 -32.385 12
      vertex -67.9296 -31.5309 12
      vertex -64.7855 -32.6031 12
    endloop
  endfacet
  facet normal -0 0 1
    outer loop
      vertex -68.0572 -32.1724 12
      vertex -64.7855 -32.6031 12
      vertex -67.9296 -31.5309 12
    endloop
  endfacet
  facet normal 0 0 1
    outer loop
      vertex -64.7855 -32.6031 12
      vertex -68.0572 -32.1724 12
      vertex -64.8 -32.825 12
    endloop
  endfacet
  facet normal 0 0 1
    outer loop
      vertex -66.4693 -36.3045 12
      vertex -67.5767 -35.0277 12
      vertex -66.9647 -36.1363 12
    endloop
  endfacet
  facet normal 0 0 1
    outer loop
      vertex -66.9647 -36.1363 12
      vertex -67.5767 -35.0277 12
      vertex -67.4779 -36.0342 12
    endloop
  endfacet
  facet normal 0 0 1
    outer loop
      vertex -68.1 -32.825 12
      vertex -64.8 -32.825 12
      vertex -68.0572 -32.1724 12
    endloop
  endfacet
  facet normal 0 -0 1
    outer loop
      vertex -68.0572 -33.4776 12
      vertex -64.8 -32.825 12
      vertex -68.1 -32.825 12
    endloop
  endfacet
  facet normal 0 0 1
    outer loop
      vertex -64.8 -32.825 12
      vertex -66.4693 -36.3045 12
      vertex -66 -36.5359 12
    endloop
  endfacet
  facet normal 0 0 1
    outer loop
      vertex -64.8 -32.825 12
      vertex -67.7194 -34.7384 12
      vertex -67.5767 -35.0277 12
    endloop
  endfacet
  facet normal 0 -0 1
    outer loop
      vertex -67.9296 -34.1191 12
      vertex -64.8 -32.825 12
      vertex -68.0572 -33.4776 12
    endloop
  endfacet
  facet normal 0 -0 1
    outer loop
      vertex -66.4693 -36.3045 12
      vertex -64.8 -32.825 12
      vertex -67.5767 -35.0277 12
    endloop
  endfacet
  facet normal 0 -0 1
    outer loop
      vertex -67.7194 -34.7384 12
      vertex -64.8 -32.825 12
      vertex -67.9296 -34.1191 12
    endloop
  endfacet
  facet normal -0 0 1
    outer loop
      vertex -61.7513 -33.8599 12
      vertex -59.1332 -35.8688 12
      vertex -61.6278 -33.675 12
    endloop
  endfacet
  facet normal 0 0 1
    outer loop
      vertex -59.1332 -35.8688 12
      vertex -61.7513 -33.8599 12
      vertex -59.5645 -36.3605 12
    endloop
  endfacet
  facet normal -0 0 1
    outer loop
      vertex -61.8979 -34.0271 12
      vertex -59.5645 -36.3605 12
      vertex -61.7513 -33.8599 12
    endloop
  endfacet
  facet normal 0 0 1
    outer loop
      vertex -59.5645 -36.3605 12
      vertex -61.8979 -34.0271 12
      vertex -60.0562 -36.7918 12
    endloop
  endfacet
  facet normal -0 0 1
    outer loop
      vertex -62.0651 -34.1737 12
      vertex -60.0562 -36.7918 12
      vertex -61.8979 -34.0271 12
    endloop
  endfacet
  facet normal 0 0 1
    outer loop
      vertex -60.0562 -36.7918 12
      vertex -62.0651 -34.1737 12
      vertex -60.6 -37.1551 12
    endloop
  endfacet
  facet normal -0 0 1
    outer loop
      vertex -62.25 -34.2972 12
      vertex -60.6 -37.1551 12
      vertex -62.0651 -34.1737 12
    endloop
  endfacet
  facet normal 0 0 1
    outer loop
      vertex -60.6 -37.1551 12
      vertex -62.25 -34.2972 12
      vertex -61.1866 -37.4444 12
    endloop
  endfacet
  facet normal -0 0 1
    outer loop
      vertex -62.4494 -34.3956 12
      vertex -61.1866 -37.4444 12
      vertex -62.25 -34.2972 12
    endloop
  endfacet
  facet normal 0 0 1
    outer loop
      vertex -61.1866 -37.4444 12
      vertex -62.4494 -34.3956 12
      vertex -61.8059 -37.6546 12
    endloop
  endfacet
  facet normal -0 0 1
    outer loop
      vertex -62.66 -34.4671 12
      vertex -61.8059 -37.6546 12
      vertex -62.4494 -34.3956 12
    endloop
  endfacet
  facet normal 0 0 1
    outer loop
      vertex -61.8059 -37.6546 12
      vertex -62.66 -34.4671 12
      vertex -62.4474 -37.7822 12
    endloop
  endfacet
  facet normal -0 0 1
    outer loop
      vertex -62.8781 -34.5105 12
      vertex -62.4474 -37.7822 12
      vertex -62.66 -34.4671 12
    endloop
  endfacet
  facet normal -0 0 1
    outer loop
      vertex -63.1 -34.525 12
      vertex -62.4474 -37.7822 12
      vertex -62.8781 -34.5105 12
    endloop
  endfacet
  facet normal 0 0 1
    outer loop
      vertex -63.1 -34.525 12
      vertex -63.1 -37.825 12
      vertex -62.4474 -37.7822 12
    endloop
  endfacet
  facet normal 0 0 1
    outer loop
      vertex -63.5233 -37.7973 12
      vertex -63.1 -34.525 12
      vertex -63.3219 -34.5105 12
    endloop
  endfacet
  facet normal 0 0 1
    outer loop
      vertex -63.1 -34.525 12
      vertex -63.5233 -37.7973 12
      vertex -63.1 -37.825 12
    endloop
  endfacet
  facet normal 0 -0 1
    outer loop
      vertex -63.5233 -37.7973 12
      vertex -63.3219 -34.5105 12
      vertex -63.54 -34.4671 12
    endloop
  endfacet
  facet normal 0 0 1
    outer loop
      vertex -64 -40 12
      vertex -63 -40 12
      vertex -63.0428 -39.3474 12
    endloop
  endfacet
  facet normal 0 0 1
    outer loop
      vertex -64.0342 -39.4779 12
      vertex -63.0428 -39.3474 12
      vertex -63.1704 -38.7059 12
    endloop
  endfacet
  facet normal 0 0 1
    outer loop
      vertex -63 -40 12
      vertex -64 -40 12
      vertex -63.0428 -40.6526 12
    endloop
  endfacet
  facet normal 0 0 1
    outer loop
      vertex -64.1363 -38.9647 12
      vertex -63.1704 -38.7059 12
      vertex -63.3806 -38.0866 12
    endloop
  endfacet
  facet normal -0 0 1
    outer loop
      vertex -64.0342 -40.5221 12
      vertex -63.0428 -40.6526 12
      vertex -64 -40 12
    endloop
  endfacet
  facet normal 0 0 1
    outer loop
      vertex -64.3045 -38.4693 12
      vertex -63.3806 -38.0866 12
      vertex -63.5233 -37.7973 12
    endloop
  endfacet
  facet normal 0 0 1
    outer loop
      vertex -63.0428 -40.6526 12
      vertex -64.0342 -40.5221 12
      vertex -63.1704 -41.2941 12
    endloop
  endfacet
  facet normal -0 0 1
    outer loop
      vertex -64.8266 -37.565 12
      vertex -63.5233 -37.7973 12
      vertex -63.54 -34.4671 12
    endloop
  endfacet
  facet normal 0 0 1
    outer loop
      vertex -64.8266 -37.565 12
      vertex -63.54 -34.4671 12
      vertex -63.7506 -34.3956 12
    endloop
  endfacet
  facet normal 0 0 1
    outer loop
      vertex -64.8266 -37.565 12
      vertex -63.7506 -34.3956 12
      vertex -63.95 -34.2972 12
    endloop
  endfacet
  facet normal 0 0 1
    outer loop
      vertex -63.0428 -39.3474 12
      vertex -64.0342 -39.4779 12
      vertex -64 -40 12
    endloop
  endfacet
  facet normal 0 0 1
    outer loop
      vertex -63.1704 -41.2941 12
      vertex -64.1363 -41.0353 12
      vertex -63.3806 -41.9134 12
    endloop
  endfacet
  facet normal -0 0 1
    outer loop
      vertex -64.3045 -41.5307 12
      vertex -63.3806 -41.9134 12
      vertex -64.1363 -41.0353 12
    endloop
  endfacet
  facet normal 0 0 1
    outer loop
      vertex -63.3806 -41.9134 12
      vertex -64.3045 -41.5307 12
      vertex -63.6699 -42.5 12
    endloop
  endfacet
  facet normal -0 0 1
    outer loop
      vertex -64.5359 -42 12
      vertex -63.6699 -42.5 12
      vertex -64.3045 -41.5307 12
    endloop
  endfacet
  facet normal 0 0 1
    outer loop
      vertex -63.6699 -42.5 12
      vertex -64.5359 -42 12
      vertex -64.0332 -43.0438 12
    endloop
  endfacet
  facet normal -0 0 1
    outer loop
      vertex -64.8266 -42.435 12
      vertex -64.0332 -43.0438 12
      vertex -64.5359 -42 12
    endloop
  endfacet
  facet normal 0 0 1
    outer loop
      vertex -64.0332 -43.0438 12
      vertex -64.8266 -42.435 12
      vertex -64.4645 -43.5355 12
    endloop
  endfacet
  facet normal -0 0 1
    outer loop
      vertex -65.1716 -42.8284 12
      vertex -64.4645 -43.5355 12
      vertex -64.8266 -42.435 12
    endloop
  endfacet
  facet normal 0 0 1
    outer loop
      vertex -64.4645 -43.5355 12
      vertex -65.1716 -42.8284 12
      vertex -64.9562 -43.9668 12
    endloop
  endfacet
  facet normal -0 0 1
    outer loop
      vertex -65.565 -43.1734 12
      vertex -64.9562 -43.9668 12
      vertex -65.1716 -42.8284 12
    endloop
  endfacet
  facet normal 0 0 1
    outer loop
      vertex -64.9562 -43.9668 12
      vertex -65.565 -43.1734 12
      vertex -65.5 -44.3301 12
    endloop
  endfacet
  facet normal -0 0 1
    outer loop
      vertex -66 -43.4641 12
      vertex -65.5 -44.3301 12
      vertex -65.565 -43.1734 12
    endloop
  endfacet
  facet normal 0 0 1
    outer loop
      vertex -66 -43.4641 12
      vertex -66.0866 -44.6194 12
      vertex -65.5 -44.3301 12
    endloop
  endfacet
  facet normal -0 0 1
    outer loop
      vertex -66.4693 -43.6955 12
      vertex -66.0866 -44.6194 12
      vertex -66 -43.4641 12
    endloop
  endfacet
  facet normal 0 0 1
    outer loop
      vertex -66.4693 -43.6955 12
      vertex -66.7059 -44.8296 12
      vertex -66.0866 -44.6194 12
    endloop
  endfacet
  facet normal -0 0 1
    outer loop
      vertex -66.9647 -43.8637 12
      vertex -66.7059 -44.8296 12
      vertex -66.4693 -43.6955 12
    endloop
  endfacet
  facet normal 0 0 1
    outer loop
      vertex -66.9647 -43.8637 12
      vertex -67.3474 -44.9572 12
      vertex -66.7059 -44.8296 12
    endloop
  endfacet
  facet normal -0 0 1
    outer loop
      vertex -67.4779 -43.9658 12
      vertex -67.3474 -44.9572 12
      vertex -66.9647 -43.8637 12
    endloop
  endfacet
  facet normal -0 0 1
    outer loop
      vertex -68 -44 12
      vertex -67.3474 -44.9572 12
      vertex -67.4779 -43.9658 12
    endloop
  endfacet
  facet normal 0 0 1
    outer loop
      vertex -68 -44 12
      vertex -68 -45 12
      vertex -67.3474 -44.9572 12
    endloop
  endfacet
  facet normal 0 0 1
    outer loop
      vertex -68.5221 -43.9658 12
      vertex -68 -45 12
      vertex -68 -44 12
    endloop
  endfacet
  facet normal 0 0 1
    outer loop
      vertex -68.5221 -43.9658 12
      vertex -68.6526 -44.9572 12
      vertex -68 -45 12
    endloop
  endfacet
  facet normal 0 0 1
    outer loop
      vertex -69.0353 -43.8637 12
      vertex -68.6526 -44.9572 12
      vertex -68.5221 -43.9658 12
    endloop
  endfacet
  facet normal 0 0 1
    outer loop
      vertex -69.0353 -43.8637 12
      vertex -69.2941 -44.8296 12
      vertex -68.6526 -44.9572 12
    endloop
  endfacet
  facet normal 0 0 1
    outer loop
      vertex -69.5307 -43.6955 12
      vertex -69.2941 -44.8296 12
      vertex -69.0353 -43.8637 12
    endloop
  endfacet
  facet normal 0 0 1
    outer loop
      vertex -69.5307 -43.6955 12
      vertex -69.9134 -44.6194 12
      vertex -69.2941 -44.8296 12
    endloop
  endfacet
  facet normal 0 0 1
    outer loop
      vertex -70 -43.4641 12
      vertex -69.9134 -44.6194 12
      vertex -69.5307 -43.6955 12
    endloop
  endfacet
  facet normal 0 0 1
    outer loop
      vertex -70.5 -44.3301 12
      vertex -70 -43.4641 12
      vertex -70.435 -43.1734 12
    endloop
  endfacet
  facet normal 0 0 1
    outer loop
      vertex -70 -43.4641 12
      vertex -70.5 -44.3301 12
      vertex -69.9134 -44.6194 12
    endloop
  endfacet
  facet normal 0 0 1
    outer loop
      vertex -71.0438 -43.9668 12
      vertex -70.435 -43.1734 12
      vertex -70.8284 -42.8284 12
    endloop
  endfacet
  facet normal 0 0 1
    outer loop
      vertex -70.435 -43.1734 12
      vertex -71.0438 -43.9668 12
      vertex -70.5 -44.3301 12
    endloop
  endfacet
  facet normal 0 0 1
    outer loop
      vertex -71.5355 -43.5355 12
      vertex -70.8284 -42.8284 12
      vertex -71.1734 -42.435 12
    endloop
  endfacet
  facet normal 0 0 1
    outer loop
      vertex -71.9668 -43.0438 12
      vertex -71.1734 -42.435 12
      vertex -71.4641 -42 12
    endloop
  endfacet
  facet normal 0 0 1
    outer loop
      vertex -70.8284 -42.8284 12
      vertex -71.5355 -43.5355 12
      vertex -71.0438 -43.9668 12
    endloop
  endfacet
  facet normal 0 0 1
    outer loop
      vertex -72.3301 -42.5 12
      vertex -71.4641 -42 12
      vertex -71.6955 -41.5307 12
    endloop
  endfacet
  facet normal 0 0 1
    outer loop
      vertex -72.6194 -41.9134 12
      vertex -71.6955 -41.5307 12
      vertex -71.8637 -41.0353 12
    endloop
  endfacet
  facet normal 0 0 1
    outer loop
      vertex -72.8296 -41.2941 12
      vertex -71.8637 -41.0353 12
      vertex -71.9658 -40.5221 12
    endloop
  endfacet
  facet normal 0 0 1
    outer loop
      vertex -71.1734 -42.435 12
      vertex -71.9668 -43.0438 12
      vertex -71.5355 -43.5355 12
    endloop
  endfacet
  facet normal 0 0 1
    outer loop
      vertex -72.9572 -40.6526 12
      vertex -71.9658 -40.5221 12
      vertex -72 -40 12
    endloop
  endfacet
  facet normal 0 0 1
    outer loop
      vertex -71.8637 -38.9647 12
      vertex -72.8296 -38.7059 12
      vertex -71.9658 -39.4779 12
    endloop
  endfacet
  facet normal 0 0 1
    outer loop
      vertex -71.4641 -42 12
      vertex -72.3301 -42.5 12
      vertex -71.9668 -43.0438 12
    endloop
  endfacet
  facet normal -0 0 1
    outer loop
      vertex -72.9572 -39.3474 12
      vertex -71.9658 -39.4779 12
      vertex -72.8296 -38.7059 12
    endloop
  endfacet
  facet normal 0 0 1
    outer loop
      vertex -71.6955 -41.5307 12
      vertex -72.6194 -41.9134 12
      vertex -72.3301 -42.5 12
    endloop
  endfacet
  facet normal 0 0 1
    outer loop
      vertex -71.9658 -39.4779 12
      vertex -72.9572 -39.3474 12
      vertex -72 -40 12
    endloop
  endfacet
  facet normal 0 0 1
    outer loop
      vertex -71.8637 -41.0353 12
      vertex -72.8296 -41.2941 12
      vertex -72.6194 -41.9134 12
    endloop
  endfacet
  facet normal 0 0 1
    outer loop
      vertex -73 -40 12
      vertex -72 -40 12
      vertex -72.9572 -39.3474 12
    endloop
  endfacet
  facet normal 0 0 1
    outer loop
      vertex -71.9658 -40.5221 12
      vertex -72.9572 -40.6526 12
      vertex -72.8296 -41.2941 12
    endloop
  endfacet
  facet normal 0 0 1
    outer loop
      vertex -72 -40 12
      vertex -73 -40 12
      vertex -72.9572 -40.6526 12
    endloop
  endfacet
  facet normal -0 0 1
    outer loop
      vertex -64.1363 -41.0353 12
      vertex -63.1704 -41.2941 12
      vertex -64.0342 -40.5221 12
    endloop
  endfacet
  facet normal 0 0 1
    outer loop
      vertex -64.8266 -37.565 12
      vertex -63.95 -34.2972 12
      vertex -64.1349 -34.1737 12
    endloop
  endfacet
  facet normal 0 0 1
    outer loop
      vertex -63.1704 -38.7059 12
      vertex -64.1363 -38.9647 12
      vertex -64.0342 -39.4779 12
    endloop
  endfacet
  facet normal 0 0 1
    outer loop
      vertex -64.8266 -37.565 12
      vertex -64.1349 -34.1737 12
      vertex -64.3021 -34.0271 12
    endloop
  endfacet
  facet normal 0 0 1
    outer loop
      vertex -63.3806 -38.0866 12
      vertex -64.3045 -38.4693 12
      vertex -64.1363 -38.9647 12
    endloop
  endfacet
  facet normal 0 0 1
    outer loop
      vertex -64.8266 -37.565 12
      vertex -64.3021 -34.0271 12
      vertex -64.4487 -33.8599 12
    endloop
  endfacet
  facet normal 0 0 1
    outer loop
      vertex -63.5233 -37.7973 12
      vertex -64.5359 -38 12
      vertex -64.3045 -38.4693 12
    endloop
  endfacet
  facet normal 0 0 1
    outer loop
      vertex -64.8266 -37.565 12
      vertex -64.4487 -33.8599 12
      vertex -64.5722 -33.675 12
    endloop
  endfacet
  facet normal 0 0 1
    outer loop
      vertex -64.8266 -37.565 12
      vertex -64.5722 -33.675 12
      vertex -64.6706 -33.4756 12
    endloop
  endfacet
  facet normal 0 0 1
    outer loop
      vertex -64.8266 -37.565 12
      vertex -64.6706 -33.4756 12
      vertex -64.7421 -33.265 12
    endloop
  endfacet
  facet normal 0 0 1
    outer loop
      vertex -64.8266 -37.565 12
      vertex -64.7421 -33.265 12
      vertex -64.7855 -33.0469 12
    endloop
  endfacet
  facet normal 0 0 1
    outer loop
      vertex -64.8266 -37.565 12
      vertex -64.7855 -33.0469 12
      vertex -64.8 -32.825 12
    endloop
  endfacet
  facet normal 0 0 1
    outer loop
      vertex -63.5233 -37.7973 12
      vertex -64.8266 -37.565 12
      vertex -64.5359 -38 12
    endloop
  endfacet
  facet normal 0 0 1
    outer loop
      vertex -68 -36 12
      vertex -67.5767 -35.0277 12
      vertex -68 -35 12
    endloop
  endfacet
  facet normal 0 0 1
    outer loop
      vertex -67.5767 -35.0277 12
      vertex -68 -36 12
      vertex -67.4779 -36.0342 12
    endloop
  endfacet
  facet normal 0 0 1
    outer loop
      vertex -68 -35 12
      vertex -68.5221 -36.0342 12
      vertex -68 -36 12
    endloop
  endfacet
  facet normal -0 0 1
    outer loop
      vertex -68.6526 -35.0428 12
      vertex -68.5221 -36.0342 12
      vertex -68 -35 12
    endloop
  endfacet
  facet normal 0 0 1
    outer loop
      vertex -68.6526 -35.0428 12
      vertex -69.0353 -36.1363 12
      vertex -68.5221 -36.0342 12
    endloop
  endfacet
  facet normal -0 0 1
    outer loop
      vertex -69.2941 -35.1704 12
      vertex -69.0353 -36.1363 12
      vertex -68.6526 -35.0428 12
    endloop
  endfacet
  facet normal 0 0 1
    outer loop
      vertex -69.2941 -35.1704 12
      vertex -69.5307 -36.3045 12
      vertex -69.0353 -36.1363 12
    endloop
  endfacet
  facet normal -0 0 1
    outer loop
      vertex -69.9134 -35.3806 12
      vertex -69.5307 -36.3045 12
      vertex -69.2941 -35.1704 12
    endloop
  endfacet
  facet normal 0 0 1
    outer loop
      vertex -69.9134 -35.3806 12
      vertex -70 -36.5359 12
      vertex -69.5307 -36.3045 12
    endloop
  endfacet
  facet normal -0 0 1
    outer loop
      vertex -70.5 -35.6699 12
      vertex -70 -36.5359 12
      vertex -69.9134 -35.3806 12
    endloop
  endfacet
  facet normal 0 0 1
    outer loop
      vertex -70 -36.5359 12
      vertex -70.5 -35.6699 12
      vertex -70.435 -36.8266 12
    endloop
  endfacet
  facet normal -0 0 1
    outer loop
      vertex -71.0438 -36.0332 12
      vertex -70.435 -36.8266 12
      vertex -70.5 -35.6699 12
    endloop
  endfacet
  facet normal 0 0 1
    outer loop
      vertex -70.435 -36.8266 12
      vertex -71.0438 -36.0332 12
      vertex -70.8284 -37.1716 12
    endloop
  endfacet
  facet normal -0 0 1
    outer loop
      vertex -71.5355 -36.4645 12
      vertex -70.8284 -37.1716 12
      vertex -71.0438 -36.0332 12
    endloop
  endfacet
  facet normal 0 0 1
    outer loop
      vertex -70.8284 -37.1716 12
      vertex -71.5355 -36.4645 12
      vertex -71.1734 -37.565 12
    endloop
  endfacet
  facet normal -0 0 1
    outer loop
      vertex -71.9668 -36.9562 12
      vertex -71.1734 -37.565 12
      vertex -71.5355 -36.4645 12
    endloop
  endfacet
  facet normal 0 0 1
    outer loop
      vertex -71.1734 -37.565 12
      vertex -71.9668 -36.9562 12
      vertex -71.4641 -38 12
    endloop
  endfacet
  facet normal -0 0 1
    outer loop
      vertex -72.3301 -37.5 12
      vertex -71.4641 -38 12
      vertex -71.9668 -36.9562 12
    endloop
  endfacet
  facet normal 0 0 1
    outer loop
      vertex -71.4641 -38 12
      vertex -72.3301 -37.5 12
      vertex -71.6955 -38.4693 12
    endloop
  endfacet
  facet normal -0 0 1
    outer loop
      vertex -72.6194 -38.0866 12
      vertex -71.6955 -38.4693 12
      vertex -72.3301 -37.5 12
    endloop
  endfacet
  facet normal 0 0 1
    outer loop
      vertex -71.6955 -38.4693 12
      vertex -72.6194 -38.0866 12
      vertex -71.8637 -38.9647 12
    endloop
  endfacet
  facet normal -0 0 1
    outer loop
      vertex -72.8296 -38.7059 12
      vertex -71.8637 -38.9647 12
      vertex -72.6194 -38.0866 12
    endloop
  endfacet
  facet normal -0.997856 0.0654432 0
    outer loop
      vertex -68.1 -32.825 4
      vertex -68.0572 -32.1724 12
      vertex -68.0572 -32.1724 4
    endloop
  endfacet
  facet normal -0.997856 0.0654432 0
    outer loop
      vertex -68.0572 -32.1724 12
      vertex -68.1 -32.825 4
      vertex -68.1 -32.825 12
    endloop
  endfacet
  facet normal -0.659424 0.751771 0
    outer loop
      vertex -66.1438 -28.8582 4
      vertex -66.6355 -29.2895 12
      vertex -66.1438 -28.8582 12
    endloop
  endfacet
  facet normal -0.659424 0.751771 0
    outer loop
      vertex -66.6355 -29.2895 12
      vertex -66.1438 -28.8582 4
      vertex -66.6355 -29.2895 4
    endloop
  endfacet
  facet normal 0.555512 -0.831509 -3.53598e-07
    outer loop
      vertex -60.6 -37.1551 12
      vertex -60.1059 -36.825 4
      vertex -60.0562 -36.7918 12
    endloop
  endfacet
  facet normal 0.555515 -0.831506 0
    outer loop
      vertex -60.6 -37.1551 0
      vertex -60.1059 -36.825 4
      vertex -60.6 -37.1551 12
    endloop
  endfacet
  facet normal 0.555515 -0.831506 0
    outer loop
      vertex -60.1059 -36.825 4
      vertex -60.6 -37.1551 0
      vertex -60.1059 -36.825 0
    endloop
  endfacet
  facet normal 0.555472 -0.831535 0
    outer loop
      vertex -60.0562 -36.7918 12
      vertex -60.1059 -36.825 4
      vertex -60.0562 -36.7918 4
    endloop
  endfacet
  facet normal 0.751771 -0.659424 0
    outer loop
      vertex -59.5645 -36.3605 12
      vertex -59.1332 -35.8688 4
      vertex -59.1332 -35.8688 12
    endloop
  endfacet
  facet normal 0.751771 -0.659424 0
    outer loop
      vertex -59.1332 -35.8688 4
      vertex -59.5645 -36.3605 12
      vertex -59.5645 -36.3605 4
    endloop
  endfacet
  facet normal 0.89686 -0.442314 0
    outer loop
      vertex -58.7699 -35.325 12
      vertex -58.4806 -34.7384 4
      vertex -58.4806 -34.7384 12
    endloop
  endfacet
  facet normal 0.89686 -0.442314 0
    outer loop
      vertex -58.4806 -34.7384 4
      vertex -58.7699 -35.325 12
      vertex -58.7699 -35.325 4
    endloop
  endfacet
  facet normal 0.946941 -0.321407 0
    outer loop
      vertex -58.4806 -34.7384 12
      vertex -58.2704 -34.1191 4
      vertex -58.2704 -34.1191 12
    endloop
  endfacet
  facet normal 0.946941 -0.321407 0
    outer loop
      vertex -58.2704 -34.1191 4
      vertex -58.4806 -34.7384 12
      vertex -58.4806 -34.7384 4
    endloop
  endfacet
  facet normal 0.0654432 -0.997856 0
    outer loop
      vertex -63.1 -37.825 0
      vertex -62.4474 -37.7822 12
      vertex -63.1 -37.825 12
    endloop
  endfacet
  facet normal 0.0654432 -0.997856 0
    outer loop
      vertex -62.4474 -37.7822 12
      vertex -63.1 -37.825 0
      vertex -62.4474 -37.7822 0
    endloop
  endfacet
  facet normal 0.659424 -0.751771 0
    outer loop
      vertex -60.0562 -36.7918 4
      vertex -59.5645 -36.3605 12
      vertex -60.0562 -36.7918 12
    endloop
  endfacet
  facet normal 0.659424 -0.751771 0
    outer loop
      vertex -59.5645 -36.3605 12
      vertex -60.0562 -36.7918 4
      vertex -59.5645 -36.3605 4
    endloop
  endfacet
  facet normal -0.0652986 -0.997866 0
    outer loop
      vertex -63.5233 -37.7973 0
      vertex -63.1 -37.825 12
      vertex -63.5233 -37.7973 12
    endloop
  endfacet
  facet normal -0.0652986 -0.997866 -0
    outer loop
      vertex -63.1 -37.825 12
      vertex -63.5233 -37.7973 0
      vertex -63.1 -37.825 0
    endloop
  endfacet
  facet normal -0.946941 -0.321407 0
    outer loop
      vertex -67.7194 -34.7384 4
      vertex -67.9296 -34.1191 12
      vertex -67.9296 -34.1191 4
    endloop
  endfacet
  facet normal -0.946941 -0.321407 0
    outer loop
      vertex -67.9296 -34.1191 12
      vertex -67.7194 -34.7384 4
      vertex -67.7194 -34.7384 12
    endloop
  endfacet
  facet normal 0.997856 0.0654432 0
    outer loop
      vertex -58.1 32.825 12
      vertex -58.1428 33.4776 4
      vertex -58.1428 33.4776 12
    endloop
  endfacet
  facet normal 0.997856 0.0654432 0
    outer loop
      vertex -58.1428 33.4776 4
      vertex -58.1 32.825 12
      vertex -58.1 32.825 4
    endloop
  endfacet
  facet normal -0.0652986 0.997866 0
    outer loop
      vertex -63.1 37.825 0
      vertex -63.5233 37.7973 12
      vertex -63.1 37.825 12
    endloop
  endfacet
  facet normal -0.0652986 0.997866 0
    outer loop
      vertex -63.5233 37.7973 12
      vertex -63.1 37.825 0
      vertex -63.5233 37.7973 0
    endloop
  endfacet
  facet normal 0.659424 0.751771 -0
    outer loop
      vertex -59.5645 36.3605 4
      vertex -60.0562 36.7918 12
      vertex -59.5645 36.3605 12
    endloop
  endfacet
  facet normal 0.659424 0.751771 0
    outer loop
      vertex -60.0562 36.7918 12
      vertex -59.5645 36.3605 4
      vertex -60.0562 36.7918 4
    endloop
  endfacet
  facet normal 0.89686 0.442314 0
    outer loop
      vertex -58.4806 34.7384 12
      vertex -58.7699 35.325 4
      vertex -58.7699 35.325 12
    endloop
  endfacet
  facet normal 0.89686 0.442314 0
    outer loop
      vertex -58.7699 35.325 4
      vertex -58.4806 34.7384 12
      vertex -58.4806 34.7384 4
    endloop
  endfacet
  facet normal 0.980786 0.195087 0
    outer loop
      vertex -58.1428 33.4776 12
      vertex -58.2704 34.1191 4
      vertex -58.2704 34.1191 12
    endloop
  endfacet
  facet normal 0.980786 0.195087 0
    outer loop
      vertex -58.2704 34.1191 4
      vertex -58.1428 33.4776 12
      vertex -58.1428 33.4776 4
    endloop
  endfacet
  facet normal 0.321407 0.946941 -0
    outer loop
      vertex -61.1866 37.4444 0
      vertex -61.8059 37.6546 12
      vertex -61.1866 37.4444 12
    endloop
  endfacet
  facet normal 0.321407 0.946941 0
    outer loop
      vertex -61.8059 37.6546 12
      vertex -61.1866 37.4444 0
      vertex -61.8059 37.6546 0
    endloop
  endfacet
  facet normal 0.555472 0.831535 0
    outer loop
      vertex -60.1059 36.825 4
      vertex -60.0562 36.7918 12
      vertex -60.0562 36.7918 4
    endloop
  endfacet
  facet normal 0.555512 0.831509 -3.53598e-07
    outer loop
      vertex -60.0562 36.7918 12
      vertex -60.1059 36.825 4
      vertex -60.6 37.1551 12
    endloop
  endfacet
  facet normal 0.555515 0.831506 0
    outer loop
      vertex -60.6 37.1551 0
      vertex -60.1059 36.825 4
      vertex -60.1059 36.825 0
    endloop
  endfacet
  facet normal 0.555515 0.831506 0
    outer loop
      vertex -60.1059 36.825 4
      vertex -60.6 37.1551 0
      vertex -60.6 37.1551 12
    endloop
  endfacet
  facet normal -0.946941 0.321407 0
    outer loop
      vertex -67.9296 34.1191 4
      vertex -67.7194 34.7384 12
      vertex -67.7194 34.7384 4
    endloop
  endfacet
  facet normal -0.946941 0.321407 0
    outer loop
      vertex -67.7194 34.7384 12
      vertex -67.9296 34.1191 4
      vertex -67.9296 34.1191 12
    endloop
  endfacet
  facet normal -0.980786 0.195087 0
    outer loop
      vertex -68.0572 33.4776 4
      vertex -67.9296 34.1191 12
      vertex -67.9296 34.1191 4
    endloop
  endfacet
  facet normal -0.980786 0.195087 0
    outer loop
      vertex -67.9296 34.1191 12
      vertex -68.0572 33.4776 4
      vertex -68.0572 33.4776 12
    endloop
  endfacet
  facet normal 0.555512 -0.831509 -3.53598e-07
    outer loop
      vertex -60.6 28.4949 12
      vertex -60.1059 28.825 4
      vertex -60.0562 28.8582 12
    endloop
  endfacet
  facet normal 0.555515 -0.831506 0
    outer loop
      vertex -60.6 28.4949 0
      vertex -60.1059 28.825 4
      vertex -60.6 28.4949 12
    endloop
  endfacet
  facet normal 0.555515 -0.831506 0
    outer loop
      vertex -60.1059 28.825 4
      vertex -60.6 28.4949 0
      vertex -60.1059 28.825 0
    endloop
  endfacet
  facet normal 0.555472 -0.831535 0
    outer loop
      vertex -60.0562 28.8582 12
      vertex -60.1059 28.825 4
      vertex -60.0562 28.8582 4
    endloop
  endfacet
  facet normal -0.555472 -0.831535 0
    outer loop
      vertex -66.0941 28.825 4
      vertex -66.1438 28.8582 12
      vertex -66.1438 28.8582 4
    endloop
  endfacet
  facet normal -0.555512 -0.831509 -3.53598e-07
    outer loop
      vertex -66.1438 28.8582 12
      vertex -66.0941 28.825 4
      vertex -65.6 28.4949 12
    endloop
  endfacet
  facet normal -0.555515 -0.831506 0
    outer loop
      vertex -65.6 28.4949 0
      vertex -66.0941 28.825 4
      vertex -66.0941 28.825 0
    endloop
  endfacet
  facet normal -0.555515 -0.831506 0
    outer loop
      vertex -66.0941 28.825 4
      vertex -65.6 28.4949 0
      vertex -65.6 28.4949 12
    endloop
  endfacet
  facet normal -0.195087 -0.980786 0
    outer loop
      vertex -64.3941 27.9954 0
      vertex -63.7526 27.8678 12
      vertex -64.3941 27.9954 12
    endloop
  endfacet
  facet normal -0.195087 -0.980786 -0
    outer loop
      vertex -63.7526 27.8678 12
      vertex -64.3941 27.9954 0
      vertex -63.7526 27.8678 0
    endloop
  endfacet
  facet normal 0.946941 0.321407 0
    outer loop
      vertex -58.2704 34.1191 12
      vertex -58.4806 34.7384 4
      vertex -58.4806 34.7384 12
    endloop
  endfacet
  facet normal 0.946941 0.321407 0
    outer loop
      vertex -58.4806 34.7384 4
      vertex -58.2704 34.1191 12
      vertex -58.2704 34.1191 4
    endloop
  endfacet
  facet normal 0.751771 0.659424 0
    outer loop
      vertex -59.1332 35.8688 12
      vertex -59.5645 36.3605 4
      vertex -59.5645 36.3605 12
    endloop
  endfacet
  facet normal 0.751771 0.659424 0
    outer loop
      vertex -59.5645 36.3605 4
      vertex -59.1332 35.8688 12
      vertex -59.1332 35.8688 4
    endloop
  endfacet
  facet normal 0.831509 0.555512 0
    outer loop
      vertex -58.7699 35.325 12
      vertex -59.1332 35.8688 4
      vertex -59.1332 35.8688 12
    endloop
  endfacet
  facet normal 0.831509 0.555512 0
    outer loop
      vertex -59.1332 35.8688 4
      vertex -58.7699 35.325 12
      vertex -58.7699 35.325 4
    endloop
  endfacet
  facet normal 0.195087 0.980786 -0
    outer loop
      vertex -61.8059 37.6546 0
      vertex -62.4474 37.7822 12
      vertex -61.8059 37.6546 12
    endloop
  endfacet
  facet normal 0.195087 0.980786 0
    outer loop
      vertex -62.4474 37.7822 12
      vertex -61.8059 37.6546 0
      vertex -62.4474 37.7822 0
    endloop
  endfacet
  facet normal 0.0654432 0.997856 -0
    outer loop
      vertex -62.4474 37.7822 0
      vertex -63.1 37.825 12
      vertex -62.4474 37.7822 12
    endloop
  endfacet
  facet normal 0.0654432 0.997856 0
    outer loop
      vertex -63.1 37.825 12
      vertex -62.4474 37.7822 0
      vertex -63.1 37.825 0
    endloop
  endfacet
  facet normal 0.442314 0.89686 -0
    outer loop
      vertex -60.6 37.1551 0
      vertex -61.1866 37.4444 12
      vertex -60.6 37.1551 12
    endloop
  endfacet
  facet normal 0.442314 0.89686 0
    outer loop
      vertex -61.1866 37.4444 12
      vertex -60.6 37.1551 0
      vertex -61.1866 37.4444 0
    endloop
  endfacet
  facet normal -0.896832 0.442371 0
    outer loop
      vertex -67.7194 34.7384 4
      vertex -67.5767 35.0277 12
      vertex -67.5767 35.0277 4
    endloop
  endfacet
  facet normal -0.896832 0.442371 0
    outer loop
      vertex -67.5767 35.0277 12
      vertex -67.7194 34.7384 4
      vertex -67.7194 34.7384 12
    endloop
  endfacet
  facet normal -0.997856 0.0654432 0
    outer loop
      vertex -68.1 32.825 4
      vertex -68.0572 33.4776 12
      vertex -68.0572 33.4776 4
    endloop
  endfacet
  facet normal -0.997856 0.0654432 0
    outer loop
      vertex -68.0572 33.4776 12
      vertex -68.1 32.825 4
      vertex -68.1 32.825 12
    endloop
  endfacet
  facet normal -0 0 1
    outer loop
      vertex -68 36 12
      vertex -67.5767 35.0277 12
      vertex -67.4779 36.0342 12
    endloop
  endfacet
  facet normal 0 0 1
    outer loop
      vertex -68 36 12
      vertex -68 35 12
      vertex -67.5767 35.0277 12
    endloop
  endfacet
  facet normal 0 0 1
    outer loop
      vertex -68.5221 36.0342 12
      vertex -68 35 12
      vertex -68 36 12
    endloop
  endfacet
  facet normal 0 0 1
    outer loop
      vertex -68.5221 36.0342 12
      vertex -68.6526 35.0428 12
      vertex -68 35 12
    endloop
  endfacet
  facet normal 0 0 1
    outer loop
      vertex -69.0353 36.1363 12
      vertex -68.6526 35.0428 12
      vertex -68.5221 36.0342 12
    endloop
  endfacet
  facet normal 0 0 1
    outer loop
      vertex -69.0353 36.1363 12
      vertex -69.2941 35.1704 12
      vertex -68.6526 35.0428 12
    endloop
  endfacet
  facet normal 0 0 1
    outer loop
      vertex -69.5307 36.3045 12
      vertex -69.2941 35.1704 12
      vertex -69.0353 36.1363 12
    endloop
  endfacet
  facet normal 0 0 1
    outer loop
      vertex -69.5307 36.3045 12
      vertex -69.9134 35.3806 12
      vertex -69.2941 35.1704 12
    endloop
  endfacet
  facet normal 0 0 1
    outer loop
      vertex -70 36.5359 12
      vertex -69.9134 35.3806 12
      vertex -69.5307 36.3045 12
    endloop
  endfacet
  facet normal 0 0 1
    outer loop
      vertex -70.5 35.6699 12
      vertex -70 36.5359 12
      vertex -70.435 36.8266 12
    endloop
  endfacet
  facet normal 0 0 1
    outer loop
      vertex -70 36.5359 12
      vertex -70.5 35.6699 12
      vertex -69.9134 35.3806 12
    endloop
  endfacet
  facet normal 0 0 1
    outer loop
      vertex -71.0438 36.0332 12
      vertex -70.435 36.8266 12
      vertex -70.8284 37.1716 12
    endloop
  endfacet
  facet normal 0 0 1
    outer loop
      vertex -70.435 36.8266 12
      vertex -71.0438 36.0332 12
      vertex -70.5 35.6699 12
    endloop
  endfacet
  facet normal 0 0 1
    outer loop
      vertex -71.5355 36.4645 12
      vertex -70.8284 37.1716 12
      vertex -71.1734 37.565 12
    endloop
  endfacet
  facet normal 0 0 1
    outer loop
      vertex -71.9668 36.9562 12
      vertex -71.1734 37.565 12
      vertex -71.4641 38 12
    endloop
  endfacet
  facet normal 0 0 1
    outer loop
      vertex -70.8284 37.1716 12
      vertex -71.5355 36.4645 12
      vertex -71.0438 36.0332 12
    endloop
  endfacet
  facet normal 0 0 1
    outer loop
      vertex -72.3301 37.5 12
      vertex -71.4641 38 12
      vertex -71.6955 38.4693 12
    endloop
  endfacet
  facet normal 0 0 1
    outer loop
      vertex -72.6194 38.0866 12
      vertex -71.6955 38.4693 12
      vertex -71.8637 38.9647 12
    endloop
  endfacet
  facet normal 0 0 1
    outer loop
      vertex -72.8296 38.7059 12
      vertex -71.8637 38.9647 12
      vertex -71.9658 39.4779 12
    endloop
  endfacet
  facet normal 0 0 1
    outer loop
      vertex -71.1734 37.565 12
      vertex -71.9668 36.9562 12
      vertex -71.5355 36.4645 12
    endloop
  endfacet
  facet normal 0 0 1
    outer loop
      vertex -72.9572 39.3474 12
      vertex -71.9658 39.4779 12
      vertex -72 40 12
    endloop
  endfacet
  facet normal 0 0 1
    outer loop
      vertex -71.8637 41.0353 12
      vertex -72.8296 41.2941 12
      vertex -71.9658 40.5221 12
    endloop
  endfacet
  facet normal 0 0 1
    outer loop
      vertex -71.4641 38 12
      vertex -72.3301 37.5 12
      vertex -71.9668 36.9562 12
    endloop
  endfacet
  facet normal -0 0 1
    outer loop
      vertex -72.9572 40.6526 12
      vertex -71.9658 40.5221 12
      vertex -72.8296 41.2941 12
    endloop
  endfacet
  facet normal 0 0 1
    outer loop
      vertex -71.6955 38.4693 12
      vertex -72.6194 38.0866 12
      vertex -72.3301 37.5 12
    endloop
  endfacet
  facet normal 0 0 1
    outer loop
      vertex -71.9658 40.5221 12
      vertex -72.9572 40.6526 12
      vertex -72 40 12
    endloop
  endfacet
  facet normal 0 0 1
    outer loop
      vertex -71.8637 38.9647 12
      vertex -72.8296 38.7059 12
      vertex -72.6194 38.0866 12
    endloop
  endfacet
  facet normal 0 0 1
    outer loop
      vertex -73 40 12
      vertex -72 40 12
      vertex -72.9572 40.6526 12
    endloop
  endfacet
  facet normal 0 0 1
    outer loop
      vertex -71.9658 39.4779 12
      vertex -72.9572 39.3474 12
      vertex -72.8296 38.7059 12
    endloop
  endfacet
  facet normal 0 0 1
    outer loop
      vertex -72 40 12
      vertex -73 40 12
      vertex -72.9572 39.3474 12
    endloop
  endfacet
  facet normal 0 0 1
    outer loop
      vertex -64 40 12
      vertex -63 40 12
      vertex -63.0428 40.6526 12
    endloop
  endfacet
  facet normal 0 0 1
    outer loop
      vertex -64.0342 40.5221 12
      vertex -63.0428 40.6526 12
      vertex -63.1704 41.2941 12
    endloop
  endfacet
  facet normal 0 0 1
    outer loop
      vertex -63 40 12
      vertex -64 40 12
      vertex -63.0428 39.3474 12
    endloop
  endfacet
  facet normal 0 0 1
    outer loop
      vertex -64.1363 41.0353 12
      vertex -63.1704 41.2941 12
      vertex -63.3806 41.9134 12
    endloop
  endfacet
  facet normal -0 0 1
    outer loop
      vertex -64.0342 39.4779 12
      vertex -63.0428 39.3474 12
      vertex -64 40 12
    endloop
  endfacet
  facet normal 0 0 1
    outer loop
      vertex -63.0428 39.3474 12
      vertex -64.0342 39.4779 12
      vertex -63.1704 38.7059 12
    endloop
  endfacet
  facet normal 0 0 1
    outer loop
      vertex -64.3045 41.5307 12
      vertex -63.3806 41.9134 12
      vertex -63.6699 42.5 12
    endloop
  endfacet
  facet normal -0 0 1
    outer loop
      vertex -64.1363 38.9647 12
      vertex -63.1704 38.7059 12
      vertex -64.0342 39.4779 12
    endloop
  endfacet
  facet normal 0 0 1
    outer loop
      vertex -63.1704 38.7059 12
      vertex -64.1363 38.9647 12
      vertex -63.3806 38.0866 12
    endloop
  endfacet
  facet normal 0 0 1
    outer loop
      vertex -63.3806 38.0866 12
      vertex -64.3045 38.4693 12
      vertex -63.5233 37.7973 12
    endloop
  endfacet
  facet normal -0 0 1
    outer loop
      vertex -64.3045 38.4693 12
      vertex -63.3806 38.0866 12
      vertex -64.1363 38.9647 12
    endloop
  endfacet
  facet normal 0 0 1
    outer loop
      vertex -64.5359 42 12
      vertex -63.6699 42.5 12
      vertex -64.0332 43.0438 12
    endloop
  endfacet
  facet normal 0 0 1
    outer loop
      vertex -63.0428 40.6526 12
      vertex -64.0342 40.5221 12
      vertex -64 40 12
    endloop
  endfacet
  facet normal 0 0 1
    outer loop
      vertex -63.1704 41.2941 12
      vertex -64.1363 41.0353 12
      vertex -64.0342 40.5221 12
    endloop
  endfacet
  facet normal 0 0 1
    outer loop
      vertex -63.3806 41.9134 12
      vertex -64.3045 41.5307 12
      vertex -64.1363 41.0353 12
    endloop
  endfacet
  facet normal 0 0 1
    outer loop
      vertex -64.8266 42.435 12
      vertex -64.0332 43.0438 12
      vertex -64.4645 43.5355 12
    endloop
  endfacet
  facet normal 0 0 1
    outer loop
      vertex -63.6699 42.5 12
      vertex -64.5359 42 12
      vertex -64.3045 41.5307 12
    endloop
  endfacet
  facet normal 0 0 1
    outer loop
      vertex -64.0332 43.0438 12
      vertex -64.8266 42.435 12
      vertex -64.5359 42 12
    endloop
  endfacet
  facet normal 0 0 1
    outer loop
      vertex -65.1716 42.8284 12
      vertex -64.4645 43.5355 12
      vertex -64.9562 43.9668 12
    endloop
  endfacet
  facet normal 0 0 1
    outer loop
      vertex -64.4645 43.5355 12
      vertex -65.1716 42.8284 12
      vertex -64.8266 42.435 12
    endloop
  endfacet
  facet normal 0 0 1
    outer loop
      vertex -65.565 43.1734 12
      vertex -64.9562 43.9668 12
      vertex -65.5 44.3301 12
    endloop
  endfacet
  facet normal 0 0 1
    outer loop
      vertex -64.9562 43.9668 12
      vertex -65.565 43.1734 12
      vertex -65.1716 42.8284 12
    endloop
  endfacet
  facet normal 0 0 1
    outer loop
      vertex -65.5 44.3301 12
      vertex -66 43.4641 12
      vertex -65.565 43.1734 12
    endloop
  endfacet
  facet normal 0 0 1
    outer loop
      vertex -66.0866 44.6194 12
      vertex -66 43.4641 12
      vertex -65.5 44.3301 12
    endloop
  endfacet
  facet normal 0 0 1
    outer loop
      vertex -66.0866 44.6194 12
      vertex -66.4693 43.6955 12
      vertex -66 43.4641 12
    endloop
  endfacet
  facet normal 0 0 1
    outer loop
      vertex -66.7059 44.8296 12
      vertex -66.4693 43.6955 12
      vertex -66.0866 44.6194 12
    endloop
  endfacet
  facet normal 0 0 1
    outer loop
      vertex -66.7059 44.8296 12
      vertex -66.9647 43.8637 12
      vertex -66.4693 43.6955 12
    endloop
  endfacet
  facet normal 0 0 1
    outer loop
      vertex -67.3474 44.9572 12
      vertex -66.9647 43.8637 12
      vertex -66.7059 44.8296 12
    endloop
  endfacet
  facet normal 0 0 1
    outer loop
      vertex -67.3474 44.9572 12
      vertex -67.4779 43.9658 12
      vertex -66.9647 43.8637 12
    endloop
  endfacet
  facet normal 0 0 1
    outer loop
      vertex -68 45 12
      vertex -67.4779 43.9658 12
      vertex -67.3474 44.9572 12
    endloop
  endfacet
  facet normal 0 0 1
    outer loop
      vertex -68 45 12
      vertex -68 44 12
      vertex -67.4779 43.9658 12
    endloop
  endfacet
  facet normal 0 0 1
    outer loop
      vertex -68 45 12
      vertex -68.5221 43.9658 12
      vertex -68 44 12
    endloop
  endfacet
  facet normal -0 0 1
    outer loop
      vertex -68.6526 44.9572 12
      vertex -68.5221 43.9658 12
      vertex -68 45 12
    endloop
  endfacet
  facet normal 0 0 1
    outer loop
      vertex -68.6526 44.9572 12
      vertex -69.0353 43.8637 12
      vertex -68.5221 43.9658 12
    endloop
  endfacet
  facet normal -0 0 1
    outer loop
      vertex -69.2941 44.8296 12
      vertex -69.0353 43.8637 12
      vertex -68.6526 44.9572 12
    endloop
  endfacet
  facet normal 0 0 1
    outer loop
      vertex -69.2941 44.8296 12
      vertex -69.5307 43.6955 12
      vertex -69.0353 43.8637 12
    endloop
  endfacet
  facet normal -0 0 1
    outer loop
      vertex -69.9134 44.6194 12
      vertex -69.5307 43.6955 12
      vertex -69.2941 44.8296 12
    endloop
  endfacet
  facet normal 0 0 1
    outer loop
      vertex -69.9134 44.6194 12
      vertex -70 43.4641 12
      vertex -69.5307 43.6955 12
    endloop
  endfacet
  facet normal -0 0 1
    outer loop
      vertex -70.5 44.3301 12
      vertex -70 43.4641 12
      vertex -69.9134 44.6194 12
    endloop
  endfacet
  facet normal 0 0 1
    outer loop
      vertex -70 43.4641 12
      vertex -70.5 44.3301 12
      vertex -70.435 43.1734 12
    endloop
  endfacet
  facet normal -0 0 1
    outer loop
      vertex -71.0438 43.9668 12
      vertex -70.435 43.1734 12
      vertex -70.5 44.3301 12
    endloop
  endfacet
  facet normal 0 0 1
    outer loop
      vertex -70.435 43.1734 12
      vertex -71.0438 43.9668 12
      vertex -70.8284 42.8284 12
    endloop
  endfacet
  facet normal -0 0 1
    outer loop
      vertex -71.5355 43.5355 12
      vertex -70.8284 42.8284 12
      vertex -71.0438 43.9668 12
    endloop
  endfacet
  facet normal 0 0 1
    outer loop
      vertex -70.8284 42.8284 12
      vertex -71.5355 43.5355 12
      vertex -71.1734 42.435 12
    endloop
  endfacet
  facet normal -0 0 1
    outer loop
      vertex -71.9668 43.0438 12
      vertex -71.1734 42.435 12
      vertex -71.5355 43.5355 12
    endloop
  endfacet
  facet normal 0 0 1
    outer loop
      vertex -71.1734 42.435 12
      vertex -71.9668 43.0438 12
      vertex -71.4641 42 12
    endloop
  endfacet
  facet normal -0 0 1
    outer loop
      vertex -72.3301 42.5 12
      vertex -71.4641 42 12
      vertex -71.9668 43.0438 12
    endloop
  endfacet
  facet normal 0 0 1
    outer loop
      vertex -71.4641 42 12
      vertex -72.3301 42.5 12
      vertex -71.6955 41.5307 12
    endloop
  endfacet
  facet normal -0 0 1
    outer loop
      vertex -72.6194 41.9134 12
      vertex -71.6955 41.5307 12
      vertex -72.3301 42.5 12
    endloop
  endfacet
  facet normal 0 0 1
    outer loop
      vertex -71.6955 41.5307 12
      vertex -72.6194 41.9134 12
      vertex -71.8637 41.0353 12
    endloop
  endfacet
  facet normal -0 0 1
    outer loop
      vertex -72.8296 41.2941 12
      vertex -71.8637 41.0353 12
      vertex -72.6194 41.9134 12
    endloop
  endfacet
  facet normal 0 0 1
    outer loop
      vertex -61.4 32.825 12
      vertex -58.1 32.825 12
      vertex -58.1428 33.4776 12
    endloop
  endfacet
  facet normal 0 0 1
    outer loop
      vertex -61.4145 33.0469 12
      vertex -58.1428 33.4776 12
      vertex -58.2704 34.1191 12
    endloop
  endfacet
  facet normal 0 0 1
    outer loop
      vertex -58.1 32.825 12
      vertex -61.4 32.825 12
      vertex -58.1428 32.1724 12
    endloop
  endfacet
  facet normal 0 0 1
    outer loop
      vertex -61.4579 33.265 12
      vertex -58.2704 34.1191 12
      vertex -58.4806 34.7384 12
    endloop
  endfacet
  facet normal -0 0 1
    outer loop
      vertex -61.4145 32.6031 12
      vertex -58.1428 32.1724 12
      vertex -61.4 32.825 12
    endloop
  endfacet
  facet normal 0 0 1
    outer loop
      vertex -61.5294 33.4756 12
      vertex -58.4806 34.7384 12
      vertex -58.7699 35.325 12
    endloop
  endfacet
  facet normal 0 0 1
    outer loop
      vertex -58.1428 32.1724 12
      vertex -61.4145 32.6031 12
      vertex -58.2704 31.5309 12
    endloop
  endfacet
  facet normal 0 0 1
    outer loop
      vertex -61.6278 33.675 12
      vertex -58.7699 35.325 12
      vertex -59.1332 35.8688 12
    endloop
  endfacet
  facet normal -0 0 1
    outer loop
      vertex -61.4579 32.385 12
      vertex -58.2704 31.5309 12
      vertex -61.4145 32.6031 12
    endloop
  endfacet
  facet normal 0 0 1
    outer loop
      vertex -61.7513 33.8599 12
      vertex -59.1332 35.8688 12
      vertex -59.5645 36.3605 12
    endloop
  endfacet
  facet normal 0 0 1
    outer loop
      vertex -58.2704 31.5309 12
      vertex -61.4579 32.385 12
      vertex -58.4806 30.9116 12
    endloop
  endfacet
  facet normal 0 0 1
    outer loop
      vertex -61.8979 34.0271 12
      vertex -59.5645 36.3605 12
      vertex -60.0562 36.7918 12
    endloop
  endfacet
  facet normal -0 0 1
    outer loop
      vertex -61.5294 32.1744 12
      vertex -58.4806 30.9116 12
      vertex -61.4579 32.385 12
    endloop
  endfacet
  facet normal 0 0 1
    outer loop
      vertex -62.0651 34.1737 12
      vertex -60.0562 36.7918 12
      vertex -60.6 37.1551 12
    endloop
  endfacet
  facet normal 0 0 1
    outer loop
      vertex -58.4806 30.9116 12
      vertex -61.5294 32.1744 12
      vertex -58.7699 30.325 12
    endloop
  endfacet
  facet normal 0 0 1
    outer loop
      vertex -62.25 34.2972 12
      vertex -60.6 37.1551 12
      vertex -61.1866 37.4444 12
    endloop
  endfacet
  facet normal -0 0 1
    outer loop
      vertex -61.6278 31.975 12
      vertex -58.7699 30.325 12
      vertex -61.5294 32.1744 12
    endloop
  endfacet
  facet normal 0 0 1
    outer loop
      vertex -58.7699 30.325 12
      vertex -61.6278 31.975 12
      vertex -59.1332 29.7812 12
    endloop
  endfacet
  facet normal 0 0 1
    outer loop
      vertex -58.1428 33.4776 12
      vertex -61.4145 33.0469 12
      vertex -61.4 32.825 12
    endloop
  endfacet
  facet normal 0 0 1
    outer loop
      vertex -58.2704 34.1191 12
      vertex -61.4579 33.265 12
      vertex -61.4145 33.0469 12
    endloop
  endfacet
  facet normal 0 0 1
    outer loop
      vertex -58.4806 34.7384 12
      vertex -61.5294 33.4756 12
      vertex -61.4579 33.265 12
    endloop
  endfacet
  facet normal 0 0 1
    outer loop
      vertex -58.7699 35.325 12
      vertex -61.6278 33.675 12
      vertex -61.5294 33.4756 12
    endloop
  endfacet
  facet normal 0 0 1
    outer loop
      vertex -59.1332 35.8688 12
      vertex -61.7513 33.8599 12
      vertex -61.6278 33.675 12
    endloop
  endfacet
  facet normal 0 0 1
    outer loop
      vertex -62.4494 34.3956 12
      vertex -61.1866 37.4444 12
      vertex -61.8059 37.6546 12
    endloop
  endfacet
  facet normal 0 0 1
    outer loop
      vertex -59.5645 36.3605 12
      vertex -61.8979 34.0271 12
      vertex -61.7513 33.8599 12
    endloop
  endfacet
  facet normal 0 0 1
    outer loop
      vertex -60.0562 36.7918 12
      vertex -62.0651 34.1737 12
      vertex -61.8979 34.0271 12
    endloop
  endfacet
  facet normal 0 0 1
    outer loop
      vertex -60.6 37.1551 12
      vertex -62.25 34.2972 12
      vertex -62.0651 34.1737 12
    endloop
  endfacet
  facet normal 0 0 1
    outer loop
      vertex -62.66 34.4671 12
      vertex -61.8059 37.6546 12
      vertex -62.4474 37.7822 12
    endloop
  endfacet
  facet normal 0 0 1
    outer loop
      vertex -61.1866 37.4444 12
      vertex -62.4494 34.3956 12
      vertex -62.25 34.2972 12
    endloop
  endfacet
  facet normal 0 0 1
    outer loop
      vertex -61.8059 37.6546 12
      vertex -62.66 34.4671 12
      vertex -62.4494 34.3956 12
    endloop
  endfacet
  facet normal 0 0 1
    outer loop
      vertex -62.4474 37.7822 12
      vertex -62.8781 34.5105 12
      vertex -62.66 34.4671 12
    endloop
  endfacet
  facet normal 0 0 1
    outer loop
      vertex -63.1 37.825 12
      vertex -62.8781 34.5105 12
      vertex -62.4474 37.7822 12
    endloop
  endfacet
  facet normal 0 0 1
    outer loop
      vertex -63.1 37.825 12
      vertex -63.1 34.525 12
      vertex -62.8781 34.5105 12
    endloop
  endfacet
  facet normal -0 0 1
    outer loop
      vertex -63.5233 37.7973 12
      vertex -63.1 34.525 12
      vertex -63.1 37.825 12
    endloop
  endfacet
  facet normal 0 0 1
    outer loop
      vertex -63.1 34.525 12
      vertex -63.5233 37.7973 12
      vertex -63.3219 34.5105 12
    endloop
  endfacet
  facet normal 0 0 1
    outer loop
      vertex -63.3219 34.5105 12
      vertex -63.5233 37.7973 12
      vertex -63.54 34.4671 12
    endloop
  endfacet
  facet normal -0 0 1
    outer loop
      vertex -61.7513 31.7901 12
      vertex -59.1332 29.7812 12
      vertex -61.6278 31.975 12
    endloop
  endfacet
  facet normal 0 0 1
    outer loop
      vertex -59.1332 29.7812 12
      vertex -61.7513 31.7901 12
      vertex -59.5645 29.2895 12
    endloop
  endfacet
  facet normal -0 0 1
    outer loop
      vertex -61.8979 31.6229 12
      vertex -59.5645 29.2895 12
      vertex -61.7513 31.7901 12
    endloop
  endfacet
  facet normal 0 0 1
    outer loop
      vertex -59.5645 29.2895 12
      vertex -61.8979 31.6229 12
      vertex -60.0562 28.8582 12
    endloop
  endfacet
  facet normal -0 0 1
    outer loop
      vertex -62.0651 31.4763 12
      vertex -60.0562 28.8582 12
      vertex -61.8979 31.6229 12
    endloop
  endfacet
  facet normal 0 0 1
    outer loop
      vertex -60.0562 28.8582 12
      vertex -62.0651 31.4763 12
      vertex -60.6 28.4949 12
    endloop
  endfacet
  facet normal -0 0 1
    outer loop
      vertex -62.25 31.3528 12
      vertex -60.6 28.4949 12
      vertex -62.0651 31.4763 12
    endloop
  endfacet
  facet normal 0 0 1
    outer loop
      vertex -60.6 28.4949 12
      vertex -62.25 31.3528 12
      vertex -61.1866 28.2056 12
    endloop
  endfacet
  facet normal -0 0 1
    outer loop
      vertex -62.4494 31.2544 12
      vertex -61.1866 28.2056 12
      vertex -62.25 31.3528 12
    endloop
  endfacet
  facet normal 0 0 1
    outer loop
      vertex -61.1866 28.2056 12
      vertex -62.4494 31.2544 12
      vertex -61.8059 27.9954 12
    endloop
  endfacet
  facet normal -0 0 1
    outer loop
      vertex -62.66 31.1829 12
      vertex -61.8059 27.9954 12
      vertex -62.4494 31.2544 12
    endloop
  endfacet
  facet normal 0 0 1
    outer loop
      vertex -61.8059 27.9954 12
      vertex -62.66 31.1829 12
      vertex -62.4474 27.8678 12
    endloop
  endfacet
  facet normal -0 0 1
    outer loop
      vertex -62.8781 31.1395 12
      vertex -62.4474 27.8678 12
      vertex -62.66 31.1829 12
    endloop
  endfacet
  facet normal -0 0 1
    outer loop
      vertex -63.1 31.125 12
      vertex -62.4474 27.8678 12
      vertex -62.8781 31.1395 12
    endloop
  endfacet
  facet normal 0 0 1
    outer loop
      vertex -63.1 31.125 12
      vertex -63.1 27.825 12
      vertex -62.4474 27.8678 12
    endloop
  endfacet
  facet normal 0 0 1
    outer loop
      vertex -63.3219 31.1395 12
      vertex -63.1 27.825 12
      vertex -63.1 31.125 12
    endloop
  endfacet
  facet normal 0 0 1
    outer loop
      vertex -63.7526 27.8678 12
      vertex -63.3219 31.1395 12
      vertex -63.54 31.1829 12
    endloop
  endfacet
  facet normal 0 0 1
    outer loop
      vertex -64.3941 27.9954 12
      vertex -63.54 31.1829 12
      vertex -63.7506 31.2544 12
    endloop
  endfacet
  facet normal 0 0 1
    outer loop
      vertex -63.3219 31.1395 12
      vertex -63.7526 27.8678 12
      vertex -63.1 27.825 12
    endloop
  endfacet
  facet normal 0 0 1
    outer loop
      vertex -65.0134 28.2056 12
      vertex -63.7506 31.2544 12
      vertex -63.95 31.3528 12
    endloop
  endfacet
  facet normal 0 0 1
    outer loop
      vertex -65.6 28.4949 12
      vertex -63.95 31.3528 12
      vertex -64.1349 31.4763 12
    endloop
  endfacet
  facet normal 0 0 1
    outer loop
      vertex -66.1438 28.8582 12
      vertex -64.1349 31.4763 12
      vertex -64.3021 31.6229 12
    endloop
  endfacet
  facet normal 0 0 1
    outer loop
      vertex -63.54 31.1829 12
      vertex -64.3941 27.9954 12
      vertex -63.7526 27.8678 12
    endloop
  endfacet
  facet normal 0 0 1
    outer loop
      vertex -66.6355 29.2895 12
      vertex -64.3021 31.6229 12
      vertex -64.4487 31.7901 12
    endloop
  endfacet
  facet normal 0 0 1
    outer loop
      vertex -67.0668 29.7812 12
      vertex -64.4487 31.7901 12
      vertex -64.5722 31.975 12
    endloop
  endfacet
  facet normal 0 0 1
    outer loop
      vertex -67.4301 30.325 12
      vertex -64.5722 31.975 12
      vertex -64.6706 32.1744 12
    endloop
  endfacet
  facet normal 0 0 1
    outer loop
      vertex -67.7194 30.9116 12
      vertex -64.6706 32.1744 12
      vertex -64.7421 32.385 12
    endloop
  endfacet
  facet normal 0 0 1
    outer loop
      vertex -67.9296 31.5309 12
      vertex -64.7421 32.385 12
      vertex -64.7855 32.6031 12
    endloop
  endfacet
  facet normal 0 0 1
    outer loop
      vertex -63.7506 31.2544 12
      vertex -65.0134 28.2056 12
      vertex -64.3941 27.9954 12
    endloop
  endfacet
  facet normal 0 0 1
    outer loop
      vertex -68.0572 32.1724 12
      vertex -64.7855 32.6031 12
      vertex -64.8 32.825 12
    endloop
  endfacet
  facet normal -0 0 1
    outer loop
      vertex -67.5767 35.0277 12
      vertex -64.5722 33.675 12
      vertex -66.4693 36.3045 12
    endloop
  endfacet
  facet normal 0 0 1
    outer loop
      vertex -64.5722 33.675 12
      vertex -67.5767 35.0277 12
      vertex -64.6706 33.4756 12
    endloop
  endfacet
  facet normal -0 0 1
    outer loop
      vertex -67.7194 34.7384 12
      vertex -64.6706 33.4756 12
      vertex -67.5767 35.0277 12
    endloop
  endfacet
  facet normal 0 0 1
    outer loop
      vertex -64.6706 33.4756 12
      vertex -67.7194 34.7384 12
      vertex -64.7421 33.265 12
    endloop
  endfacet
  facet normal 0 0 1
    outer loop
      vertex -63.95 31.3528 12
      vertex -65.6 28.4949 12
      vertex -65.0134 28.2056 12
    endloop
  endfacet
  facet normal 0 0 1
    outer loop
      vertex -64.1349 31.4763 12
      vertex -66.1438 28.8582 12
      vertex -65.6 28.4949 12
    endloop
  endfacet
  facet normal -0 0 1
    outer loop
      vertex -67.9296 34.1191 12
      vertex -64.7421 33.265 12
      vertex -67.7194 34.7384 12
    endloop
  endfacet
  facet normal 0 0 1
    outer loop
      vertex -64.3021 31.6229 12
      vertex -66.6355 29.2895 12
      vertex -66.1438 28.8582 12
    endloop
  endfacet
  facet normal 0 0 1
    outer loop
      vertex -67.5767 35.0277 12
      vertex -66.4693 36.3045 12
      vertex -66.9647 36.1363 12
    endloop
  endfacet
  facet normal 0 0 1
    outer loop
      vertex -64.7421 33.265 12
      vertex -67.9296 34.1191 12
      vertex -64.7855 33.0469 12
    endloop
  endfacet
  facet normal 0 0 1
    outer loop
      vertex -64.4487 31.7901 12
      vertex -67.0668 29.7812 12
      vertex -66.6355 29.2895 12
    endloop
  endfacet
  facet normal 0 0 1
    outer loop
      vertex -67.5767 35.0277 12
      vertex -66.9647 36.1363 12
      vertex -67.4779 36.0342 12
    endloop
  endfacet
  facet normal 0 0 1
    outer loop
      vertex -64.5722 31.975 12
      vertex -67.4301 30.325 12
      vertex -67.0668 29.7812 12
    endloop
  endfacet
  facet normal -0 0 1
    outer loop
      vertex -68.0572 33.4776 12
      vertex -64.7855 33.0469 12
      vertex -67.9296 34.1191 12
    endloop
  endfacet
  facet normal 0 0 1
    outer loop
      vertex -64.6706 32.1744 12
      vertex -67.7194 30.9116 12
      vertex -67.4301 30.325 12
    endloop
  endfacet
  facet normal 0 0 1
    outer loop
      vertex -64.7855 33.0469 12
      vertex -68.0572 33.4776 12
      vertex -64.8 32.825 12
    endloop
  endfacet
  facet normal 0 0 1
    outer loop
      vertex -64.7421 32.385 12
      vertex -67.9296 31.5309 12
      vertex -67.7194 30.9116 12
    endloop
  endfacet
  facet normal 0 0 1
    outer loop
      vertex -64.8 32.825 12
      vertex -68.0572 33.4776 12
      vertex -68.1 32.825 12
    endloop
  endfacet
  facet normal 0 0 1
    outer loop
      vertex -64.7855 32.6031 12
      vertex -68.0572 32.1724 12
      vertex -67.9296 31.5309 12
    endloop
  endfacet
  facet normal 0 0 1
    outer loop
      vertex -64.8 32.825 12
      vertex -68.1 32.825 12
      vertex -68.0572 32.1724 12
    endloop
  endfacet
  facet normal -0 0 1
    outer loop
      vertex -64.5359 38 12
      vertex -63.5233 37.7973 12
      vertex -64.3045 38.4693 12
    endloop
  endfacet
  facet normal 0 0 1
    outer loop
      vertex -64.8266 37.565 12
      vertex -63.5233 37.7973 12
      vertex -64.5359 38 12
    endloop
  endfacet
  facet normal 0 0 1
    outer loop
      vertex -65.1716 37.1716 12
      vertex -63.5233 37.7973 12
      vertex -64.8266 37.565 12
    endloop
  endfacet
  facet normal 0 0 1
    outer loop
      vertex -63.5233 37.7973 12
      vertex -65.1716 37.1716 12
      vertex -63.54 34.4671 12
    endloop
  endfacet
  facet normal 0 0 1
    outer loop
      vertex -63.54 34.4671 12
      vertex -65.1716 37.1716 12
      vertex -63.7506 34.3956 12
    endloop
  endfacet
  facet normal -0 0 1
    outer loop
      vertex -65.565 36.8266 12
      vertex -63.7506 34.3956 12
      vertex -65.1716 37.1716 12
    endloop
  endfacet
  facet normal 0 0 1
    outer loop
      vertex -63.7506 34.3956 12
      vertex -65.565 36.8266 12
      vertex -63.95 34.2972 12
    endloop
  endfacet
  facet normal 0 0 1
    outer loop
      vertex -63.95 34.2972 12
      vertex -65.565 36.8266 12
      vertex -64.1349 34.1737 12
    endloop
  endfacet
  facet normal -0 0 1
    outer loop
      vertex -66 36.5359 12
      vertex -64.1349 34.1737 12
      vertex -65.565 36.8266 12
    endloop
  endfacet
  facet normal 0 0 1
    outer loop
      vertex -64.1349 34.1737 12
      vertex -66 36.5359 12
      vertex -64.3021 34.0271 12
    endloop
  endfacet
  facet normal -0 0 1
    outer loop
      vertex -66.4693 36.3045 12
      vertex -64.3021 34.0271 12
      vertex -66 36.5359 12
    endloop
  endfacet
  facet normal 0 0 1
    outer loop
      vertex -64.3021 34.0271 12
      vertex -66.4693 36.3045 12
      vertex -64.4487 33.8599 12
    endloop
  endfacet
  facet normal 0 0 1
    outer loop
      vertex -64.4487 33.8599 12
      vertex -66.4693 36.3045 12
      vertex -64.5722 33.675 12
    endloop
  endfacet
  facet normal 0.997856 -0.0654432 0
    outer loop
      vertex -58.1428 32.1724 12
      vertex -58.1 32.825 4
      vertex -58.1 32.825 12
    endloop
  endfacet
  facet normal 0.997856 -0.0654432 0
    outer loop
      vertex -58.1 32.825 4
      vertex -58.1428 32.1724 12
      vertex -58.1428 32.1724 4
    endloop
  endfacet
  facet normal 0.195087 -0.980786 0
    outer loop
      vertex -62.4474 27.8678 0
      vertex -61.8059 27.9954 12
      vertex -62.4474 27.8678 12
    endloop
  endfacet
  facet normal 0.195087 -0.980786 0
    outer loop
      vertex -61.8059 27.9954 12
      vertex -62.4474 27.8678 0
      vertex -61.8059 27.9954 0
    endloop
  endfacet
  facet normal 0.442314 -0.89686 0
    outer loop
      vertex -61.1866 28.2056 0
      vertex -60.6 28.4949 12
      vertex -61.1866 28.2056 12
    endloop
  endfacet
  facet normal 0.442314 -0.89686 0
    outer loop
      vertex -60.6 28.4949 12
      vertex -61.1866 28.2056 0
      vertex -60.6 28.4949 0
    endloop
  endfacet
  facet normal 0.659424 -0.751771 0
    outer loop
      vertex -60.0562 28.8582 4
      vertex -59.5645 29.2895 12
      vertex -60.0562 28.8582 12
    endloop
  endfacet
  facet normal 0.659424 -0.751771 0
    outer loop
      vertex -59.5645 29.2895 12
      vertex -60.0562 28.8582 4
      vertex -59.5645 29.2895 4
    endloop
  endfacet
  facet normal 0.946941 -0.321407 0
    outer loop
      vertex -58.4806 30.9116 12
      vertex -58.2704 31.5309 4
      vertex -58.2704 31.5309 12
    endloop
  endfacet
  facet normal 0.946941 -0.321407 0
    outer loop
      vertex -58.2704 31.5309 4
      vertex -58.4806 30.9116 12
      vertex -58.4806 30.9116 4
    endloop
  endfacet
  facet normal 0.831509 -0.555512 0
    outer loop
      vertex -59.1332 29.7812 12
      vertex -58.7699 30.325 4
      vertex -58.7699 30.325 12
    endloop
  endfacet
  facet normal 0.831509 -0.555512 0
    outer loop
      vertex -58.7699 30.325 4
      vertex -59.1332 29.7812 12
      vertex -59.1332 29.7812 4
    endloop
  endfacet
  facet normal -0.442314 -0.89686 0
    outer loop
      vertex -65.6 28.4949 0
      vertex -65.0134 28.2056 12
      vertex -65.6 28.4949 12
    endloop
  endfacet
  facet normal -0.442314 -0.89686 -0
    outer loop
      vertex -65.0134 28.2056 12
      vertex -65.6 28.4949 0
      vertex -65.0134 28.2056 0
    endloop
  endfacet
  facet normal -0.0654432 -0.997856 0
    outer loop
      vertex -63.7526 27.8678 0
      vertex -63.1 27.825 12
      vertex -63.7526 27.8678 12
    endloop
  endfacet
  facet normal -0.0654432 -0.997856 -0
    outer loop
      vertex -63.1 27.825 12
      vertex -63.7526 27.8678 0
      vertex -63.1 27.825 0
    endloop
  endfacet
  facet normal -0.831509 -0.555512 0
    outer loop
      vertex -67.0668 29.7812 4
      vertex -67.4301 30.325 12
      vertex -67.4301 30.325 4
    endloop
  endfacet
  facet normal -0.831509 -0.555512 0
    outer loop
      vertex -67.4301 30.325 12
      vertex -67.0668 29.7812 4
      vertex -67.0668 29.7812 12
    endloop
  endfacet
  facet normal -0.659424 -0.751771 0
    outer loop
      vertex -66.6355 29.2895 4
      vertex -66.1438 28.8582 12
      vertex -66.6355 29.2895 12
    endloop
  endfacet
  facet normal -0.659424 -0.751771 -0
    outer loop
      vertex -66.1438 28.8582 12
      vertex -66.6355 29.2895 4
      vertex -66.1438 28.8582 4
    endloop
  endfacet
  facet normal -0.89686 -0.442314 0
    outer loop
      vertex -67.4301 30.325 4
      vertex -67.7194 30.9116 12
      vertex -67.7194 30.9116 4
    endloop
  endfacet
  facet normal -0.89686 -0.442314 0
    outer loop
      vertex -67.7194 30.9116 12
      vertex -67.4301 30.325 4
      vertex -67.4301 30.325 12
    endloop
  endfacet
  facet normal -0.980786 -0.195087 0
    outer loop
      vertex -67.9296 31.5309 4
      vertex -68.0572 32.1724 12
      vertex -68.0572 32.1724 4
    endloop
  endfacet
  facet normal -0.980786 -0.195087 0
    outer loop
      vertex -68.0572 32.1724 12
      vertex -67.9296 31.5309 4
      vertex -67.9296 31.5309 12
    endloop
  endfacet
  facet normal -0.997856 -0.0654432 0
    outer loop
      vertex -68.0572 32.1724 4
      vertex -68.1 32.825 12
      vertex -68.1 32.825 4
    endloop
  endfacet
  facet normal -0.997856 -0.0654432 0
    outer loop
      vertex -68.1 32.825 12
      vertex -68.0572 32.1724 4
      vertex -68.0572 32.1724 12
    endloop
  endfacet
  facet normal 0.321407 -0.946941 0
    outer loop
      vertex -61.8059 27.9954 0
      vertex -61.1866 28.2056 12
      vertex -61.8059 27.9954 12
    endloop
  endfacet
  facet normal 0.321407 -0.946941 0
    outer loop
      vertex -61.1866 28.2056 12
      vertex -61.8059 27.9954 0
      vertex -61.1866 28.2056 0
    endloop
  endfacet
  facet normal 0.751771 -0.659424 0
    outer loop
      vertex -59.5645 29.2895 12
      vertex -59.1332 29.7812 4
      vertex -59.1332 29.7812 12
    endloop
  endfacet
  facet normal 0.751771 -0.659424 0
    outer loop
      vertex -59.1332 29.7812 4
      vertex -59.5645 29.2895 12
      vertex -59.5645 29.2895 4
    endloop
  endfacet
  facet normal 0.980786 -0.195087 0
    outer loop
      vertex -58.2704 31.5309 12
      vertex -58.1428 32.1724 4
      vertex -58.1428 32.1724 12
    endloop
  endfacet
  facet normal 0.980786 -0.195087 0
    outer loop
      vertex -58.1428 32.1724 4
      vertex -58.2704 31.5309 12
      vertex -58.2704 31.5309 4
    endloop
  endfacet
  facet normal 0.89686 -0.442314 0
    outer loop
      vertex -58.7699 30.325 12
      vertex -58.4806 30.9116 4
      vertex -58.4806 30.9116 12
    endloop
  endfacet
  facet normal 0.89686 -0.442314 0
    outer loop
      vertex -58.4806 30.9116 4
      vertex -58.7699 30.325 12
      vertex -58.7699 30.325 4
    endloop
  endfacet
  facet normal -0.321407 -0.946941 0
    outer loop
      vertex -65.0134 28.2056 0
      vertex -64.3941 27.9954 12
      vertex -65.0134 28.2056 12
    endloop
  endfacet
  facet normal -0.321407 -0.946941 -0
    outer loop
      vertex -64.3941 27.9954 12
      vertex -65.0134 28.2056 0
      vertex -64.3941 27.9954 0
    endloop
  endfacet
  facet normal 0.0654432 -0.997856 0
    outer loop
      vertex -63.1 27.825 0
      vertex -62.4474 27.8678 12
      vertex -63.1 27.825 12
    endloop
  endfacet
  facet normal 0.0654432 -0.997856 0
    outer loop
      vertex -62.4474 27.8678 12
      vertex -63.1 27.825 0
      vertex -62.4474 27.8678 0
    endloop
  endfacet
  facet normal -0.751771 -0.659424 0
    outer loop
      vertex -66.6355 29.2895 4
      vertex -67.0668 29.7812 12
      vertex -67.0668 29.7812 4
    endloop
  endfacet
  facet normal -0.751771 -0.659424 0
    outer loop
      vertex -67.0668 29.7812 12
      vertex -66.6355 29.2895 4
      vertex -66.6355 29.2895 12
    endloop
  endfacet
  facet normal -0.946941 -0.321407 0
    outer loop
      vertex -67.7194 30.9116 4
      vertex -67.9296 31.5309 12
      vertex -67.9296 31.5309 4
    endloop
  endfacet
  facet normal -0.946941 -0.321407 0
    outer loop
      vertex -67.9296 31.5309 12
      vertex -67.7194 30.9116 4
      vertex -67.7194 30.9116 12
    endloop
  endfacet
  facet normal 0.555472 0.831535 0
    outer loop
      vertex 66.0941 -28.825 4
      vertex 66.1438 -28.8582 12
      vertex 66.1438 -28.8582 4
    endloop
  endfacet
  facet normal 0.555512 0.831509 -3.53598e-07
    outer loop
      vertex 66.1438 -28.8582 12
      vertex 66.0941 -28.825 4
      vertex 65.6 -28.4949 12
    endloop
  endfacet
  facet normal 0.555515 0.831506 0
    outer loop
      vertex 65.6 -28.4949 0
      vertex 66.0941 -28.825 4
      vertex 66.0941 -28.825 0
    endloop
  endfacet
  facet normal 0.555515 0.831506 0
    outer loop
      vertex 66.0941 -28.825 4
      vertex 65.6 -28.4949 0
      vertex 65.6 -28.4949 12
    endloop
  endfacet
  facet normal -0.946941 0.321407 0
    outer loop
      vertex 58.2704 -31.5309 4
      vertex 58.4806 -30.9116 12
      vertex 58.4806 -30.9116 4
    endloop
  endfacet
  facet normal -0.946941 0.321407 0
    outer loop
      vertex 58.4806 -30.9116 12
      vertex 58.2704 -31.5309 4
      vertex 58.2704 -31.5309 12
    endloop
  endfacet
  facet normal -0.321407 -0.946941 0
    outer loop
      vertex 61.1866 -37.4444 0
      vertex 61.8059 -37.6546 12
      vertex 61.1866 -37.4444 12
    endloop
  endfacet
  facet normal -0.321407 -0.946941 -0
    outer loop
      vertex 61.8059 -37.6546 12
      vertex 61.1866 -37.4444 0
      vertex 61.8059 -37.6546 0
    endloop
  endfacet
  facet normal -0.442314 0.89686 0
    outer loop
      vertex 61.1866 -28.2056 0
      vertex 60.6 -28.4949 12
      vertex 61.1866 -28.2056 12
    endloop
  endfacet
  facet normal -0.442314 0.89686 0
    outer loop
      vertex 60.6 -28.4949 12
      vertex 61.1866 -28.2056 0
      vertex 60.6 -28.4949 0
    endloop
  endfacet
  facet normal -0.89686 0.442314 0
    outer loop
      vertex 58.4806 -30.9116 4
      vertex 58.7699 -30.325 12
      vertex 58.7699 -30.325 4
    endloop
  endfacet
  facet normal -0.89686 0.442314 0
    outer loop
      vertex 58.7699 -30.325 12
      vertex 58.4806 -30.9116 4
      vertex 58.4806 -30.9116 12
    endloop
  endfacet
  facet normal 0.89686 0.442314 0
    outer loop
      vertex 67.7194 -30.9116 12
      vertex 67.4301 -30.325 4
      vertex 67.4301 -30.325 12
    endloop
  endfacet
  facet normal 0.89686 0.442314 0
    outer loop
      vertex 67.4301 -30.325 4
      vertex 67.7194 -30.9116 12
      vertex 67.7194 -30.9116 4
    endloop
  endfacet
  facet normal 0.831509 0.555512 0
    outer loop
      vertex 67.4301 -30.325 12
      vertex 67.0668 -29.7812 4
      vertex 67.0668 -29.7812 12
    endloop
  endfacet
  facet normal 0.831509 0.555512 0
    outer loop
      vertex 67.0668 -29.7812 4
      vertex 67.4301 -30.325 12
      vertex 67.4301 -30.325 4
    endloop
  endfacet
  facet normal 0.659424 0.751771 -0
    outer loop
      vertex 66.6355 -29.2895 4
      vertex 66.1438 -28.8582 12
      vertex 66.6355 -29.2895 12
    endloop
  endfacet
  facet normal 0.659424 0.751771 0
    outer loop
      vertex 66.1438 -28.8582 12
      vertex 66.6355 -29.2895 4
      vertex 66.1438 -28.8582 4
    endloop
  endfacet
  facet normal 0.321407 0.946941 -0
    outer loop
      vertex 65.0134 -28.2056 0
      vertex 64.3941 -27.9954 12
      vertex 65.0134 -28.2056 12
    endloop
  endfacet
  facet normal 0.321407 0.946941 0
    outer loop
      vertex 64.3941 -27.9954 12
      vertex 65.0134 -28.2056 0
      vertex 64.3941 -27.9954 0
    endloop
  endfacet
  facet normal 0.195087 0.980786 -0
    outer loop
      vertex 64.3941 -27.9954 0
      vertex 63.7526 -27.8678 12
      vertex 64.3941 -27.9954 12
    endloop
  endfacet
  facet normal 0.195087 0.980786 0
    outer loop
      vertex 63.7526 -27.8678 12
      vertex 64.3941 -27.9954 0
      vertex 63.7526 -27.8678 0
    endloop
  endfacet
  facet normal 0.0654432 0.997856 -0
    outer loop
      vertex 63.7526 -27.8678 0
      vertex 63.1 -27.825 12
      vertex 63.7526 -27.8678 12
    endloop
  endfacet
  facet normal 0.0654432 0.997856 0
    outer loop
      vertex 63.1 -27.825 12
      vertex 63.7526 -27.8678 0
      vertex 63.1 -27.825 0
    endloop
  endfacet
  facet normal -0.980786 0.195087 0
    outer loop
      vertex 58.1428 -32.1724 4
      vertex 58.2704 -31.5309 12
      vertex 58.2704 -31.5309 4
    endloop
  endfacet
  facet normal -0.980786 0.195087 0
    outer loop
      vertex 58.2704 -31.5309 12
      vertex 58.1428 -32.1724 4
      vertex 58.1428 -32.1724 12
    endloop
  endfacet
  facet normal -0.751771 0.659424 0
    outer loop
      vertex 59.1332 -29.7812 4
      vertex 59.5645 -29.2895 12
      vertex 59.5645 -29.2895 4
    endloop
  endfacet
  facet normal -0.751771 0.659424 0
    outer loop
      vertex 59.5645 -29.2895 12
      vertex 59.1332 -29.7812 4
      vertex 59.1332 -29.7812 12
    endloop
  endfacet
  facet normal -0.555512 0.831509 -3.53598e-07
    outer loop
      vertex 60.6 -28.4949 12
      vertex 60.1059 -28.825 4
      vertex 60.0562 -28.8582 12
    endloop
  endfacet
  facet normal -0.555515 0.831506 0
    outer loop
      vertex 60.6 -28.4949 0
      vertex 60.1059 -28.825 4
      vertex 60.6 -28.4949 12
    endloop
  endfacet
  facet normal -0.555515 0.831506 0
    outer loop
      vertex 60.1059 -28.825 4
      vertex 60.6 -28.4949 0
      vertex 60.1059 -28.825 0
    endloop
  endfacet
  facet normal -0.555472 0.831535 0
    outer loop
      vertex 60.0562 -28.8582 12
      vertex 60.1059 -28.825 4
      vertex 60.0562 -28.8582 4
    endloop
  endfacet
  facet normal -0.321407 0.946941 0
    outer loop
      vertex 61.8059 -27.9954 0
      vertex 61.1866 -28.2056 12
      vertex 61.8059 -27.9954 12
    endloop
  endfacet
  facet normal -0.321407 0.946941 0
    outer loop
      vertex 61.1866 -28.2056 12
      vertex 61.8059 -27.9954 0
      vertex 61.1866 -28.2056 0
    endloop
  endfacet
  facet normal -0.659424 0.751771 0
    outer loop
      vertex 60.0562 -28.8582 4
      vertex 59.5645 -29.2895 12
      vertex 60.0562 -28.8582 12
    endloop
  endfacet
  facet normal -0.659424 0.751771 0
    outer loop
      vertex 59.5645 -29.2895 12
      vertex 60.0562 -28.8582 4
      vertex 59.5645 -29.2895 4
    endloop
  endfacet
  facet normal 0.997856 -0.0654432 0
    outer loop
      vertex 68.0572 -33.4776 12
      vertex 68.1 -32.825 4
      vertex 68.1 -32.825 12
    endloop
  endfacet
  facet normal 0.997856 -0.0654432 0
    outer loop
      vertex 68.1 -32.825 4
      vertex 68.0572 -33.4776 12
      vertex 68.0572 -33.4776 4
    endloop
  endfacet
  facet normal -0.195087 -0.980786 0
    outer loop
      vertex 61.8059 -37.6546 0
      vertex 62.4474 -37.7822 12
      vertex 61.8059 -37.6546 12
    endloop
  endfacet
  facet normal -0.195087 -0.980786 -0
    outer loop
      vertex 62.4474 -37.7822 12
      vertex 61.8059 -37.6546 0
      vertex 62.4474 -37.7822 0
    endloop
  endfacet
  facet normal -0.659424 -0.751771 0
    outer loop
      vertex 59.5645 -36.3605 4
      vertex 60.0562 -36.7918 12
      vertex 59.5645 -36.3605 12
    endloop
  endfacet
  facet normal -0.659424 -0.751771 -0
    outer loop
      vertex 60.0562 -36.7918 12
      vertex 59.5645 -36.3605 4
      vertex 60.0562 -36.7918 4
    endloop
  endfacet
  facet normal -0.89686 -0.442314 0
    outer loop
      vertex 58.7699 -35.325 4
      vertex 58.4806 -34.7384 12
      vertex 58.4806 -34.7384 4
    endloop
  endfacet
  facet normal -0.89686 -0.442314 0
    outer loop
      vertex 58.4806 -34.7384 12
      vertex 58.7699 -35.325 4
      vertex 58.7699 -35.325 12
    endloop
  endfacet
  facet normal 0.980786 0.195087 0
    outer loop
      vertex 68.0572 -32.1724 12
      vertex 67.9296 -31.5309 4
      vertex 67.9296 -31.5309 12
    endloop
  endfacet
  facet normal 0.980786 0.195087 0
    outer loop
      vertex 67.9296 -31.5309 4
      vertex 68.0572 -32.1724 12
      vertex 68.0572 -32.1724 4
    endloop
  endfacet
  facet normal 0.946941 0.321407 0
    outer loop
      vertex 67.9296 -31.5309 12
      vertex 67.7194 -30.9116 4
      vertex 67.7194 -30.9116 12
    endloop
  endfacet
  facet normal 0.946941 0.321407 0
    outer loop
      vertex 67.7194 -30.9116 4
      vertex 67.9296 -31.5309 12
      vertex 67.9296 -31.5309 4
    endloop
  endfacet
  facet normal 0.751771 0.659424 0
    outer loop
      vertex 67.0668 -29.7812 12
      vertex 66.6355 -29.2895 4
      vertex 66.6355 -29.2895 12
    endloop
  endfacet
  facet normal 0.751771 0.659424 0
    outer loop
      vertex 66.6355 -29.2895 4
      vertex 67.0668 -29.7812 12
      vertex 67.0668 -29.7812 4
    endloop
  endfacet
  facet normal -0.0654432 0.997856 0
    outer loop
      vertex 63.1 -27.825 0
      vertex 62.4474 -27.8678 12
      vertex 63.1 -27.825 12
    endloop
  endfacet
  facet normal -0.0654432 0.997856 0
    outer loop
      vertex 62.4474 -27.8678 12
      vertex 63.1 -27.825 0
      vertex 62.4474 -27.8678 0
    endloop
  endfacet
  facet normal 0.442314 0.89686 -0
    outer loop
      vertex 65.6 -28.4949 0
      vertex 65.0134 -28.2056 12
      vertex 65.6 -28.4949 12
    endloop
  endfacet
  facet normal 0.442314 0.89686 0
    outer loop
      vertex 65.0134 -28.2056 12
      vertex 65.6 -28.4949 0
      vertex 65.0134 -28.2056 0
    endloop
  endfacet
  facet normal -0.997856 0.0654432 0
    outer loop
      vertex 58.1 -32.825 4
      vertex 58.1428 -32.1724 12
      vertex 58.1428 -32.1724 4
    endloop
  endfacet
  facet normal -0.997856 0.0654432 0
    outer loop
      vertex 58.1428 -32.1724 12
      vertex 58.1 -32.825 4
      vertex 58.1 -32.825 12
    endloop
  endfacet
  facet normal -0 0 1
    outer loop
      vertex 63.3219 -34.5105 12
      vertex 63.5233 -37.7973 12
      vertex 63.54 -34.4671 12
    endloop
  endfacet
  facet normal -0 0 1
    outer loop
      vertex 63.1 -34.525 12
      vertex 63.5233 -37.7973 12
      vertex 63.3219 -34.5105 12
    endloop
  endfacet
  facet normal 0 0 1
    outer loop
      vertex 63.1 -34.525 12
      vertex 63.1 -37.825 12
      vertex 63.5233 -37.7973 12
    endloop
  endfacet
  facet normal 0 0 1
    outer loop
      vertex 62.8781 -34.5105 12
      vertex 63.1 -37.825 12
      vertex 63.1 -34.525 12
    endloop
  endfacet
  facet normal 0 0 1
    outer loop
      vertex 62.4474 -37.7822 12
      vertex 62.8781 -34.5105 12
      vertex 62.66 -34.4671 12
    endloop
  endfacet
  facet normal 0 0 1
    outer loop
      vertex 61.8059 -37.6546 12
      vertex 62.66 -34.4671 12
      vertex 62.4494 -34.3956 12
    endloop
  endfacet
  facet normal 0 0 1
    outer loop
      vertex 62.8781 -34.5105 12
      vertex 62.4474 -37.7822 12
      vertex 63.1 -37.825 12
    endloop
  endfacet
  facet normal 0 0 1
    outer loop
      vertex 61.1866 -37.4444 12
      vertex 62.4494 -34.3956 12
      vertex 62.25 -34.2972 12
    endloop
  endfacet
  facet normal 0 0 1
    outer loop
      vertex 60.6 -37.1551 12
      vertex 62.25 -34.2972 12
      vertex 62.0651 -34.1737 12
    endloop
  endfacet
  facet normal 0 0 1
    outer loop
      vertex 60.0562 -36.7918 12
      vertex 62.0651 -34.1737 12
      vertex 61.8979 -34.0271 12
    endloop
  endfacet
  facet normal 0 0 1
    outer loop
      vertex 62.66 -34.4671 12
      vertex 61.8059 -37.6546 12
      vertex 62.4474 -37.7822 12
    endloop
  endfacet
  facet normal 0 0 1
    outer loop
      vertex 59.5645 -36.3605 12
      vertex 61.8979 -34.0271 12
      vertex 61.7513 -33.8599 12
    endloop
  endfacet
  facet normal 0 0 1
    outer loop
      vertex 59.1332 -35.8688 12
      vertex 61.7513 -33.8599 12
      vertex 61.6278 -33.675 12
    endloop
  endfacet
  facet normal 0 0 1
    outer loop
      vertex 58.7699 -35.325 12
      vertex 61.6278 -33.675 12
      vertex 61.5294 -33.4756 12
    endloop
  endfacet
  facet normal 0 0 1
    outer loop
      vertex 58.4806 -34.7384 12
      vertex 61.5294 -33.4756 12
      vertex 61.4579 -33.265 12
    endloop
  endfacet
  facet normal 0 0 1
    outer loop
      vertex 58.2704 -34.1191 12
      vertex 61.4579 -33.265 12
      vertex 61.4145 -33.0469 12
    endloop
  endfacet
  facet normal 0 0 1
    outer loop
      vertex 62.4494 -34.3956 12
      vertex 61.1866 -37.4444 12
      vertex 61.8059 -37.6546 12
    endloop
  endfacet
  facet normal 0 0 1
    outer loop
      vertex 58.1428 -33.4776 12
      vertex 61.4145 -33.0469 12
      vertex 61.4 -32.825 12
    endloop
  endfacet
  facet normal -0 0 1
    outer loop
      vertex 58.7699 -30.325 12
      vertex 61.6278 -31.975 12
      vertex 59.1332 -29.7812 12
    endloop
  endfacet
  facet normal 0 0 1
    outer loop
      vertex 61.6278 -31.975 12
      vertex 58.7699 -30.325 12
      vertex 61.5294 -32.1744 12
    endloop
  endfacet
  facet normal 0 0 1
    outer loop
      vertex 62.25 -34.2972 12
      vertex 60.6 -37.1551 12
      vertex 61.1866 -37.4444 12
    endloop
  endfacet
  facet normal -0 0 1
    outer loop
      vertex 58.4806 -30.9116 12
      vertex 61.5294 -32.1744 12
      vertex 58.7699 -30.325 12
    endloop
  endfacet
  facet normal 0 0 1
    outer loop
      vertex 62.0651 -34.1737 12
      vertex 60.0562 -36.7918 12
      vertex 60.6 -37.1551 12
    endloop
  endfacet
  facet normal 0 0 1
    outer loop
      vertex 61.5294 -32.1744 12
      vertex 58.4806 -30.9116 12
      vertex 61.4579 -32.385 12
    endloop
  endfacet
  facet normal 0 0 1
    outer loop
      vertex 61.8979 -34.0271 12
      vertex 59.5645 -36.3605 12
      vertex 60.0562 -36.7918 12
    endloop
  endfacet
  facet normal -0 0 1
    outer loop
      vertex 58.2704 -31.5309 12
      vertex 61.4579 -32.385 12
      vertex 58.4806 -30.9116 12
    endloop
  endfacet
  facet normal 0 0 1
    outer loop
      vertex 61.7513 -33.8599 12
      vertex 59.1332 -35.8688 12
      vertex 59.5645 -36.3605 12
    endloop
  endfacet
  facet normal 0 0 1
    outer loop
      vertex 61.4579 -32.385 12
      vertex 58.2704 -31.5309 12
      vertex 61.4145 -32.6031 12
    endloop
  endfacet
  facet normal 0 0 1
    outer loop
      vertex 61.6278 -33.675 12
      vertex 58.7699 -35.325 12
      vertex 59.1332 -35.8688 12
    endloop
  endfacet
  facet normal -0 0 1
    outer loop
      vertex 58.1428 -32.1724 12
      vertex 61.4145 -32.6031 12
      vertex 58.2704 -31.5309 12
    endloop
  endfacet
  facet normal 0 0 1
    outer loop
      vertex 61.5294 -33.4756 12
      vertex 58.4806 -34.7384 12
      vertex 58.7699 -35.325 12
    endloop
  endfacet
  facet normal 0 0 1
    outer loop
      vertex 61.4145 -32.6031 12
      vertex 58.1428 -32.1724 12
      vertex 61.4 -32.825 12
    endloop
  endfacet
  facet normal 0 0 1
    outer loop
      vertex 61.4579 -33.265 12
      vertex 58.2704 -34.1191 12
      vertex 58.4806 -34.7384 12
    endloop
  endfacet
  facet normal 0 0 1
    outer loop
      vertex 58.1 -32.825 12
      vertex 61.4 -32.825 12
      vertex 58.1428 -32.1724 12
    endloop
  endfacet
  facet normal 0 0 1
    outer loop
      vertex 61.4145 -33.0469 12
      vertex 58.1428 -33.4776 12
      vertex 58.2704 -34.1191 12
    endloop
  endfacet
  facet normal 0 0 1
    outer loop
      vertex 61.4 -32.825 12
      vertex 58.1 -32.825 12
      vertex 58.1428 -33.4776 12
    endloop
  endfacet
  facet normal 0 0 1
    outer loop
      vertex 64.8 -32.825 12
      vertex 68.1 -32.825 12
      vertex 68.0572 -32.1724 12
    endloop
  endfacet
  facet normal 0 0 1
    outer loop
      vertex 64.7855 -32.6031 12
      vertex 68.0572 -32.1724 12
      vertex 67.9296 -31.5309 12
    endloop
  endfacet
  facet normal 0 0 1
    outer loop
      vertex 68.1 -32.825 12
      vertex 64.8 -32.825 12
      vertex 68.0572 -33.4776 12
    endloop
  endfacet
  facet normal 0 0 1
    outer loop
      vertex 64.7421 -32.385 12
      vertex 67.9296 -31.5309 12
      vertex 67.7194 -30.9116 12
    endloop
  endfacet
  facet normal -0 0 1
    outer loop
      vertex 64.7855 -33.0469 12
      vertex 68.0572 -33.4776 12
      vertex 64.8 -32.825 12
    endloop
  endfacet
  facet normal 0 0 1
    outer loop
      vertex 68.0572 -33.4776 12
      vertex 64.7855 -33.0469 12
      vertex 67.9296 -34.1191 12
    endloop
  endfacet
  facet normal -0 0 1
    outer loop
      vertex 64.7421 -33.265 12
      vertex 67.9296 -34.1191 12
      vertex 64.7855 -33.0469 12
    endloop
  endfacet
  facet normal 0 0 1
    outer loop
      vertex 64.6706 -32.1744 12
      vertex 67.7194 -30.9116 12
      vertex 67.4301 -30.325 12
    endloop
  endfacet
  facet normal 0 0 1
    outer loop
      vertex 64.5722 -31.975 12
      vertex 67.4301 -30.325 12
      vertex 67.0668 -29.7812 12
    endloop
  endfacet
  facet normal 0 0 1
    outer loop
      vertex 67.9296 -34.1191 12
      vertex 64.7421 -33.265 12
      vertex 67.7194 -34.7384 12
    endloop
  endfacet
  facet normal 0 0 1
    outer loop
      vertex 64.4487 -31.7901 12
      vertex 67.0668 -29.7812 12
      vertex 66.6355 -29.2895 12
    endloop
  endfacet
  facet normal -0 0 1
    outer loop
      vertex 64.6706 -33.4756 12
      vertex 67.7194 -34.7384 12
      vertex 64.7421 -33.265 12
    endloop
  endfacet
  facet normal 0 0 1
    outer loop
      vertex 64.3021 -31.6229 12
      vertex 66.6355 -29.2895 12
      vertex 66.1438 -28.8582 12
    endloop
  endfacet
  facet normal 0 0 1
    outer loop
      vertex 67.7194 -34.7384 12
      vertex 64.6706 -33.4756 12
      vertex 67.5767 -35.0277 12
    endloop
  endfacet
  facet normal 0 0 1
    outer loop
      vertex 64.1349 -31.4763 12
      vertex 66.1438 -28.8582 12
      vertex 65.6 -28.4949 12
    endloop
  endfacet
  facet normal 0 0 1
    outer loop
      vertex 67.5767 -35.0277 12
      vertex 66.9647 -36.1363 12
      vertex 67.4779 -36.0342 12
    endloop
  endfacet
  facet normal -0 0 1
    outer loop
      vertex 64.5722 -33.675 12
      vertex 67.5767 -35.0277 12
      vertex 64.6706 -33.4756 12
    endloop
  endfacet
  facet normal 0 0 1
    outer loop
      vertex 63.95 -31.3528 12
      vertex 65.6 -28.4949 12
      vertex 65.0134 -28.2056 12
    endloop
  endfacet
  facet normal 0 -0 1
    outer loop
      vertex 66.4693 -36.3045 12
      vertex 67.5767 -35.0277 12
      vertex 64.5722 -33.675 12
    endloop
  endfacet
  facet normal 0 0 1
    outer loop
      vertex 67.5767 -35.0277 12
      vertex 66.4693 -36.3045 12
      vertex 66.9647 -36.1363 12
    endloop
  endfacet
  facet normal 0 0 1
    outer loop
      vertex 68.0572 -32.1724 12
      vertex 64.7855 -32.6031 12
      vertex 64.8 -32.825 12
    endloop
  endfacet
  facet normal 0 0 1
    outer loop
      vertex 67.9296 -31.5309 12
      vertex 64.7421 -32.385 12
      vertex 64.7855 -32.6031 12
    endloop
  endfacet
  facet normal 0 0 1
    outer loop
      vertex 67.7194 -30.9116 12
      vertex 64.6706 -32.1744 12
      vertex 64.7421 -32.385 12
    endloop
  endfacet
  facet normal 0 0 1
    outer loop
      vertex 67.4301 -30.325 12
      vertex 64.5722 -31.975 12
      vertex 64.6706 -32.1744 12
    endloop
  endfacet
  facet normal 0 0 1
    outer loop
      vertex 67.0668 -29.7812 12
      vertex 64.4487 -31.7901 12
      vertex 64.5722 -31.975 12
    endloop
  endfacet
  facet normal 0 0 1
    outer loop
      vertex 63.7506 -31.2544 12
      vertex 65.0134 -28.2056 12
      vertex 64.3941 -27.9954 12
    endloop
  endfacet
  facet normal 0 0 1
    outer loop
      vertex 66.6355 -29.2895 12
      vertex 64.3021 -31.6229 12
      vertex 64.4487 -31.7901 12
    endloop
  endfacet
  facet normal 0 0 1
    outer loop
      vertex 66.1438 -28.8582 12
      vertex 64.1349 -31.4763 12
      vertex 64.3021 -31.6229 12
    endloop
  endfacet
  facet normal 0 0 1
    outer loop
      vertex 65.6 -28.4949 12
      vertex 63.95 -31.3528 12
      vertex 64.1349 -31.4763 12
    endloop
  endfacet
  facet normal 0 0 1
    outer loop
      vertex 63.54 -31.1829 12
      vertex 64.3941 -27.9954 12
      vertex 63.7526 -27.8678 12
    endloop
  endfacet
  facet normal 0 0 1
    outer loop
      vertex 65.0134 -28.2056 12
      vertex 63.7506 -31.2544 12
      vertex 63.95 -31.3528 12
    endloop
  endfacet
  facet normal 0 0 1
    outer loop
      vertex 64.3941 -27.9954 12
      vertex 63.54 -31.1829 12
      vertex 63.7506 -31.2544 12
    endloop
  endfacet
  facet normal 0 0 1
    outer loop
      vertex 63.7526 -27.8678 12
      vertex 63.3219 -31.1395 12
      vertex 63.54 -31.1829 12
    endloop
  endfacet
  facet normal 0 0 1
    outer loop
      vertex 63.1 -27.825 12
      vertex 63.3219 -31.1395 12
      vertex 63.7526 -27.8678 12
    endloop
  endfacet
  facet normal 0 0 1
    outer loop
      vertex 63.1 -27.825 12
      vertex 63.1 -31.125 12
      vertex 63.3219 -31.1395 12
    endloop
  endfacet
  facet normal 0 0 1
    outer loop
      vertex 63.1 -27.825 12
      vertex 62.8781 -31.1395 12
      vertex 63.1 -31.125 12
    endloop
  endfacet
  facet normal -0 0 1
    outer loop
      vertex 62.4474 -27.8678 12
      vertex 62.8781 -31.1395 12
      vertex 63.1 -27.825 12
    endloop
  endfacet
  facet normal 0 0 1
    outer loop
      vertex 62.8781 -31.1395 12
      vertex 62.4474 -27.8678 12
      vertex 62.66 -31.1829 12
    endloop
  endfacet
  facet normal -0 0 1
    outer loop
      vertex 61.8059 -27.9954 12
      vertex 62.66 -31.1829 12
      vertex 62.4474 -27.8678 12
    endloop
  endfacet
  facet normal 0 0 1
    outer loop
      vertex 62.66 -31.1829 12
      vertex 61.8059 -27.9954 12
      vertex 62.4494 -31.2544 12
    endloop
  endfacet
  facet normal -0 0 1
    outer loop
      vertex 61.1866 -28.2056 12
      vertex 62.4494 -31.2544 12
      vertex 61.8059 -27.9954 12
    endloop
  endfacet
  facet normal 0 0 1
    outer loop
      vertex 62.4494 -31.2544 12
      vertex 61.1866 -28.2056 12
      vertex 62.25 -31.3528 12
    endloop
  endfacet
  facet normal -0 0 1
    outer loop
      vertex 60.6 -28.4949 12
      vertex 62.25 -31.3528 12
      vertex 61.1866 -28.2056 12
    endloop
  endfacet
  facet normal 0 0 1
    outer loop
      vertex 62.25 -31.3528 12
      vertex 60.6 -28.4949 12
      vertex 62.0651 -31.4763 12
    endloop
  endfacet
  facet normal -0 0 1
    outer loop
      vertex 60.0562 -28.8582 12
      vertex 62.0651 -31.4763 12
      vertex 60.6 -28.4949 12
    endloop
  endfacet
  facet normal 0 0 1
    outer loop
      vertex 62.0651 -31.4763 12
      vertex 60.0562 -28.8582 12
      vertex 61.8979 -31.6229 12
    endloop
  endfacet
  facet normal -0 0 1
    outer loop
      vertex 59.5645 -29.2895 12
      vertex 61.8979 -31.6229 12
      vertex 60.0562 -28.8582 12
    endloop
  endfacet
  facet normal 0 0 1
    outer loop
      vertex 61.8979 -31.6229 12
      vertex 59.5645 -29.2895 12
      vertex 61.7513 -31.7901 12
    endloop
  endfacet
  facet normal 0 0 1
    outer loop
      vertex 61.7513 -31.7901 12
      vertex 59.1332 -29.7812 12
      vertex 61.6278 -31.975 12
    endloop
  endfacet
  facet normal -0 0 1
    outer loop
      vertex 59.1332 -29.7812 12
      vertex 61.7513 -31.7901 12
      vertex 59.5645 -29.2895 12
    endloop
  endfacet
  facet normal 0 0 1
    outer loop
      vertex 72 -40 12
      vertex 73 -40 12
      vertex 72.9572 -39.3474 12
    endloop
  endfacet
  facet normal 0 0 1
    outer loop
      vertex 71.9658 -39.4779 12
      vertex 72.9572 -39.3474 12
      vertex 72.8296 -38.7059 12
    endloop
  endfacet
  facet normal 0 0 1
    outer loop
      vertex 73 -40 12
      vertex 72 -40 12
      vertex 72.9572 -40.6526 12
    endloop
  endfacet
  facet normal 0 0 1
    outer loop
      vertex 71.8637 -38.9647 12
      vertex 72.8296 -38.7059 12
      vertex 72.6194 -38.0866 12
    endloop
  endfacet
  facet normal -0 0 1
    outer loop
      vertex 71.9658 -40.5221 12
      vertex 72.9572 -40.6526 12
      vertex 72 -40 12
    endloop
  endfacet
  facet normal 0 0 1
    outer loop
      vertex 71.6955 -38.4693 12
      vertex 72.6194 -38.0866 12
      vertex 72.3301 -37.5 12
    endloop
  endfacet
  facet normal 0 0 1
    outer loop
      vertex 72.9572 -40.6526 12
      vertex 71.9658 -40.5221 12
      vertex 72.8296 -41.2941 12
    endloop
  endfacet
  facet normal -0 0 1
    outer loop
      vertex 71.8637 -41.0353 12
      vertex 72.8296 -41.2941 12
      vertex 71.9658 -40.5221 12
    endloop
  endfacet
  facet normal 0 0 1
    outer loop
      vertex 71.4641 -38 12
      vertex 72.3301 -37.5 12
      vertex 71.9668 -36.9562 12
    endloop
  endfacet
  facet normal 0 0 1
    outer loop
      vertex 72.9572 -39.3474 12
      vertex 71.9658 -39.4779 12
      vertex 72 -40 12
    endloop
  endfacet
  facet normal 0 0 1
    outer loop
      vertex 72.8296 -38.7059 12
      vertex 71.8637 -38.9647 12
      vertex 71.9658 -39.4779 12
    endloop
  endfacet
  facet normal 0 0 1
    outer loop
      vertex 72.6194 -38.0866 12
      vertex 71.6955 -38.4693 12
      vertex 71.8637 -38.9647 12
    endloop
  endfacet
  facet normal 0 0 1
    outer loop
      vertex 71.1734 -37.565 12
      vertex 71.9668 -36.9562 12
      vertex 71.5355 -36.4645 12
    endloop
  endfacet
  facet normal 0 0 1
    outer loop
      vertex 72.3301 -37.5 12
      vertex 71.4641 -38 12
      vertex 71.6955 -38.4693 12
    endloop
  endfacet
  facet normal 0 0 1
    outer loop
      vertex 71.9668 -36.9562 12
      vertex 71.1734 -37.565 12
      vertex 71.4641 -38 12
    endloop
  endfacet
  facet normal 0 0 1
    outer loop
      vertex 70.8284 -37.1716 12
      vertex 71.5355 -36.4645 12
      vertex 71.0438 -36.0332 12
    endloop
  endfacet
  facet normal 0 0 1
    outer loop
      vertex 71.5355 -36.4645 12
      vertex 70.8284 -37.1716 12
      vertex 71.1734 -37.565 12
    endloop
  endfacet
  facet normal 0 0 1
    outer loop
      vertex 70.435 -36.8266 12
      vertex 71.0438 -36.0332 12
      vertex 70.5 -35.6699 12
    endloop
  endfacet
  facet normal 0 0 1
    outer loop
      vertex 71.0438 -36.0332 12
      vertex 70.435 -36.8266 12
      vertex 70.8284 -37.1716 12
    endloop
  endfacet
  facet normal 0 0 1
    outer loop
      vertex 70.5 -35.6699 12
      vertex 70 -36.5359 12
      vertex 70.435 -36.8266 12
    endloop
  endfacet
  facet normal 0 0 1
    outer loop
      vertex 69.9134 -35.3806 12
      vertex 70 -36.5359 12
      vertex 70.5 -35.6699 12
    endloop
  endfacet
  facet normal 0 0 1
    outer loop
      vertex 69.9134 -35.3806 12
      vertex 69.5307 -36.3045 12
      vertex 70 -36.5359 12
    endloop
  endfacet
  facet normal 0 0 1
    outer loop
      vertex 69.2941 -35.1704 12
      vertex 69.5307 -36.3045 12
      vertex 69.9134 -35.3806 12
    endloop
  endfacet
  facet normal 0 0 1
    outer loop
      vertex 69.2941 -35.1704 12
      vertex 69.0353 -36.1363 12
      vertex 69.5307 -36.3045 12
    endloop
  endfacet
  facet normal 0 0 1
    outer loop
      vertex 68.6526 -35.0428 12
      vertex 69.0353 -36.1363 12
      vertex 69.2941 -35.1704 12
    endloop
  endfacet
  facet normal 0 0 1
    outer loop
      vertex 68.6526 -35.0428 12
      vertex 68.5221 -36.0342 12
      vertex 69.0353 -36.1363 12
    endloop
  endfacet
  facet normal 0 0 1
    outer loop
      vertex 68 -35 12
      vertex 68.5221 -36.0342 12
      vertex 68.6526 -35.0428 12
    endloop
  endfacet
  facet normal 0 0 1
    outer loop
      vertex 68 -35 12
      vertex 68 -36 12
      vertex 68.5221 -36.0342 12
    endloop
  endfacet
  facet normal -0 0 1
    outer loop
      vertex 67.5767 -35.0277 12
      vertex 68 -36 12
      vertex 68 -35 12
    endloop
  endfacet
  facet normal 0 0 1
    outer loop
      vertex 68 -36 12
      vertex 67.5767 -35.0277 12
      vertex 67.4779 -36.0342 12
    endloop
  endfacet
  facet normal 0 0 1
    outer loop
      vertex 72.8296 -41.2941 12
      vertex 71.8637 -41.0353 12
      vertex 72.6194 -41.9134 12
    endloop
  endfacet
  facet normal -0 0 1
    outer loop
      vertex 71.6955 -41.5307 12
      vertex 72.6194 -41.9134 12
      vertex 71.8637 -41.0353 12
    endloop
  endfacet
  facet normal 0 0 1
    outer loop
      vertex 72.6194 -41.9134 12
      vertex 71.6955 -41.5307 12
      vertex 72.3301 -42.5 12
    endloop
  endfacet
  facet normal -0 0 1
    outer loop
      vertex 71.4641 -42 12
      vertex 72.3301 -42.5 12
      vertex 71.6955 -41.5307 12
    endloop
  endfacet
  facet normal 0 0 1
    outer loop
      vertex 72.3301 -42.5 12
      vertex 71.4641 -42 12
      vertex 71.9668 -43.0438 12
    endloop
  endfacet
  facet normal -0 0 1
    outer loop
      vertex 71.1734 -42.435 12
      vertex 71.9668 -43.0438 12
      vertex 71.4641 -42 12
    endloop
  endfacet
  facet normal 0 0 1
    outer loop
      vertex 71.9668 -43.0438 12
      vertex 71.1734 -42.435 12
      vertex 71.5355 -43.5355 12
    endloop
  endfacet
  facet normal -0 0 1
    outer loop
      vertex 70.8284 -42.8284 12
      vertex 71.5355 -43.5355 12
      vertex 71.1734 -42.435 12
    endloop
  endfacet
  facet normal 0 0 1
    outer loop
      vertex 71.5355 -43.5355 12
      vertex 70.8284 -42.8284 12
      vertex 71.0438 -43.9668 12
    endloop
  endfacet
  facet normal -0 0 1
    outer loop
      vertex 70.435 -43.1734 12
      vertex 71.0438 -43.9668 12
      vertex 70.8284 -42.8284 12
    endloop
  endfacet
  facet normal 0 0 1
    outer loop
      vertex 71.0438 -43.9668 12
      vertex 70.435 -43.1734 12
      vertex 70.5 -44.3301 12
    endloop
  endfacet
  facet normal -0 0 1
    outer loop
      vertex 70 -43.4641 12
      vertex 70.5 -44.3301 12
      vertex 70.435 -43.1734 12
    endloop
  endfacet
  facet normal 0 0 1
    outer loop
      vertex 70 -43.4641 12
      vertex 69.9134 -44.6194 12
      vertex 70.5 -44.3301 12
    endloop
  endfacet
  facet normal -0 0 1
    outer loop
      vertex 69.5307 -43.6955 12
      vertex 69.9134 -44.6194 12
      vertex 70 -43.4641 12
    endloop
  endfacet
  facet normal 0 0 1
    outer loop
      vertex 69.5307 -43.6955 12
      vertex 69.2941 -44.8296 12
      vertex 69.9134 -44.6194 12
    endloop
  endfacet
  facet normal -0 0 1
    outer loop
      vertex 69.0353 -43.8637 12
      vertex 69.2941 -44.8296 12
      vertex 69.5307 -43.6955 12
    endloop
  endfacet
  facet normal 0 0 1
    outer loop
      vertex 69.0353 -43.8637 12
      vertex 68.6526 -44.9572 12
      vertex 69.2941 -44.8296 12
    endloop
  endfacet
  facet normal -0 0 1
    outer loop
      vertex 68.5221 -43.9658 12
      vertex 68.6526 -44.9572 12
      vertex 69.0353 -43.8637 12
    endloop
  endfacet
  facet normal -0 0 1
    outer loop
      vertex 68 -44 12
      vertex 68.6526 -44.9572 12
      vertex 68.5221 -43.9658 12
    endloop
  endfacet
  facet normal 0 0 1
    outer loop
      vertex 68 -44 12
      vertex 68 -45 12
      vertex 68.6526 -44.9572 12
    endloop
  endfacet
  facet normal 0 0 1
    outer loop
      vertex 67.4779 -43.9658 12
      vertex 68 -45 12
      vertex 68 -44 12
    endloop
  endfacet
  facet normal 0 0 1
    outer loop
      vertex 67.4779 -43.9658 12
      vertex 67.3474 -44.9572 12
      vertex 68 -45 12
    endloop
  endfacet
  facet normal 0 0 1
    outer loop
      vertex 66.9647 -43.8637 12
      vertex 67.3474 -44.9572 12
      vertex 67.4779 -43.9658 12
    endloop
  endfacet
  facet normal 0 0 1
    outer loop
      vertex 66.9647 -43.8637 12
      vertex 66.7059 -44.8296 12
      vertex 67.3474 -44.9572 12
    endloop
  endfacet
  facet normal 0 0 1
    outer loop
      vertex 66.4693 -43.6955 12
      vertex 66.7059 -44.8296 12
      vertex 66.9647 -43.8637 12
    endloop
  endfacet
  facet normal 0 0 1
    outer loop
      vertex 66.4693 -43.6955 12
      vertex 66.0866 -44.6194 12
      vertex 66.7059 -44.8296 12
    endloop
  endfacet
  facet normal 0 0 1
    outer loop
      vertex 66 -43.4641 12
      vertex 66.0866 -44.6194 12
      vertex 66.4693 -43.6955 12
    endloop
  endfacet
  facet normal 0 0 1
    outer loop
      vertex 65.5 -44.3301 12
      vertex 66 -43.4641 12
      vertex 65.565 -43.1734 12
    endloop
  endfacet
  facet normal 0 0 1
    outer loop
      vertex 66 -43.4641 12
      vertex 65.5 -44.3301 12
      vertex 66.0866 -44.6194 12
    endloop
  endfacet
  facet normal 0 0 1
    outer loop
      vertex 64.9562 -43.9668 12
      vertex 65.565 -43.1734 12
      vertex 65.1716 -42.8284 12
    endloop
  endfacet
  facet normal 0 0 1
    outer loop
      vertex 65.565 -43.1734 12
      vertex 64.9562 -43.9668 12
      vertex 65.5 -44.3301 12
    endloop
  endfacet
  facet normal 0 0 1
    outer loop
      vertex 64.4645 -43.5355 12
      vertex 65.1716 -42.8284 12
      vertex 64.8266 -42.435 12
    endloop
  endfacet
  facet normal 0 0 1
    outer loop
      vertex 64.0332 -43.0438 12
      vertex 64.8266 -42.435 12
      vertex 64.5359 -42 12
    endloop
  endfacet
  facet normal 0 0 1
    outer loop
      vertex 65.1716 -42.8284 12
      vertex 64.4645 -43.5355 12
      vertex 64.9562 -43.9668 12
    endloop
  endfacet
  facet normal 0 0 1
    outer loop
      vertex 63.6699 -42.5 12
      vertex 64.5359 -42 12
      vertex 64.3045 -41.5307 12
    endloop
  endfacet
  facet normal 0 0 1
    outer loop
      vertex 63.3806 -41.9134 12
      vertex 64.3045 -41.5307 12
      vertex 64.1363 -41.0353 12
    endloop
  endfacet
  facet normal 0 0 1
    outer loop
      vertex 63.1704 -41.2941 12
      vertex 64.1363 -41.0353 12
      vertex 64.0342 -40.5221 12
    endloop
  endfacet
  facet normal 0 0 1
    outer loop
      vertex 64.8266 -42.435 12
      vertex 64.0332 -43.0438 12
      vertex 64.4645 -43.5355 12
    endloop
  endfacet
  facet normal 0 0 1
    outer loop
      vertex 63.0428 -40.6526 12
      vertex 64.0342 -40.5221 12
      vertex 64 -40 12
    endloop
  endfacet
  facet normal 0 0 1
    outer loop
      vertex 64.3045 -38.4693 12
      vertex 63.3806 -38.0866 12
      vertex 64.1363 -38.9647 12
    endloop
  endfacet
  facet normal -0 0 1
    outer loop
      vertex 63.1704 -38.7059 12
      vertex 64.1363 -38.9647 12
      vertex 63.3806 -38.0866 12
    endloop
  endfacet
  facet normal 0 0 1
    outer loop
      vertex 64.1363 -38.9647 12
      vertex 63.1704 -38.7059 12
      vertex 64.0342 -39.4779 12
    endloop
  endfacet
  facet normal 0 0 1
    outer loop
      vertex 65.1716 -37.1716 12
      vertex 63.54 -34.4671 12
      vertex 63.5233 -37.7973 12
    endloop
  endfacet
  facet normal 0 0 1
    outer loop
      vertex 64.5359 -42 12
      vertex 63.6699 -42.5 12
      vertex 64.0332 -43.0438 12
    endloop
  endfacet
  facet normal -0 0 1
    outer loop
      vertex 63.0428 -39.3474 12
      vertex 64.0342 -39.4779 12
      vertex 63.1704 -38.7059 12
    endloop
  endfacet
  facet normal 0 0 1
    outer loop
      vertex 64.3045 -41.5307 12
      vertex 63.3806 -41.9134 12
      vertex 63.6699 -42.5 12
    endloop
  endfacet
  facet normal 0 0 1
    outer loop
      vertex 64.0342 -39.4779 12
      vertex 63.0428 -39.3474 12
      vertex 64 -40 12
    endloop
  endfacet
  facet normal 0 0 1
    outer loop
      vertex 64.1363 -41.0353 12
      vertex 63.1704 -41.2941 12
      vertex 63.3806 -41.9134 12
    endloop
  endfacet
  facet normal 0 0 1
    outer loop
      vertex 63 -40 12
      vertex 64 -40 12
      vertex 63.0428 -39.3474 12
    endloop
  endfacet
  facet normal 0 0 1
    outer loop
      vertex 64.0342 -40.5221 12
      vertex 63.0428 -40.6526 12
      vertex 63.1704 -41.2941 12
    endloop
  endfacet
  facet normal 0 0 1
    outer loop
      vertex 64 -40 12
      vertex 63 -40 12
      vertex 63.0428 -40.6526 12
    endloop
  endfacet
  facet normal -0 0 1
    outer loop
      vertex 64.4487 -33.8599 12
      vertex 66.4693 -36.3045 12
      vertex 64.5722 -33.675 12
    endloop
  endfacet
  facet normal -0 0 1
    outer loop
      vertex 64.3021 -34.0271 12
      vertex 66.4693 -36.3045 12
      vertex 64.4487 -33.8599 12
    endloop
  endfacet
  facet normal 0 0 1
    outer loop
      vertex 66.4693 -36.3045 12
      vertex 64.3021 -34.0271 12
      vertex 66 -36.5359 12
    endloop
  endfacet
  facet normal -0 0 1
    outer loop
      vertex 64.1349 -34.1737 12
      vertex 66 -36.5359 12
      vertex 64.3021 -34.0271 12
    endloop
  endfacet
  facet normal 0 0 1
    outer loop
      vertex 66 -36.5359 12
      vertex 64.1349 -34.1737 12
      vertex 65.565 -36.8266 12
    endloop
  endfacet
  facet normal -0 0 1
    outer loop
      vertex 63.95 -34.2972 12
      vertex 65.565 -36.8266 12
      vertex 64.1349 -34.1737 12
    endloop
  endfacet
  facet normal -0 0 1
    outer loop
      vertex 63.7506 -34.3956 12
      vertex 65.565 -36.8266 12
      vertex 63.95 -34.2972 12
    endloop
  endfacet
  facet normal 0 0 1
    outer loop
      vertex 65.565 -36.8266 12
      vertex 63.7506 -34.3956 12
      vertex 65.1716 -37.1716 12
    endloop
  endfacet
  facet normal -0 0 1
    outer loop
      vertex 63.54 -34.4671 12
      vertex 65.1716 -37.1716 12
      vertex 63.7506 -34.3956 12
    endloop
  endfacet
  facet normal 0 0 1
    outer loop
      vertex 65.1716 -37.1716 12
      vertex 63.5233 -37.7973 12
      vertex 64.8266 -37.565 12
    endloop
  endfacet
  facet normal 0 0 1
    outer loop
      vertex 64.8266 -37.565 12
      vertex 63.5233 -37.7973 12
      vertex 64.5359 -38 12
    endloop
  endfacet
  facet normal 0 0 1
    outer loop
      vertex 64.5359 -38 12
      vertex 63.5233 -37.7973 12
      vertex 64.3045 -38.4693 12
    endloop
  endfacet
  facet normal -0 0 1
    outer loop
      vertex 63.3806 -38.0866 12
      vertex 64.3045 -38.4693 12
      vertex 63.5233 -37.7973 12
    endloop
  endfacet
  facet normal -0.831509 0.555512 0
    outer loop
      vertex 58.7699 -30.325 4
      vertex 59.1332 -29.7812 12
      vertex 59.1332 -29.7812 4
    endloop
  endfacet
  facet normal -0.831509 0.555512 0
    outer loop
      vertex 59.1332 -29.7812 12
      vertex 58.7699 -30.325 4
      vertex 58.7699 -30.325 12
    endloop
  endfacet
  facet normal -0.195087 0.980786 0
    outer loop
      vertex 62.4474 -27.8678 0
      vertex 61.8059 -27.9954 12
      vertex 62.4474 -27.8678 12
    endloop
  endfacet
  facet normal -0.195087 0.980786 0
    outer loop
      vertex 61.8059 -27.9954 12
      vertex 62.4474 -27.8678 0
      vertex 61.8059 -27.9954 0
    endloop
  endfacet
  facet normal 0.997856 0.0654432 0
    outer loop
      vertex 68.1 -32.825 12
      vertex 68.0572 -32.1724 4
      vertex 68.0572 -32.1724 12
    endloop
  endfacet
  facet normal 0.997856 0.0654432 0
    outer loop
      vertex 68.0572 -32.1724 4
      vertex 68.1 -32.825 12
      vertex 68.1 -32.825 4
    endloop
  endfacet
  facet normal 0.0652986 -0.997866 0
    outer loop
      vertex 63.1 -37.825 0
      vertex 63.5233 -37.7973 12
      vertex 63.1 -37.825 12
    endloop
  endfacet
  facet normal 0.0652986 -0.997866 0
    outer loop
      vertex 63.5233 -37.7973 12
      vertex 63.1 -37.825 0
      vertex 63.5233 -37.7973 0
    endloop
  endfacet
  facet normal 0.946941 -0.321407 0
    outer loop
      vertex 67.7194 -34.7384 12
      vertex 67.9296 -34.1191 4
      vertex 67.9296 -34.1191 12
    endloop
  endfacet
  facet normal 0.946941 -0.321407 0
    outer loop
      vertex 67.9296 -34.1191 4
      vertex 67.7194 -34.7384 12
      vertex 67.7194 -34.7384 4
    endloop
  endfacet
  facet normal 0.896832 -0.442371 0
    outer loop
      vertex 67.5767 -35.0277 12
      vertex 67.7194 -34.7384 4
      vertex 67.7194 -34.7384 12
    endloop
  endfacet
  facet normal 0.896832 -0.442371 0
    outer loop
      vertex 67.7194 -34.7384 4
      vertex 67.5767 -35.0277 12
      vertex 67.5767 -35.0277 4
    endloop
  endfacet
  facet normal -0.442314 -0.89686 0
    outer loop
      vertex 60.6 -37.1551 0
      vertex 61.1866 -37.4444 12
      vertex 60.6 -37.1551 12
    endloop
  endfacet
  facet normal -0.442314 -0.89686 -0
    outer loop
      vertex 61.1866 -37.4444 12
      vertex 60.6 -37.1551 0
      vertex 61.1866 -37.4444 0
    endloop
  endfacet
  facet normal -0.946941 -0.321407 0
    outer loop
      vertex 58.4806 -34.7384 4
      vertex 58.2704 -34.1191 12
      vertex 58.2704 -34.1191 4
    endloop
  endfacet
  facet normal -0.946941 -0.321407 0
    outer loop
      vertex 58.2704 -34.1191 12
      vertex 58.4806 -34.7384 4
      vertex 58.4806 -34.7384 12
    endloop
  endfacet
  facet normal -0.997856 -0.0654432 0
    outer loop
      vertex 58.1428 -33.4776 4
      vertex 58.1 -32.825 12
      vertex 58.1 -32.825 4
    endloop
  endfacet
  facet normal -0.997856 -0.0654432 0
    outer loop
      vertex 58.1 -32.825 12
      vertex 58.1428 -33.4776 4
      vertex 58.1428 -33.4776 12
    endloop
  endfacet
  facet normal -0.831509 -0.555512 0
    outer loop
      vertex 59.1332 -35.8688 4
      vertex 58.7699 -35.325 12
      vertex 58.7699 -35.325 4
    endloop
  endfacet
  facet normal -0.831509 -0.555512 0
    outer loop
      vertex 58.7699 -35.325 12
      vertex 59.1332 -35.8688 4
      vertex 59.1332 -35.8688 12
    endloop
  endfacet
  facet normal -0.751771 -0.659424 0
    outer loop
      vertex 59.5645 -36.3605 4
      vertex 59.1332 -35.8688 12
      vertex 59.1332 -35.8688 4
    endloop
  endfacet
  facet normal -0.751771 -0.659424 0
    outer loop
      vertex 59.1332 -35.8688 12
      vertex 59.5645 -36.3605 4
      vertex 59.5645 -36.3605 12
    endloop
  endfacet
  facet normal 0.980786 -0.195087 0
    outer loop
      vertex 67.9296 -34.1191 12
      vertex 68.0572 -33.4776 4
      vertex 68.0572 -33.4776 12
    endloop
  endfacet
  facet normal 0.980786 -0.195087 0
    outer loop
      vertex 68.0572 -33.4776 4
      vertex 67.9296 -34.1191 12
      vertex 67.9296 -34.1191 4
    endloop
  endfacet
  facet normal -0.0654432 -0.997856 0
    outer loop
      vertex 62.4474 -37.7822 0
      vertex 63.1 -37.825 12
      vertex 62.4474 -37.7822 12
    endloop
  endfacet
  facet normal -0.0654432 -0.997856 -0
    outer loop
      vertex 63.1 -37.825 12
      vertex 62.4474 -37.7822 0
      vertex 63.1 -37.825 0
    endloop
  endfacet
  facet normal -0.555472 -0.831535 0
    outer loop
      vertex 60.1059 -36.825 4
      vertex 60.0562 -36.7918 12
      vertex 60.0562 -36.7918 4
    endloop
  endfacet
  facet normal -0.555512 -0.831509 -3.53598e-07
    outer loop
      vertex 60.0562 -36.7918 12
      vertex 60.1059 -36.825 4
      vertex 60.6 -37.1551 12
    endloop
  endfacet
  facet normal -0.555515 -0.831506 0
    outer loop
      vertex 60.6 -37.1551 0
      vertex 60.1059 -36.825 4
      vertex 60.1059 -36.825 0
    endloop
  endfacet
  facet normal -0.555515 -0.831506 0
    outer loop
      vertex 60.1059 -36.825 4
      vertex 60.6 -37.1551 0
      vertex 60.6 -37.1551 12
    endloop
  endfacet
  facet normal -0.980786 -0.195087 0
    outer loop
      vertex 58.2704 -34.1191 4
      vertex 58.1428 -33.4776 12
      vertex 58.1428 -33.4776 4
    endloop
  endfacet
  facet normal -0.980786 -0.195087 0
    outer loop
      vertex 58.1428 -33.4776 12
      vertex 58.2704 -34.1191 4
      vertex 58.2704 -34.1191 12
    endloop
  endfacet
  facet normal 0.997856 0.0654432 0
    outer loop
      vertex 68.1 32.825 12
      vertex 68.0572 33.4776 4
      vertex 68.0572 33.4776 12
    endloop
  endfacet
  facet normal 0.997856 0.0654432 0
    outer loop
      vertex 68.0572 33.4776 4
      vertex 68.1 32.825 12
      vertex 68.1 32.825 4
    endloop
  endfacet
  facet normal -0.997856 0.0654432 0
    outer loop
      vertex 58.1 32.825 4
      vertex 58.1428 33.4776 12
      vertex 58.1428 33.4776 4
    endloop
  endfacet
  facet normal -0.997856 0.0654432 0
    outer loop
      vertex 58.1428 33.4776 12
      vertex 58.1 32.825 4
      vertex 58.1 32.825 12
    endloop
  endfacet
  facet normal 0.0652986 0.997866 -0
    outer loop
      vertex 63.5233 37.7973 0
      vertex 63.1 37.825 12
      vertex 63.5233 37.7973 12
    endloop
  endfacet
  facet normal 0.0652986 0.997866 0
    outer loop
      vertex 63.1 37.825 12
      vertex 63.5233 37.7973 0
      vertex 63.1 37.825 0
    endloop
  endfacet
  facet normal 0.0654432 -0.997856 0
    outer loop
      vertex 63.1 27.825 0
      vertex 63.7526 27.8678 12
      vertex 63.1 27.825 12
    endloop
  endfacet
  facet normal 0.0654432 -0.997856 0
    outer loop
      vertex 63.7526 27.8678 12
      vertex 63.1 27.825 0
      vertex 63.7526 27.8678 0
    endloop
  endfacet
  facet normal -0.659424 0.751771 0
    outer loop
      vertex 60.0562 36.7918 4
      vertex 59.5645 36.3605 12
      vertex 60.0562 36.7918 12
    endloop
  endfacet
  facet normal -0.659424 0.751771 0
    outer loop
      vertex 59.5645 36.3605 12
      vertex 60.0562 36.7918 4
      vertex 59.5645 36.3605 4
    endloop
  endfacet
  facet normal -0.321407 0.946941 0
    outer loop
      vertex 61.8059 37.6546 0
      vertex 61.1866 37.4444 12
      vertex 61.8059 37.6546 12
    endloop
  endfacet
  facet normal -0.321407 0.946941 0
    outer loop
      vertex 61.1866 37.4444 12
      vertex 61.8059 37.6546 0
      vertex 61.1866 37.4444 0
    endloop
  endfacet
  facet normal 0.946941 0.321407 0
    outer loop
      vertex 67.9296 34.1191 12
      vertex 67.7194 34.7384 4
      vertex 67.7194 34.7384 12
    endloop
  endfacet
  facet normal 0.946941 0.321407 0
    outer loop
      vertex 67.7194 34.7384 4
      vertex 67.9296 34.1191 12
      vertex 67.9296 34.1191 4
    endloop
  endfacet
  facet normal 0.980786 0.195087 0
    outer loop
      vertex 68.0572 33.4776 12
      vertex 67.9296 34.1191 4
      vertex 67.9296 34.1191 12
    endloop
  endfacet
  facet normal 0.980786 0.195087 0
    outer loop
      vertex 67.9296 34.1191 4
      vertex 68.0572 33.4776 12
      vertex 68.0572 33.4776 4
    endloop
  endfacet
  facet normal 0.896832 0.442371 0
    outer loop
      vertex 67.7194 34.7384 12
      vertex 67.5767 35.0277 4
      vertex 67.5767 35.0277 12
    endloop
  endfacet
  facet normal 0.896832 0.442371 0
    outer loop
      vertex 67.5767 35.0277 4
      vertex 67.7194 34.7384 12
      vertex 67.7194 34.7384 4
    endloop
  endfacet
  facet normal -0.89686 0.442314 0
    outer loop
      vertex 58.4806 34.7384 4
      vertex 58.7699 35.325 12
      vertex 58.7699 35.325 4
    endloop
  endfacet
  facet normal -0.89686 0.442314 0
    outer loop
      vertex 58.7699 35.325 12
      vertex 58.4806 34.7384 4
      vertex 58.4806 34.7384 12
    endloop
  endfacet
  facet normal -0.946941 0.321407 0
    outer loop
      vertex 58.2704 34.1191 4
      vertex 58.4806 34.7384 12
      vertex 58.4806 34.7384 4
    endloop
  endfacet
  facet normal -0.946941 0.321407 0
    outer loop
      vertex 58.4806 34.7384 12
      vertex 58.2704 34.1191 4
      vertex 58.2704 34.1191 12
    endloop
  endfacet
  facet normal -0.442314 0.89686 0
    outer loop
      vertex 61.1866 37.4444 0
      vertex 60.6 37.1551 12
      vertex 61.1866 37.4444 12
    endloop
  endfacet
  facet normal -0.442314 0.89686 0
    outer loop
      vertex 60.6 37.1551 12
      vertex 61.1866 37.4444 0
      vertex 60.6 37.1551 0
    endloop
  endfacet
  facet normal -0.195087 0.980786 0
    outer loop
      vertex 62.4474 37.7822 0
      vertex 61.8059 37.6546 12
      vertex 62.4474 37.7822 12
    endloop
  endfacet
  facet normal -0.195087 0.980786 0
    outer loop
      vertex 61.8059 37.6546 12
      vertex 62.4474 37.7822 0
      vertex 61.8059 37.6546 0
    endloop
  endfacet
  facet normal 0.195087 -0.980786 0
    outer loop
      vertex 63.7526 27.8678 0
      vertex 64.3941 27.9954 12
      vertex 63.7526 27.8678 12
    endloop
  endfacet
  facet normal 0.195087 -0.980786 0
    outer loop
      vertex 64.3941 27.9954 12
      vertex 63.7526 27.8678 0
      vertex 64.3941 27.9954 0
    endloop
  endfacet
  facet normal 0.442314 -0.89686 0
    outer loop
      vertex 65.0134 28.2056 0
      vertex 65.6 28.4949 12
      vertex 65.0134 28.2056 12
    endloop
  endfacet
  facet normal 0.442314 -0.89686 0
    outer loop
      vertex 65.6 28.4949 12
      vertex 65.0134 28.2056 0
      vertex 65.6 28.4949 0
    endloop
  endfacet
  facet normal -0.831509 0.555512 0
    outer loop
      vertex 58.7699 35.325 4
      vertex 59.1332 35.8688 12
      vertex 59.1332 35.8688 4
    endloop
  endfacet
  facet normal -0.831509 0.555512 0
    outer loop
      vertex 59.1332 35.8688 12
      vertex 58.7699 35.325 4
      vertex 58.7699 35.325 12
    endloop
  endfacet
  facet normal -0.751771 0.659424 0
    outer loop
      vertex 59.1332 35.8688 4
      vertex 59.5645 36.3605 12
      vertex 59.5645 36.3605 4
    endloop
  endfacet
  facet normal -0.751771 0.659424 0
    outer loop
      vertex 59.5645 36.3605 12
      vertex 59.1332 35.8688 4
      vertex 59.1332 35.8688 12
    endloop
  endfacet
  facet normal -0.980786 0.195087 0
    outer loop
      vertex 58.1428 33.4776 4
      vertex 58.2704 34.1191 12
      vertex 58.2704 34.1191 4
    endloop
  endfacet
  facet normal -0.980786 0.195087 0
    outer loop
      vertex 58.2704 34.1191 12
      vertex 58.1428 33.4776 4
      vertex 58.1428 33.4776 12
    endloop
  endfacet
  facet normal 0 0 1
    outer loop
      vertex 72 40 12
      vertex 73 40 12
      vertex 72.9572 40.6526 12
    endloop
  endfacet
  facet normal 0 0 1
    outer loop
      vertex 71.9658 40.5221 12
      vertex 72.9572 40.6526 12
      vertex 72.8296 41.2941 12
    endloop
  endfacet
  facet normal 0 0 1
    outer loop
      vertex 73 40 12
      vertex 72 40 12
      vertex 72.9572 39.3474 12
    endloop
  endfacet
  facet normal 0 0 1
    outer loop
      vertex 71.8637 41.0353 12
      vertex 72.8296 41.2941 12
      vertex 72.6194 41.9134 12
    endloop
  endfacet
  facet normal -0 0 1
    outer loop
      vertex 71.9658 39.4779 12
      vertex 72.9572 39.3474 12
      vertex 72 40 12
    endloop
  endfacet
  facet normal 0 0 1
    outer loop
      vertex 71.6955 41.5307 12
      vertex 72.6194 41.9134 12
      vertex 72.3301 42.5 12
    endloop
  endfacet
  facet normal 0 0 1
    outer loop
      vertex 72.9572 39.3474 12
      vertex 71.9658 39.4779 12
      vertex 72.8296 38.7059 12
    endloop
  endfacet
  facet normal -0 0 1
    outer loop
      vertex 71.8637 38.9647 12
      vertex 72.8296 38.7059 12
      vertex 71.9658 39.4779 12
    endloop
  endfacet
  facet normal 0 0 1
    outer loop
      vertex 71.4641 42 12
      vertex 72.3301 42.5 12
      vertex 71.9668 43.0438 12
    endloop
  endfacet
  facet normal 0 0 1
    outer loop
      vertex 72.9572 40.6526 12
      vertex 71.9658 40.5221 12
      vertex 72 40 12
    endloop
  endfacet
  facet normal 0 0 1
    outer loop
      vertex 72.8296 41.2941 12
      vertex 71.8637 41.0353 12
      vertex 71.9658 40.5221 12
    endloop
  endfacet
  facet normal 0 0 1
    outer loop
      vertex 72.6194 41.9134 12
      vertex 71.6955 41.5307 12
      vertex 71.8637 41.0353 12
    endloop
  endfacet
  facet normal 0 0 1
    outer loop
      vertex 71.1734 42.435 12
      vertex 71.9668 43.0438 12
      vertex 71.5355 43.5355 12
    endloop
  endfacet
  facet normal 0 0 1
    outer loop
      vertex 72.3301 42.5 12
      vertex 71.4641 42 12
      vertex 71.6955 41.5307 12
    endloop
  endfacet
  facet normal 0 0 1
    outer loop
      vertex 71.9668 43.0438 12
      vertex 71.1734 42.435 12
      vertex 71.4641 42 12
    endloop
  endfacet
  facet normal 0 0 1
    outer loop
      vertex 70.8284 42.8284 12
      vertex 71.5355 43.5355 12
      vertex 71.0438 43.9668 12
    endloop
  endfacet
  facet normal 0 0 1
    outer loop
      vertex 71.5355 43.5355 12
      vertex 70.8284 42.8284 12
      vertex 71.1734 42.435 12
    endloop
  endfacet
  facet normal 0 0 1
    outer loop
      vertex 70.435 43.1734 12
      vertex 71.0438 43.9668 12
      vertex 70.5 44.3301 12
    endloop
  endfacet
  facet normal 0 0 1
    outer loop
      vertex 71.0438 43.9668 12
      vertex 70.435 43.1734 12
      vertex 70.8284 42.8284 12
    endloop
  endfacet
  facet normal 0 0 1
    outer loop
      vertex 70.5 44.3301 12
      vertex 70 43.4641 12
      vertex 70.435 43.1734 12
    endloop
  endfacet
  facet normal 0 0 1
    outer loop
      vertex 69.9134 44.6194 12
      vertex 70 43.4641 12
      vertex 70.5 44.3301 12
    endloop
  endfacet
  facet normal 0 0 1
    outer loop
      vertex 69.9134 44.6194 12
      vertex 69.5307 43.6955 12
      vertex 70 43.4641 12
    endloop
  endfacet
  facet normal 0 0 1
    outer loop
      vertex 69.2941 44.8296 12
      vertex 69.5307 43.6955 12
      vertex 69.9134 44.6194 12
    endloop
  endfacet
  facet normal 0 0 1
    outer loop
      vertex 69.2941 44.8296 12
      vertex 69.0353 43.8637 12
      vertex 69.5307 43.6955 12
    endloop
  endfacet
  facet normal 0 0 1
    outer loop
      vertex 68.6526 44.9572 12
      vertex 69.0353 43.8637 12
      vertex 69.2941 44.8296 12
    endloop
  endfacet
  facet normal 0 0 1
    outer loop
      vertex 68.6526 44.9572 12
      vertex 68.5221 43.9658 12
      vertex 69.0353 43.8637 12
    endloop
  endfacet
  facet normal 0 0 1
    outer loop
      vertex 68 45 12
      vertex 68.5221 43.9658 12
      vertex 68.6526 44.9572 12
    endloop
  endfacet
  facet normal 0 0 1
    outer loop
      vertex 68 45 12
      vertex 68 44 12
      vertex 68.5221 43.9658 12
    endloop
  endfacet
  facet normal 0 0 1
    outer loop
      vertex 68 45 12
      vertex 67.4779 43.9658 12
      vertex 68 44 12
    endloop
  endfacet
  facet normal -0 0 1
    outer loop
      vertex 67.3474 44.9572 12
      vertex 67.4779 43.9658 12
      vertex 68 45 12
    endloop
  endfacet
  facet normal 0 0 1
    outer loop
      vertex 67.3474 44.9572 12
      vertex 66.9647 43.8637 12
      vertex 67.4779 43.9658 12
    endloop
  endfacet
  facet normal -0 0 1
    outer loop
      vertex 66.7059 44.8296 12
      vertex 66.9647 43.8637 12
      vertex 67.3474 44.9572 12
    endloop
  endfacet
  facet normal 0 0 1
    outer loop
      vertex 66.7059 44.8296 12
      vertex 66.4693 43.6955 12
      vertex 66.9647 43.8637 12
    endloop
  endfacet
  facet normal -0 0 1
    outer loop
      vertex 66.0866 44.6194 12
      vertex 66.4693 43.6955 12
      vertex 66.7059 44.8296 12
    endloop
  endfacet
  facet normal 0 0 1
    outer loop
      vertex 66.0866 44.6194 12
      vertex 66 43.4641 12
      vertex 66.4693 43.6955 12
    endloop
  endfacet
  facet normal -0 0 1
    outer loop
      vertex 65.5 44.3301 12
      vertex 66 43.4641 12
      vertex 66.0866 44.6194 12
    endloop
  endfacet
  facet normal 0 0 1
    outer loop
      vertex 66 43.4641 12
      vertex 65.5 44.3301 12
      vertex 65.565 43.1734 12
    endloop
  endfacet
  facet normal -0 0 1
    outer loop
      vertex 64.9562 43.9668 12
      vertex 65.565 43.1734 12
      vertex 65.5 44.3301 12
    endloop
  endfacet
  facet normal 0 0 1
    outer loop
      vertex 65.565 43.1734 12
      vertex 64.9562 43.9668 12
      vertex 65.1716 42.8284 12
    endloop
  endfacet
  facet normal -0 0 1
    outer loop
      vertex 64.4645 43.5355 12
      vertex 65.1716 42.8284 12
      vertex 64.9562 43.9668 12
    endloop
  endfacet
  facet normal 0 0 1
    outer loop
      vertex 65.1716 42.8284 12
      vertex 64.4645 43.5355 12
      vertex 64.8266 42.435 12
    endloop
  endfacet
  facet normal -0 0 1
    outer loop
      vertex 64.0332 43.0438 12
      vertex 64.8266 42.435 12
      vertex 64.4645 43.5355 12
    endloop
  endfacet
  facet normal 0 0 1
    outer loop
      vertex 64.8266 42.435 12
      vertex 64.0332 43.0438 12
      vertex 64.5359 42 12
    endloop
  endfacet
  facet normal -0 0 1
    outer loop
      vertex 63.6699 42.5 12
      vertex 64.5359 42 12
      vertex 64.0332 43.0438 12
    endloop
  endfacet
  facet normal 0 0 1
    outer loop
      vertex 64.5359 42 12
      vertex 63.6699 42.5 12
      vertex 64.3045 41.5307 12
    endloop
  endfacet
  facet normal -0 0 1
    outer loop
      vertex 63.3806 41.9134 12
      vertex 64.3045 41.5307 12
      vertex 63.6699 42.5 12
    endloop
  endfacet
  facet normal 0 0 1
    outer loop
      vertex 64.3045 41.5307 12
      vertex 63.3806 41.9134 12
      vertex 64.1363 41.0353 12
    endloop
  endfacet
  facet normal 0 0 1
    outer loop
      vertex 65.565 36.8266 12
      vertex 63.7506 34.3956 12
      vertex 63.95 34.2972 12
    endloop
  endfacet
  facet normal -0 0 1
    outer loop
      vertex 63.1704 41.2941 12
      vertex 64.1363 41.0353 12
      vertex 63.3806 41.9134 12
    endloop
  endfacet
  facet normal 0 0 1
    outer loop
      vertex 64.1363 41.0353 12
      vertex 63.1704 41.2941 12
      vertex 64.0342 40.5221 12
    endloop
  endfacet
  facet normal 0 0 1
    outer loop
      vertex 64.0342 39.4779 12
      vertex 63.5233 37.7973 12
      vertex 63.7506 34.3956 12
    endloop
  endfacet
  facet normal 0 0 1
    outer loop
      vertex 63.7506 34.3956 12
      vertex 63.5233 37.7973 12
      vertex 63.54 34.4671 12
    endloop
  endfacet
  facet normal -0 0 1
    outer loop
      vertex 63.0428 40.6526 12
      vertex 64.0342 40.5221 12
      vertex 63.1704 41.2941 12
    endloop
  endfacet
  facet normal 0 0 1
    outer loop
      vertex 64.0342 40.5221 12
      vertex 63.0428 40.6526 12
      vertex 64 40 12
    endloop
  endfacet
  facet normal 0 0 1
    outer loop
      vertex 64.0342 39.4779 12
      vertex 63.1704 38.7059 12
      vertex 63.3806 38.0866 12
    endloop
  endfacet
  facet normal 0 0 1
    outer loop
      vertex 64.0342 39.4779 12
      vertex 63.3806 38.0866 12
      vertex 63.5233 37.7973 12
    endloop
  endfacet
  facet normal 0 0 1
    outer loop
      vertex 63 40 12
      vertex 64 40 12
      vertex 63.0428 40.6526 12
    endloop
  endfacet
  facet normal 0 0 1
    outer loop
      vertex 64.0342 39.4779 12
      vertex 63.0428 39.3474 12
      vertex 63.1704 38.7059 12
    endloop
  endfacet
  facet normal 0 0 1
    outer loop
      vertex 64 40 12
      vertex 63 40 12
      vertex 63.0428 39.3474 12
    endloop
  endfacet
  facet normal 0 0 1
    outer loop
      vertex 72.8296 38.7059 12
      vertex 71.8637 38.9647 12
      vertex 72.6194 38.0866 12
    endloop
  endfacet
  facet normal -0 0 1
    outer loop
      vertex 71.6955 38.4693 12
      vertex 72.6194 38.0866 12
      vertex 71.8637 38.9647 12
    endloop
  endfacet
  facet normal 0 0 1
    outer loop
      vertex 72.6194 38.0866 12
      vertex 71.6955 38.4693 12
      vertex 72.3301 37.5 12
    endloop
  endfacet
  facet normal -0 0 1
    outer loop
      vertex 71.4641 38 12
      vertex 72.3301 37.5 12
      vertex 71.6955 38.4693 12
    endloop
  endfacet
  facet normal 0 0 1
    outer loop
      vertex 72.3301 37.5 12
      vertex 71.4641 38 12
      vertex 71.9668 36.9562 12
    endloop
  endfacet
  facet normal -0 0 1
    outer loop
      vertex 71.1734 37.565 12
      vertex 71.9668 36.9562 12
      vertex 71.4641 38 12
    endloop
  endfacet
  facet normal 0 0 1
    outer loop
      vertex 71.9668 36.9562 12
      vertex 71.1734 37.565 12
      vertex 71.5355 36.4645 12
    endloop
  endfacet
  facet normal -0 0 1
    outer loop
      vertex 70.8284 37.1716 12
      vertex 71.5355 36.4645 12
      vertex 71.1734 37.565 12
    endloop
  endfacet
  facet normal 0 0 1
    outer loop
      vertex 71.5355 36.4645 12
      vertex 70.8284 37.1716 12
      vertex 71.0438 36.0332 12
    endloop
  endfacet
  facet normal -0 0 1
    outer loop
      vertex 70.435 36.8266 12
      vertex 71.0438 36.0332 12
      vertex 70.8284 37.1716 12
    endloop
  endfacet
  facet normal 0 0 1
    outer loop
      vertex 71.0438 36.0332 12
      vertex 70.435 36.8266 12
      vertex 70.5 35.6699 12
    endloop
  endfacet
  facet normal -0 0 1
    outer loop
      vertex 70 36.5359 12
      vertex 70.5 35.6699 12
      vertex 70.435 36.8266 12
    endloop
  endfacet
  facet normal 0 0 1
    outer loop
      vertex 70 36.5359 12
      vertex 69.9134 35.3806 12
      vertex 70.5 35.6699 12
    endloop
  endfacet
  facet normal -0 0 1
    outer loop
      vertex 69.5307 36.3045 12
      vertex 69.9134 35.3806 12
      vertex 70 36.5359 12
    endloop
  endfacet
  facet normal 0 0 1
    outer loop
      vertex 69.5307 36.3045 12
      vertex 69.2941 35.1704 12
      vertex 69.9134 35.3806 12
    endloop
  endfacet
  facet normal -0 0 1
    outer loop
      vertex 69.0353 36.1363 12
      vertex 69.2941 35.1704 12
      vertex 69.5307 36.3045 12
    endloop
  endfacet
  facet normal 0 0 1
    outer loop
      vertex 69.0353 36.1363 12
      vertex 68.6526 35.0428 12
      vertex 69.2941 35.1704 12
    endloop
  endfacet
  facet normal -0 0 1
    outer loop
      vertex 68.5221 36.0342 12
      vertex 68.6526 35.0428 12
      vertex 69.0353 36.1363 12
    endloop
  endfacet
  facet normal -0 0 1
    outer loop
      vertex 68 36 12
      vertex 68.6526 35.0428 12
      vertex 68.5221 36.0342 12
    endloop
  endfacet
  facet normal 0 0 1
    outer loop
      vertex 68 36 12
      vertex 68 35 12
      vertex 68.6526 35.0428 12
    endloop
  endfacet
  facet normal 0 0 1
    outer loop
      vertex 68 36 12
      vertex 67.5767 35.0277 12
      vertex 68 35 12
    endloop
  endfacet
  facet normal 0 -0 1
    outer loop
      vertex 67.5767 35.0277 12
      vertex 68 36 12
      vertex 67.4779 36.0342 12
    endloop
  endfacet
  facet normal 0 0 1
    outer loop
      vertex 64.8 32.825 12
      vertex 68.1 32.825 12
      vertex 68.0572 33.4776 12
    endloop
  endfacet
  facet normal 0 0 1
    outer loop
      vertex 64.7855 33.0469 12
      vertex 68.0572 33.4776 12
      vertex 67.9296 34.1191 12
    endloop
  endfacet
  facet normal 0 0 1
    outer loop
      vertex 68.1 32.825 12
      vertex 64.8 32.825 12
      vertex 68.0572 32.1724 12
    endloop
  endfacet
  facet normal 0 0 1
    outer loop
      vertex 64.7421 33.265 12
      vertex 67.9296 34.1191 12
      vertex 67.7194 34.7384 12
    endloop
  endfacet
  facet normal -0 0 1
    outer loop
      vertex 64.7855 32.6031 12
      vertex 68.0572 32.1724 12
      vertex 64.8 32.825 12
    endloop
  endfacet
  facet normal 0 0 1
    outer loop
      vertex 64.6706 33.4756 12
      vertex 67.7194 34.7384 12
      vertex 67.5767 35.0277 12
    endloop
  endfacet
  facet normal 0 0 1
    outer loop
      vertex 66.9647 36.1363 12
      vertex 67.5767 35.0277 12
      vertex 67.4779 36.0342 12
    endloop
  endfacet
  facet normal 0 0 1
    outer loop
      vertex 68.0572 33.4776 12
      vertex 64.7855 33.0469 12
      vertex 64.8 32.825 12
    endloop
  endfacet
  facet normal 0 0 1
    outer loop
      vertex 68.0572 32.1724 12
      vertex 64.7855 32.6031 12
      vertex 67.9296 31.5309 12
    endloop
  endfacet
  facet normal 0 0 1
    outer loop
      vertex 66.4693 36.3045 12
      vertex 67.5767 35.0277 12
      vertex 66.9647 36.1363 12
    endloop
  endfacet
  facet normal 0 0 1
    outer loop
      vertex 67.9296 31.5309 12
      vertex 64.7421 32.385 12
      vertex 67.7194 30.9116 12
    endloop
  endfacet
  facet normal 0 0 1
    outer loop
      vertex 67.5767 35.0277 12
      vertex 66.4693 36.3045 12
      vertex 64.5722 33.675 12
    endloop
  endfacet
  facet normal -0 0 1
    outer loop
      vertex 64.6706 32.1744 12
      vertex 67.7194 30.9116 12
      vertex 64.7421 32.385 12
    endloop
  endfacet
  facet normal 0 0 1
    outer loop
      vertex 64.3021 34.0271 12
      vertex 66.4693 36.3045 12
      vertex 66 36.5359 12
    endloop
  endfacet
  facet normal 0 0 1
    outer loop
      vertex 67.7194 30.9116 12
      vertex 64.6706 32.1744 12
      vertex 67.4301 30.325 12
    endloop
  endfacet
  facet normal 0 0 1
    outer loop
      vertex 64.1349 34.1737 12
      vertex 66 36.5359 12
      vertex 65.565 36.8266 12
    endloop
  endfacet
  facet normal 0 0 1
    outer loop
      vertex 63.7506 34.3956 12
      vertex 65.565 36.8266 12
      vertex 65.1716 37.1716 12
    endloop
  endfacet
  facet normal -0 0 1
    outer loop
      vertex 64.5722 31.975 12
      vertex 67.4301 30.325 12
      vertex 64.6706 32.1744 12
    endloop
  endfacet
  facet normal 0 0 1
    outer loop
      vertex 63.7506 34.3956 12
      vertex 65.1716 37.1716 12
      vertex 64.8266 37.565 12
    endloop
  endfacet
  facet normal 0 0 1
    outer loop
      vertex 67.4301 30.325 12
      vertex 64.5722 31.975 12
      vertex 67.0668 29.7812 12
    endloop
  endfacet
  facet normal -0 0 1
    outer loop
      vertex 64.4487 31.7901 12
      vertex 67.0668 29.7812 12
      vertex 64.5722 31.975 12
    endloop
  endfacet
  facet normal 0 0 1
    outer loop
      vertex 67.0668 29.7812 12
      vertex 64.4487 31.7901 12
      vertex 66.6355 29.2895 12
    endloop
  endfacet
  facet normal -0 0 1
    outer loop
      vertex 64.3021 31.6229 12
      vertex 66.6355 29.2895 12
      vertex 64.4487 31.7901 12
    endloop
  endfacet
  facet normal 0 0 1
    outer loop
      vertex 66.6355 29.2895 12
      vertex 64.3021 31.6229 12
      vertex 66.1438 28.8582 12
    endloop
  endfacet
  facet normal -0 0 1
    outer loop
      vertex 64.1349 31.4763 12
      vertex 66.1438 28.8582 12
      vertex 64.3021 31.6229 12
    endloop
  endfacet
  facet normal 0 0 1
    outer loop
      vertex 66.1438 28.8582 12
      vertex 64.1349 31.4763 12
      vertex 65.6 28.4949 12
    endloop
  endfacet
  facet normal -0 0 1
    outer loop
      vertex 63.95 31.3528 12
      vertex 65.6 28.4949 12
      vertex 64.1349 31.4763 12
    endloop
  endfacet
  facet normal 0 0 1
    outer loop
      vertex 65.6 28.4949 12
      vertex 63.95 31.3528 12
      vertex 65.0134 28.2056 12
    endloop
  endfacet
  facet normal -0 0 1
    outer loop
      vertex 63.7506 31.2544 12
      vertex 65.0134 28.2056 12
      vertex 63.95 31.3528 12
    endloop
  endfacet
  facet normal 0 0 1
    outer loop
      vertex 65.0134 28.2056 12
      vertex 63.7506 31.2544 12
      vertex 64.3941 27.9954 12
    endloop
  endfacet
  facet normal -0 0 1
    outer loop
      vertex 63.54 31.1829 12
      vertex 64.3941 27.9954 12
      vertex 63.7506 31.2544 12
    endloop
  endfacet
  facet normal 0 0 1
    outer loop
      vertex 64.3941 27.9954 12
      vertex 63.54 31.1829 12
      vertex 63.7526 27.8678 12
    endloop
  endfacet
  facet normal -0 0 1
    outer loop
      vertex 63.3219 31.1395 12
      vertex 63.7526 27.8678 12
      vertex 63.54 31.1829 12
    endloop
  endfacet
  facet normal -0 0 1
    outer loop
      vertex 63.1 31.125 12
      vertex 63.7526 27.8678 12
      vertex 63.3219 31.1395 12
    endloop
  endfacet
  facet normal 0 0 1
    outer loop
      vertex 63.1 31.125 12
      vertex 63.1 27.825 12
      vertex 63.7526 27.8678 12
    endloop
  endfacet
  facet normal 0 0 1
    outer loop
      vertex 62.8781 31.1395 12
      vertex 63.1 27.825 12
      vertex 63.1 31.125 12
    endloop
  endfacet
  facet normal 0 0 1
    outer loop
      vertex 62.4474 27.8678 12
      vertex 62.8781 31.1395 12
      vertex 62.66 31.1829 12
    endloop
  endfacet
  facet normal 0 0 1
    outer loop
      vertex 61.8059 27.9954 12
      vertex 62.66 31.1829 12
      vertex 62.4494 31.2544 12
    endloop
  endfacet
  facet normal 0 0 1
    outer loop
      vertex 62.8781 31.1395 12
      vertex 62.4474 27.8678 12
      vertex 63.1 27.825 12
    endloop
  endfacet
  facet normal 0 0 1
    outer loop
      vertex 61.1866 28.2056 12
      vertex 62.4494 31.2544 12
      vertex 62.25 31.3528 12
    endloop
  endfacet
  facet normal 0 0 1
    outer loop
      vertex 60.6 28.4949 12
      vertex 62.25 31.3528 12
      vertex 62.0651 31.4763 12
    endloop
  endfacet
  facet normal 0 0 1
    outer loop
      vertex 60.0562 28.8582 12
      vertex 62.0651 31.4763 12
      vertex 61.8979 31.6229 12
    endloop
  endfacet
  facet normal 0 0 1
    outer loop
      vertex 62.66 31.1829 12
      vertex 61.8059 27.9954 12
      vertex 62.4474 27.8678 12
    endloop
  endfacet
  facet normal 0 0 1
    outer loop
      vertex 59.5645 29.2895 12
      vertex 61.8979 31.6229 12
      vertex 61.7513 31.7901 12
    endloop
  endfacet
  facet normal 0 0 1
    outer loop
      vertex 59.1332 29.7812 12
      vertex 61.7513 31.7901 12
      vertex 61.6278 31.975 12
    endloop
  endfacet
  facet normal 0 0 1
    outer loop
      vertex 58.7699 30.325 12
      vertex 61.6278 31.975 12
      vertex 61.5294 32.1744 12
    endloop
  endfacet
  facet normal 0 0 1
    outer loop
      vertex 58.4806 30.9116 12
      vertex 61.5294 32.1744 12
      vertex 61.4579 32.385 12
    endloop
  endfacet
  facet normal 0 0 1
    outer loop
      vertex 58.2704 31.5309 12
      vertex 61.4579 32.385 12
      vertex 61.4145 32.6031 12
    endloop
  endfacet
  facet normal 0 0 1
    outer loop
      vertex 62.4494 31.2544 12
      vertex 61.1866 28.2056 12
      vertex 61.8059 27.9954 12
    endloop
  endfacet
  facet normal 0 0 1
    outer loop
      vertex 58.1428 32.1724 12
      vertex 61.4145 32.6031 12
      vertex 61.4 32.825 12
    endloop
  endfacet
  facet normal -0 0 1
    outer loop
      vertex 58.7699 35.325 12
      vertex 61.6278 33.675 12
      vertex 59.1332 35.8688 12
    endloop
  endfacet
  facet normal 0 0 1
    outer loop
      vertex 61.6278 33.675 12
      vertex 58.7699 35.325 12
      vertex 61.5294 33.4756 12
    endloop
  endfacet
  facet normal 0 0 1
    outer loop
      vertex 62.25 31.3528 12
      vertex 60.6 28.4949 12
      vertex 61.1866 28.2056 12
    endloop
  endfacet
  facet normal -0 0 1
    outer loop
      vertex 58.4806 34.7384 12
      vertex 61.5294 33.4756 12
      vertex 58.7699 35.325 12
    endloop
  endfacet
  facet normal 0 0 1
    outer loop
      vertex 62.0651 31.4763 12
      vertex 60.0562 28.8582 12
      vertex 60.6 28.4949 12
    endloop
  endfacet
  facet normal 0 0 1
    outer loop
      vertex 61.5294 33.4756 12
      vertex 58.4806 34.7384 12
      vertex 61.4579 33.265 12
    endloop
  endfacet
  facet normal 0 0 1
    outer loop
      vertex 61.8979 31.6229 12
      vertex 59.5645 29.2895 12
      vertex 60.0562 28.8582 12
    endloop
  endfacet
  facet normal -0 0 1
    outer loop
      vertex 58.2704 34.1191 12
      vertex 61.4579 33.265 12
      vertex 58.4806 34.7384 12
    endloop
  endfacet
  facet normal 0 0 1
    outer loop
      vertex 61.7513 31.7901 12
      vertex 59.1332 29.7812 12
      vertex 59.5645 29.2895 12
    endloop
  endfacet
  facet normal 0 0 1
    outer loop
      vertex 61.4579 33.265 12
      vertex 58.2704 34.1191 12
      vertex 61.4145 33.0469 12
    endloop
  endfacet
  facet normal 0 0 1
    outer loop
      vertex 61.6278 31.975 12
      vertex 58.7699 30.325 12
      vertex 59.1332 29.7812 12
    endloop
  endfacet
  facet normal -0 0 1
    outer loop
      vertex 58.1428 33.4776 12
      vertex 61.4145 33.0469 12
      vertex 58.2704 34.1191 12
    endloop
  endfacet
  facet normal 0 0 1
    outer loop
      vertex 61.5294 32.1744 12
      vertex 58.4806 30.9116 12
      vertex 58.7699 30.325 12
    endloop
  endfacet
  facet normal 0 0 1
    outer loop
      vertex 61.4145 33.0469 12
      vertex 58.1428 33.4776 12
      vertex 61.4 32.825 12
    endloop
  endfacet
  facet normal 0 0 1
    outer loop
      vertex 61.4579 32.385 12
      vertex 58.2704 31.5309 12
      vertex 58.4806 30.9116 12
    endloop
  endfacet
  facet normal 0 0 1
    outer loop
      vertex 58.1 32.825 12
      vertex 61.4 32.825 12
      vertex 58.1428 33.4776 12
    endloop
  endfacet
  facet normal 0 0 1
    outer loop
      vertex 61.4145 32.6031 12
      vertex 58.1428 32.1724 12
      vertex 58.2704 31.5309 12
    endloop
  endfacet
  facet normal 0 0 1
    outer loop
      vertex 61.4 32.825 12
      vertex 58.1 32.825 12
      vertex 58.1428 32.1724 12
    endloop
  endfacet
  facet normal -0 0 1
    outer loop
      vertex 64.7421 32.385 12
      vertex 67.9296 31.5309 12
      vertex 64.7855 32.6031 12
    endloop
  endfacet
  facet normal 0 0 1
    outer loop
      vertex 67.9296 34.1191 12
      vertex 64.7421 33.265 12
      vertex 64.7855 33.0469 12
    endloop
  endfacet
  facet normal 0 0 1
    outer loop
      vertex 67.7194 34.7384 12
      vertex 64.6706 33.4756 12
      vertex 64.7421 33.265 12
    endloop
  endfacet
  facet normal 0 0 1
    outer loop
      vertex 67.5767 35.0277 12
      vertex 64.5722 33.675 12
      vertex 64.6706 33.4756 12
    endloop
  endfacet
  facet normal 0 0 1
    outer loop
      vertex 63.7506 34.3956 12
      vertex 64.8266 37.565 12
      vertex 64.5359 38 12
    endloop
  endfacet
  facet normal 0 0 1
    outer loop
      vertex 66.4693 36.3045 12
      vertex 64.4487 33.8599 12
      vertex 64.5722 33.675 12
    endloop
  endfacet
  facet normal 0 0 1
    outer loop
      vertex 63.7506 34.3956 12
      vertex 64.5359 38 12
      vertex 64.3045 38.4693 12
    endloop
  endfacet
  facet normal 0 0 1
    outer loop
      vertex 66.4693 36.3045 12
      vertex 64.3021 34.0271 12
      vertex 64.4487 33.8599 12
    endloop
  endfacet
  facet normal 0 0 1
    outer loop
      vertex 63.7506 34.3956 12
      vertex 64.3045 38.4693 12
      vertex 64.1363 38.9647 12
    endloop
  endfacet
  facet normal 0 0 1
    outer loop
      vertex 66 36.5359 12
      vertex 64.1349 34.1737 12
      vertex 64.3021 34.0271 12
    endloop
  endfacet
  facet normal 0 0 1
    outer loop
      vertex 63.7506 34.3956 12
      vertex 64.1363 38.9647 12
      vertex 64.0342 39.4779 12
    endloop
  endfacet
  facet normal 0 0 1
    outer loop
      vertex 63.0428 39.3474 12
      vertex 64.0342 39.4779 12
      vertex 64 40 12
    endloop
  endfacet
  facet normal 0 0 1
    outer loop
      vertex 65.565 36.8266 12
      vertex 63.95 34.2972 12
      vertex 64.1349 34.1737 12
    endloop
  endfacet
  facet normal 0 0 1
    outer loop
      vertex 63.5233 37.7973 12
      vertex 63.3219 34.5105 12
      vertex 63.54 34.4671 12
    endloop
  endfacet
  facet normal 0 0 1
    outer loop
      vertex 63.1 34.525 12
      vertex 63.5233 37.7973 12
      vertex 63.1 37.825 12
    endloop
  endfacet
  facet normal 0 0 1
    outer loop
      vertex 63.5233 37.7973 12
      vertex 63.1 34.525 12
      vertex 63.3219 34.5105 12
    endloop
  endfacet
  facet normal 0 0 1
    outer loop
      vertex 63.1 37.825 12
      vertex 62.8781 34.5105 12
      vertex 63.1 34.525 12
    endloop
  endfacet
  facet normal -0 0 1
    outer loop
      vertex 62.4474 37.7822 12
      vertex 62.8781 34.5105 12
      vertex 63.1 37.825 12
    endloop
  endfacet
  facet normal 0 0 1
    outer loop
      vertex 62.8781 34.5105 12
      vertex 62.4474 37.7822 12
      vertex 62.66 34.4671 12
    endloop
  endfacet
  facet normal -0 0 1
    outer loop
      vertex 61.8059 37.6546 12
      vertex 62.66 34.4671 12
      vertex 62.4474 37.7822 12
    endloop
  endfacet
  facet normal 0 0 1
    outer loop
      vertex 62.66 34.4671 12
      vertex 61.8059 37.6546 12
      vertex 62.4494 34.3956 12
    endloop
  endfacet
  facet normal -0 0 1
    outer loop
      vertex 61.1866 37.4444 12
      vertex 62.4494 34.3956 12
      vertex 61.8059 37.6546 12
    endloop
  endfacet
  facet normal 0 0 1
    outer loop
      vertex 62.4494 34.3956 12
      vertex 61.1866 37.4444 12
      vertex 62.25 34.2972 12
    endloop
  endfacet
  facet normal -0 0 1
    outer loop
      vertex 60.6 37.1551 12
      vertex 62.25 34.2972 12
      vertex 61.1866 37.4444 12
    endloop
  endfacet
  facet normal 0 0 1
    outer loop
      vertex 62.25 34.2972 12
      vertex 60.6 37.1551 12
      vertex 62.0651 34.1737 12
    endloop
  endfacet
  facet normal -0 0 1
    outer loop
      vertex 60.0562 36.7918 12
      vertex 62.0651 34.1737 12
      vertex 60.6 37.1551 12
    endloop
  endfacet
  facet normal 0 0 1
    outer loop
      vertex 62.0651 34.1737 12
      vertex 60.0562 36.7918 12
      vertex 61.8979 34.0271 12
    endloop
  endfacet
  facet normal -0 0 1
    outer loop
      vertex 59.5645 36.3605 12
      vertex 61.8979 34.0271 12
      vertex 60.0562 36.7918 12
    endloop
  endfacet
  facet normal 0 0 1
    outer loop
      vertex 61.8979 34.0271 12
      vertex 59.5645 36.3605 12
      vertex 61.7513 33.8599 12
    endloop
  endfacet
  facet normal 0 0 1
    outer loop
      vertex 61.7513 33.8599 12
      vertex 59.1332 35.8688 12
      vertex 61.6278 33.675 12
    endloop
  endfacet
  facet normal -0 0 1
    outer loop
      vertex 59.1332 35.8688 12
      vertex 61.7513 33.8599 12
      vertex 59.5645 36.3605 12
    endloop
  endfacet
  facet normal -0.555512 0.831509 -3.53598e-07
    outer loop
      vertex 60.6 37.1551 12
      vertex 60.1059 36.825 4
      vertex 60.0562 36.7918 12
    endloop
  endfacet
  facet normal -0.555515 0.831506 0
    outer loop
      vertex 60.6 37.1551 0
      vertex 60.1059 36.825 4
      vertex 60.6 37.1551 12
    endloop
  endfacet
  facet normal -0.555515 0.831506 0
    outer loop
      vertex 60.1059 36.825 4
      vertex 60.6 37.1551 0
      vertex 60.1059 36.825 0
    endloop
  endfacet
  facet normal -0.555472 0.831535 0
    outer loop
      vertex 60.0562 36.7918 12
      vertex 60.1059 36.825 4
      vertex 60.0562 36.7918 4
    endloop
  endfacet
  facet normal -0.0654432 0.997856 0
    outer loop
      vertex 63.1 37.825 0
      vertex 62.4474 37.7822 12
      vertex 63.1 37.825 12
    endloop
  endfacet
  facet normal -0.0654432 0.997856 0
    outer loop
      vertex 62.4474 37.7822 12
      vertex 63.1 37.825 0
      vertex 62.4474 37.7822 0
    endloop
  endfacet
  facet normal 0.751771 -0.659424 0
    outer loop
      vertex 66.6355 29.2895 12
      vertex 67.0668 29.7812 4
      vertex 67.0668 29.7812 12
    endloop
  endfacet
  facet normal 0.751771 -0.659424 0
    outer loop
      vertex 67.0668 29.7812 4
      vertex 66.6355 29.2895 12
      vertex 66.6355 29.2895 4
    endloop
  endfacet
  facet normal 0.946941 -0.321407 0
    outer loop
      vertex 67.7194 30.9116 12
      vertex 67.9296 31.5309 4
      vertex 67.9296 31.5309 12
    endloop
  endfacet
  facet normal 0.946941 -0.321407 0
    outer loop
      vertex 67.9296 31.5309 4
      vertex 67.7194 30.9116 12
      vertex 67.7194 30.9116 4
    endloop
  endfacet
  facet normal 0.980786 -0.195087 0
    outer loop
      vertex 67.9296 31.5309 12
      vertex 68.0572 32.1724 4
      vertex 68.0572 32.1724 12
    endloop
  endfacet
  facet normal 0.980786 -0.195087 0
    outer loop
      vertex 68.0572 32.1724 4
      vertex 67.9296 31.5309 12
      vertex 67.9296 31.5309 4
    endloop
  endfacet
  facet normal -0.89686 -0.442314 0
    outer loop
      vertex 58.7699 30.325 4
      vertex 58.4806 30.9116 12
      vertex 58.4806 30.9116 4
    endloop
  endfacet
  facet normal -0.89686 -0.442314 0
    outer loop
      vertex 58.4806 30.9116 12
      vertex 58.7699 30.325 4
      vertex 58.7699 30.325 12
    endloop
  endfacet
  facet normal 0.555512 -0.831509 -3.53598e-07
    outer loop
      vertex 65.6 28.4949 12
      vertex 66.0941 28.825 4
      vertex 66.1438 28.8582 12
    endloop
  endfacet
  facet normal 0.555515 -0.831506 0
    outer loop
      vertex 65.6 28.4949 0
      vertex 66.0941 28.825 4
      vertex 65.6 28.4949 12
    endloop
  endfacet
  facet normal 0.555515 -0.831506 0
    outer loop
      vertex 66.0941 28.825 4
      vertex 65.6 28.4949 0
      vertex 66.0941 28.825 0
    endloop
  endfacet
  facet normal 0.555472 -0.831535 0
    outer loop
      vertex 66.1438 28.8582 12
      vertex 66.0941 28.825 4
      vertex 66.1438 28.8582 4
    endloop
  endfacet
  facet normal 0.659424 -0.751771 0
    outer loop
      vertex 66.1438 28.8582 4
      vertex 66.6355 29.2895 12
      vertex 66.1438 28.8582 12
    endloop
  endfacet
  facet normal 0.659424 -0.751771 0
    outer loop
      vertex 66.6355 29.2895 12
      vertex 66.1438 28.8582 4
      vertex 66.6355 29.2895 4
    endloop
  endfacet
  facet normal 0.831509 -0.555512 0
    outer loop
      vertex 67.0668 29.7812 12
      vertex 67.4301 30.325 4
      vertex 67.4301 30.325 12
    endloop
  endfacet
  facet normal 0.831509 -0.555512 0
    outer loop
      vertex 67.4301 30.325 4
      vertex 67.0668 29.7812 12
      vertex 67.0668 29.7812 4
    endloop
  endfacet
  facet normal 0.997856 -0.0654432 0
    outer loop
      vertex 68.0572 32.1724 12
      vertex 68.1 32.825 4
      vertex 68.1 32.825 12
    endloop
  endfacet
  facet normal 0.997856 -0.0654432 0
    outer loop
      vertex 68.1 32.825 4
      vertex 68.0572 32.1724 12
      vertex 68.0572 32.1724 4
    endloop
  endfacet
  facet normal -0.946941 -0.321407 0
    outer loop
      vertex 58.4806 30.9116 4
      vertex 58.2704 31.5309 12
      vertex 58.2704 31.5309 4
    endloop
  endfacet
  facet normal -0.946941 -0.321407 0
    outer loop
      vertex 58.2704 31.5309 12
      vertex 58.4806 30.9116 4
      vertex 58.4806 30.9116 12
    endloop
  endfacet
  facet normal -0.997856 -0.0654432 0
    outer loop
      vertex 58.1428 32.1724 4
      vertex 58.1 32.825 12
      vertex 58.1 32.825 4
    endloop
  endfacet
  facet normal -0.997856 -0.0654432 0
    outer loop
      vertex 58.1 32.825 12
      vertex 58.1428 32.1724 4
      vertex 58.1428 32.1724 12
    endloop
  endfacet
  facet normal 0.321407 -0.946941 0
    outer loop
      vertex 64.3941 27.9954 0
      vertex 65.0134 28.2056 12
      vertex 64.3941 27.9954 12
    endloop
  endfacet
  facet normal 0.321407 -0.946941 0
    outer loop
      vertex 65.0134 28.2056 12
      vertex 64.3941 27.9954 0
      vertex 65.0134 28.2056 0
    endloop
  endfacet
  facet normal 0.89686 -0.442314 0
    outer loop
      vertex 67.4301 30.325 12
      vertex 67.7194 30.9116 4
      vertex 67.7194 30.9116 12
    endloop
  endfacet
  facet normal 0.89686 -0.442314 0
    outer loop
      vertex 67.7194 30.9116 4
      vertex 67.4301 30.325 12
      vertex 67.4301 30.325 4
    endloop
  endfacet
  facet normal -0.195087 -0.980786 0
    outer loop
      vertex 61.8059 27.9954 0
      vertex 62.4474 27.8678 12
      vertex 61.8059 27.9954 12
    endloop
  endfacet
  facet normal -0.195087 -0.980786 -0
    outer loop
      vertex 62.4474 27.8678 12
      vertex 61.8059 27.9954 0
      vertex 62.4474 27.8678 0
    endloop
  endfacet
  facet normal -0.659424 -0.751771 0
    outer loop
      vertex 59.5645 29.2895 4
      vertex 60.0562 28.8582 12
      vertex 59.5645 29.2895 12
    endloop
  endfacet
  facet normal -0.659424 -0.751771 -0
    outer loop
      vertex 60.0562 28.8582 12
      vertex 59.5645 29.2895 4
      vertex 60.0562 28.8582 4
    endloop
  endfacet
  facet normal -0.980786 -0.195087 0
    outer loop
      vertex 58.2704 31.5309 4
      vertex 58.1428 32.1724 12
      vertex 58.1428 32.1724 4
    endloop
  endfacet
  facet normal -0.980786 -0.195087 0
    outer loop
      vertex 58.1428 32.1724 12
      vertex 58.2704 31.5309 4
      vertex 58.2704 31.5309 12
    endloop
  endfacet
  facet normal -0.555472 -0.831535 0
    outer loop
      vertex 60.1059 28.825 4
      vertex 60.0562 28.8582 12
      vertex 60.0562 28.8582 4
    endloop
  endfacet
  facet normal -0.555512 -0.831509 -3.53598e-07
    outer loop
      vertex 60.0562 28.8582 12
      vertex 60.1059 28.825 4
      vertex 60.6 28.4949 12
    endloop
  endfacet
  facet normal -0.555515 -0.831506 0
    outer loop
      vertex 60.6 28.4949 0
      vertex 60.1059 28.825 4
      vertex 60.1059 28.825 0
    endloop
  endfacet
  facet normal -0.555515 -0.831506 0
    outer loop
      vertex 60.1059 28.825 4
      vertex 60.6 28.4949 0
      vertex 60.6 28.4949 12
    endloop
  endfacet
  facet normal -0.442314 -0.89686 0
    outer loop
      vertex 60.6 28.4949 0
      vertex 61.1866 28.2056 12
      vertex 60.6 28.4949 12
    endloop
  endfacet
  facet normal -0.442314 -0.89686 -0
    outer loop
      vertex 61.1866 28.2056 12
      vertex 60.6 28.4949 0
      vertex 61.1866 28.2056 0
    endloop
  endfacet
  facet normal -0.0654432 -0.997856 0
    outer loop
      vertex 62.4474 27.8678 0
      vertex 63.1 27.825 12
      vertex 62.4474 27.8678 12
    endloop
  endfacet
  facet normal -0.0654432 -0.997856 -0
    outer loop
      vertex 63.1 27.825 12
      vertex 62.4474 27.8678 0
      vertex 63.1 27.825 0
    endloop
  endfacet
  facet normal -0.831509 -0.555512 0
    outer loop
      vertex 59.1332 29.7812 4
      vertex 58.7699 30.325 12
      vertex 58.7699 30.325 4
    endloop
  endfacet
  facet normal -0.831509 -0.555512 0
    outer loop
      vertex 58.7699 30.325 12
      vertex 59.1332 29.7812 4
      vertex 59.1332 29.7812 12
    endloop
  endfacet
  facet normal -0.751771 -0.659424 0
    outer loop
      vertex 59.5645 29.2895 4
      vertex 59.1332 29.7812 12
      vertex 59.1332 29.7812 4
    endloop
  endfacet
  facet normal -0.751771 -0.659424 0
    outer loop
      vertex 59.1332 29.7812 12
      vertex 59.5645 29.2895 4
      vertex 59.5645 29.2895 12
    endloop
  endfacet
  facet normal -0.321407 -0.946941 0
    outer loop
      vertex 61.1866 28.2056 0
      vertex 61.8059 27.9954 12
      vertex 61.1866 28.2056 12
    endloop
  endfacet
  facet normal -0.321407 -0.946941 -0
    outer loop
      vertex 61.8059 27.9954 12
      vertex 61.1866 28.2056 0
      vertex 61.8059 27.9954 0
    endloop
  endfacet
  facet normal 0.997856 0.0654432 0
    outer loop
      vertex -63 -40 12
      vertex -63.0428 -39.3474 0
      vertex -63.0428 -39.3474 12
    endloop
  endfacet
  facet normal 0.997856 0.0654432 0
    outer loop
      vertex -63.0428 -39.3474 0
      vertex -63 -40 12
      vertex -63 -40 0
    endloop
  endfacet
  facet normal -0.997856 0.0654432 0
    outer loop
      vertex -73 -40 4
      vertex -72.9572 -39.3474 12
      vertex -72.9572 -39.3474 4
    endloop
  endfacet
  facet normal -0.997856 0.0654432 0
    outer loop
      vertex -72.9572 -39.3474 12
      vertex -73 -40 4
      vertex -73 -40 12
    endloop
  endfacet
  facet normal -0.0654432 0.997856 0
    outer loop
      vertex -68 -35 4
      vertex -68.6526 -35.0428 12
      vertex -68 -35 12
    endloop
  endfacet
  facet normal -0.0654432 0.997856 0
    outer loop
      vertex -68.6526 -35.0428 12
      vertex -68 -35 4
      vertex -68.6526 -35.0428 4
    endloop
  endfacet
  facet normal -0.659424 0.751771 0
    outer loop
      vertex -71.0438 -36.0332 4
      vertex -71.5355 -36.4645 12
      vertex -71.0438 -36.0332 12
    endloop
  endfacet
  facet normal -0.659424 0.751771 0
    outer loop
      vertex -71.5355 -36.4645 12
      vertex -71.0438 -36.0332 4
      vertex -71.5355 -36.4645 4
    endloop
  endfacet
  facet normal -0.442314 0.89686 0
    outer loop
      vertex -69.9134 -35.3806 4
      vertex -70.5 -35.6699 12
      vertex -69.9134 -35.3806 12
    endloop
  endfacet
  facet normal -0.442314 0.89686 0
    outer loop
      vertex -70.5 -35.6699 12
      vertex -69.9134 -35.3806 4
      vertex -70.5 -35.6699 4
    endloop
  endfacet
  facet normal 0.896832 0.442371 0
    outer loop
      vertex -63.3806 -38.0866 12
      vertex -63.5233 -37.7973 0
      vertex -63.5233 -37.7973 12
    endloop
  endfacet
  facet normal 0.896832 0.442371 0
    outer loop
      vertex -63.5233 -37.7973 0
      vertex -63.3806 -38.0866 12
      vertex -63.3806 -38.0866 0
    endloop
  endfacet
  facet normal 0.980786 0.195087 0
    outer loop
      vertex -63.0428 -39.3474 12
      vertex -63.1704 -38.7059 0
      vertex -63.1704 -38.7059 12
    endloop
  endfacet
  facet normal 0.980786 0.195087 0
    outer loop
      vertex -63.1704 -38.7059 0
      vertex -63.0428 -39.3474 12
      vertex -63.0428 -39.3474 0
    endloop
  endfacet
  facet normal -0.831509 0.555512 0
    outer loop
      vertex -72.3301 -37.5 4
      vertex -71.9668 -36.9562 12
      vertex -71.9668 -36.9562 4
    endloop
  endfacet
  facet normal -0.831509 0.555512 0
    outer loop
      vertex -71.9668 -36.9562 12
      vertex -72.3301 -37.5 4
      vertex -72.3301 -37.5 12
    endloop
  endfacet
  facet normal -0.751771 0.659424 0
    outer loop
      vertex -71.9668 -36.9562 4
      vertex -71.5355 -36.4645 12
      vertex -71.5355 -36.4645 4
    endloop
  endfacet
  facet normal -0.751771 0.659424 0
    outer loop
      vertex -71.5355 -36.4645 12
      vertex -71.9668 -36.9562 4
      vertex -71.9668 -36.9562 12
    endloop
  endfacet
  facet normal -0.946941 0.321407 0
    outer loop
      vertex -72.8296 -38.7059 4
      vertex -72.6194 -38.0866 12
      vertex -72.6194 -38.0866 4
    endloop
  endfacet
  facet normal -0.946941 0.321407 0
    outer loop
      vertex -72.6194 -38.0866 12
      vertex -72.8296 -38.7059 4
      vertex -72.8296 -38.7059 12
    endloop
  endfacet
  facet normal -0.555512 0.831509 0
    outer loop
      vertex -70.5 -35.6699 4
      vertex -71.0438 -36.0332 12
      vertex -70.5 -35.6699 12
    endloop
  endfacet
  facet normal -0.555512 0.831509 0
    outer loop
      vertex -71.0438 -36.0332 12
      vertex -70.5 -35.6699 4
      vertex -71.0438 -36.0332 4
    endloop
  endfacet
  facet normal -0.195087 0.980786 0
    outer loop
      vertex -68.6526 -35.0428 4
      vertex -69.2941 -35.1704 12
      vertex -68.6526 -35.0428 12
    endloop
  endfacet
  facet normal -0.195087 0.980786 0
    outer loop
      vertex -69.2941 -35.1704 12
      vertex -68.6526 -35.0428 4
      vertex -69.2941 -35.1704 4
    endloop
  endfacet
  facet normal 0.89686 -0.442314 0
    outer loop
      vertex -63.6699 -42.5 12
      vertex -63.3806 -41.9134 0
      vertex -63.3806 -41.9134 12
    endloop
  endfacet
  facet normal 0.89686 -0.442314 0
    outer loop
      vertex -63.3806 -41.9134 0
      vertex -63.6699 -42.5 12
      vertex -63.6699 -42.5 0
    endloop
  endfacet
  facet normal 0.980786 -0.195087 0
    outer loop
      vertex -63.1704 -41.2941 12
      vertex -63.0428 -40.6526 0
      vertex -63.0428 -40.6526 12
    endloop
  endfacet
  facet normal 0.980786 -0.195087 0
    outer loop
      vertex -63.0428 -40.6526 0
      vertex -63.1704 -41.2941 12
      vertex -63.1704 -41.2941 0
    endloop
  endfacet
  facet normal -0.442314 -0.89686 0
    outer loop
      vertex -70.5 -44.3301 4
      vertex -69.9134 -44.6194 12
      vertex -70.5 -44.3301 12
    endloop
  endfacet
  facet normal -0.442314 -0.89686 -0
    outer loop
      vertex -69.9134 -44.6194 12
      vertex -70.5 -44.3301 4
      vertex -69.9134 -44.6194 4
    endloop
  endfacet
  facet normal -0.321407 -0.946941 0
    outer loop
      vertex -69.9134 -44.6194 4
      vertex -69.2941 -44.8296 12
      vertex -69.9134 -44.6194 12
    endloop
  endfacet
  facet normal -0.321407 -0.946941 -0
    outer loop
      vertex -69.2941 -44.8296 12
      vertex -69.9134 -44.6194 4
      vertex -69.2941 -44.8296 4
    endloop
  endfacet
  facet normal -0.89686 -0.442314 0
    outer loop
      vertex -72.3301 -42.5 4
      vertex -72.6194 -41.9134 12
      vertex -72.6194 -41.9134 4
    endloop
  endfacet
  facet normal -0.89686 -0.442314 0
    outer loop
      vertex -72.6194 -41.9134 12
      vertex -72.3301 -42.5 4
      vertex -72.3301 -42.5 12
    endloop
  endfacet
  facet normal -0.831509 -0.555512 0
    outer loop
      vertex -71.9668 -43.0438 4
      vertex -72.3301 -42.5 12
      vertex -72.3301 -42.5 4
    endloop
  endfacet
  facet normal -0.831509 -0.555512 0
    outer loop
      vertex -72.3301 -42.5 12
      vertex -71.9668 -43.0438 4
      vertex -71.9668 -43.0438 12
    endloop
  endfacet
  facet normal 0.946941 0.321407 0
    outer loop
      vertex -63.1704 -38.7059 12
      vertex -63.3806 -38.0866 0
      vertex -63.3806 -38.0866 12
    endloop
  endfacet
  facet normal 0.946941 0.321407 0
    outer loop
      vertex -63.3806 -38.0866 0
      vertex -63.1704 -38.7059 12
      vertex -63.1704 -38.7059 0
    endloop
  endfacet
  facet normal 0.0652986 0.997866 -0
    outer loop
      vertex -67.5767 -35.0277 4
      vertex -68 -35 12
      vertex -67.5767 -35.0277 12
    endloop
  endfacet
  facet normal 0.0652986 0.997866 0
    outer loop
      vertex -68 -35 12
      vertex -67.5767 -35.0277 4
      vertex -68 -35 4
    endloop
  endfacet
  facet normal -0.89686 0.442314 0
    outer loop
      vertex -72.6194 -38.0866 4
      vertex -72.3301 -37.5 12
      vertex -72.3301 -37.5 4
    endloop
  endfacet
  facet normal -0.89686 0.442314 0
    outer loop
      vertex -72.3301 -37.5 12
      vertex -72.6194 -38.0866 4
      vertex -72.6194 -38.0866 12
    endloop
  endfacet
  facet normal -0.980786 0.195087 0
    outer loop
      vertex -72.9572 -39.3474 4
      vertex -72.8296 -38.7059 12
      vertex -72.8296 -38.7059 4
    endloop
  endfacet
  facet normal -0.980786 0.195087 0
    outer loop
      vertex -72.8296 -38.7059 12
      vertex -72.9572 -39.3474 4
      vertex -72.9572 -39.3474 12
    endloop
  endfacet
  facet normal 0.997856 -0.0654432 0
    outer loop
      vertex -63.0428 -40.6526 12
      vertex -63 -40 0
      vertex -63 -40 12
    endloop
  endfacet
  facet normal 0.997856 -0.0654432 0
    outer loop
      vertex -63 -40 0
      vertex -63.0428 -40.6526 12
      vertex -63.0428 -40.6526 0
    endloop
  endfacet
  facet normal 0.0654432 -0.997856 0
    outer loop
      vertex -68 -45 4
      vertex -67.3474 -44.9572 12
      vertex -68 -45 12
    endloop
  endfacet
  facet normal 0.0654432 -0.997856 0
    outer loop
      vertex -67.3474 -44.9572 12
      vertex -68 -45 4
      vertex -67.3474 -44.9572 4
    endloop
  endfacet
  facet normal 0.321407 -0.946941 0
    outer loop
      vertex -66.7059 -44.8296 4
      vertex -66.0866 -44.6194 12
      vertex -66.7059 -44.8296 12
    endloop
  endfacet
  facet normal 0.321407 -0.946941 0
    outer loop
      vertex -66.0866 -44.6194 12
      vertex -66.7059 -44.8296 4
      vertex -66.0866 -44.6194 4
    endloop
  endfacet
  facet normal 0.442314 -0.89686 0
    outer loop
      vertex -66.0866 -44.6194 4
      vertex -65.5 -44.3301 12
      vertex -66.0866 -44.6194 12
    endloop
  endfacet
  facet normal 0.442314 -0.89686 0
    outer loop
      vertex -65.5 -44.3301 12
      vertex -66.0866 -44.6194 4
      vertex -65.5 -44.3301 4
    endloop
  endfacet
  facet normal 0.659344 -0.751842 0
    outer loop
      vertex -64.766 -43.8 4
      vertex -64.9562 -43.9668 12
      vertex -64.9562 -43.9668 4
    endloop
  endfacet
  facet normal 0.659424 -0.751771 3.38274e-06
    outer loop
      vertex -64.9562 -43.9668 12
      vertex -64.766 -43.8 4
      vertex -64.4645 -43.5355 12
    endloop
  endfacet
  facet normal 0.659475 -0.751727 0
    outer loop
      vertex -64.4645 -43.5355 0
      vertex -64.766 -43.8 4
      vertex -64.766 -43.8 0
    endloop
  endfacet
  facet normal 0.659475 -0.751727 0
    outer loop
      vertex -64.766 -43.8 4
      vertex -64.4645 -43.5355 0
      vertex -64.4645 -43.5355 12
    endloop
  endfacet
  facet normal 0.751771 -0.659424 0
    outer loop
      vertex -64.4645 -43.5355 12
      vertex -64.0332 -43.0438 0
      vertex -64.0332 -43.0438 12
    endloop
  endfacet
  facet normal 0.751771 -0.659424 0
    outer loop
      vertex -64.0332 -43.0438 0
      vertex -64.4645 -43.5355 12
      vertex -64.4645 -43.5355 0
    endloop
  endfacet
  facet normal 0.831509 -0.555512 0
    outer loop
      vertex -64.0332 -43.0438 12
      vertex -63.6699 -42.5 0
      vertex -63.6699 -42.5 12
    endloop
  endfacet
  facet normal 0.831509 -0.555512 0
    outer loop
      vertex -63.6699 -42.5 0
      vertex -64.0332 -43.0438 12
      vertex -64.0332 -43.0438 0
    endloop
  endfacet
  facet normal -0.659424 -0.751771 0
    outer loop
      vertex -71.5355 -43.5355 4
      vertex -71.0438 -43.9668 12
      vertex -71.5355 -43.5355 12
    endloop
  endfacet
  facet normal -0.659424 -0.751771 -0
    outer loop
      vertex -71.0438 -43.9668 12
      vertex -71.5355 -43.5355 4
      vertex -71.0438 -43.9668 4
    endloop
  endfacet
  facet normal -0.555512 -0.831509 0
    outer loop
      vertex -71.0438 -43.9668 4
      vertex -70.5 -44.3301 12
      vertex -71.0438 -43.9668 12
    endloop
  endfacet
  facet normal -0.555512 -0.831509 -0
    outer loop
      vertex -70.5 -44.3301 12
      vertex -71.0438 -43.9668 4
      vertex -70.5 -44.3301 4
    endloop
  endfacet
  facet normal -0.195087 -0.980786 0
    outer loop
      vertex -69.2941 -44.8296 4
      vertex -68.6526 -44.9572 12
      vertex -69.2941 -44.8296 12
    endloop
  endfacet
  facet normal -0.195087 -0.980786 -0
    outer loop
      vertex -68.6526 -44.9572 12
      vertex -69.2941 -44.8296 4
      vertex -68.6526 -44.9572 4
    endloop
  endfacet
  facet normal -0.751771 -0.659424 0
    outer loop
      vertex -71.5355 -43.5355 4
      vertex -71.9668 -43.0438 12
      vertex -71.9668 -43.0438 4
    endloop
  endfacet
  facet normal -0.751771 -0.659424 0
    outer loop
      vertex -71.9668 -43.0438 12
      vertex -71.5355 -43.5355 4
      vertex -71.5355 -43.5355 12
    endloop
  endfacet
  facet normal -0.946941 -0.321407 0
    outer loop
      vertex -72.6194 -41.9134 4
      vertex -72.8296 -41.2941 12
      vertex -72.8296 -41.2941 4
    endloop
  endfacet
  facet normal -0.946941 -0.321407 0
    outer loop
      vertex -72.8296 -41.2941 12
      vertex -72.6194 -41.9134 4
      vertex -72.6194 -41.9134 12
    endloop
  endfacet
  facet normal -0.997856 -0.0654432 0
    outer loop
      vertex -72.9572 -40.6526 4
      vertex -73 -40 12
      vertex -73 -40 4
    endloop
  endfacet
  facet normal -0.997856 -0.0654432 0
    outer loop
      vertex -73 -40 12
      vertex -72.9572 -40.6526 4
      vertex -72.9572 -40.6526 12
    endloop
  endfacet
  facet normal -0.321407 0.946941 0
    outer loop
      vertex -69.2941 -35.1704 4
      vertex -69.9134 -35.3806 12
      vertex -69.2941 -35.1704 12
    endloop
  endfacet
  facet normal -0.321407 0.946941 0
    outer loop
      vertex -69.9134 -35.3806 12
      vertex -69.2941 -35.1704 4
      vertex -69.9134 -35.3806 4
    endloop
  endfacet
  facet normal 0.195087 -0.980786 0
    outer loop
      vertex -67.3474 -44.9572 4
      vertex -66.7059 -44.8296 12
      vertex -67.3474 -44.9572 12
    endloop
  endfacet
  facet normal 0.195087 -0.980786 0
    outer loop
      vertex -66.7059 -44.8296 12
      vertex -67.3474 -44.9572 4
      vertex -66.7059 -44.8296 4
    endloop
  endfacet
  facet normal 0.555512 -0.831509 0
    outer loop
      vertex -65.5 -44.3301 4
      vertex -64.9562 -43.9668 12
      vertex -65.5 -44.3301 12
    endloop
  endfacet
  facet normal 0.555512 -0.831509 0
    outer loop
      vertex -64.9562 -43.9668 12
      vertex -65.5 -44.3301 4
      vertex -64.9562 -43.9668 4
    endloop
  endfacet
  facet normal 0.946941 -0.321407 0
    outer loop
      vertex -63.3806 -41.9134 12
      vertex -63.1704 -41.2941 0
      vertex -63.1704 -41.2941 12
    endloop
  endfacet
  facet normal 0.946941 -0.321407 0
    outer loop
      vertex -63.1704 -41.2941 0
      vertex -63.3806 -41.9134 12
      vertex -63.3806 -41.9134 0
    endloop
  endfacet
  facet normal -0.0654432 -0.997856 0
    outer loop
      vertex -68.6526 -44.9572 4
      vertex -68 -45 12
      vertex -68.6526 -44.9572 12
    endloop
  endfacet
  facet normal -0.0654432 -0.997856 -0
    outer loop
      vertex -68 -45 12
      vertex -68.6526 -44.9572 4
      vertex -68 -45 4
    endloop
  endfacet
  facet normal -0.980786 -0.195087 0
    outer loop
      vertex -72.8296 -41.2941 4
      vertex -72.9572 -40.6526 12
      vertex -72.9572 -40.6526 4
    endloop
  endfacet
  facet normal -0.980786 -0.195087 0
    outer loop
      vertex -72.9572 -40.6526 12
      vertex -72.8296 -41.2941 4
      vertex -72.8296 -41.2941 12
    endloop
  endfacet
  facet normal 0.997856 0.0654432 0
    outer loop
      vertex -63 40 12
      vertex -63.0428 40.6526 0
      vertex -63.0428 40.6526 12
    endloop
  endfacet
  facet normal 0.997856 0.0654432 0
    outer loop
      vertex -63.0428 40.6526 0
      vertex -63 40 12
      vertex -63 40 0
    endloop
  endfacet
  facet normal -0.997856 0.0654432 0
    outer loop
      vertex -73 40 4
      vertex -72.9572 40.6526 12
      vertex -72.9572 40.6526 4
    endloop
  endfacet
  facet normal -0.997856 0.0654432 0
    outer loop
      vertex -72.9572 40.6526 12
      vertex -73 40 4
      vertex -73 40 12
    endloop
  endfacet
  facet normal 0.0654432 0.997856 -0
    outer loop
      vertex -67.3474 44.9572 4
      vertex -68 45 12
      vertex -67.3474 44.9572 12
    endloop
  endfacet
  facet normal 0.0654432 0.997856 0
    outer loop
      vertex -68 45 12
      vertex -67.3474 44.9572 4
      vertex -68 45 4
    endloop
  endfacet
  facet normal 0.0652986 -0.997866 0
    outer loop
      vertex -68 35 4
      vertex -67.5767 35.0277 12
      vertex -68 35 12
    endloop
  endfacet
  facet normal 0.0652986 -0.997866 0
    outer loop
      vertex -67.5767 35.0277 12
      vertex -68 35 4
      vertex -67.5767 35.0277 4
    endloop
  endfacet
  facet normal 0.751771 0.659424 0
    outer loop
      vertex -64.0332 43.0438 12
      vertex -64.4645 43.5355 0
      vertex -64.4645 43.5355 12
    endloop
  endfacet
  facet normal 0.751771 0.659424 0
    outer loop
      vertex -64.4645 43.5355 0
      vertex -64.0332 43.0438 12
      vertex -64.0332 43.0438 0
    endloop
  endfacet
  facet normal -0.659424 0.751771 0
    outer loop
      vertex -71.0438 43.9668 4
      vertex -71.5355 43.5355 12
      vertex -71.0438 43.9668 12
    endloop
  endfacet
  facet normal -0.659424 0.751771 0
    outer loop
      vertex -71.5355 43.5355 12
      vertex -71.0438 43.9668 4
      vertex -71.5355 43.5355 4
    endloop
  endfacet
  facet normal -0.321407 0.946941 0
    outer loop
      vertex -69.2941 44.8296 4
      vertex -69.9134 44.6194 12
      vertex -69.2941 44.8296 12
    endloop
  endfacet
  facet normal -0.321407 0.946941 0
    outer loop
      vertex -69.9134 44.6194 12
      vertex -69.2941 44.8296 4
      vertex -69.9134 44.6194 4
    endloop
  endfacet
  facet normal 0.896832 -0.442371 0
    outer loop
      vertex -63.5233 37.7973 12
      vertex -63.3806 38.0866 0
      vertex -63.3806 38.0866 12
    endloop
  endfacet
  facet normal 0.896832 -0.442371 0
    outer loop
      vertex -63.3806 38.0866 0
      vertex -63.5233 37.7973 12
      vertex -63.5233 37.7973 0
    endloop
  endfacet
  facet normal 0.89686 0.442314 0
    outer loop
      vertex -63.3806 41.9134 12
      vertex -63.6699 42.5 0
      vertex -63.6699 42.5 12
    endloop
  endfacet
  facet normal 0.89686 0.442314 0
    outer loop
      vertex -63.6699 42.5 0
      vertex -63.3806 41.9134 12
      vertex -63.3806 41.9134 0
    endloop
  endfacet
  facet normal 0.980786 0.195087 0
    outer loop
      vertex -63.0428 40.6526 12
      vertex -63.1704 41.2941 0
      vertex -63.1704 41.2941 12
    endloop
  endfacet
  facet normal 0.980786 0.195087 0
    outer loop
      vertex -63.1704 41.2941 0
      vertex -63.0428 40.6526 12
      vertex -63.0428 40.6526 0
    endloop
  endfacet
  facet normal 0.831509 0.555512 0
    outer loop
      vertex -63.6699 42.5 12
      vertex -64.0332 43.0438 0
      vertex -64.0332 43.0438 12
    endloop
  endfacet
  facet normal 0.831509 0.555512 0
    outer loop
      vertex -64.0332 43.0438 0
      vertex -63.6699 42.5 12
      vertex -63.6699 42.5 0
    endloop
  endfacet
  facet normal 0.442314 0.89686 -0
    outer loop
      vertex -65.5 44.3301 4
      vertex -66.0866 44.6194 12
      vertex -65.5 44.3301 12
    endloop
  endfacet
  facet normal 0.442314 0.89686 0
    outer loop
      vertex -66.0866 44.6194 12
      vertex -65.5 44.3301 4
      vertex -66.0866 44.6194 4
    endloop
  endfacet
  facet normal 0.321407 0.946941 -0
    outer loop
      vertex -66.0866 44.6194 4
      vertex -66.7059 44.8296 12
      vertex -66.0866 44.6194 12
    endloop
  endfacet
  facet normal 0.321407 0.946941 0
    outer loop
      vertex -66.7059 44.8296 12
      vertex -66.0866 44.6194 4
      vertex -66.7059 44.8296 4
    endloop
  endfacet
  facet normal 0.659424 0.751771 3.38274e-06
    outer loop
      vertex -64.4645 43.5355 12
      vertex -64.766 43.8 4
      vertex -64.9562 43.9668 12
    endloop
  endfacet
  facet normal 0.659475 0.751727 -0
    outer loop
      vertex -64.4645 43.5355 0
      vertex -64.766 43.8 4
      vertex -64.4645 43.5355 12
    endloop
  endfacet
  facet normal 0.659475 0.751727 0
    outer loop
      vertex -64.766 43.8 4
      vertex -64.4645 43.5355 0
      vertex -64.766 43.8 0
    endloop
  endfacet
  facet normal 0.659344 0.751842 0
    outer loop
      vertex -64.9562 43.9668 12
      vertex -64.766 43.8 4
      vertex -64.9562 43.9668 4
    endloop
  endfacet
  facet normal -0.89686 0.442314 0
    outer loop
      vertex -72.6194 41.9134 4
      vertex -72.3301 42.5 12
      vertex -72.3301 42.5 4
    endloop
  endfacet
  facet normal -0.89686 0.442314 0
    outer loop
      vertex -72.3301 42.5 12
      vertex -72.6194 41.9134 4
      vertex -72.6194 41.9134 12
    endloop
  endfacet
  facet normal -0.946941 0.321407 0
    outer loop
      vertex -72.8296 41.2941 4
      vertex -72.6194 41.9134 12
      vertex -72.6194 41.9134 4
    endloop
  endfacet
  facet normal -0.946941 0.321407 0
    outer loop
      vertex -72.6194 41.9134 12
      vertex -72.8296 41.2941 4
      vertex -72.8296 41.2941 12
    endloop
  endfacet
  facet normal -0.442314 0.89686 0
    outer loop
      vertex -69.9134 44.6194 4
      vertex -70.5 44.3301 12
      vertex -69.9134 44.6194 12
    endloop
  endfacet
  facet normal -0.442314 0.89686 0
    outer loop
      vertex -70.5 44.3301 12
      vertex -69.9134 44.6194 4
      vertex -70.5 44.3301 4
    endloop
  endfacet
  facet normal -0.195087 0.980786 0
    outer loop
      vertex -68.6526 44.9572 4
      vertex -69.2941 44.8296 12
      vertex -68.6526 44.9572 12
    endloop
  endfacet
  facet normal -0.195087 0.980786 0
    outer loop
      vertex -69.2941 44.8296 12
      vertex -68.6526 44.9572 4
      vertex -69.2941 44.8296 4
    endloop
  endfacet
  facet normal 0.980786 -0.195087 0
    outer loop
      vertex -63.1704 38.7059 12
      vertex -63.0428 39.3474 0
      vertex -63.0428 39.3474 12
    endloop
  endfacet
  facet normal 0.980786 -0.195087 0
    outer loop
      vertex -63.0428 39.3474 0
      vertex -63.1704 38.7059 12
      vertex -63.1704 38.7059 0
    endloop
  endfacet
  facet normal 0.946941 0.321407 0
    outer loop
      vertex -63.1704 41.2941 12
      vertex -63.3806 41.9134 0
      vertex -63.3806 41.9134 12
    endloop
  endfacet
  facet normal 0.946941 0.321407 0
    outer loop
      vertex -63.3806 41.9134 0
      vertex -63.1704 41.2941 12
      vertex -63.1704 41.2941 0
    endloop
  endfacet
  facet normal 0.195087 0.980786 -0
    outer loop
      vertex -66.7059 44.8296 4
      vertex -67.3474 44.9572 12
      vertex -66.7059 44.8296 12
    endloop
  endfacet
  facet normal 0.195087 0.980786 0
    outer loop
      vertex -67.3474 44.9572 12
      vertex -66.7059 44.8296 4
      vertex -67.3474 44.9572 4
    endloop
  endfacet
  facet normal 0.555512 0.831509 -0
    outer loop
      vertex -64.9562 43.9668 4
      vertex -65.5 44.3301 12
      vertex -64.9562 43.9668 12
    endloop
  endfacet
  facet normal 0.555512 0.831509 0
    outer loop
      vertex -65.5 44.3301 12
      vertex -64.9562 43.9668 4
      vertex -65.5 44.3301 4
    endloop
  endfacet
  facet normal -0.831509 0.555512 0
    outer loop
      vertex -72.3301 42.5 4
      vertex -71.9668 43.0438 12
      vertex -71.9668 43.0438 4
    endloop
  endfacet
  facet normal -0.831509 0.555512 0
    outer loop
      vertex -71.9668 43.0438 12
      vertex -72.3301 42.5 4
      vertex -72.3301 42.5 12
    endloop
  endfacet
  facet normal -0.751771 0.659424 0
    outer loop
      vertex -71.9668 43.0438 4
      vertex -71.5355 43.5355 12
      vertex -71.5355 43.5355 4
    endloop
  endfacet
  facet normal -0.751771 0.659424 0
    outer loop
      vertex -71.5355 43.5355 12
      vertex -71.9668 43.0438 4
      vertex -71.9668 43.0438 12
    endloop
  endfacet
  facet normal -0.980786 0.195087 0
    outer loop
      vertex -72.9572 40.6526 4
      vertex -72.8296 41.2941 12
      vertex -72.8296 41.2941 4
    endloop
  endfacet
  facet normal -0.980786 0.195087 0
    outer loop
      vertex -72.8296 41.2941 12
      vertex -72.9572 40.6526 4
      vertex -72.9572 40.6526 12
    endloop
  endfacet
  facet normal -0.555512 0.831509 0
    outer loop
      vertex -70.5 44.3301 4
      vertex -71.0438 43.9668 12
      vertex -70.5 44.3301 12
    endloop
  endfacet
  facet normal -0.555512 0.831509 0
    outer loop
      vertex -71.0438 43.9668 12
      vertex -70.5 44.3301 4
      vertex -71.0438 43.9668 4
    endloop
  endfacet
  facet normal -0.0654432 0.997856 0
    outer loop
      vertex -68 45 4
      vertex -68.6526 44.9572 12
      vertex -68 45 12
    endloop
  endfacet
  facet normal -0.0654432 0.997856 0
    outer loop
      vertex -68.6526 44.9572 12
      vertex -68 45 4
      vertex -68.6526 44.9572 4
    endloop
  endfacet
  facet normal 0.997856 -0.0654432 0
    outer loop
      vertex -63.0428 39.3474 12
      vertex -63 40 0
      vertex -63 40 12
    endloop
  endfacet
  facet normal 0.997856 -0.0654432 0
    outer loop
      vertex -63 40 0
      vertex -63.0428 39.3474 12
      vertex -63.0428 39.3474 0
    endloop
  endfacet
  facet normal 0.946941 -0.321407 0
    outer loop
      vertex -63.3806 38.0866 12
      vertex -63.1704 38.7059 0
      vertex -63.1704 38.7059 12
    endloop
  endfacet
  facet normal 0.946941 -0.321407 0
    outer loop
      vertex -63.1704 38.7059 0
      vertex -63.3806 38.0866 12
      vertex -63.3806 38.0866 0
    endloop
  endfacet
  facet normal -0.659424 -0.751771 0
    outer loop
      vertex -71.5355 36.4645 4
      vertex -71.0438 36.0332 12
      vertex -71.5355 36.4645 12
    endloop
  endfacet
  facet normal -0.659424 -0.751771 -0
    outer loop
      vertex -71.0438 36.0332 12
      vertex -71.5355 36.4645 4
      vertex -71.0438 36.0332 4
    endloop
  endfacet
  facet normal -0.89686 -0.442314 0
    outer loop
      vertex -72.3301 37.5 4
      vertex -72.6194 38.0866 12
      vertex -72.6194 38.0866 4
    endloop
  endfacet
  facet normal -0.89686 -0.442314 0
    outer loop
      vertex -72.6194 38.0866 12
      vertex -72.3301 37.5 4
      vertex -72.3301 37.5 12
    endloop
  endfacet
  facet normal -0.751771 -0.659424 0
    outer loop
      vertex -71.5355 36.4645 4
      vertex -71.9668 36.9562 12
      vertex -71.9668 36.9562 4
    endloop
  endfacet
  facet normal -0.751771 -0.659424 0
    outer loop
      vertex -71.9668 36.9562 12
      vertex -71.5355 36.4645 4
      vertex -71.5355 36.4645 12
    endloop
  endfacet
  facet normal -0.195087 -0.980786 0
    outer loop
      vertex -69.2941 35.1704 4
      vertex -68.6526 35.0428 12
      vertex -69.2941 35.1704 12
    endloop
  endfacet
  facet normal -0.195087 -0.980786 -0
    outer loop
      vertex -68.6526 35.0428 12
      vertex -69.2941 35.1704 4
      vertex -68.6526 35.0428 4
    endloop
  endfacet
  facet normal -0.946941 -0.321407 0
    outer loop
      vertex -72.6194 38.0866 4
      vertex -72.8296 38.7059 12
      vertex -72.8296 38.7059 4
    endloop
  endfacet
  facet normal -0.946941 -0.321407 0
    outer loop
      vertex -72.8296 38.7059 12
      vertex -72.6194 38.0866 4
      vertex -72.6194 38.0866 12
    endloop
  endfacet
  facet normal -0.0654432 -0.997856 0
    outer loop
      vertex -68.6526 35.0428 4
      vertex -68 35 12
      vertex -68.6526 35.0428 12
    endloop
  endfacet
  facet normal -0.0654432 -0.997856 -0
    outer loop
      vertex -68 35 12
      vertex -68.6526 35.0428 4
      vertex -68 35 4
    endloop
  endfacet
  facet normal -0.321407 -0.946941 0
    outer loop
      vertex -69.9134 35.3806 4
      vertex -69.2941 35.1704 12
      vertex -69.9134 35.3806 12
    endloop
  endfacet
  facet normal -0.321407 -0.946941 -0
    outer loop
      vertex -69.2941 35.1704 12
      vertex -69.9134 35.3806 4
      vertex -69.2941 35.1704 4
    endloop
  endfacet
  facet normal -0.831509 -0.555512 0
    outer loop
      vertex -71.9668 36.9562 4
      vertex -72.3301 37.5 12
      vertex -72.3301 37.5 4
    endloop
  endfacet
  facet normal -0.831509 -0.555512 0
    outer loop
      vertex -72.3301 37.5 12
      vertex -71.9668 36.9562 4
      vertex -71.9668 36.9562 12
    endloop
  endfacet
  facet normal -0.980786 -0.195087 0
    outer loop
      vertex -72.8296 38.7059 4
      vertex -72.9572 39.3474 12
      vertex -72.9572 39.3474 4
    endloop
  endfacet
  facet normal -0.980786 -0.195087 0
    outer loop
      vertex -72.9572 39.3474 12
      vertex -72.8296 38.7059 4
      vertex -72.8296 38.7059 12
    endloop
  endfacet
  facet normal -0.997856 -0.0654432 0
    outer loop
      vertex -72.9572 39.3474 4
      vertex -73 40 12
      vertex -73 40 4
    endloop
  endfacet
  facet normal -0.997856 -0.0654432 0
    outer loop
      vertex -73 40 12
      vertex -72.9572 39.3474 4
      vertex -72.9572 39.3474 12
    endloop
  endfacet
  facet normal -0.442314 -0.89686 0
    outer loop
      vertex -70.5 35.6699 4
      vertex -69.9134 35.3806 12
      vertex -70.5 35.6699 12
    endloop
  endfacet
  facet normal -0.442314 -0.89686 -0
    outer loop
      vertex -69.9134 35.3806 12
      vertex -70.5 35.6699 4
      vertex -69.9134 35.3806 4
    endloop
  endfacet
  facet normal -0.555512 -0.831509 0
    outer loop
      vertex -71.0438 36.0332 4
      vertex -70.5 35.6699 12
      vertex -71.0438 36.0332 12
    endloop
  endfacet
  facet normal -0.555512 -0.831509 -0
    outer loop
      vertex -70.5 35.6699 12
      vertex -71.0438 36.0332 4
      vertex -70.5 35.6699 4
    endloop
  endfacet
  facet normal 0.997856 0.0654432 0
    outer loop
      vertex 73 -40 12
      vertex 72.9572 -39.3474 4
      vertex 72.9572 -39.3474 12
    endloop
  endfacet
  facet normal 0.997856 0.0654432 0
    outer loop
      vertex 72.9572 -39.3474 4
      vertex 73 -40 12
      vertex 73 -40 4
    endloop
  endfacet
  facet normal -0.0652986 0.997866 0
    outer loop
      vertex 68 -35 4
      vertex 67.5767 -35.0277 12
      vertex 68 -35 12
    endloop
  endfacet
  facet normal -0.0652986 0.997866 0
    outer loop
      vertex 67.5767 -35.0277 12
      vertex 68 -35 4
      vertex 67.5767 -35.0277 4
    endloop
  endfacet
  facet normal 0.0654432 -0.997856 0
    outer loop
      vertex 68 -45 4
      vertex 68.6526 -44.9572 12
      vertex 68 -45 12
    endloop
  endfacet
  facet normal 0.0654432 -0.997856 0
    outer loop
      vertex 68.6526 -44.9572 12
      vertex 68 -45 4
      vertex 68.6526 -44.9572 4
    endloop
  endfacet
  facet normal 0.659424 0.751771 -0
    outer loop
      vertex 71.5355 -36.4645 4
      vertex 71.0438 -36.0332 12
      vertex 71.5355 -36.4645 12
    endloop
  endfacet
  facet normal 0.659424 0.751771 0
    outer loop
      vertex 71.0438 -36.0332 12
      vertex 71.5355 -36.4645 4
      vertex 71.0438 -36.0332 4
    endloop
  endfacet
  facet normal 0.946941 -0.321407 0
    outer loop
      vertex 72.6194 -41.9134 12
      vertex 72.8296 -41.2941 4
      vertex 72.8296 -41.2941 12
    endloop
  endfacet
  facet normal 0.946941 -0.321407 0
    outer loop
      vertex 72.8296 -41.2941 4
      vertex 72.6194 -41.9134 12
      vertex 72.6194 -41.9134 4
    endloop
  endfacet
  facet normal 0.89686 0.442314 0
    outer loop
      vertex 72.6194 -38.0866 12
      vertex 72.3301 -37.5 4
      vertex 72.3301 -37.5 12
    endloop
  endfacet
  facet normal 0.89686 0.442314 0
    outer loop
      vertex 72.3301 -37.5 4
      vertex 72.6194 -38.0866 12
      vertex 72.6194 -38.0866 4
    endloop
  endfacet
  facet normal 0.980786 0.195087 0
    outer loop
      vertex 72.9572 -39.3474 12
      vertex 72.8296 -38.7059 4
      vertex 72.8296 -38.7059 12
    endloop
  endfacet
  facet normal 0.980786 0.195087 0
    outer loop
      vertex 72.8296 -38.7059 4
      vertex 72.9572 -39.3474 12
      vertex 72.9572 -39.3474 4
    endloop
  endfacet
  facet normal 0.321407 0.946941 -0
    outer loop
      vertex 69.9134 -35.3806 4
      vertex 69.2941 -35.1704 12
      vertex 69.9134 -35.3806 12
    endloop
  endfacet
  facet normal 0.321407 0.946941 0
    outer loop
      vertex 69.2941 -35.1704 12
      vertex 69.9134 -35.3806 4
      vertex 69.2941 -35.1704 4
    endloop
  endfacet
  facet normal 0.195087 0.980786 -0
    outer loop
      vertex 69.2941 -35.1704 4
      vertex 68.6526 -35.0428 12
      vertex 69.2941 -35.1704 12
    endloop
  endfacet
  facet normal 0.195087 0.980786 0
    outer loop
      vertex 68.6526 -35.0428 12
      vertex 69.2941 -35.1704 4
      vertex 68.6526 -35.0428 4
    endloop
  endfacet
  facet normal 0.555512 0.831509 -0
    outer loop
      vertex 71.0438 -36.0332 4
      vertex 70.5 -35.6699 12
      vertex 71.0438 -36.0332 12
    endloop
  endfacet
  facet normal 0.555512 0.831509 0
    outer loop
      vertex 70.5 -35.6699 12
      vertex 71.0438 -36.0332 4
      vertex 70.5 -35.6699 4
    endloop
  endfacet
  facet normal -0.946941 0.321407 0
    outer loop
      vertex 63.1704 -38.7059 0
      vertex 63.3806 -38.0866 12
      vertex 63.3806 -38.0866 0
    endloop
  endfacet
  facet normal -0.946941 0.321407 0
    outer loop
      vertex 63.3806 -38.0866 12
      vertex 63.1704 -38.7059 0
      vertex 63.1704 -38.7059 12
    endloop
  endfacet
  facet normal -0.980786 0.195087 0
    outer loop
      vertex 63.0428 -39.3474 0
      vertex 63.1704 -38.7059 12
      vertex 63.1704 -38.7059 0
    endloop
  endfacet
  facet normal -0.980786 0.195087 0
    outer loop
      vertex 63.1704 -38.7059 12
      vertex 63.0428 -39.3474 0
      vertex 63.0428 -39.3474 12
    endloop
  endfacet
  facet normal -0.831509 -0.555512 0
    outer loop
      vertex 64.0332 -43.0438 0
      vertex 63.6699 -42.5 12
      vertex 63.6699 -42.5 0
    endloop
  endfacet
  facet normal -0.831509 -0.555512 0
    outer loop
      vertex 63.6699 -42.5 12
      vertex 64.0332 -43.0438 0
      vertex 64.0332 -43.0438 12
    endloop
  endfacet
  facet normal 0.442314 -0.89686 0
    outer loop
      vertex 69.9134 -44.6194 4
      vertex 70.5 -44.3301 12
      vertex 69.9134 -44.6194 12
    endloop
  endfacet
  facet normal 0.442314 -0.89686 0
    outer loop
      vertex 70.5 -44.3301 12
      vertex 69.9134 -44.6194 4
      vertex 70.5 -44.3301 4
    endloop
  endfacet
  facet normal 0.946941 0.321407 0
    outer loop
      vertex 72.8296 -38.7059 12
      vertex 72.6194 -38.0866 4
      vertex 72.6194 -38.0866 12
    endloop
  endfacet
  facet normal 0.946941 0.321407 0
    outer loop
      vertex 72.6194 -38.0866 4
      vertex 72.8296 -38.7059 12
      vertex 72.8296 -38.7059 4
    endloop
  endfacet
  facet normal 0.751771 0.659424 0
    outer loop
      vertex 71.9668 -36.9562 12
      vertex 71.5355 -36.4645 4
      vertex 71.5355 -36.4645 12
    endloop
  endfacet
  facet normal 0.751771 0.659424 0
    outer loop
      vertex 71.5355 -36.4645 4
      vertex 71.9668 -36.9562 12
      vertex 71.9668 -36.9562 4
    endloop
  endfacet
  facet normal 0.831509 0.555512 0
    outer loop
      vertex 72.3301 -37.5 12
      vertex 71.9668 -36.9562 4
      vertex 71.9668 -36.9562 12
    endloop
  endfacet
  facet normal 0.831509 0.555512 0
    outer loop
      vertex 71.9668 -36.9562 4
      vertex 72.3301 -37.5 12
      vertex 72.3301 -37.5 4
    endloop
  endfacet
  facet normal 0.0654432 0.997856 -0
    outer loop
      vertex 68.6526 -35.0428 4
      vertex 68 -35 12
      vertex 68.6526 -35.0428 12
    endloop
  endfacet
  facet normal 0.0654432 0.997856 0
    outer loop
      vertex 68 -35 12
      vertex 68.6526 -35.0428 4
      vertex 68 -35 4
    endloop
  endfacet
  facet normal 0.442314 0.89686 -0
    outer loop
      vertex 70.5 -35.6699 4
      vertex 69.9134 -35.3806 12
      vertex 70.5 -35.6699 12
    endloop
  endfacet
  facet normal 0.442314 0.89686 0
    outer loop
      vertex 69.9134 -35.3806 12
      vertex 70.5 -35.6699 4
      vertex 69.9134 -35.3806 4
    endloop
  endfacet
  facet normal -0.896832 0.442371 0
    outer loop
      vertex 63.3806 -38.0866 0
      vertex 63.5233 -37.7973 12
      vertex 63.5233 -37.7973 0
    endloop
  endfacet
  facet normal -0.896832 0.442371 0
    outer loop
      vertex 63.5233 -37.7973 12
      vertex 63.3806 -38.0866 0
      vertex 63.3806 -38.0866 12
    endloop
  endfacet
  facet normal -0.997856 0.0654432 0
    outer loop
      vertex 63 -40 0
      vertex 63.0428 -39.3474 12
      vertex 63.0428 -39.3474 0
    endloop
  endfacet
  facet normal -0.997856 0.0654432 0
    outer loop
      vertex 63.0428 -39.3474 12
      vertex 63 -40 0
      vertex 63 -40 12
    endloop
  endfacet
  facet normal 0.997856 -0.0654432 0
    outer loop
      vertex 72.9572 -40.6526 12
      vertex 73 -40 4
      vertex 73 -40 12
    endloop
  endfacet
  facet normal 0.997856 -0.0654432 0
    outer loop
      vertex 73 -40 4
      vertex 72.9572 -40.6526 12
      vertex 72.9572 -40.6526 4
    endloop
  endfacet
  facet normal 0.751771 -0.659424 0
    outer loop
      vertex 71.5355 -43.5355 12
      vertex 71.9668 -43.0438 4
      vertex 71.9668 -43.0438 12
    endloop
  endfacet
  facet normal 0.751771 -0.659424 0
    outer loop
      vertex 71.9668 -43.0438 4
      vertex 71.5355 -43.5355 12
      vertex 71.5355 -43.5355 4
    endloop
  endfacet
  facet normal 0.89686 -0.442314 0
    outer loop
      vertex 72.3301 -42.5 12
      vertex 72.6194 -41.9134 4
      vertex 72.6194 -41.9134 12
    endloop
  endfacet
  facet normal 0.89686 -0.442314 0
    outer loop
      vertex 72.6194 -41.9134 4
      vertex 72.3301 -42.5 12
      vertex 72.3301 -42.5 4
    endloop
  endfacet
  facet normal 0.980786 -0.195087 0
    outer loop
      vertex 72.8296 -41.2941 12
      vertex 72.9572 -40.6526 4
      vertex 72.9572 -40.6526 12
    endloop
  endfacet
  facet normal 0.980786 -0.195087 0
    outer loop
      vertex 72.9572 -40.6526 4
      vertex 72.8296 -41.2941 12
      vertex 72.8296 -41.2941 4
    endloop
  endfacet
  facet normal -0.980786 -0.195087 0
    outer loop
      vertex 63.1704 -41.2941 0
      vertex 63.0428 -40.6526 12
      vertex 63.0428 -40.6526 0
    endloop
  endfacet
  facet normal -0.980786 -0.195087 0
    outer loop
      vertex 63.0428 -40.6526 12
      vertex 63.1704 -41.2941 0
      vertex 63.1704 -41.2941 12
    endloop
  endfacet
  facet normal -0.997856 -0.0654432 0
    outer loop
      vertex 63.0428 -40.6526 0
      vertex 63 -40 12
      vertex 63 -40 0
    endloop
  endfacet
  facet normal -0.997856 -0.0654432 0
    outer loop
      vertex 63 -40 12
      vertex 63.0428 -40.6526 0
      vertex 63.0428 -40.6526 12
    endloop
  endfacet
  facet normal 0.831509 -0.555512 0
    outer loop
      vertex 71.9668 -43.0438 12
      vertex 72.3301 -42.5 4
      vertex 72.3301 -42.5 12
    endloop
  endfacet
  facet normal 0.831509 -0.555512 0
    outer loop
      vertex 72.3301 -42.5 4
      vertex 71.9668 -43.0438 12
      vertex 71.9668 -43.0438 4
    endloop
  endfacet
  facet normal -0.659424 -0.751771 3.38274e-06
    outer loop
      vertex 64.4645 -43.5355 12
      vertex 64.766 -43.8 4
      vertex 64.9562 -43.9668 12
    endloop
  endfacet
  facet normal -0.659475 -0.751727 0
    outer loop
      vertex 64.4645 -43.5355 0
      vertex 64.766 -43.8 4
      vertex 64.4645 -43.5355 12
    endloop
  endfacet
  facet normal -0.659475 -0.751727 -0
    outer loop
      vertex 64.766 -43.8 4
      vertex 64.4645 -43.5355 0
      vertex 64.766 -43.8 0
    endloop
  endfacet
  facet normal -0.659344 -0.751842 -0
    outer loop
      vertex 64.9562 -43.9668 12
      vertex 64.766 -43.8 4
      vertex 64.9562 -43.9668 4
    endloop
  endfacet
  facet normal -0.946941 -0.321407 0
    outer loop
      vertex 63.3806 -41.9134 0
      vertex 63.1704 -41.2941 12
      vertex 63.1704 -41.2941 0
    endloop
  endfacet
  facet normal -0.946941 -0.321407 0
    outer loop
      vertex 63.1704 -41.2941 12
      vertex 63.3806 -41.9134 0
      vertex 63.3806 -41.9134 12
    endloop
  endfacet
  facet normal -0.89686 -0.442314 0
    outer loop
      vertex 63.6699 -42.5 0
      vertex 63.3806 -41.9134 12
      vertex 63.3806 -41.9134 0
    endloop
  endfacet
  facet normal -0.89686 -0.442314 0
    outer loop
      vertex 63.3806 -41.9134 12
      vertex 63.6699 -42.5 0
      vertex 63.6699 -42.5 12
    endloop
  endfacet
  facet normal 0.321407 -0.946941 0
    outer loop
      vertex 69.2941 -44.8296 4
      vertex 69.9134 -44.6194 12
      vertex 69.2941 -44.8296 12
    endloop
  endfacet
  facet normal 0.321407 -0.946941 0
    outer loop
      vertex 69.9134 -44.6194 12
      vertex 69.2941 -44.8296 4
      vertex 69.9134 -44.6194 4
    endloop
  endfacet
  facet normal 0.195087 -0.980786 0
    outer loop
      vertex 68.6526 -44.9572 4
      vertex 69.2941 -44.8296 12
      vertex 68.6526 -44.9572 12
    endloop
  endfacet
  facet normal 0.195087 -0.980786 0
    outer loop
      vertex 69.2941 -44.8296 12
      vertex 68.6526 -44.9572 4
      vertex 69.2941 -44.8296 4
    endloop
  endfacet
  facet normal 0.659424 -0.751771 0
    outer loop
      vertex 71.0438 -43.9668 4
      vertex 71.5355 -43.5355 12
      vertex 71.0438 -43.9668 12
    endloop
  endfacet
  facet normal 0.659424 -0.751771 0
    outer loop
      vertex 71.5355 -43.5355 12
      vertex 71.0438 -43.9668 4
      vertex 71.5355 -43.5355 4
    endloop
  endfacet
  facet normal 0.555512 -0.831509 0
    outer loop
      vertex 70.5 -44.3301 4
      vertex 71.0438 -43.9668 12
      vertex 70.5 -44.3301 12
    endloop
  endfacet
  facet normal 0.555512 -0.831509 0
    outer loop
      vertex 71.0438 -43.9668 12
      vertex 70.5 -44.3301 4
      vertex 71.0438 -43.9668 4
    endloop
  endfacet
  facet normal -0.321407 -0.946941 0
    outer loop
      vertex 66.0866 -44.6194 4
      vertex 66.7059 -44.8296 12
      vertex 66.0866 -44.6194 12
    endloop
  endfacet
  facet normal -0.321407 -0.946941 -0
    outer loop
      vertex 66.7059 -44.8296 12
      vertex 66.0866 -44.6194 4
      vertex 66.7059 -44.8296 4
    endloop
  endfacet
  facet normal -0.195087 -0.980786 0
    outer loop
      vertex 66.7059 -44.8296 4
      vertex 67.3474 -44.9572 12
      vertex 66.7059 -44.8296 12
    endloop
  endfacet
  facet normal -0.195087 -0.980786 -0
    outer loop
      vertex 67.3474 -44.9572 12
      vertex 66.7059 -44.8296 4
      vertex 67.3474 -44.9572 4
    endloop
  endfacet
  facet normal -0.751771 -0.659424 0
    outer loop
      vertex 64.4645 -43.5355 0
      vertex 64.0332 -43.0438 12
      vertex 64.0332 -43.0438 0
    endloop
  endfacet
  facet normal -0.751771 -0.659424 0
    outer loop
      vertex 64.0332 -43.0438 12
      vertex 64.4645 -43.5355 0
      vertex 64.4645 -43.5355 12
    endloop
  endfacet
  facet normal -0.0654432 -0.997856 0
    outer loop
      vertex 67.3474 -44.9572 4
      vertex 68 -45 12
      vertex 67.3474 -44.9572 12
    endloop
  endfacet
  facet normal -0.0654432 -0.997856 -0
    outer loop
      vertex 68 -45 12
      vertex 67.3474 -44.9572 4
      vertex 68 -45 4
    endloop
  endfacet
  facet normal -0.442314 -0.89686 0
    outer loop
      vertex 65.5 -44.3301 4
      vertex 66.0866 -44.6194 12
      vertex 65.5 -44.3301 12
    endloop
  endfacet
  facet normal -0.442314 -0.89686 -0
    outer loop
      vertex 66.0866 -44.6194 12
      vertex 65.5 -44.3301 4
      vertex 66.0866 -44.6194 4
    endloop
  endfacet
  facet normal -0.555512 -0.831509 0
    outer loop
      vertex 64.9562 -43.9668 4
      vertex 65.5 -44.3301 12
      vertex 64.9562 -43.9668 12
    endloop
  endfacet
  facet normal -0.555512 -0.831509 -0
    outer loop
      vertex 65.5 -44.3301 12
      vertex 64.9562 -43.9668 4
      vertex 65.5 -44.3301 4
    endloop
  endfacet
  facet normal 0.997856 0.0654432 0
    outer loop
      vertex 73 40 12
      vertex 72.9572 40.6526 4
      vertex 72.9572 40.6526 12
    endloop
  endfacet
  facet normal 0.997856 0.0654432 0
    outer loop
      vertex 72.9572 40.6526 4
      vertex 73 40 12
      vertex 73 40 4
    endloop
  endfacet
  facet normal -0.0654432 0.997856 0
    outer loop
      vertex 68 45 4
      vertex 67.3474 44.9572 12
      vertex 68 45 12
    endloop
  endfacet
  facet normal -0.0654432 0.997856 0
    outer loop
      vertex 67.3474 44.9572 12
      vertex 68 45 4
      vertex 67.3474 44.9572 4
    endloop
  endfacet
  facet normal 0.0654432 -0.997856 0
    outer loop
      vertex 68 35 4
      vertex 68.6526 35.0428 12
      vertex 68 35 12
    endloop
  endfacet
  facet normal 0.0654432 -0.997856 0
    outer loop
      vertex 68.6526 35.0428 12
      vertex 68 35 4
      vertex 68.6526 35.0428 4
    endloop
  endfacet
  facet normal 0.659424 0.751771 -0
    outer loop
      vertex 71.5355 43.5355 4
      vertex 71.0438 43.9668 12
      vertex 71.5355 43.5355 12
    endloop
  endfacet
  facet normal 0.659424 0.751771 0
    outer loop
      vertex 71.0438 43.9668 12
      vertex 71.5355 43.5355 4
      vertex 71.0438 43.9668 4
    endloop
  endfacet
  facet normal -0.751771 0.659424 0
    outer loop
      vertex 64.0332 43.0438 0
      vertex 64.4645 43.5355 12
      vertex 64.4645 43.5355 0
    endloop
  endfacet
  facet normal -0.751771 0.659424 0
    outer loop
      vertex 64.4645 43.5355 12
      vertex 64.0332 43.0438 0
      vertex 64.0332 43.0438 12
    endloop
  endfacet
  facet normal -0.442314 0.89686 0
    outer loop
      vertex 66.0866 44.6194 4
      vertex 65.5 44.3301 12
      vertex 66.0866 44.6194 12
    endloop
  endfacet
  facet normal -0.442314 0.89686 0
    outer loop
      vertex 65.5 44.3301 12
      vertex 66.0866 44.6194 4
      vertex 65.5 44.3301 4
    endloop
  endfacet
  facet normal 0.89686 0.442314 0
    outer loop
      vertex 72.6194 41.9134 12
      vertex 72.3301 42.5 4
      vertex 72.3301 42.5 12
    endloop
  endfacet
  facet normal 0.89686 0.442314 0
    outer loop
      vertex 72.3301 42.5 4
      vertex 72.6194 41.9134 12
      vertex 72.6194 41.9134 4
    endloop
  endfacet
  facet normal 0.980786 0.195087 0
    outer loop
      vertex 72.9572 40.6526 12
      vertex 72.8296 41.2941 4
      vertex 72.8296 41.2941 12
    endloop
  endfacet
  facet normal 0.980786 0.195087 0
    outer loop
      vertex 72.8296 41.2941 4
      vertex 72.9572 40.6526 12
      vertex 72.9572 40.6526 4
    endloop
  endfacet
  facet normal 0.321407 0.946941 -0
    outer loop
      vertex 69.9134 44.6194 4
      vertex 69.2941 44.8296 12
      vertex 69.9134 44.6194 12
    endloop
  endfacet
  facet normal 0.321407 0.946941 0
    outer loop
      vertex 69.2941 44.8296 12
      vertex 69.9134 44.6194 4
      vertex 69.2941 44.8296 4
    endloop
  endfacet
  facet normal 0.555512 0.831509 -0
    outer loop
      vertex 71.0438 43.9668 4
      vertex 70.5 44.3301 12
      vertex 71.0438 43.9668 12
    endloop
  endfacet
  facet normal 0.555512 0.831509 0
    outer loop
      vertex 70.5 44.3301 12
      vertex 71.0438 43.9668 4
      vertex 70.5 44.3301 4
    endloop
  endfacet
  facet normal -0.946941 0.321407 0
    outer loop
      vertex 63.1704 41.2941 0
      vertex 63.3806 41.9134 12
      vertex 63.3806 41.9134 0
    endloop
  endfacet
  facet normal -0.946941 0.321407 0
    outer loop
      vertex 63.3806 41.9134 12
      vertex 63.1704 41.2941 0
      vertex 63.1704 41.2941 12
    endloop
  endfacet
  facet normal -0.831509 0.555512 0
    outer loop
      vertex 63.6699 42.5 0
      vertex 64.0332 43.0438 12
      vertex 64.0332 43.0438 0
    endloop
  endfacet
  facet normal -0.831509 0.555512 0
    outer loop
      vertex 64.0332 43.0438 12
      vertex 63.6699 42.5 0
      vertex 63.6699 42.5 12
    endloop
  endfacet
  facet normal -0.980786 0.195087 0
    outer loop
      vertex 63.0428 40.6526 0
      vertex 63.1704 41.2941 12
      vertex 63.1704 41.2941 0
    endloop
  endfacet
  facet normal -0.980786 0.195087 0
    outer loop
      vertex 63.1704 41.2941 12
      vertex 63.0428 40.6526 0
      vertex 63.0428 40.6526 12
    endloop
  endfacet
  facet normal -0.195087 0.980786 0
    outer loop
      vertex 67.3474 44.9572 4
      vertex 66.7059 44.8296 12
      vertex 67.3474 44.9572 12
    endloop
  endfacet
  facet normal -0.195087 0.980786 0
    outer loop
      vertex 66.7059 44.8296 12
      vertex 67.3474 44.9572 4
      vertex 66.7059 44.8296 4
    endloop
  endfacet
  facet normal 0.195087 -0.980786 0
    outer loop
      vertex 68.6526 35.0428 4
      vertex 69.2941 35.1704 12
      vertex 68.6526 35.0428 12
    endloop
  endfacet
  facet normal 0.195087 -0.980786 0
    outer loop
      vertex 69.2941 35.1704 12
      vertex 68.6526 35.0428 4
      vertex 69.2941 35.1704 4
    endloop
  endfacet
  facet normal 0.980786 -0.195087 0
    outer loop
      vertex 72.8296 38.7059 12
      vertex 72.9572 39.3474 4
      vertex 72.9572 39.3474 12
    endloop
  endfacet
  facet normal 0.980786 -0.195087 0
    outer loop
      vertex 72.9572 39.3474 4
      vertex 72.8296 38.7059 12
      vertex 72.8296 38.7059 4
    endloop
  endfacet
  facet normal -0.980786 -0.195087 0
    outer loop
      vertex 63.1704 38.7059 0
      vertex 63.0428 39.3474 12
      vertex 63.0428 39.3474 0
    endloop
  endfacet
  facet normal -0.980786 -0.195087 0
    outer loop
      vertex 63.0428 39.3474 12
      vertex 63.1704 38.7059 0
      vertex 63.1704 38.7059 12
    endloop
  endfacet
  facet normal 0.946941 0.321407 0
    outer loop
      vertex 72.8296 41.2941 12
      vertex 72.6194 41.9134 4
      vertex 72.6194 41.9134 12
    endloop
  endfacet
  facet normal 0.946941 0.321407 0
    outer loop
      vertex 72.6194 41.9134 4
      vertex 72.8296 41.2941 12
      vertex 72.8296 41.2941 4
    endloop
  endfacet
  facet normal 0.751771 0.659424 0
    outer loop
      vertex 71.9668 43.0438 12
      vertex 71.5355 43.5355 4
      vertex 71.5355 43.5355 12
    endloop
  endfacet
  facet normal 0.751771 0.659424 0
    outer loop
      vertex 71.5355 43.5355 4
      vertex 71.9668 43.0438 12
      vertex 71.9668 43.0438 4
    endloop
  endfacet
  facet normal 0.831509 0.555512 0
    outer loop
      vertex 72.3301 42.5 12
      vertex 71.9668 43.0438 4
      vertex 71.9668 43.0438 12
    endloop
  endfacet
  facet normal 0.831509 0.555512 0
    outer loop
      vertex 71.9668 43.0438 4
      vertex 72.3301 42.5 12
      vertex 72.3301 42.5 4
    endloop
  endfacet
  facet normal 0.195087 0.980786 -0
    outer loop
      vertex 69.2941 44.8296 4
      vertex 68.6526 44.9572 12
      vertex 69.2941 44.8296 12
    endloop
  endfacet
  facet normal 0.195087 0.980786 0
    outer loop
      vertex 68.6526 44.9572 12
      vertex 69.2941 44.8296 4
      vertex 68.6526 44.9572 4
    endloop
  endfacet
  facet normal 0.0654432 0.997856 -0
    outer loop
      vertex 68.6526 44.9572 4
      vertex 68 45 12
      vertex 68.6526 44.9572 12
    endloop
  endfacet
  facet normal 0.0654432 0.997856 0
    outer loop
      vertex 68 45 12
      vertex 68.6526 44.9572 4
      vertex 68 45 4
    endloop
  endfacet
  facet normal 0.442314 0.89686 -0
    outer loop
      vertex 70.5 44.3301 4
      vertex 69.9134 44.6194 12
      vertex 70.5 44.3301 12
    endloop
  endfacet
  facet normal 0.442314 0.89686 0
    outer loop
      vertex 69.9134 44.6194 12
      vertex 70.5 44.3301 4
      vertex 69.9134 44.6194 4
    endloop
  endfacet
  facet normal -0.89686 0.442314 0
    outer loop
      vertex 63.3806 41.9134 0
      vertex 63.6699 42.5 12
      vertex 63.6699 42.5 0
    endloop
  endfacet
  facet normal -0.89686 0.442314 0
    outer loop
      vertex 63.6699 42.5 12
      vertex 63.3806 41.9134 0
      vertex 63.3806 41.9134 12
    endloop
  endfacet
  facet normal -0.997856 0.0654432 0
    outer loop
      vertex 63 40 0
      vertex 63.0428 40.6526 12
      vertex 63.0428 40.6526 0
    endloop
  endfacet
  facet normal -0.997856 0.0654432 0
    outer loop
      vertex 63.0428 40.6526 12
      vertex 63 40 0
      vertex 63 40 12
    endloop
  endfacet
  facet normal -0.555512 0.831509 0
    outer loop
      vertex 65.5 44.3301 4
      vertex 64.9562 43.9668 12
      vertex 65.5 44.3301 12
    endloop
  endfacet
  facet normal -0.555512 0.831509 0
    outer loop
      vertex 64.9562 43.9668 12
      vertex 65.5 44.3301 4
      vertex 64.9562 43.9668 4
    endloop
  endfacet
  facet normal -0.659344 0.751842 0
    outer loop
      vertex 64.766 43.8 4
      vertex 64.9562 43.9668 12
      vertex 64.9562 43.9668 4
    endloop
  endfacet
  facet normal -0.659424 0.751771 3.38274e-06
    outer loop
      vertex 64.9562 43.9668 12
      vertex 64.766 43.8 4
      vertex 64.4645 43.5355 12
    endloop
  endfacet
  facet normal -0.659475 0.751727 0
    outer loop
      vertex 64.4645 43.5355 0
      vertex 64.766 43.8 4
      vertex 64.766 43.8 0
    endloop
  endfacet
  facet normal -0.659475 0.751727 0
    outer loop
      vertex 64.766 43.8 4
      vertex 64.4645 43.5355 0
      vertex 64.4645 43.5355 12
    endloop
  endfacet
  facet normal -0.321407 0.946941 0
    outer loop
      vertex 66.7059 44.8296 4
      vertex 66.0866 44.6194 12
      vertex 66.7059 44.8296 12
    endloop
  endfacet
  facet normal -0.321407 0.946941 0
    outer loop
      vertex 66.0866 44.6194 12
      vertex 66.7059 44.8296 4
      vertex 66.0866 44.6194 4
    endloop
  endfacet
  facet normal 0.321407 -0.946941 0
    outer loop
      vertex 69.2941 35.1704 4
      vertex 69.9134 35.3806 12
      vertex 69.2941 35.1704 12
    endloop
  endfacet
  facet normal 0.321407 -0.946941 0
    outer loop
      vertex 69.9134 35.3806 12
      vertex 69.2941 35.1704 4
      vertex 69.9134 35.3806 4
    endloop
  endfacet
  facet normal 0.751771 -0.659424 0
    outer loop
      vertex 71.5355 36.4645 12
      vertex 71.9668 36.9562 4
      vertex 71.9668 36.9562 12
    endloop
  endfacet
  facet normal 0.751771 -0.659424 0
    outer loop
      vertex 71.9668 36.9562 4
      vertex 71.5355 36.4645 12
      vertex 71.5355 36.4645 4
    endloop
  endfacet
  facet normal 0.555512 -0.831509 0
    outer loop
      vertex 70.5 35.6699 4
      vertex 71.0438 36.0332 12
      vertex 70.5 35.6699 12
    endloop
  endfacet
  facet normal 0.555512 -0.831509 0
    outer loop
      vertex 71.0438 36.0332 12
      vertex 70.5 35.6699 4
      vertex 71.0438 36.0332 4
    endloop
  endfacet
  facet normal 0.831509 -0.555512 0
    outer loop
      vertex 71.9668 36.9562 12
      vertex 72.3301 37.5 4
      vertex 72.3301 37.5 12
    endloop
  endfacet
  facet normal 0.831509 -0.555512 0
    outer loop
      vertex 72.3301 37.5 4
      vertex 71.9668 36.9562 12
      vertex 71.9668 36.9562 4
    endloop
  endfacet
  facet normal 0.946941 -0.321407 0
    outer loop
      vertex 72.6194 38.0866 12
      vertex 72.8296 38.7059 4
      vertex 72.8296 38.7059 12
    endloop
  endfacet
  facet normal 0.946941 -0.321407 0
    outer loop
      vertex 72.8296 38.7059 4
      vertex 72.6194 38.0866 12
      vertex 72.6194 38.0866 4
    endloop
  endfacet
  facet normal -0.0652986 -0.997866 0
    outer loop
      vertex 67.5767 35.0277 4
      vertex 68 35 12
      vertex 67.5767 35.0277 12
    endloop
  endfacet
  facet normal -0.0652986 -0.997866 -0
    outer loop
      vertex 68 35 12
      vertex 67.5767 35.0277 4
      vertex 68 35 4
    endloop
  endfacet
  facet normal -0.946941 -0.321407 0
    outer loop
      vertex 63.3806 38.0866 0
      vertex 63.1704 38.7059 12
      vertex 63.1704 38.7059 0
    endloop
  endfacet
  facet normal -0.946941 -0.321407 0
    outer loop
      vertex 63.1704 38.7059 12
      vertex 63.3806 38.0866 0
      vertex 63.3806 38.0866 12
    endloop
  endfacet
  facet normal -0.997856 -0.0654432 0
    outer loop
      vertex 63.0428 39.3474 0
      vertex 63 40 12
      vertex 63 40 0
    endloop
  endfacet
  facet normal -0.997856 -0.0654432 0
    outer loop
      vertex 63 40 12
      vertex 63.0428 39.3474 0
      vertex 63.0428 39.3474 12
    endloop
  endfacet
  facet normal 0.997856 -0.0654432 0
    outer loop
      vertex 72.9572 39.3474 12
      vertex 73 40 4
      vertex 73 40 12
    endloop
  endfacet
  facet normal 0.997856 -0.0654432 0
    outer loop
      vertex 73 40 4
      vertex 72.9572 39.3474 12
      vertex 72.9572 39.3474 4
    endloop
  endfacet
  facet normal 0.442314 -0.89686 0
    outer loop
      vertex 69.9134 35.3806 4
      vertex 70.5 35.6699 12
      vertex 69.9134 35.3806 12
    endloop
  endfacet
  facet normal 0.442314 -0.89686 0
    outer loop
      vertex 70.5 35.6699 12
      vertex 69.9134 35.3806 4
      vertex 70.5 35.6699 4
    endloop
  endfacet
  facet normal 0.659424 -0.751771 0
    outer loop
      vertex 71.0438 36.0332 4
      vertex 71.5355 36.4645 12
      vertex 71.0438 36.0332 12
    endloop
  endfacet
  facet normal 0.659424 -0.751771 0
    outer loop
      vertex 71.5355 36.4645 12
      vertex 71.0438 36.0332 4
      vertex 71.5355 36.4645 4
    endloop
  endfacet
  facet normal 0.89686 -0.442314 0
    outer loop
      vertex 72.3301 37.5 12
      vertex 72.6194 38.0866 4
      vertex 72.6194 38.0866 12
    endloop
  endfacet
  facet normal 0.89686 -0.442314 0
    outer loop
      vertex 72.6194 38.0866 4
      vertex 72.3301 37.5 12
      vertex 72.3301 37.5 4
    endloop
  endfacet
  facet normal -0.896832 -0.442371 0
    outer loop
      vertex 63.5233 37.7973 0
      vertex 63.3806 38.0866 12
      vertex 63.3806 38.0866 0
    endloop
  endfacet
  facet normal -0.896832 -0.442371 0
    outer loop
      vertex 63.3806 38.0866 12
      vertex 63.5233 37.7973 0
      vertex 63.5233 37.7973 12
    endloop
  endfacet
  facet normal -0.997854 -0.0654821 0
    outer loop
      vertex -65.7 -40 7
      vertex -65.7197 -39.6998 11.98
      vertex -65.7197 -39.6998 7
    endloop
  endfacet
  facet normal -0.997854 -0.0654821 0
    outer loop
      vertex -65.7197 -39.6998 11.98
      vertex -65.7 -40 7
      vertex -65.7 -40 11.98
    endloop
  endfacet
  facet normal 0.997854 -0.0654821 0
    outer loop
      vertex -70.3 -40 11.98
      vertex -70.2803 -39.6998 7
      vertex -70.2803 -39.6998 11.98
    endloop
  endfacet
  facet normal 0.997854 -0.0654821 0
    outer loop
      vertex -70.2803 -39.6998 7
      vertex -70.3 -40 11.98
      vertex -70.3 -40 7
    endloop
  endfacet
  facet normal 0.0654821 -0.997854 0
    outer loop
      vertex -68.3002 -37.7197 7
      vertex -68 -37.7 11.98
      vertex -68.3002 -37.7197 11.98
    endloop
  endfacet
  facet normal 0.0654821 -0.997854 0
    outer loop
      vertex -68 -37.7 11.98
      vertex -68.3002 -37.7197 7
      vertex -68 -37.7 7
    endloop
  endfacet
  facet normal -0.0654821 0.997854 0
    outer loop
      vertex -67.6998 -42.2803 7
      vertex -68 -42.3 11.98
      vertex -67.6998 -42.2803 11.98
    endloop
  endfacet
  facet normal -0.0654821 0.997854 0
    outer loop
      vertex -68 -42.3 11.98
      vertex -67.6998 -42.2803 7
      vertex -68 -42.3 7
    endloop
  endfacet
  facet normal -0.751649 0.659563 0
    outer loop
      vertex -66.3737 -41.6263 7
      vertex -66.1753 -41.4002 11.98
      vertex -66.1753 -41.4002 7
    endloop
  endfacet
  facet normal -0.751649 0.659563 0
    outer loop
      vertex -66.1753 -41.4002 11.98
      vertex -66.3737 -41.6263 7
      vertex -66.3737 -41.6263 11.98
    endloop
  endfacet
  facet normal -0.659563 -0.751649 0
    outer loop
      vertex -66.5998 -38.1753 7
      vertex -66.3737 -38.3737 11.98
      vertex -66.5998 -38.1753 11.98
    endloop
  endfacet
  facet normal -0.659563 -0.751649 -0
    outer loop
      vertex -66.3737 -38.3737 11.98
      vertex -66.5998 -38.1753 7
      vertex -66.3737 -38.3737 7
    endloop
  endfacet
  facet normal 0.751649 -0.659563 0
    outer loop
      vertex -69.8247 -38.5998 11.98
      vertex -69.6263 -38.3737 7
      vertex -69.6263 -38.3737 11.98
    endloop
  endfacet
  facet normal 0.751649 -0.659563 0
    outer loop
      vertex -69.6263 -38.3737 7
      vertex -69.8247 -38.5998 11.98
      vertex -69.8247 -38.5998 7
    endloop
  endfacet
  facet normal 0.442153 -0.89694 0
    outer loop
      vertex -69.15 -38.0081 7
      vertex -68.8802 -37.8751 11.98
      vertex -69.15 -38.0081 11.98
    endloop
  endfacet
  facet normal 0.442153 -0.89694 0
    outer loop
      vertex -68.8802 -37.8751 11.98
      vertex -69.15 -38.0081 7
      vertex -68.8802 -37.8751 7
    endloop
  endfacet
  facet normal -0.89694 -0.442153 0
    outer loop
      vertex -65.8751 -39.1198 7
      vertex -66.0081 -38.85 11.98
      vertex -66.0081 -38.85 7
    endloop
  endfacet
  facet normal -0.89694 -0.442153 0
    outer loop
      vertex -66.0081 -38.85 11.98
      vertex -65.8751 -39.1198 7
      vertex -65.8751 -39.1198 11.98
    endloop
  endfacet
  facet normal -0.831436 -0.55562 0
    outer loop
      vertex -66.0081 -38.85 7
      vertex -66.1753 -38.5998 11.98
      vertex -66.1753 -38.5998 7
    endloop
  endfacet
  facet normal -0.831436 -0.55562 0
    outer loop
      vertex -66.1753 -38.5998 11.98
      vertex -66.0081 -38.85 7
      vertex -66.0081 -38.85 11.98
    endloop
  endfacet
  facet normal -0.321408 -0.946941 0
    outer loop
      vertex -67.4047 -37.7784 7
      vertex -67.1198 -37.8751 11.98
      vertex -67.4047 -37.7784 11.98
    endloop
  endfacet
  facet normal -0.321408 -0.946941 -0
    outer loop
      vertex -67.1198 -37.8751 11.98
      vertex -67.4047 -37.7784 7
      vertex -67.1198 -37.8751 7
    endloop
  endfacet
  facet normal -0.195093 -0.980785 0
    outer loop
      vertex -67.6998 -37.7197 7
      vertex -67.4047 -37.7784 11.98
      vertex -67.6998 -37.7197 11.98
    endloop
  endfacet
  facet normal -0.195093 -0.980785 -0
    outer loop
      vertex -67.4047 -37.7784 11.98
      vertex -67.6998 -37.7197 7
      vertex -67.4047 -37.7784 7
    endloop
  endfacet
  facet normal -0.442153 -0.89694 0
    outer loop
      vertex -67.1198 -37.8751 7
      vertex -66.85 -38.0081 11.98
      vertex -67.1198 -37.8751 11.98
    endloop
  endfacet
  facet normal -0.442153 -0.89694 -0
    outer loop
      vertex -66.85 -38.0081 11.98
      vertex -67.1198 -37.8751 7
      vertex -66.85 -38.0081 7
    endloop
  endfacet
  facet normal 0.89694 -0.442153 0
    outer loop
      vertex -70.1249 -39.1198 11.98
      vertex -69.9919 -38.85 7
      vertex -69.9919 -38.85 11.98
    endloop
  endfacet
  facet normal 0.89694 -0.442153 0
    outer loop
      vertex -69.9919 -38.85 7
      vertex -70.1249 -39.1198 11.98
      vertex -70.1249 -39.1198 7
    endloop
  endfacet
  facet normal 0.831436 -0.55562 0
    outer loop
      vertex -69.9919 -38.85 11.98
      vertex -69.8247 -38.5998 7
      vertex -69.8247 -38.5998 11.98
    endloop
  endfacet
  facet normal 0.831436 -0.55562 0
    outer loop
      vertex -69.8247 -38.5998 7
      vertex -69.9919 -38.85 11.98
      vertex -69.9919 -38.85 7
    endloop
  endfacet
  facet normal 0.55562 -0.831436 0
    outer loop
      vertex -69.4002 -38.1753 7
      vertex -69.15 -38.0081 11.98
      vertex -69.4002 -38.1753 11.98
    endloop
  endfacet
  facet normal 0.55562 -0.831436 0
    outer loop
      vertex -69.15 -38.0081 11.98
      vertex -69.4002 -38.1753 7
      vertex -69.15 -38.0081 7
    endloop
  endfacet
  facet normal 0.321408 -0.946941 0
    outer loop
      vertex -68.8802 -37.8751 7
      vertex -68.5953 -37.7784 11.98
      vertex -68.8802 -37.8751 11.98
    endloop
  endfacet
  facet normal 0.321408 -0.946941 0
    outer loop
      vertex -68.5953 -37.7784 11.98
      vertex -68.8802 -37.8751 7
      vertex -68.5953 -37.7784 7
    endloop
  endfacet
  facet normal 0 0 1
    outer loop
      vertex -65.7197 -39.6998 7
      vertex -65.7197 -40.3002 7
      vertex -65.7 -40 7
    endloop
  endfacet
  facet normal 0 0 1
    outer loop
      vertex -65.7784 -39.4047 7
      vertex -65.7197 -40.3002 7
      vertex -65.7197 -39.6998 7
    endloop
  endfacet
  facet normal 0 0 1
    outer loop
      vertex -65.7784 -39.4047 7
      vertex -65.7784 -40.5953 7
      vertex -65.7197 -40.3002 7
    endloop
  endfacet
  facet normal 0 0 1
    outer loop
      vertex -65.8751 -39.1198 7
      vertex -65.7784 -40.5953 7
      vertex -65.7784 -39.4047 7
    endloop
  endfacet
  facet normal 0 0 1
    outer loop
      vertex -65.8751 -39.1198 7
      vertex -65.8751 -40.8802 7
      vertex -65.7784 -40.5953 7
    endloop
  endfacet
  facet normal 0 0 1
    outer loop
      vertex -66.0081 -38.85 7
      vertex -65.8751 -40.8802 7
      vertex -65.8751 -39.1198 7
    endloop
  endfacet
  facet normal 0 0 1
    outer loop
      vertex -66.0081 -38.85 7
      vertex -66.0081 -41.15 7
      vertex -65.8751 -40.8802 7
    endloop
  endfacet
  facet normal 0 0 1
    outer loop
      vertex -66.1753 -38.5998 7
      vertex -66.0081 -41.15 7
      vertex -66.0081 -38.85 7
    endloop
  endfacet
  facet normal 0 0 1
    outer loop
      vertex -66.1753 -38.5998 7
      vertex -66.1753 -41.4002 7
      vertex -66.0081 -41.15 7
    endloop
  endfacet
  facet normal 0 0 1
    outer loop
      vertex -66.3737 -38.3737 7
      vertex -66.1753 -41.4002 7
      vertex -66.1753 -38.5998 7
    endloop
  endfacet
  facet normal 0 0 1
    outer loop
      vertex -66.3737 -38.3737 7
      vertex -66.3737 -41.6263 7
      vertex -66.1753 -41.4002 7
    endloop
  endfacet
  facet normal 0 0 1
    outer loop
      vertex -66.5998 -38.1753 7
      vertex -66.3737 -41.6263 7
      vertex -66.3737 -38.3737 7
    endloop
  endfacet
  facet normal 0 0 1
    outer loop
      vertex -66.5998 -38.1753 7
      vertex -66.5998 -41.8247 7
      vertex -66.3737 -41.6263 7
    endloop
  endfacet
  facet normal 0 0 1
    outer loop
      vertex -66.85 -38.0081 7
      vertex -66.5998 -41.8247 7
      vertex -66.5998 -38.1753 7
    endloop
  endfacet
  facet normal 0 0 1
    outer loop
      vertex -66.85 -38.0081 7
      vertex -66.85 -41.9919 7
      vertex -66.5998 -41.8247 7
    endloop
  endfacet
  facet normal 0 0 1
    outer loop
      vertex -67.1198 -37.8751 7
      vertex -66.85 -41.9919 7
      vertex -66.85 -38.0081 7
    endloop
  endfacet
  facet normal 0 0 1
    outer loop
      vertex -67.1198 -37.8751 7
      vertex -67.1198 -42.1249 7
      vertex -66.85 -41.9919 7
    endloop
  endfacet
  facet normal 0 0 1
    outer loop
      vertex -67.4047 -37.7784 7
      vertex -67.1198 -42.1249 7
      vertex -67.1198 -37.8751 7
    endloop
  endfacet
  facet normal 0 0 1
    outer loop
      vertex -67.4047 -37.7784 7
      vertex -67.4047 -42.2216 7
      vertex -67.1198 -42.1249 7
    endloop
  endfacet
  facet normal 0 0 1
    outer loop
      vertex -67.6998 -37.7197 7
      vertex -67.4047 -42.2216 7
      vertex -67.4047 -37.7784 7
    endloop
  endfacet
  facet normal 0 0 1
    outer loop
      vertex -67.6998 -37.7197 7
      vertex -67.6998 -42.2803 7
      vertex -67.4047 -42.2216 7
    endloop
  endfacet
  facet normal 0 0 1
    outer loop
      vertex -68 -37.7 7
      vertex -67.6998 -42.2803 7
      vertex -67.6998 -37.7197 7
    endloop
  endfacet
  facet normal 0 0 1
    outer loop
      vertex -68 -37.7 7
      vertex -68 -42.3 7
      vertex -67.6998 -42.2803 7
    endloop
  endfacet
  facet normal -0 0 1
    outer loop
      vertex -68.3002 -37.7197 7
      vertex -68 -42.3 7
      vertex -68 -37.7 7
    endloop
  endfacet
  facet normal 0 0 1
    outer loop
      vertex -68.3002 -37.7197 7
      vertex -68.3002 -42.2803 7
      vertex -68 -42.3 7
    endloop
  endfacet
  facet normal -0 0 1
    outer loop
      vertex -68.5953 -37.7784 7
      vertex -68.3002 -42.2803 7
      vertex -68.3002 -37.7197 7
    endloop
  endfacet
  facet normal 0 0 1
    outer loop
      vertex -68.5953 -37.7784 7
      vertex -68.5953 -42.2216 7
      vertex -68.3002 -42.2803 7
    endloop
  endfacet
  facet normal -0 0 1
    outer loop
      vertex -68.8802 -37.8751 7
      vertex -68.5953 -42.2216 7
      vertex -68.5953 -37.7784 7
    endloop
  endfacet
  facet normal 0 0 1
    outer loop
      vertex -68.8802 -37.8751 7
      vertex -68.8802 -42.1249 7
      vertex -68.5953 -42.2216 7
    endloop
  endfacet
  facet normal -0 0 1
    outer loop
      vertex -69.15 -38.0081 7
      vertex -68.8802 -42.1249 7
      vertex -68.8802 -37.8751 7
    endloop
  endfacet
  facet normal 0 0 1
    outer loop
      vertex -69.15 -38.0081 7
      vertex -69.15 -41.9919 7
      vertex -68.8802 -42.1249 7
    endloop
  endfacet
  facet normal -0 0 1
    outer loop
      vertex -69.4002 -38.1753 7
      vertex -69.15 -41.9919 7
      vertex -69.15 -38.0081 7
    endloop
  endfacet
  facet normal 0 0 1
    outer loop
      vertex -69.4002 -38.1753 7
      vertex -69.4002 -41.8247 7
      vertex -69.15 -41.9919 7
    endloop
  endfacet
  facet normal -0 0 1
    outer loop
      vertex -69.6263 -38.3737 7
      vertex -69.4002 -41.8247 7
      vertex -69.4002 -38.1753 7
    endloop
  endfacet
  facet normal 0 0 1
    outer loop
      vertex -69.6263 -38.3737 7
      vertex -69.6263 -41.6263 7
      vertex -69.4002 -41.8247 7
    endloop
  endfacet
  facet normal -0 0 1
    outer loop
      vertex -69.8247 -38.5998 7
      vertex -69.6263 -41.6263 7
      vertex -69.6263 -38.3737 7
    endloop
  endfacet
  facet normal 0 0 1
    outer loop
      vertex -69.8247 -38.5998 7
      vertex -69.8247 -41.4002 7
      vertex -69.6263 -41.6263 7
    endloop
  endfacet
  facet normal -0 0 1
    outer loop
      vertex -69.9919 -38.85 7
      vertex -69.8247 -41.4002 7
      vertex -69.8247 -38.5998 7
    endloop
  endfacet
  facet normal 0 0 1
    outer loop
      vertex -69.9919 -38.85 7
      vertex -69.9919 -41.15 7
      vertex -69.8247 -41.4002 7
    endloop
  endfacet
  facet normal -0 0 1
    outer loop
      vertex -70.1249 -39.1198 7
      vertex -69.9919 -41.15 7
      vertex -69.9919 -38.85 7
    endloop
  endfacet
  facet normal 0 0 1
    outer loop
      vertex -70.1249 -39.1198 7
      vertex -70.1249 -40.8802 7
      vertex -69.9919 -41.15 7
    endloop
  endfacet
  facet normal -0 0 1
    outer loop
      vertex -70.2216 -39.4047 7
      vertex -70.1249 -40.8802 7
      vertex -70.1249 -39.1198 7
    endloop
  endfacet
  facet normal 0 0 1
    outer loop
      vertex -70.2216 -39.4047 7
      vertex -70.2216 -40.5953 7
      vertex -70.1249 -40.8802 7
    endloop
  endfacet
  facet normal -0 0 1
    outer loop
      vertex -70.2803 -39.6998 7
      vertex -70.2216 -40.5953 7
      vertex -70.2216 -39.4047 7
    endloop
  endfacet
  facet normal 0 0 1
    outer loop
      vertex -70.2803 -39.6998 7
      vertex -70.2803 -40.3002 7
      vertex -70.2216 -40.5953 7
    endloop
  endfacet
  facet normal 0 -0 1
    outer loop
      vertex -70.2803 -40.3002 7
      vertex -70.2803 -39.6998 7
      vertex -70.3 -40 7
    endloop
  endfacet
  facet normal -0.195093 0.980785 0
    outer loop
      vertex -67.4047 -42.2216 7
      vertex -67.6998 -42.2803 11.98
      vertex -67.4047 -42.2216 11.98
    endloop
  endfacet
  facet normal -0.195093 0.980785 0
    outer loop
      vertex -67.6998 -42.2803 11.98
      vertex -67.4047 -42.2216 7
      vertex -67.6998 -42.2803 7
    endloop
  endfacet
  facet normal -0.946941 -0.321408 0
    outer loop
      vertex -65.7784 -39.4047 7
      vertex -65.8751 -39.1198 11.98
      vertex -65.8751 -39.1198 7
    endloop
  endfacet
  facet normal -0.946941 -0.321408 0
    outer loop
      vertex -65.8751 -39.1198 11.98
      vertex -65.7784 -39.4047 7
      vertex -65.7784 -39.4047 11.98
    endloop
  endfacet
  facet normal -0.980785 -0.195093 0
    outer loop
      vertex -65.7197 -39.6998 7
      vertex -65.7784 -39.4047 11.98
      vertex -65.7784 -39.4047 7
    endloop
  endfacet
  facet normal -0.980785 -0.195093 0
    outer loop
      vertex -65.7784 -39.4047 11.98
      vertex -65.7197 -39.6998 7
      vertex -65.7197 -39.6998 11.98
    endloop
  endfacet
  facet normal -0.751649 -0.659563 0
    outer loop
      vertex -66.1753 -38.5998 7
      vertex -66.3737 -38.3737 11.98
      vertex -66.3737 -38.3737 7
    endloop
  endfacet
  facet normal -0.751649 -0.659563 0
    outer loop
      vertex -66.3737 -38.3737 11.98
      vertex -66.1753 -38.5998 7
      vertex -66.1753 -38.5998 11.98
    endloop
  endfacet
  facet normal -0.0654821 -0.997854 0
    outer loop
      vertex -68 -37.7 7
      vertex -67.6998 -37.7197 11.98
      vertex -68 -37.7 11.98
    endloop
  endfacet
  facet normal -0.0654821 -0.997854 -0
    outer loop
      vertex -67.6998 -37.7197 11.98
      vertex -68 -37.7 7
      vertex -67.6998 -37.7197 7
    endloop
  endfacet
  facet normal -0.55562 -0.831436 0
    outer loop
      vertex -66.85 -38.0081 7
      vertex -66.5998 -38.1753 11.98
      vertex -66.85 -38.0081 11.98
    endloop
  endfacet
  facet normal -0.55562 -0.831436 -0
    outer loop
      vertex -66.5998 -38.1753 11.98
      vertex -66.85 -38.0081 7
      vertex -66.5998 -38.1753 7
    endloop
  endfacet
  facet normal 0.946941 -0.321408 0
    outer loop
      vertex -70.2216 -39.4047 11.98
      vertex -70.1249 -39.1198 7
      vertex -70.1249 -39.1198 11.98
    endloop
  endfacet
  facet normal 0.946941 -0.321408 0
    outer loop
      vertex -70.1249 -39.1198 7
      vertex -70.2216 -39.4047 11.98
      vertex -70.2216 -39.4047 7
    endloop
  endfacet
  facet normal 0.980785 -0.195093 0
    outer loop
      vertex -70.2803 -39.6998 11.98
      vertex -70.2216 -39.4047 7
      vertex -70.2216 -39.4047 11.98
    endloop
  endfacet
  facet normal 0.980785 -0.195093 0
    outer loop
      vertex -70.2216 -39.4047 7
      vertex -70.2803 -39.6998 11.98
      vertex -70.2803 -39.6998 7
    endloop
  endfacet
  facet normal 0.659563 -0.751649 0
    outer loop
      vertex -69.6263 -38.3737 7
      vertex -69.4002 -38.1753 11.98
      vertex -69.6263 -38.3737 11.98
    endloop
  endfacet
  facet normal 0.659563 -0.751649 0
    outer loop
      vertex -69.4002 -38.1753 11.98
      vertex -69.6263 -38.3737 7
      vertex -69.4002 -38.1753 7
    endloop
  endfacet
  facet normal 0.195093 -0.980785 0
    outer loop
      vertex -68.5953 -37.7784 7
      vertex -68.3002 -37.7197 11.98
      vertex -68.5953 -37.7784 11.98
    endloop
  endfacet
  facet normal 0.195093 -0.980785 0
    outer loop
      vertex -68.3002 -37.7197 11.98
      vertex -68.5953 -37.7784 7
      vertex -68.3002 -37.7197 7
    endloop
  endfacet
  facet normal -0.997854 0.0654821 0
    outer loop
      vertex -65.7197 -40.3002 7
      vertex -65.7 -40 11.98
      vertex -65.7 -40 7
    endloop
  endfacet
  facet normal -0.997854 0.0654821 0
    outer loop
      vertex -65.7 -40 11.98
      vertex -65.7197 -40.3002 7
      vertex -65.7197 -40.3002 11.98
    endloop
  endfacet
  facet normal -0.946941 0.321408 0
    outer loop
      vertex -65.8751 -40.8802 7
      vertex -65.7784 -40.5953 11.98
      vertex -65.7784 -40.5953 7
    endloop
  endfacet
  facet normal -0.946941 0.321408 0
    outer loop
      vertex -65.7784 -40.5953 11.98
      vertex -65.8751 -40.8802 7
      vertex -65.8751 -40.8802 11.98
    endloop
  endfacet
  facet normal -0.980785 0.195093 0
    outer loop
      vertex -65.7784 -40.5953 7
      vertex -65.7197 -40.3002 11.98
      vertex -65.7197 -40.3002 7
    endloop
  endfacet
  facet normal -0.980785 0.195093 0
    outer loop
      vertex -65.7197 -40.3002 11.98
      vertex -65.7784 -40.5953 7
      vertex -65.7784 -40.5953 11.98
    endloop
  endfacet
  facet normal 0.89694 0.442153 0
    outer loop
      vertex -69.9919 -41.15 13.5
      vertex -70.1249 -40.8802 7
      vertex -70.1249 -40.8802 13.5
    endloop
  endfacet
  facet normal 0.89694 0.442153 0
    outer loop
      vertex -70.1249 -40.8802 7
      vertex -69.9919 -41.15 13.5
      vertex -69.9919 -41.15 7
    endloop
  endfacet
  facet normal 0.997854 0.0654821 0
    outer loop
      vertex -70.2803 -40.3002 13.5
      vertex -70.3 -40 11.98
      vertex -70.3 -40 13.5
    endloop
  endfacet
  facet normal 0.997854 0.0654821 -0
    outer loop
      vertex -70.2803 -40.3002 7
      vertex -70.3 -40 11.98
      vertex -70.2803 -40.3002 13.5
    endloop
  endfacet
  facet normal 0.997854 0.0654821 0
    outer loop
      vertex -70.3 -40 11.98
      vertex -70.2803 -40.3002 7
      vertex -70.3 -40 7
    endloop
  endfacet
  facet normal -0.55562 0.831436 0
    outer loop
      vertex -66.5998 -41.8247 7
      vertex -66.85 -41.9919 11.98
      vertex -66.5998 -41.8247 11.98
    endloop
  endfacet
  facet normal -0.55562 0.831436 0
    outer loop
      vertex -66.85 -41.9919 11.98
      vertex -66.5998 -41.8247 7
      vertex -66.85 -41.9919 7
    endloop
  endfacet
  facet normal 0.980785 0.195093 0
    outer loop
      vertex -70.2216 -40.5953 13.5
      vertex -70.2803 -40.3002 7
      vertex -70.2803 -40.3002 13.5
    endloop
  endfacet
  facet normal 0.980785 0.195093 0
    outer loop
      vertex -70.2803 -40.3002 7
      vertex -70.2216 -40.5953 13.5
      vertex -70.2216 -40.5953 7
    endloop
  endfacet
  facet normal 0.946941 0.321408 0
    outer loop
      vertex -70.1249 -40.8802 13.5
      vertex -70.2216 -40.5953 7
      vertex -70.2216 -40.5953 13.5
    endloop
  endfacet
  facet normal 0.946941 0.321408 0
    outer loop
      vertex -70.2216 -40.5953 7
      vertex -70.1249 -40.8802 13.5
      vertex -70.1249 -40.8802 7
    endloop
  endfacet
  facet normal -0.659563 0.751649 0
    outer loop
      vertex -66.3737 -41.6263 7
      vertex -66.5998 -41.8247 11.98
      vertex -66.3737 -41.6263 11.98
    endloop
  endfacet
  facet normal -0.659563 0.751649 0
    outer loop
      vertex -66.5998 -41.8247 11.98
      vertex -66.3737 -41.6263 7
      vertex -66.5998 -41.8247 7
    endloop
  endfacet
  facet normal -0.442153 0.89694 0
    outer loop
      vertex -66.85 -41.9919 7
      vertex -67.1198 -42.1249 11.98
      vertex -66.85 -41.9919 11.98
    endloop
  endfacet
  facet normal -0.442153 0.89694 0
    outer loop
      vertex -67.1198 -42.1249 11.98
      vertex -66.85 -41.9919 7
      vertex -67.1198 -42.1249 7
    endloop
  endfacet
  facet normal -0.321408 0.946941 0
    outer loop
      vertex -67.1198 -42.1249 7
      vertex -67.4047 -42.2216 11.98
      vertex -67.1198 -42.1249 11.98
    endloop
  endfacet
  facet normal -0.321408 0.946941 0
    outer loop
      vertex -67.4047 -42.2216 11.98
      vertex -67.1198 -42.1249 7
      vertex -67.4047 -42.2216 7
    endloop
  endfacet
  facet normal -0.89694 0.442153 0
    outer loop
      vertex -66.0081 -41.15 7
      vertex -65.8751 -40.8802 11.98
      vertex -65.8751 -40.8802 7
    endloop
  endfacet
  facet normal -0.89694 0.442153 0
    outer loop
      vertex -65.8751 -40.8802 11.98
      vertex -66.0081 -41.15 7
      vertex -66.0081 -41.15 11.98
    endloop
  endfacet
  facet normal -0.831436 0.55562 0
    outer loop
      vertex -66.1753 -41.4002 7
      vertex -66.0081 -41.15 11.98
      vertex -66.0081 -41.15 7
    endloop
  endfacet
  facet normal -0.831436 0.55562 0
    outer loop
      vertex -66.0081 -41.15 11.98
      vertex -66.1753 -41.4002 7
      vertex -66.1753 -41.4002 11.98
    endloop
  endfacet
  facet normal 0.321408 0.946941 -0
    outer loop
      vertex -68.5953 -42.2216 7
      vertex -68.8802 -42.1249 13.5
      vertex -68.5953 -42.2216 13.5
    endloop
  endfacet
  facet normal 0.321408 0.946941 0
    outer loop
      vertex -68.8802 -42.1249 13.5
      vertex -68.5953 -42.2216 7
      vertex -68.8802 -42.1249 7
    endloop
  endfacet
  facet normal 0.195093 0.980785 -0
    outer loop
      vertex -68.3002 -42.2803 7
      vertex -68.5953 -42.2216 13.5
      vertex -68.3002 -42.2803 13.5
    endloop
  endfacet
  facet normal 0.195093 0.980785 0
    outer loop
      vertex -68.5953 -42.2216 13.5
      vertex -68.3002 -42.2803 7
      vertex -68.5953 -42.2216 7
    endloop
  endfacet
  facet normal 0.751649 0.659563 0
    outer loop
      vertex -69.6263 -41.6263 13.5
      vertex -69.8247 -41.4002 7
      vertex -69.8247 -41.4002 13.5
    endloop
  endfacet
  facet normal 0.751649 0.659563 0
    outer loop
      vertex -69.8247 -41.4002 7
      vertex -69.6263 -41.6263 13.5
      vertex -69.6263 -41.6263 7
    endloop
  endfacet
  facet normal 0.659563 0.751649 -0
    outer loop
      vertex -69.4002 -41.8247 7
      vertex -69.6263 -41.6263 13.5
      vertex -69.4002 -41.8247 13.5
    endloop
  endfacet
  facet normal 0.659563 0.751649 0
    outer loop
      vertex -69.6263 -41.6263 13.5
      vertex -69.4002 -41.8247 7
      vertex -69.6263 -41.6263 7
    endloop
  endfacet
  facet normal 0.55562 0.831436 -0
    outer loop
      vertex -69.15 -41.9919 7
      vertex -69.4002 -41.8247 13.5
      vertex -69.15 -41.9919 13.5
    endloop
  endfacet
  facet normal 0.55562 0.831436 0
    outer loop
      vertex -69.4002 -41.8247 13.5
      vertex -69.15 -41.9919 7
      vertex -69.4002 -41.8247 7
    endloop
  endfacet
  facet normal 0.0654821 0.997854 -0
    outer loop
      vertex -68 -42.3 11.98
      vertex -68.3002 -42.2803 13.5
      vertex -68 -42.3 13.5
    endloop
  endfacet
  facet normal 0.0654821 0.997854 0
    outer loop
      vertex -68.3002 -42.2803 7
      vertex -68 -42.3 11.98
      vertex -68 -42.3 7
    endloop
  endfacet
  facet normal 0.0654821 0.997854 0
    outer loop
      vertex -68 -42.3 11.98
      vertex -68.3002 -42.2803 7
      vertex -68.3002 -42.2803 13.5
    endloop
  endfacet
  facet normal 0.831436 0.55562 0
    outer loop
      vertex -69.8247 -41.4002 13.5
      vertex -69.9919 -41.15 7
      vertex -69.9919 -41.15 13.5
    endloop
  endfacet
  facet normal 0.831436 0.55562 0
    outer loop
      vertex -69.9919 -41.15 7
      vertex -69.8247 -41.4002 13.5
      vertex -69.8247 -41.4002 7
    endloop
  endfacet
  facet normal 0.442153 0.89694 -0
    outer loop
      vertex -68.8802 -42.1249 7
      vertex -69.15 -41.9919 13.5
      vertex -68.8802 -42.1249 13.5
    endloop
  endfacet
  facet normal 0.442153 0.89694 0
    outer loop
      vertex -69.15 -41.9919 13.5
      vertex -68.8802 -42.1249 7
      vertex -69.15 -41.9919 7
    endloop
  endfacet
  facet normal -0.997854 -0.0654821 0
    outer loop
      vertex -65.7 40 7
      vertex -65.7197 40.3002 11.98
      vertex -65.7197 40.3002 7
    endloop
  endfacet
  facet normal -0.997854 -0.0654821 0
    outer loop
      vertex -65.7197 40.3002 11.98
      vertex -65.7 40 7
      vertex -65.7 40 11.98
    endloop
  endfacet
  facet normal 0.0654821 -0.997854 0
    outer loop
      vertex -68.3002 42.2803 13.5
      vertex -68 42.3 11.98
      vertex -68 42.3 13.5
    endloop
  endfacet
  facet normal 0.0654821 -0.997854 0
    outer loop
      vertex -68.3002 42.2803 7
      vertex -68 42.3 11.98
      vertex -68.3002 42.2803 13.5
    endloop
  endfacet
  facet normal 0.0654821 -0.997854 0
    outer loop
      vertex -68 42.3 11.98
      vertex -68.3002 42.2803 7
      vertex -68 42.3 7
    endloop
  endfacet
  facet normal -0.659563 -0.751649 0
    outer loop
      vertex -66.5998 41.8247 7
      vertex -66.3737 41.6263 11.98
      vertex -66.5998 41.8247 11.98
    endloop
  endfacet
  facet normal -0.659563 -0.751649 -0
    outer loop
      vertex -66.3737 41.6263 11.98
      vertex -66.5998 41.8247 7
      vertex -66.3737 41.6263 7
    endloop
  endfacet
  facet normal 0.751649 -0.659563 0
    outer loop
      vertex -69.8247 41.4002 13.5
      vertex -69.6263 41.6263 7
      vertex -69.6263 41.6263 13.5
    endloop
  endfacet
  facet normal 0.751649 -0.659563 0
    outer loop
      vertex -69.6263 41.6263 7
      vertex -69.8247 41.4002 13.5
      vertex -69.8247 41.4002 7
    endloop
  endfacet
  facet normal 0.442153 -0.89694 0
    outer loop
      vertex -69.15 41.9919 7
      vertex -68.8802 42.1249 13.5
      vertex -69.15 41.9919 13.5
    endloop
  endfacet
  facet normal 0.442153 -0.89694 0
    outer loop
      vertex -68.8802 42.1249 13.5
      vertex -69.15 41.9919 7
      vertex -68.8802 42.1249 7
    endloop
  endfacet
  facet normal -0.89694 0.442153 0
    outer loop
      vertex -66.0081 38.85 7
      vertex -65.8751 39.1198 11.98
      vertex -65.8751 39.1198 7
    endloop
  endfacet
  facet normal -0.89694 0.442153 0
    outer loop
      vertex -65.8751 39.1198 11.98
      vertex -66.0081 38.85 7
      vertex -66.0081 38.85 11.98
    endloop
  endfacet
  facet normal -0.89694 -0.442153 0
    outer loop
      vertex -65.8751 40.8802 7
      vertex -66.0081 41.15 11.98
      vertex -66.0081 41.15 7
    endloop
  endfacet
  facet normal -0.89694 -0.442153 0
    outer loop
      vertex -66.0081 41.15 11.98
      vertex -65.8751 40.8802 7
      vertex -65.8751 40.8802 11.98
    endloop
  endfacet
  facet normal -0.831436 -0.55562 0
    outer loop
      vertex -66.0081 41.15 7
      vertex -66.1753 41.4002 11.98
      vertex -66.1753 41.4002 7
    endloop
  endfacet
  facet normal -0.831436 -0.55562 0
    outer loop
      vertex -66.1753 41.4002 11.98
      vertex -66.0081 41.15 7
      vertex -66.0081 41.15 11.98
    endloop
  endfacet
  facet normal -0.321408 -0.946941 0
    outer loop
      vertex -67.4047 42.2216 7
      vertex -67.1198 42.1249 11.98
      vertex -67.4047 42.2216 11.98
    endloop
  endfacet
  facet normal -0.321408 -0.946941 -0
    outer loop
      vertex -67.1198 42.1249 11.98
      vertex -67.4047 42.2216 7
      vertex -67.1198 42.1249 7
    endloop
  endfacet
  facet normal -0.195093 -0.980785 0
    outer loop
      vertex -67.6998 42.2803 7
      vertex -67.4047 42.2216 11.98
      vertex -67.6998 42.2803 11.98
    endloop
  endfacet
  facet normal -0.195093 -0.980785 -0
    outer loop
      vertex -67.4047 42.2216 11.98
      vertex -67.6998 42.2803 7
      vertex -67.4047 42.2216 7
    endloop
  endfacet
  facet normal -0.442153 -0.89694 0
    outer loop
      vertex -67.1198 42.1249 7
      vertex -66.85 41.9919 11.98
      vertex -67.1198 42.1249 11.98
    endloop
  endfacet
  facet normal -0.442153 -0.89694 -0
    outer loop
      vertex -66.85 41.9919 11.98
      vertex -67.1198 42.1249 7
      vertex -66.85 41.9919 7
    endloop
  endfacet
  facet normal 0.946941 -0.321408 0
    outer loop
      vertex -70.2216 40.5953 13.5
      vertex -70.1249 40.8802 7
      vertex -70.1249 40.8802 13.5
    endloop
  endfacet
  facet normal 0.946941 -0.321408 0
    outer loop
      vertex -70.1249 40.8802 7
      vertex -70.2216 40.5953 13.5
      vertex -70.2216 40.5953 7
    endloop
  endfacet
  facet normal 0.89694 -0.442153 0
    outer loop
      vertex -70.1249 40.8802 13.5
      vertex -69.9919 41.15 7
      vertex -69.9919 41.15 13.5
    endloop
  endfacet
  facet normal 0.89694 -0.442153 0
    outer loop
      vertex -69.9919 41.15 7
      vertex -70.1249 40.8802 13.5
      vertex -70.1249 40.8802 7
    endloop
  endfacet
  facet normal 0.980785 -0.195093 0
    outer loop
      vertex -70.2803 40.3002 13.5
      vertex -70.2216 40.5953 7
      vertex -70.2216 40.5953 13.5
    endloop
  endfacet
  facet normal 0.980785 -0.195093 0
    outer loop
      vertex -70.2216 40.5953 7
      vertex -70.2803 40.3002 13.5
      vertex -70.2803 40.3002 7
    endloop
  endfacet
  facet normal 0.55562 -0.831436 0
    outer loop
      vertex -69.4002 41.8247 7
      vertex -69.15 41.9919 13.5
      vertex -69.4002 41.8247 13.5
    endloop
  endfacet
  facet normal 0.55562 -0.831436 0
    outer loop
      vertex -69.15 41.9919 13.5
      vertex -69.4002 41.8247 7
      vertex -69.15 41.9919 7
    endloop
  endfacet
  facet normal 0.321408 -0.946941 0
    outer loop
      vertex -68.8802 42.1249 7
      vertex -68.5953 42.2216 13.5
      vertex -68.8802 42.1249 13.5
    endloop
  endfacet
  facet normal 0.321408 -0.946941 0
    outer loop
      vertex -68.5953 42.2216 13.5
      vertex -68.8802 42.1249 7
      vertex -68.5953 42.2216 7
    endloop
  endfacet
  facet normal -0.751649 0.659563 0
    outer loop
      vertex -66.3737 38.3737 7
      vertex -66.1753 38.5998 11.98
      vertex -66.1753 38.5998 7
    endloop
  endfacet
  facet normal -0.751649 0.659563 0
    outer loop
      vertex -66.1753 38.5998 11.98
      vertex -66.3737 38.3737 7
      vertex -66.3737 38.3737 11.98
    endloop
  endfacet
  facet normal -0.55562 0.831436 0
    outer loop
      vertex -66.5998 38.1753 7
      vertex -66.85 38.0081 11.98
      vertex -66.5998 38.1753 11.98
    endloop
  endfacet
  facet normal -0.55562 0.831436 0
    outer loop
      vertex -66.85 38.0081 11.98
      vertex -66.5998 38.1753 7
      vertex -66.85 38.0081 7
    endloop
  endfacet
  facet normal 0.195093 0.980785 -0
    outer loop
      vertex -68.3002 37.7197 7
      vertex -68.5953 37.7784 11.98
      vertex -68.3002 37.7197 11.98
    endloop
  endfacet
  facet normal 0.195093 0.980785 0
    outer loop
      vertex -68.5953 37.7784 11.98
      vertex -68.3002 37.7197 7
      vertex -68.5953 37.7784 7
    endloop
  endfacet
  facet normal 0.831436 0.55562 0
    outer loop
      vertex -69.8247 38.5998 11.98
      vertex -69.9919 38.85 7
      vertex -69.9919 38.85 11.98
    endloop
  endfacet
  facet normal 0.831436 0.55562 0
    outer loop
      vertex -69.9919 38.85 7
      vertex -69.8247 38.5998 11.98
      vertex -69.8247 38.5998 7
    endloop
  endfacet
  facet normal 0.751649 0.659563 0
    outer loop
      vertex -69.6263 38.3737 11.98
      vertex -69.8247 38.5998 7
      vertex -69.8247 38.5998 11.98
    endloop
  endfacet
  facet normal 0.751649 0.659563 0
    outer loop
      vertex -69.8247 38.5998 7
      vertex -69.6263 38.3737 11.98
      vertex -69.6263 38.3737 7
    endloop
  endfacet
  facet normal -0.946941 -0.321408 0
    outer loop
      vertex -65.7784 40.5953 7
      vertex -65.8751 40.8802 11.98
      vertex -65.8751 40.8802 7
    endloop
  endfacet
  facet normal -0.946941 -0.321408 0
    outer loop
      vertex -65.8751 40.8802 11.98
      vertex -65.7784 40.5953 7
      vertex -65.7784 40.5953 11.98
    endloop
  endfacet
  facet normal -0.980785 -0.195093 0
    outer loop
      vertex -65.7197 40.3002 7
      vertex -65.7784 40.5953 11.98
      vertex -65.7784 40.5953 7
    endloop
  endfacet
  facet normal -0.980785 -0.195093 0
    outer loop
      vertex -65.7784 40.5953 11.98
      vertex -65.7197 40.3002 7
      vertex -65.7197 40.3002 11.98
    endloop
  endfacet
  facet normal -0.0654821 -0.997854 0
    outer loop
      vertex -68 42.3 7
      vertex -67.6998 42.2803 11.98
      vertex -68 42.3 11.98
    endloop
  endfacet
  facet normal -0.0654821 -0.997854 -0
    outer loop
      vertex -67.6998 42.2803 11.98
      vertex -68 42.3 7
      vertex -67.6998 42.2803 7
    endloop
  endfacet
  facet normal -0.55562 -0.831436 0
    outer loop
      vertex -66.85 41.9919 7
      vertex -66.5998 41.8247 11.98
      vertex -66.85 41.9919 11.98
    endloop
  endfacet
  facet normal -0.55562 -0.831436 -0
    outer loop
      vertex -66.5998 41.8247 11.98
      vertex -66.85 41.9919 7
      vertex -66.5998 41.8247 7
    endloop
  endfacet
  facet normal 0 0 1
    outer loop
      vertex -65.7197 40.3002 7
      vertex -65.7197 39.6998 7
      vertex -65.7 40 7
    endloop
  endfacet
  facet normal 0 0 1
    outer loop
      vertex -65.7784 40.5953 7
      vertex -65.7197 39.6998 7
      vertex -65.7197 40.3002 7
    endloop
  endfacet
  facet normal 0 0 1
    outer loop
      vertex -65.7784 40.5953 7
      vertex -65.7784 39.4047 7
      vertex -65.7197 39.6998 7
    endloop
  endfacet
  facet normal 0 0 1
    outer loop
      vertex -65.8751 40.8802 7
      vertex -65.7784 39.4047 7
      vertex -65.7784 40.5953 7
    endloop
  endfacet
  facet normal 0 0 1
    outer loop
      vertex -65.8751 40.8802 7
      vertex -65.8751 39.1198 7
      vertex -65.7784 39.4047 7
    endloop
  endfacet
  facet normal 0 0 1
    outer loop
      vertex -66.0081 41.15 7
      vertex -65.8751 39.1198 7
      vertex -65.8751 40.8802 7
    endloop
  endfacet
  facet normal 0 0 1
    outer loop
      vertex -66.0081 41.15 7
      vertex -66.0081 38.85 7
      vertex -65.8751 39.1198 7
    endloop
  endfacet
  facet normal 0 0 1
    outer loop
      vertex -66.1753 41.4002 7
      vertex -66.0081 38.85 7
      vertex -66.0081 41.15 7
    endloop
  endfacet
  facet normal 0 0 1
    outer loop
      vertex -66.1753 41.4002 7
      vertex -66.1753 38.5998 7
      vertex -66.0081 38.85 7
    endloop
  endfacet
  facet normal 0 0 1
    outer loop
      vertex -66.3737 41.6263 7
      vertex -66.1753 38.5998 7
      vertex -66.1753 41.4002 7
    endloop
  endfacet
  facet normal 0 0 1
    outer loop
      vertex -66.3737 41.6263 7
      vertex -66.3737 38.3737 7
      vertex -66.1753 38.5998 7
    endloop
  endfacet
  facet normal 0 0 1
    outer loop
      vertex -66.5998 41.8247 7
      vertex -66.3737 38.3737 7
      vertex -66.3737 41.6263 7
    endloop
  endfacet
  facet normal 0 0 1
    outer loop
      vertex -66.5998 41.8247 7
      vertex -66.5998 38.1753 7
      vertex -66.3737 38.3737 7
    endloop
  endfacet
  facet normal 0 0 1
    outer loop
      vertex -66.85 41.9919 7
      vertex -66.5998 38.1753 7
      vertex -66.5998 41.8247 7
    endloop
  endfacet
  facet normal 0 0 1
    outer loop
      vertex -66.85 41.9919 7
      vertex -66.85 38.0081 7
      vertex -66.5998 38.1753 7
    endloop
  endfacet
  facet normal 0 0 1
    outer loop
      vertex -67.1198 42.1249 7
      vertex -66.85 38.0081 7
      vertex -66.85 41.9919 7
    endloop
  endfacet
  facet normal 0 0 1
    outer loop
      vertex -67.1198 42.1249 7
      vertex -67.1198 37.8751 7
      vertex -66.85 38.0081 7
    endloop
  endfacet
  facet normal 0 0 1
    outer loop
      vertex -67.4047 42.2216 7
      vertex -67.1198 37.8751 7
      vertex -67.1198 42.1249 7
    endloop
  endfacet
  facet normal 0 0 1
    outer loop
      vertex -67.4047 42.2216 7
      vertex -67.4047 37.7784 7
      vertex -67.1198 37.8751 7
    endloop
  endfacet
  facet normal 0 0 1
    outer loop
      vertex -67.6998 42.2803 7
      vertex -67.4047 37.7784 7
      vertex -67.4047 42.2216 7
    endloop
  endfacet
  facet normal 0 0 1
    outer loop
      vertex -67.6998 42.2803 7
      vertex -67.6998 37.7197 7
      vertex -67.4047 37.7784 7
    endloop
  endfacet
  facet normal 0 0 1
    outer loop
      vertex -68 42.3 7
      vertex -67.6998 37.7197 7
      vertex -67.6998 42.2803 7
    endloop
  endfacet
  facet normal 0 0 1
    outer loop
      vertex -68 42.3 7
      vertex -68 37.7 7
      vertex -67.6998 37.7197 7
    endloop
  endfacet
  facet normal -0 0 1
    outer loop
      vertex -68.3002 42.2803 7
      vertex -68 37.7 7
      vertex -68 42.3 7
    endloop
  endfacet
  facet normal 0 0 1
    outer loop
      vertex -68.3002 42.2803 7
      vertex -68.3002 37.7197 7
      vertex -68 37.7 7
    endloop
  endfacet
  facet normal -0 0 1
    outer loop
      vertex -68.5953 42.2216 7
      vertex -68.3002 37.7197 7
      vertex -68.3002 42.2803 7
    endloop
  endfacet
  facet normal 0 0 1
    outer loop
      vertex -68.5953 42.2216 7
      vertex -68.5953 37.7784 7
      vertex -68.3002 37.7197 7
    endloop
  endfacet
  facet normal -0 0 1
    outer loop
      vertex -68.8802 42.1249 7
      vertex -68.5953 37.7784 7
      vertex -68.5953 42.2216 7
    endloop
  endfacet
  facet normal 0 0 1
    outer loop
      vertex -68.8802 42.1249 7
      vertex -68.8802 37.8751 7
      vertex -68.5953 37.7784 7
    endloop
  endfacet
  facet normal -0 0 1
    outer loop
      vertex -69.15 41.9919 7
      vertex -68.8802 37.8751 7
      vertex -68.8802 42.1249 7
    endloop
  endfacet
  facet normal 0 0 1
    outer loop
      vertex -69.15 41.9919 7
      vertex -69.15 38.0081 7
      vertex -68.8802 37.8751 7
    endloop
  endfacet
  facet normal -0 0 1
    outer loop
      vertex -69.4002 41.8247 7
      vertex -69.15 38.0081 7
      vertex -69.15 41.9919 7
    endloop
  endfacet
  facet normal 0 0 1
    outer loop
      vertex -69.4002 41.8247 7
      vertex -69.4002 38.1753 7
      vertex -69.15 38.0081 7
    endloop
  endfacet
  facet normal -0 0 1
    outer loop
      vertex -69.6263 41.6263 7
      vertex -69.4002 38.1753 7
      vertex -69.4002 41.8247 7
    endloop
  endfacet
  facet normal 0 0 1
    outer loop
      vertex -69.6263 41.6263 7
      vertex -69.6263 38.3737 7
      vertex -69.4002 38.1753 7
    endloop
  endfacet
  facet normal -0 0 1
    outer loop
      vertex -69.8247 41.4002 7
      vertex -69.6263 38.3737 7
      vertex -69.6263 41.6263 7
    endloop
  endfacet
  facet normal 0 0 1
    outer loop
      vertex -69.8247 41.4002 7
      vertex -69.8247 38.5998 7
      vertex -69.6263 38.3737 7
    endloop
  endfacet
  facet normal -0 0 1
    outer loop
      vertex -69.9919 41.15 7
      vertex -69.8247 38.5998 7
      vertex -69.8247 41.4002 7
    endloop
  endfacet
  facet normal 0 0 1
    outer loop
      vertex -69.9919 41.15 7
      vertex -69.9919 38.85 7
      vertex -69.8247 38.5998 7
    endloop
  endfacet
  facet normal -0 0 1
    outer loop
      vertex -70.1249 40.8802 7
      vertex -69.9919 38.85 7
      vertex -69.9919 41.15 7
    endloop
  endfacet
  facet normal 0 0 1
    outer loop
      vertex -70.1249 40.8802 7
      vertex -70.1249 39.1198 7
      vertex -69.9919 38.85 7
    endloop
  endfacet
  facet normal -0 0 1
    outer loop
      vertex -70.2216 40.5953 7
      vertex -70.1249 39.1198 7
      vertex -70.1249 40.8802 7
    endloop
  endfacet
  facet normal 0 0 1
    outer loop
      vertex -70.2216 40.5953 7
      vertex -70.2216 39.4047 7
      vertex -70.1249 39.1198 7
    endloop
  endfacet
  facet normal -0 0 1
    outer loop
      vertex -70.2803 40.3002 7
      vertex -70.2216 39.4047 7
      vertex -70.2216 40.5953 7
    endloop
  endfacet
  facet normal 0 0 1
    outer loop
      vertex -70.2803 40.3002 7
      vertex -70.2803 39.6998 7
      vertex -70.2216 39.4047 7
    endloop
  endfacet
  facet normal 0 -0 1
    outer loop
      vertex -70.2803 39.6998 7
      vertex -70.2803 40.3002 7
      vertex -70.3 40 7
    endloop
  endfacet
  facet normal 0.831436 -0.55562 0
    outer loop
      vertex -69.9919 41.15 13.5
      vertex -69.8247 41.4002 7
      vertex -69.8247 41.4002 13.5
    endloop
  endfacet
  facet normal 0.831436 -0.55562 0
    outer loop
      vertex -69.8247 41.4002 7
      vertex -69.9919 41.15 13.5
      vertex -69.9919 41.15 7
    endloop
  endfacet
  facet normal 0.997854 -0.0654821 0
    outer loop
      vertex -70.3 40 11.98
      vertex -70.2803 40.3002 13.5
      vertex -70.3 40 13.5
    endloop
  endfacet
  facet normal 0.997854 -0.0654821 0
    outer loop
      vertex -70.2803 40.3002 13.5
      vertex -70.3 40 11.98
      vertex -70.2803 40.3002 7
    endloop
  endfacet
  facet normal 0.997854 -0.0654821 0
    outer loop
      vertex -70.2803 40.3002 7
      vertex -70.3 40 11.98
      vertex -70.3 40 7
    endloop
  endfacet
  facet normal 0.659563 -0.751649 0
    outer loop
      vertex -69.6263 41.6263 7
      vertex -69.4002 41.8247 13.5
      vertex -69.6263 41.6263 13.5
    endloop
  endfacet
  facet normal 0.659563 -0.751649 0
    outer loop
      vertex -69.4002 41.8247 13.5
      vertex -69.6263 41.6263 7
      vertex -69.4002 41.8247 7
    endloop
  endfacet
  facet normal 0.195093 -0.980785 0
    outer loop
      vertex -68.5953 42.2216 7
      vertex -68.3002 42.2803 13.5
      vertex -68.5953 42.2216 13.5
    endloop
  endfacet
  facet normal 0.195093 -0.980785 0
    outer loop
      vertex -68.3002 42.2803 13.5
      vertex -68.5953 42.2216 7
      vertex -68.3002 42.2803 7
    endloop
  endfacet
  facet normal -0.997854 0.0654821 0
    outer loop
      vertex -65.7197 39.6998 7
      vertex -65.7 40 11.98
      vertex -65.7 40 7
    endloop
  endfacet
  facet normal -0.997854 0.0654821 0
    outer loop
      vertex -65.7 40 11.98
      vertex -65.7197 39.6998 7
      vertex -65.7197 39.6998 11.98
    endloop
  endfacet
  facet normal -0.195093 0.980785 0
    outer loop
      vertex -67.4047 37.7784 7
      vertex -67.6998 37.7197 11.98
      vertex -67.4047 37.7784 11.98
    endloop
  endfacet
  facet normal -0.195093 0.980785 0
    outer loop
      vertex -67.6998 37.7197 11.98
      vertex -67.4047 37.7784 7
      vertex -67.6998 37.7197 7
    endloop
  endfacet
  facet normal -0.442153 0.89694 0
    outer loop
      vertex -66.85 38.0081 7
      vertex -67.1198 37.8751 11.98
      vertex -66.85 38.0081 11.98
    endloop
  endfacet
  facet normal -0.442153 0.89694 0
    outer loop
      vertex -67.1198 37.8751 11.98
      vertex -66.85 38.0081 7
      vertex -67.1198 37.8751 7
    endloop
  endfacet
  facet normal -0.659563 0.751649 0
    outer loop
      vertex -66.3737 38.3737 7
      vertex -66.5998 38.1753 11.98
      vertex -66.3737 38.3737 11.98
    endloop
  endfacet
  facet normal -0.659563 0.751649 0
    outer loop
      vertex -66.5998 38.1753 11.98
      vertex -66.3737 38.3737 7
      vertex -66.5998 38.1753 7
    endloop
  endfacet
  facet normal -0.831436 0.55562 0
    outer loop
      vertex -66.1753 38.5998 7
      vertex -66.0081 38.85 11.98
      vertex -66.0081 38.85 7
    endloop
  endfacet
  facet normal -0.831436 0.55562 0
    outer loop
      vertex -66.0081 38.85 11.98
      vertex -66.1753 38.5998 7
      vertex -66.1753 38.5998 11.98
    endloop
  endfacet
  facet normal 0.442153 0.89694 -0
    outer loop
      vertex -68.8802 37.8751 7
      vertex -69.15 38.0081 11.98
      vertex -68.8802 37.8751 11.98
    endloop
  endfacet
  facet normal 0.442153 0.89694 0
    outer loop
      vertex -69.15 38.0081 11.98
      vertex -68.8802 37.8751 7
      vertex -69.15 38.0081 7
    endloop
  endfacet
  facet normal 0.55562 0.831436 -0
    outer loop
      vertex -69.15 38.0081 7
      vertex -69.4002 38.1753 11.98
      vertex -69.15 38.0081 11.98
    endloop
  endfacet
  facet normal 0.55562 0.831436 0
    outer loop
      vertex -69.4002 38.1753 11.98
      vertex -69.15 38.0081 7
      vertex -69.4002 38.1753 7
    endloop
  endfacet
  facet normal 0.321408 0.946941 -0
    outer loop
      vertex -68.5953 37.7784 7
      vertex -68.8802 37.8751 11.98
      vertex -68.5953 37.7784 11.98
    endloop
  endfacet
  facet normal 0.321408 0.946941 0
    outer loop
      vertex -68.8802 37.8751 11.98
      vertex -68.5953 37.7784 7
      vertex -68.8802 37.8751 7
    endloop
  endfacet
  facet normal 0.0654821 0.997854 -0
    outer loop
      vertex -68 37.7 7
      vertex -68.3002 37.7197 11.98
      vertex -68 37.7 11.98
    endloop
  endfacet
  facet normal 0.0654821 0.997854 0
    outer loop
      vertex -68.3002 37.7197 11.98
      vertex -68 37.7 7
      vertex -68.3002 37.7197 7
    endloop
  endfacet
  facet normal 0.659563 0.751649 -0
    outer loop
      vertex -69.4002 38.1753 7
      vertex -69.6263 38.3737 11.98
      vertex -69.4002 38.1753 11.98
    endloop
  endfacet
  facet normal 0.659563 0.751649 0
    outer loop
      vertex -69.6263 38.3737 11.98
      vertex -69.4002 38.1753 7
      vertex -69.6263 38.3737 7
    endloop
  endfacet
  facet normal 0.89694 0.442153 0
    outer loop
      vertex -69.9919 38.85 11.98
      vertex -70.1249 39.1198 7
      vertex -70.1249 39.1198 11.98
    endloop
  endfacet
  facet normal 0.89694 0.442153 0
    outer loop
      vertex -70.1249 39.1198 7
      vertex -69.9919 38.85 11.98
      vertex -69.9919 38.85 7
    endloop
  endfacet
  facet normal 0.980785 0.195093 0
    outer loop
      vertex -70.2216 39.4047 11.98
      vertex -70.2803 39.6998 7
      vertex -70.2803 39.6998 11.98
    endloop
  endfacet
  facet normal 0.980785 0.195093 0
    outer loop
      vertex -70.2803 39.6998 7
      vertex -70.2216 39.4047 11.98
      vertex -70.2216 39.4047 7
    endloop
  endfacet
  facet normal -0.751649 -0.659563 0
    outer loop
      vertex -66.1753 41.4002 7
      vertex -66.3737 41.6263 11.98
      vertex -66.3737 41.6263 7
    endloop
  endfacet
  facet normal -0.751649 -0.659563 0
    outer loop
      vertex -66.3737 41.6263 11.98
      vertex -66.1753 41.4002 7
      vertex -66.1753 41.4002 11.98
    endloop
  endfacet
  facet normal 0.997854 0.0654821 0
    outer loop
      vertex -70.2803 39.6998 11.98
      vertex -70.3 40 7
      vertex -70.3 40 11.98
    endloop
  endfacet
  facet normal 0.997854 0.0654821 0
    outer loop
      vertex -70.3 40 7
      vertex -70.2803 39.6998 11.98
      vertex -70.2803 39.6998 7
    endloop
  endfacet
  facet normal -0.946941 0.321408 0
    outer loop
      vertex -65.8751 39.1198 7
      vertex -65.7784 39.4047 11.98
      vertex -65.7784 39.4047 7
    endloop
  endfacet
  facet normal -0.946941 0.321408 0
    outer loop
      vertex -65.7784 39.4047 11.98
      vertex -65.8751 39.1198 7
      vertex -65.8751 39.1198 11.98
    endloop
  endfacet
  facet normal -0.321408 0.946941 0
    outer loop
      vertex -67.1198 37.8751 7
      vertex -67.4047 37.7784 11.98
      vertex -67.1198 37.8751 11.98
    endloop
  endfacet
  facet normal -0.321408 0.946941 0
    outer loop
      vertex -67.4047 37.7784 11.98
      vertex -67.1198 37.8751 7
      vertex -67.4047 37.7784 7
    endloop
  endfacet
  facet normal -0.0654821 0.997854 0
    outer loop
      vertex -67.6998 37.7197 7
      vertex -68 37.7 11.98
      vertex -67.6998 37.7197 11.98
    endloop
  endfacet
  facet normal -0.0654821 0.997854 0
    outer loop
      vertex -68 37.7 11.98
      vertex -67.6998 37.7197 7
      vertex -68 37.7 7
    endloop
  endfacet
  facet normal 0.946941 0.321408 0
    outer loop
      vertex -70.1249 39.1198 11.98
      vertex -70.2216 39.4047 7
      vertex -70.2216 39.4047 11.98
    endloop
  endfacet
  facet normal 0.946941 0.321408 0
    outer loop
      vertex -70.2216 39.4047 7
      vertex -70.1249 39.1198 11.98
      vertex -70.1249 39.1198 7
    endloop
  endfacet
  facet normal -0.980785 0.195093 0
    outer loop
      vertex -65.7784 39.4047 7
      vertex -65.7197 39.6998 11.98
      vertex -65.7197 39.6998 7
    endloop
  endfacet
  facet normal -0.980785 0.195093 0
    outer loop
      vertex -65.7197 39.6998 11.98
      vertex -65.7784 39.4047 7
      vertex -65.7784 39.4047 11.98
    endloop
  endfacet
  facet normal -0.997854 -0.0654821 0
    outer loop
      vertex 70.3 -40 7
      vertex 70.2803 -39.6998 11.98
      vertex 70.2803 -39.6998 7
    endloop
  endfacet
  facet normal -0.997854 -0.0654821 0
    outer loop
      vertex 70.2803 -39.6998 11.98
      vertex 70.3 -40 7
      vertex 70.3 -40 11.98
    endloop
  endfacet
  facet normal 0.997854 -0.0654821 0
    outer loop
      vertex 65.7 -40 11.98
      vertex 65.7197 -39.6998 7
      vertex 65.7197 -39.6998 11.98
    endloop
  endfacet
  facet normal 0.997854 -0.0654821 0
    outer loop
      vertex 65.7197 -39.6998 7
      vertex 65.7 -40 11.98
      vertex 65.7 -40 7
    endloop
  endfacet
  facet normal 0.0654821 -0.997854 0
    outer loop
      vertex 67.6998 -37.7197 7
      vertex 68 -37.7 11.98
      vertex 67.6998 -37.7197 11.98
    endloop
  endfacet
  facet normal 0.0654821 -0.997854 0
    outer loop
      vertex 68 -37.7 11.98
      vertex 67.6998 -37.7197 7
      vertex 68 -37.7 7
    endloop
  endfacet
  facet normal -0.0654821 0.997854 0
    outer loop
      vertex 68.3002 -42.2803 13.5
      vertex 68 -42.3 11.98
      vertex 68 -42.3 13.5
    endloop
  endfacet
  facet normal -0.0654821 0.997854 0
    outer loop
      vertex 68.3002 -42.2803 7
      vertex 68 -42.3 11.98
      vertex 68.3002 -42.2803 13.5
    endloop
  endfacet
  facet normal -0.0654821 0.997854 0
    outer loop
      vertex 68 -42.3 11.98
      vertex 68.3002 -42.2803 7
      vertex 68 -42.3 7
    endloop
  endfacet
  facet normal -0.751649 0.659563 0
    outer loop
      vertex 69.6263 -41.6263 7
      vertex 69.8247 -41.4002 13.5
      vertex 69.8247 -41.4002 7
    endloop
  endfacet
  facet normal -0.751649 0.659563 0
    outer loop
      vertex 69.8247 -41.4002 13.5
      vertex 69.6263 -41.6263 7
      vertex 69.6263 -41.6263 13.5
    endloop
  endfacet
  facet normal -0.659563 -0.751649 0
    outer loop
      vertex 69.4002 -38.1753 7
      vertex 69.6263 -38.3737 11.98
      vertex 69.4002 -38.1753 11.98
    endloop
  endfacet
  facet normal -0.659563 -0.751649 -0
    outer loop
      vertex 69.6263 -38.3737 11.98
      vertex 69.4002 -38.1753 7
      vertex 69.6263 -38.3737 7
    endloop
  endfacet
  facet normal 0.751649 -0.659563 0
    outer loop
      vertex 66.1753 -38.5998 11.98
      vertex 66.3737 -38.3737 7
      vertex 66.3737 -38.3737 11.98
    endloop
  endfacet
  facet normal 0.751649 -0.659563 0
    outer loop
      vertex 66.3737 -38.3737 7
      vertex 66.1753 -38.5998 11.98
      vertex 66.1753 -38.5998 7
    endloop
  endfacet
  facet normal 0.442153 -0.89694 0
    outer loop
      vertex 66.85 -38.0081 7
      vertex 67.1198 -37.8751 11.98
      vertex 66.85 -38.0081 11.98
    endloop
  endfacet
  facet normal 0.442153 -0.89694 0
    outer loop
      vertex 67.1198 -37.8751 11.98
      vertex 66.85 -38.0081 7
      vertex 67.1198 -37.8751 7
    endloop
  endfacet
  facet normal -0.89694 -0.442153 0
    outer loop
      vertex 70.1249 -39.1198 7
      vertex 69.9919 -38.85 11.98
      vertex 69.9919 -38.85 7
    endloop
  endfacet
  facet normal -0.89694 -0.442153 0
    outer loop
      vertex 69.9919 -38.85 11.98
      vertex 70.1249 -39.1198 7
      vertex 70.1249 -39.1198 11.98
    endloop
  endfacet
  facet normal -0.831436 -0.55562 0
    outer loop
      vertex 69.9919 -38.85 7
      vertex 69.8247 -38.5998 11.98
      vertex 69.8247 -38.5998 7
    endloop
  endfacet
  facet normal -0.831436 -0.55562 0
    outer loop
      vertex 69.8247 -38.5998 11.98
      vertex 69.9919 -38.85 7
      vertex 69.9919 -38.85 11.98
    endloop
  endfacet
  facet normal -0.321408 -0.946941 0
    outer loop
      vertex 68.5953 -37.7784 7
      vertex 68.8802 -37.8751 11.98
      vertex 68.5953 -37.7784 11.98
    endloop
  endfacet
  facet normal -0.321408 -0.946941 -0
    outer loop
      vertex 68.8802 -37.8751 11.98
      vertex 68.5953 -37.7784 7
      vertex 68.8802 -37.8751 7
    endloop
  endfacet
  facet normal -0.195093 -0.980785 0
    outer loop
      vertex 68.3002 -37.7197 7
      vertex 68.5953 -37.7784 11.98
      vertex 68.3002 -37.7197 11.98
    endloop
  endfacet
  facet normal -0.195093 -0.980785 -0
    outer loop
      vertex 68.5953 -37.7784 11.98
      vertex 68.3002 -37.7197 7
      vertex 68.5953 -37.7784 7
    endloop
  endfacet
  facet normal -0.442153 -0.89694 0
    outer loop
      vertex 68.8802 -37.8751 7
      vertex 69.15 -38.0081 11.98
      vertex 68.8802 -37.8751 11.98
    endloop
  endfacet
  facet normal -0.442153 -0.89694 -0
    outer loop
      vertex 69.15 -38.0081 11.98
      vertex 68.8802 -37.8751 7
      vertex 69.15 -38.0081 7
    endloop
  endfacet
  facet normal 0.89694 -0.442153 0
    outer loop
      vertex 65.8751 -39.1198 11.98
      vertex 66.0081 -38.85 7
      vertex 66.0081 -38.85 11.98
    endloop
  endfacet
  facet normal 0.89694 -0.442153 0
    outer loop
      vertex 66.0081 -38.85 7
      vertex 65.8751 -39.1198 11.98
      vertex 65.8751 -39.1198 7
    endloop
  endfacet
  facet normal 0.831436 -0.55562 0
    outer loop
      vertex 66.0081 -38.85 11.98
      vertex 66.1753 -38.5998 7
      vertex 66.1753 -38.5998 11.98
    endloop
  endfacet
  facet normal 0.831436 -0.55562 0
    outer loop
      vertex 66.1753 -38.5998 7
      vertex 66.0081 -38.85 11.98
      vertex 66.0081 -38.85 7
    endloop
  endfacet
  facet normal 0.55562 -0.831436 0
    outer loop
      vertex 66.5998 -38.1753 7
      vertex 66.85 -38.0081 11.98
      vertex 66.5998 -38.1753 11.98
    endloop
  endfacet
  facet normal 0.55562 -0.831436 0
    outer loop
      vertex 66.85 -38.0081 11.98
      vertex 66.5998 -38.1753 7
      vertex 66.85 -38.0081 7
    endloop
  endfacet
  facet normal 0.321408 -0.946941 0
    outer loop
      vertex 67.1198 -37.8751 7
      vertex 67.4047 -37.7784 11.98
      vertex 67.1198 -37.8751 11.98
    endloop
  endfacet
  facet normal 0.321408 -0.946941 0
    outer loop
      vertex 67.4047 -37.7784 11.98
      vertex 67.1198 -37.8751 7
      vertex 67.4047 -37.7784 7
    endloop
  endfacet
  facet normal 0 0 1
    outer loop
      vertex 70.2803 -39.6998 7
      vertex 70.2803 -40.3002 7
      vertex 70.3 -40 7
    endloop
  endfacet
  facet normal 0 0 1
    outer loop
      vertex 70.2216 -39.4047 7
      vertex 70.2803 -40.3002 7
      vertex 70.2803 -39.6998 7
    endloop
  endfacet
  facet normal 0 0 1
    outer loop
      vertex 70.2216 -39.4047 7
      vertex 70.2216 -40.5953 7
      vertex 70.2803 -40.3002 7
    endloop
  endfacet
  facet normal 0 0 1
    outer loop
      vertex 70.1249 -39.1198 7
      vertex 70.2216 -40.5953 7
      vertex 70.2216 -39.4047 7
    endloop
  endfacet
  facet normal 0 0 1
    outer loop
      vertex 70.1249 -39.1198 7
      vertex 70.1249 -40.8802 7
      vertex 70.2216 -40.5953 7
    endloop
  endfacet
  facet normal 0 0 1
    outer loop
      vertex 69.9919 -38.85 7
      vertex 70.1249 -40.8802 7
      vertex 70.1249 -39.1198 7
    endloop
  endfacet
  facet normal 0 0 1
    outer loop
      vertex 69.9919 -38.85 7
      vertex 69.9919 -41.15 7
      vertex 70.1249 -40.8802 7
    endloop
  endfacet
  facet normal 0 0 1
    outer loop
      vertex 69.8247 -38.5998 7
      vertex 69.9919 -41.15 7
      vertex 69.9919 -38.85 7
    endloop
  endfacet
  facet normal 0 0 1
    outer loop
      vertex 69.8247 -38.5998 7
      vertex 69.8247 -41.4002 7
      vertex 69.9919 -41.15 7
    endloop
  endfacet
  facet normal 0 0 1
    outer loop
      vertex 69.6263 -38.3737 7
      vertex 69.8247 -41.4002 7
      vertex 69.8247 -38.5998 7
    endloop
  endfacet
  facet normal 0 0 1
    outer loop
      vertex 69.6263 -38.3737 7
      vertex 69.6263 -41.6263 7
      vertex 69.8247 -41.4002 7
    endloop
  endfacet
  facet normal 0 0 1
    outer loop
      vertex 69.4002 -38.1753 7
      vertex 69.6263 -41.6263 7
      vertex 69.6263 -38.3737 7
    endloop
  endfacet
  facet normal 0 0 1
    outer loop
      vertex 69.4002 -38.1753 7
      vertex 69.4002 -41.8247 7
      vertex 69.6263 -41.6263 7
    endloop
  endfacet
  facet normal 0 0 1
    outer loop
      vertex 69.15 -38.0081 7
      vertex 69.4002 -41.8247 7
      vertex 69.4002 -38.1753 7
    endloop
  endfacet
  facet normal 0 0 1
    outer loop
      vertex 69.15 -38.0081 7
      vertex 69.15 -41.9919 7
      vertex 69.4002 -41.8247 7
    endloop
  endfacet
  facet normal 0 0 1
    outer loop
      vertex 68.8802 -37.8751 7
      vertex 69.15 -41.9919 7
      vertex 69.15 -38.0081 7
    endloop
  endfacet
  facet normal 0 0 1
    outer loop
      vertex 68.8802 -37.8751 7
      vertex 68.8802 -42.1249 7
      vertex 69.15 -41.9919 7
    endloop
  endfacet
  facet normal 0 0 1
    outer loop
      vertex 68.5953 -37.7784 7
      vertex 68.8802 -42.1249 7
      vertex 68.8802 -37.8751 7
    endloop
  endfacet
  facet normal 0 0 1
    outer loop
      vertex 68.5953 -37.7784 7
      vertex 68.5953 -42.2216 7
      vertex 68.8802 -42.1249 7
    endloop
  endfacet
  facet normal 0 0 1
    outer loop
      vertex 68.3002 -37.7197 7
      vertex 68.5953 -42.2216 7
      vertex 68.5953 -37.7784 7
    endloop
  endfacet
  facet normal 0 0 1
    outer loop
      vertex 68.3002 -37.7197 7
      vertex 68.3002 -42.2803 7
      vertex 68.5953 -42.2216 7
    endloop
  endfacet
  facet normal 0 0 1
    outer loop
      vertex 68 -37.7 7
      vertex 68.3002 -42.2803 7
      vertex 68.3002 -37.7197 7
    endloop
  endfacet
  facet normal 0 0 1
    outer loop
      vertex 68 -37.7 7
      vertex 68 -42.3 7
      vertex 68.3002 -42.2803 7
    endloop
  endfacet
  facet normal -0 0 1
    outer loop
      vertex 67.6998 -37.7197 7
      vertex 68 -42.3 7
      vertex 68 -37.7 7
    endloop
  endfacet
  facet normal 0 0 1
    outer loop
      vertex 67.6998 -37.7197 7
      vertex 67.6998 -42.2803 7
      vertex 68 -42.3 7
    endloop
  endfacet
  facet normal -0 0 1
    outer loop
      vertex 67.4047 -37.7784 7
      vertex 67.6998 -42.2803 7
      vertex 67.6998 -37.7197 7
    endloop
  endfacet
  facet normal 0 0 1
    outer loop
      vertex 67.4047 -37.7784 7
      vertex 67.4047 -42.2216 7
      vertex 67.6998 -42.2803 7
    endloop
  endfacet
  facet normal -0 0 1
    outer loop
      vertex 67.1198 -37.8751 7
      vertex 67.4047 -42.2216 7
      vertex 67.4047 -37.7784 7
    endloop
  endfacet
  facet normal 0 0 1
    outer loop
      vertex 67.1198 -37.8751 7
      vertex 67.1198 -42.1249 7
      vertex 67.4047 -42.2216 7
    endloop
  endfacet
  facet normal -0 0 1
    outer loop
      vertex 66.85 -38.0081 7
      vertex 67.1198 -42.1249 7
      vertex 67.1198 -37.8751 7
    endloop
  endfacet
  facet normal 0 0 1
    outer loop
      vertex 66.85 -38.0081 7
      vertex 66.85 -41.9919 7
      vertex 67.1198 -42.1249 7
    endloop
  endfacet
  facet normal -0 0 1
    outer loop
      vertex 66.5998 -38.1753 7
      vertex 66.85 -41.9919 7
      vertex 66.85 -38.0081 7
    endloop
  endfacet
  facet normal 0 0 1
    outer loop
      vertex 66.5998 -38.1753 7
      vertex 66.5998 -41.8247 7
      vertex 66.85 -41.9919 7
    endloop
  endfacet
  facet normal -0 0 1
    outer loop
      vertex 66.3737 -38.3737 7
      vertex 66.5998 -41.8247 7
      vertex 66.5998 -38.1753 7
    endloop
  endfacet
  facet normal 0 0 1
    outer loop
      vertex 66.3737 -38.3737 7
      vertex 66.3737 -41.6263 7
      vertex 66.5998 -41.8247 7
    endloop
  endfacet
  facet normal -0 0 1
    outer loop
      vertex 66.1753 -38.5998 7
      vertex 66.3737 -41.6263 7
      vertex 66.3737 -38.3737 7
    endloop
  endfacet
  facet normal 0 0 1
    outer loop
      vertex 66.1753 -38.5998 7
      vertex 66.1753 -41.4002 7
      vertex 66.3737 -41.6263 7
    endloop
  endfacet
  facet normal -0 0 1
    outer loop
      vertex 66.0081 -38.85 7
      vertex 66.1753 -41.4002 7
      vertex 66.1753 -38.5998 7
    endloop
  endfacet
  facet normal 0 0 1
    outer loop
      vertex 66.0081 -38.85 7
      vertex 66.0081 -41.15 7
      vertex 66.1753 -41.4002 7
    endloop
  endfacet
  facet normal -0 0 1
    outer loop
      vertex 65.8751 -39.1198 7
      vertex 66.0081 -41.15 7
      vertex 66.0081 -38.85 7
    endloop
  endfacet
  facet normal 0 0 1
    outer loop
      vertex 65.8751 -39.1198 7
      vertex 65.8751 -40.8802 7
      vertex 66.0081 -41.15 7
    endloop
  endfacet
  facet normal -0 0 1
    outer loop
      vertex 65.7784 -39.4047 7
      vertex 65.8751 -40.8802 7
      vertex 65.8751 -39.1198 7
    endloop
  endfacet
  facet normal 0 0 1
    outer loop
      vertex 65.7784 -39.4047 7
      vertex 65.7784 -40.5953 7
      vertex 65.8751 -40.8802 7
    endloop
  endfacet
  facet normal -0 0 1
    outer loop
      vertex 65.7197 -39.6998 7
      vertex 65.7784 -40.5953 7
      vertex 65.7784 -39.4047 7
    endloop
  endfacet
  facet normal 0 0 1
    outer loop
      vertex 65.7197 -39.6998 7
      vertex 65.7197 -40.3002 7
      vertex 65.7784 -40.5953 7
    endloop
  endfacet
  facet normal 0 -0 1
    outer loop
      vertex 65.7197 -40.3002 7
      vertex 65.7197 -39.6998 7
      vertex 65.7 -40 7
    endloop
  endfacet
  facet normal -0.195093 0.980785 0
    outer loop
      vertex 68.5953 -42.2216 7
      vertex 68.3002 -42.2803 13.5
      vertex 68.5953 -42.2216 13.5
    endloop
  endfacet
  facet normal -0.195093 0.980785 0
    outer loop
      vertex 68.3002 -42.2803 13.5
      vertex 68.5953 -42.2216 7
      vertex 68.3002 -42.2803 7
    endloop
  endfacet
  facet normal -0.442153 0.89694 0
    outer loop
      vertex 69.15 -41.9919 7
      vertex 68.8802 -42.1249 13.5
      vertex 69.15 -41.9919 13.5
    endloop
  endfacet
  facet normal -0.442153 0.89694 0
    outer loop
      vertex 68.8802 -42.1249 13.5
      vertex 69.15 -41.9919 7
      vertex 68.8802 -42.1249 7
    endloop
  endfacet
  facet normal -0.946941 -0.321408 0
    outer loop
      vertex 70.2216 -39.4047 7
      vertex 70.1249 -39.1198 11.98
      vertex 70.1249 -39.1198 7
    endloop
  endfacet
  facet normal -0.946941 -0.321408 0
    outer loop
      vertex 70.1249 -39.1198 11.98
      vertex 70.2216 -39.4047 7
      vertex 70.2216 -39.4047 11.98
    endloop
  endfacet
  facet normal -0.980785 -0.195093 0
    outer loop
      vertex 70.2803 -39.6998 7
      vertex 70.2216 -39.4047 11.98
      vertex 70.2216 -39.4047 7
    endloop
  endfacet
  facet normal -0.980785 -0.195093 0
    outer loop
      vertex 70.2216 -39.4047 11.98
      vertex 70.2803 -39.6998 7
      vertex 70.2803 -39.6998 11.98
    endloop
  endfacet
  facet normal -0.751649 -0.659563 0
    outer loop
      vertex 69.8247 -38.5998 7
      vertex 69.6263 -38.3737 11.98
      vertex 69.6263 -38.3737 7
    endloop
  endfacet
  facet normal -0.751649 -0.659563 0
    outer loop
      vertex 69.6263 -38.3737 11.98
      vertex 69.8247 -38.5998 7
      vertex 69.8247 -38.5998 11.98
    endloop
  endfacet
  facet normal -0.0654821 -0.997854 0
    outer loop
      vertex 68 -37.7 7
      vertex 68.3002 -37.7197 11.98
      vertex 68 -37.7 11.98
    endloop
  endfacet
  facet normal -0.0654821 -0.997854 -0
    outer loop
      vertex 68.3002 -37.7197 11.98
      vertex 68 -37.7 7
      vertex 68.3002 -37.7197 7
    endloop
  endfacet
  facet normal -0.55562 -0.831436 0
    outer loop
      vertex 69.15 -38.0081 7
      vertex 69.4002 -38.1753 11.98
      vertex 69.15 -38.0081 11.98
    endloop
  endfacet
  facet normal -0.55562 -0.831436 -0
    outer loop
      vertex 69.4002 -38.1753 11.98
      vertex 69.15 -38.0081 7
      vertex 69.4002 -38.1753 7
    endloop
  endfacet
  facet normal 0.946941 -0.321408 0
    outer loop
      vertex 65.7784 -39.4047 11.98
      vertex 65.8751 -39.1198 7
      vertex 65.8751 -39.1198 11.98
    endloop
  endfacet
  facet normal 0.946941 -0.321408 0
    outer loop
      vertex 65.8751 -39.1198 7
      vertex 65.7784 -39.4047 11.98
      vertex 65.7784 -39.4047 7
    endloop
  endfacet
  facet normal 0.980785 -0.195093 0
    outer loop
      vertex 65.7197 -39.6998 11.98
      vertex 65.7784 -39.4047 7
      vertex 65.7784 -39.4047 11.98
    endloop
  endfacet
  facet normal 0.980785 -0.195093 0
    outer loop
      vertex 65.7784 -39.4047 7
      vertex 65.7197 -39.6998 11.98
      vertex 65.7197 -39.6998 7
    endloop
  endfacet
  facet normal 0.659563 -0.751649 0
    outer loop
      vertex 66.3737 -38.3737 7
      vertex 66.5998 -38.1753 11.98
      vertex 66.3737 -38.3737 11.98
    endloop
  endfacet
  facet normal 0.659563 -0.751649 0
    outer loop
      vertex 66.5998 -38.1753 11.98
      vertex 66.3737 -38.3737 7
      vertex 66.5998 -38.1753 7
    endloop
  endfacet
  facet normal 0.195093 -0.980785 0
    outer loop
      vertex 67.4047 -37.7784 7
      vertex 67.6998 -37.7197 11.98
      vertex 67.4047 -37.7784 11.98
    endloop
  endfacet
  facet normal 0.195093 -0.980785 0
    outer loop
      vertex 67.6998 -37.7197 11.98
      vertex 67.4047 -37.7784 7
      vertex 67.6998 -37.7197 7
    endloop
  endfacet
  facet normal -0.946941 0.321408 0
    outer loop
      vertex 70.1249 -40.8802 7
      vertex 70.2216 -40.5953 13.5
      vertex 70.2216 -40.5953 7
    endloop
  endfacet
  facet normal -0.946941 0.321408 0
    outer loop
      vertex 70.2216 -40.5953 13.5
      vertex 70.1249 -40.8802 7
      vertex 70.1249 -40.8802 13.5
    endloop
  endfacet
  facet normal -0.980785 0.195093 0
    outer loop
      vertex 70.2216 -40.5953 7
      vertex 70.2803 -40.3002 13.5
      vertex 70.2803 -40.3002 7
    endloop
  endfacet
  facet normal -0.980785 0.195093 0
    outer loop
      vertex 70.2803 -40.3002 13.5
      vertex 70.2216 -40.5953 7
      vertex 70.2216 -40.5953 13.5
    endloop
  endfacet
  facet normal 0.89694 0.442153 0
    outer loop
      vertex 66.0081 -41.15 11.98
      vertex 65.8751 -40.8802 7
      vertex 65.8751 -40.8802 11.98
    endloop
  endfacet
  facet normal 0.89694 0.442153 0
    outer loop
      vertex 65.8751 -40.8802 7
      vertex 66.0081 -41.15 11.98
      vertex 66.0081 -41.15 7
    endloop
  endfacet
  facet normal 0.997854 0.0654821 0
    outer loop
      vertex 65.7197 -40.3002 11.98
      vertex 65.7 -40 7
      vertex 65.7 -40 11.98
    endloop
  endfacet
  facet normal 0.997854 0.0654821 0
    outer loop
      vertex 65.7 -40 7
      vertex 65.7197 -40.3002 11.98
      vertex 65.7197 -40.3002 7
    endloop
  endfacet
  facet normal -0.55562 0.831436 0
    outer loop
      vertex 69.4002 -41.8247 7
      vertex 69.15 -41.9919 13.5
      vertex 69.4002 -41.8247 13.5
    endloop
  endfacet
  facet normal -0.55562 0.831436 0
    outer loop
      vertex 69.15 -41.9919 13.5
      vertex 69.4002 -41.8247 7
      vertex 69.15 -41.9919 7
    endloop
  endfacet
  facet normal -0.831436 0.55562 0
    outer loop
      vertex 69.8247 -41.4002 7
      vertex 69.9919 -41.15 13.5
      vertex 69.9919 -41.15 7
    endloop
  endfacet
  facet normal -0.831436 0.55562 0
    outer loop
      vertex 69.9919 -41.15 13.5
      vertex 69.8247 -41.4002 7
      vertex 69.8247 -41.4002 13.5
    endloop
  endfacet
  facet normal -0.997854 0.0654821 0
    outer loop
      vertex 70.2803 -40.3002 7
      vertex 70.3 -40 11.98
      vertex 70.3 -40 7
    endloop
  endfacet
  facet normal -0.997854 0.0654821 0
    outer loop
      vertex 70.2803 -40.3002 13.5
      vertex 70.3 -40 11.98
      vertex 70.2803 -40.3002 7
    endloop
  endfacet
  facet normal -0.997854 0.0654821 0
    outer loop
      vertex 70.3 -40 11.98
      vertex 70.2803 -40.3002 13.5
      vertex 70.3 -40 13.5
    endloop
  endfacet
  facet normal 0.980785 0.195093 0
    outer loop
      vertex 65.7784 -40.5953 11.98
      vertex 65.7197 -40.3002 7
      vertex 65.7197 -40.3002 11.98
    endloop
  endfacet
  facet normal 0.980785 0.195093 0
    outer loop
      vertex 65.7197 -40.3002 7
      vertex 65.7784 -40.5953 11.98
      vertex 65.7784 -40.5953 7
    endloop
  endfacet
  facet normal 0.946941 0.321408 0
    outer loop
      vertex 65.8751 -40.8802 11.98
      vertex 65.7784 -40.5953 7
      vertex 65.7784 -40.5953 11.98
    endloop
  endfacet
  facet normal 0.946941 0.321408 0
    outer loop
      vertex 65.7784 -40.5953 7
      vertex 65.8751 -40.8802 11.98
      vertex 65.8751 -40.8802 7
    endloop
  endfacet
  facet normal -0.659563 0.751649 0
    outer loop
      vertex 69.6263 -41.6263 7
      vertex 69.4002 -41.8247 13.5
      vertex 69.6263 -41.6263 13.5
    endloop
  endfacet
  facet normal -0.659563 0.751649 0
    outer loop
      vertex 69.4002 -41.8247 13.5
      vertex 69.6263 -41.6263 7
      vertex 69.4002 -41.8247 7
    endloop
  endfacet
  facet normal -0.321408 0.946941 0
    outer loop
      vertex 68.8802 -42.1249 7
      vertex 68.5953 -42.2216 13.5
      vertex 68.8802 -42.1249 13.5
    endloop
  endfacet
  facet normal -0.321408 0.946941 0
    outer loop
      vertex 68.5953 -42.2216 13.5
      vertex 68.8802 -42.1249 7
      vertex 68.5953 -42.2216 7
    endloop
  endfacet
  facet normal -0.89694 0.442153 0
    outer loop
      vertex 69.9919 -41.15 7
      vertex 70.1249 -40.8802 13.5
      vertex 70.1249 -40.8802 7
    endloop
  endfacet
  facet normal -0.89694 0.442153 0
    outer loop
      vertex 70.1249 -40.8802 13.5
      vertex 69.9919 -41.15 7
      vertex 69.9919 -41.15 13.5
    endloop
  endfacet
  facet normal 0.0654821 0.997854 -0
    outer loop
      vertex 68 -42.3 7
      vertex 67.6998 -42.2803 11.98
      vertex 68 -42.3 11.98
    endloop
  endfacet
  facet normal 0.0654821 0.997854 0
    outer loop
      vertex 67.6998 -42.2803 11.98
      vertex 68 -42.3 7
      vertex 67.6998 -42.2803 7
    endloop
  endfacet
  facet normal 0.321408 0.946941 -0
    outer loop
      vertex 67.4047 -42.2216 7
      vertex 67.1198 -42.1249 11.98
      vertex 67.4047 -42.2216 11.98
    endloop
  endfacet
  facet normal 0.321408 0.946941 0
    outer loop
      vertex 67.1198 -42.1249 11.98
      vertex 67.4047 -42.2216 7
      vertex 67.1198 -42.1249 7
    endloop
  endfacet
  facet normal 0.195093 0.980785 -0
    outer loop
      vertex 67.6998 -42.2803 7
      vertex 67.4047 -42.2216 11.98
      vertex 67.6998 -42.2803 11.98
    endloop
  endfacet
  facet normal 0.195093 0.980785 0
    outer loop
      vertex 67.4047 -42.2216 11.98
      vertex 67.6998 -42.2803 7
      vertex 67.4047 -42.2216 7
    endloop
  endfacet
  facet normal 0.751649 0.659563 0
    outer loop
      vertex 66.3737 -41.6263 11.98
      vertex 66.1753 -41.4002 7
      vertex 66.1753 -41.4002 11.98
    endloop
  endfacet
  facet normal 0.751649 0.659563 0
    outer loop
      vertex 66.1753 -41.4002 7
      vertex 66.3737 -41.6263 11.98
      vertex 66.3737 -41.6263 7
    endloop
  endfacet
  facet normal 0.659563 0.751649 -0
    outer loop
      vertex 66.5998 -41.8247 7
      vertex 66.3737 -41.6263 11.98
      vertex 66.5998 -41.8247 11.98
    endloop
  endfacet
  facet normal 0.659563 0.751649 0
    outer loop
      vertex 66.3737 -41.6263 11.98
      vertex 66.5998 -41.8247 7
      vertex 66.3737 -41.6263 7
    endloop
  endfacet
  facet normal 0.55562 0.831436 -0
    outer loop
      vertex 66.85 -41.9919 7
      vertex 66.5998 -41.8247 11.98
      vertex 66.85 -41.9919 11.98
    endloop
  endfacet
  facet normal 0.55562 0.831436 0
    outer loop
      vertex 66.5998 -41.8247 11.98
      vertex 66.85 -41.9919 7
      vertex 66.5998 -41.8247 7
    endloop
  endfacet
  facet normal 0.831436 0.55562 0
    outer loop
      vertex 66.1753 -41.4002 11.98
      vertex 66.0081 -41.15 7
      vertex 66.0081 -41.15 11.98
    endloop
  endfacet
  facet normal 0.831436 0.55562 0
    outer loop
      vertex 66.0081 -41.15 7
      vertex 66.1753 -41.4002 11.98
      vertex 66.1753 -41.4002 7
    endloop
  endfacet
  facet normal 0.442153 0.89694 -0
    outer loop
      vertex 67.1198 -42.1249 7
      vertex 66.85 -41.9919 11.98
      vertex 67.1198 -42.1249 11.98
    endloop
  endfacet
  facet normal 0.442153 0.89694 0
    outer loop
      vertex 66.85 -41.9919 11.98
      vertex 67.1198 -42.1249 7
      vertex 66.85 -41.9919 7
    endloop
  endfacet
  facet normal -0.997854 -0.0654821 -0
    outer loop
      vertex 70.3 40 11.98
      vertex 70.2803 40.3002 7
      vertex 70.3 40 7
    endloop
  endfacet
  facet normal -0.997854 -0.0654821 0
    outer loop
      vertex 70.2803 40.3002 7
      vertex 70.3 40 11.98
      vertex 70.2803 40.3002 13.5
    endloop
  endfacet
  facet normal -0.997854 -0.0654821 0
    outer loop
      vertex 70.2803 40.3002 13.5
      vertex 70.3 40 11.98
      vertex 70.3 40 13.5
    endloop
  endfacet
  facet normal 0.0654821 -0.997854 0
    outer loop
      vertex 67.6998 42.2803 7
      vertex 68 42.3 11.98
      vertex 67.6998 42.2803 11.98
    endloop
  endfacet
  facet normal 0.0654821 -0.997854 0
    outer loop
      vertex 68 42.3 11.98
      vertex 67.6998 42.2803 7
      vertex 68 42.3 7
    endloop
  endfacet
  facet normal -0.0654821 0.997854 0
    outer loop
      vertex 68.3002 37.7197 7
      vertex 68 37.7 11.98
      vertex 68.3002 37.7197 11.98
    endloop
  endfacet
  facet normal -0.0654821 0.997854 0
    outer loop
      vertex 68 37.7 11.98
      vertex 68.3002 37.7197 7
      vertex 68 37.7 7
    endloop
  endfacet
  facet normal -0.659563 -0.751649 0
    outer loop
      vertex 69.4002 41.8247 7
      vertex 69.6263 41.6263 13.5
      vertex 69.4002 41.8247 13.5
    endloop
  endfacet
  facet normal -0.659563 -0.751649 -0
    outer loop
      vertex 69.6263 41.6263 13.5
      vertex 69.4002 41.8247 7
      vertex 69.6263 41.6263 7
    endloop
  endfacet
  facet normal 0.751649 -0.659563 0
    outer loop
      vertex 66.1753 41.4002 11.98
      vertex 66.3737 41.6263 7
      vertex 66.3737 41.6263 11.98
    endloop
  endfacet
  facet normal 0.751649 -0.659563 0
    outer loop
      vertex 66.3737 41.6263 7
      vertex 66.1753 41.4002 11.98
      vertex 66.1753 41.4002 7
    endloop
  endfacet
  facet normal 0.442153 -0.89694 0
    outer loop
      vertex 66.85 41.9919 7
      vertex 67.1198 42.1249 11.98
      vertex 66.85 41.9919 11.98
    endloop
  endfacet
  facet normal 0.442153 -0.89694 0
    outer loop
      vertex 67.1198 42.1249 11.98
      vertex 66.85 41.9919 7
      vertex 67.1198 42.1249 7
    endloop
  endfacet
  facet normal -0.89694 0.442153 0
    outer loop
      vertex 69.9919 38.85 7
      vertex 70.1249 39.1198 11.98
      vertex 70.1249 39.1198 7
    endloop
  endfacet
  facet normal -0.89694 0.442153 0
    outer loop
      vertex 70.1249 39.1198 11.98
      vertex 69.9919 38.85 7
      vertex 69.9919 38.85 11.98
    endloop
  endfacet
  facet normal -0.89694 -0.442153 0
    outer loop
      vertex 70.1249 40.8802 7
      vertex 69.9919 41.15 13.5
      vertex 69.9919 41.15 7
    endloop
  endfacet
  facet normal -0.89694 -0.442153 0
    outer loop
      vertex 69.9919 41.15 13.5
      vertex 70.1249 40.8802 7
      vertex 70.1249 40.8802 13.5
    endloop
  endfacet
  facet normal -0.831436 -0.55562 0
    outer loop
      vertex 69.9919 41.15 7
      vertex 69.8247 41.4002 13.5
      vertex 69.8247 41.4002 7
    endloop
  endfacet
  facet normal -0.831436 -0.55562 0
    outer loop
      vertex 69.8247 41.4002 13.5
      vertex 69.9919 41.15 7
      vertex 69.9919 41.15 13.5
    endloop
  endfacet
  facet normal -0.321408 -0.946941 0
    outer loop
      vertex 68.5953 42.2216 7
      vertex 68.8802 42.1249 13.5
      vertex 68.5953 42.2216 13.5
    endloop
  endfacet
  facet normal -0.321408 -0.946941 -0
    outer loop
      vertex 68.8802 42.1249 13.5
      vertex 68.5953 42.2216 7
      vertex 68.8802 42.1249 7
    endloop
  endfacet
  facet normal -0.195093 -0.980785 0
    outer loop
      vertex 68.3002 42.2803 7
      vertex 68.5953 42.2216 13.5
      vertex 68.3002 42.2803 13.5
    endloop
  endfacet
  facet normal -0.195093 -0.980785 -0
    outer loop
      vertex 68.5953 42.2216 13.5
      vertex 68.3002 42.2803 7
      vertex 68.5953 42.2216 7
    endloop
  endfacet
  facet normal -0.442153 -0.89694 0
    outer loop
      vertex 68.8802 42.1249 7
      vertex 69.15 41.9919 13.5
      vertex 68.8802 42.1249 13.5
    endloop
  endfacet
  facet normal -0.442153 -0.89694 -0
    outer loop
      vertex 69.15 41.9919 13.5
      vertex 68.8802 42.1249 7
      vertex 69.15 41.9919 7
    endloop
  endfacet
  facet normal 0.946941 -0.321408 0
    outer loop
      vertex 65.7784 40.5953 11.98
      vertex 65.8751 40.8802 7
      vertex 65.8751 40.8802 11.98
    endloop
  endfacet
  facet normal 0.946941 -0.321408 0
    outer loop
      vertex 65.8751 40.8802 7
      vertex 65.7784 40.5953 11.98
      vertex 65.7784 40.5953 7
    endloop
  endfacet
  facet normal 0.89694 -0.442153 0
    outer loop
      vertex 65.8751 40.8802 11.98
      vertex 66.0081 41.15 7
      vertex 66.0081 41.15 11.98
    endloop
  endfacet
  facet normal 0.89694 -0.442153 0
    outer loop
      vertex 66.0081 41.15 7
      vertex 65.8751 40.8802 11.98
      vertex 65.8751 40.8802 7
    endloop
  endfacet
  facet normal 0.980785 -0.195093 0
    outer loop
      vertex 65.7197 40.3002 11.98
      vertex 65.7784 40.5953 7
      vertex 65.7784 40.5953 11.98
    endloop
  endfacet
  facet normal 0.980785 -0.195093 0
    outer loop
      vertex 65.7784 40.5953 7
      vertex 65.7197 40.3002 11.98
      vertex 65.7197 40.3002 7
    endloop
  endfacet
  facet normal 0.55562 -0.831436 0
    outer loop
      vertex 66.5998 41.8247 7
      vertex 66.85 41.9919 11.98
      vertex 66.5998 41.8247 11.98
    endloop
  endfacet
  facet normal 0.55562 -0.831436 0
    outer loop
      vertex 66.85 41.9919 11.98
      vertex 66.5998 41.8247 7
      vertex 66.85 41.9919 7
    endloop
  endfacet
  facet normal 0.321408 -0.946941 0
    outer loop
      vertex 67.1198 42.1249 7
      vertex 67.4047 42.2216 11.98
      vertex 67.1198 42.1249 11.98
    endloop
  endfacet
  facet normal 0.321408 -0.946941 0
    outer loop
      vertex 67.4047 42.2216 11.98
      vertex 67.1198 42.1249 7
      vertex 67.4047 42.2216 7
    endloop
  endfacet
  facet normal -0.751649 0.659563 0
    outer loop
      vertex 69.6263 38.3737 7
      vertex 69.8247 38.5998 11.98
      vertex 69.8247 38.5998 7
    endloop
  endfacet
  facet normal -0.751649 0.659563 0
    outer loop
      vertex 69.8247 38.5998 11.98
      vertex 69.6263 38.3737 7
      vertex 69.6263 38.3737 11.98
    endloop
  endfacet
  facet normal -0.55562 0.831436 0
    outer loop
      vertex 69.4002 38.1753 7
      vertex 69.15 38.0081 11.98
      vertex 69.4002 38.1753 11.98
    endloop
  endfacet
  facet normal -0.55562 0.831436 0
    outer loop
      vertex 69.15 38.0081 11.98
      vertex 69.4002 38.1753 7
      vertex 69.15 38.0081 7
    endloop
  endfacet
  facet normal 0.195093 0.980785 -0
    outer loop
      vertex 67.6998 37.7197 7
      vertex 67.4047 37.7784 11.98
      vertex 67.6998 37.7197 11.98
    endloop
  endfacet
  facet normal 0.195093 0.980785 0
    outer loop
      vertex 67.4047 37.7784 11.98
      vertex 67.6998 37.7197 7
      vertex 67.4047 37.7784 7
    endloop
  endfacet
  facet normal 0.831436 0.55562 0
    outer loop
      vertex 66.1753 38.5998 11.98
      vertex 66.0081 38.85 7
      vertex 66.0081 38.85 11.98
    endloop
  endfacet
  facet normal 0.831436 0.55562 0
    outer loop
      vertex 66.0081 38.85 7
      vertex 66.1753 38.5998 11.98
      vertex 66.1753 38.5998 7
    endloop
  endfacet
  facet normal 0.751649 0.659563 0
    outer loop
      vertex 66.3737 38.3737 11.98
      vertex 66.1753 38.5998 7
      vertex 66.1753 38.5998 11.98
    endloop
  endfacet
  facet normal 0.751649 0.659563 0
    outer loop
      vertex 66.1753 38.5998 7
      vertex 66.3737 38.3737 11.98
      vertex 66.3737 38.3737 7
    endloop
  endfacet
  facet normal -0.946941 -0.321408 0
    outer loop
      vertex 70.2216 40.5953 7
      vertex 70.1249 40.8802 13.5
      vertex 70.1249 40.8802 7
    endloop
  endfacet
  facet normal -0.946941 -0.321408 0
    outer loop
      vertex 70.1249 40.8802 13.5
      vertex 70.2216 40.5953 7
      vertex 70.2216 40.5953 13.5
    endloop
  endfacet
  facet normal -0.980785 -0.195093 0
    outer loop
      vertex 70.2803 40.3002 7
      vertex 70.2216 40.5953 13.5
      vertex 70.2216 40.5953 7
    endloop
  endfacet
  facet normal -0.980785 -0.195093 0
    outer loop
      vertex 70.2216 40.5953 13.5
      vertex 70.2803 40.3002 7
      vertex 70.2803 40.3002 13.5
    endloop
  endfacet
  facet normal -0.0654821 -0.997854 0
    outer loop
      vertex 68 42.3 11.98
      vertex 68.3002 42.2803 13.5
      vertex 68 42.3 13.5
    endloop
  endfacet
  facet normal -0.0654821 -0.997854 0
    outer loop
      vertex 68.3002 42.2803 7
      vertex 68 42.3 11.98
      vertex 68 42.3 7
    endloop
  endfacet
  facet normal -0.0654821 -0.997854 0
    outer loop
      vertex 68 42.3 11.98
      vertex 68.3002 42.2803 7
      vertex 68.3002 42.2803 13.5
    endloop
  endfacet
  facet normal -0.55562 -0.831436 0
    outer loop
      vertex 69.15 41.9919 7
      vertex 69.4002 41.8247 13.5
      vertex 69.15 41.9919 13.5
    endloop
  endfacet
  facet normal -0.55562 -0.831436 -0
    outer loop
      vertex 69.4002 41.8247 13.5
      vertex 69.15 41.9919 7
      vertex 69.4002 41.8247 7
    endloop
  endfacet
  facet normal 0 0 1
    outer loop
      vertex 70.2803 40.3002 7
      vertex 70.2803 39.6998 7
      vertex 70.3 40 7
    endloop
  endfacet
  facet normal 0 0 1
    outer loop
      vertex 70.2216 40.5953 7
      vertex 70.2803 39.6998 7
      vertex 70.2803 40.3002 7
    endloop
  endfacet
  facet normal 0 0 1
    outer loop
      vertex 70.2216 40.5953 7
      vertex 70.2216 39.4047 7
      vertex 70.2803 39.6998 7
    endloop
  endfacet
  facet normal 0 0 1
    outer loop
      vertex 70.1249 40.8802 7
      vertex 70.2216 39.4047 7
      vertex 70.2216 40.5953 7
    endloop
  endfacet
  facet normal 0 0 1
    outer loop
      vertex 70.1249 40.8802 7
      vertex 70.1249 39.1198 7
      vertex 70.2216 39.4047 7
    endloop
  endfacet
  facet normal 0 0 1
    outer loop
      vertex 69.9919 41.15 7
      vertex 70.1249 39.1198 7
      vertex 70.1249 40.8802 7
    endloop
  endfacet
  facet normal 0 0 1
    outer loop
      vertex 69.9919 41.15 7
      vertex 69.9919 38.85 7
      vertex 70.1249 39.1198 7
    endloop
  endfacet
  facet normal 0 0 1
    outer loop
      vertex 69.8247 41.4002 7
      vertex 69.9919 38.85 7
      vertex 69.9919 41.15 7
    endloop
  endfacet
  facet normal 0 0 1
    outer loop
      vertex 69.8247 41.4002 7
      vertex 69.8247 38.5998 7
      vertex 69.9919 38.85 7
    endloop
  endfacet
  facet normal 0 0 1
    outer loop
      vertex 69.6263 41.6263 7
      vertex 69.8247 38.5998 7
      vertex 69.8247 41.4002 7
    endloop
  endfacet
  facet normal 0 0 1
    outer loop
      vertex 69.6263 41.6263 7
      vertex 69.6263 38.3737 7
      vertex 69.8247 38.5998 7
    endloop
  endfacet
  facet normal 0 0 1
    outer loop
      vertex 69.4002 41.8247 7
      vertex 69.6263 38.3737 7
      vertex 69.6263 41.6263 7
    endloop
  endfacet
  facet normal 0 0 1
    outer loop
      vertex 69.4002 41.8247 7
      vertex 69.4002 38.1753 7
      vertex 69.6263 38.3737 7
    endloop
  endfacet
  facet normal 0 0 1
    outer loop
      vertex 69.15 41.9919 7
      vertex 69.4002 38.1753 7
      vertex 69.4002 41.8247 7
    endloop
  endfacet
  facet normal 0 0 1
    outer loop
      vertex 69.15 41.9919 7
      vertex 69.15 38.0081 7
      vertex 69.4002 38.1753 7
    endloop
  endfacet
  facet normal 0 0 1
    outer loop
      vertex 68.8802 42.1249 7
      vertex 69.15 38.0081 7
      vertex 69.15 41.9919 7
    endloop
  endfacet
  facet normal 0 0 1
    outer loop
      vertex 68.8802 42.1249 7
      vertex 68.8802 37.8751 7
      vertex 69.15 38.0081 7
    endloop
  endfacet
  facet normal 0 0 1
    outer loop
      vertex 68.5953 42.2216 7
      vertex 68.8802 37.8751 7
      vertex 68.8802 42.1249 7
    endloop
  endfacet
  facet normal 0 0 1
    outer loop
      vertex 68.5953 42.2216 7
      vertex 68.5953 37.7784 7
      vertex 68.8802 37.8751 7
    endloop
  endfacet
  facet normal 0 0 1
    outer loop
      vertex 68.3002 42.2803 7
      vertex 68.5953 37.7784 7
      vertex 68.5953 42.2216 7
    endloop
  endfacet
  facet normal 0 0 1
    outer loop
      vertex 68.3002 42.2803 7
      vertex 68.3002 37.7197 7
      vertex 68.5953 37.7784 7
    endloop
  endfacet
  facet normal 0 0 1
    outer loop
      vertex 68 42.3 7
      vertex 68.3002 37.7197 7
      vertex 68.3002 42.2803 7
    endloop
  endfacet
  facet normal 0 0 1
    outer loop
      vertex 68 42.3 7
      vertex 68 37.7 7
      vertex 68.3002 37.7197 7
    endloop
  endfacet
  facet normal -0 0 1
    outer loop
      vertex 67.6998 42.2803 7
      vertex 68 37.7 7
      vertex 68 42.3 7
    endloop
  endfacet
  facet normal 0 0 1
    outer loop
      vertex 67.6998 42.2803 7
      vertex 67.6998 37.7197 7
      vertex 68 37.7 7
    endloop
  endfacet
  facet normal -0 0 1
    outer loop
      vertex 67.4047 42.2216 7
      vertex 67.6998 37.7197 7
      vertex 67.6998 42.2803 7
    endloop
  endfacet
  facet normal 0 0 1
    outer loop
      vertex 67.4047 42.2216 7
      vertex 67.4047 37.7784 7
      vertex 67.6998 37.7197 7
    endloop
  endfacet
  facet normal -0 0 1
    outer loop
      vertex 67.1198 42.1249 7
      vertex 67.4047 37.7784 7
      vertex 67.4047 42.2216 7
    endloop
  endfacet
  facet normal 0 0 1
    outer loop
      vertex 67.1198 42.1249 7
      vertex 67.1198 37.8751 7
      vertex 67.4047 37.7784 7
    endloop
  endfacet
  facet normal -0 0 1
    outer loop
      vertex 66.85 41.9919 7
      vertex 67.1198 37.8751 7
      vertex 67.1198 42.1249 7
    endloop
  endfacet
  facet normal 0 0 1
    outer loop
      vertex 66.85 41.9919 7
      vertex 66.85 38.0081 7
      vertex 67.1198 37.8751 7
    endloop
  endfacet
  facet normal -0 0 1
    outer loop
      vertex 66.5998 41.8247 7
      vertex 66.85 38.0081 7
      vertex 66.85 41.9919 7
    endloop
  endfacet
  facet normal 0 0 1
    outer loop
      vertex 66.5998 41.8247 7
      vertex 66.5998 38.1753 7
      vertex 66.85 38.0081 7
    endloop
  endfacet
  facet normal -0 0 1
    outer loop
      vertex 66.3737 41.6263 7
      vertex 66.5998 38.1753 7
      vertex 66.5998 41.8247 7
    endloop
  endfacet
  facet normal 0 0 1
    outer loop
      vertex 66.3737 41.6263 7
      vertex 66.3737 38.3737 7
      vertex 66.5998 38.1753 7
    endloop
  endfacet
  facet normal -0 0 1
    outer loop
      vertex 66.1753 41.4002 7
      vertex 66.3737 38.3737 7
      vertex 66.3737 41.6263 7
    endloop
  endfacet
  facet normal 0 0 1
    outer loop
      vertex 66.1753 41.4002 7
      vertex 66.1753 38.5998 7
      vertex 66.3737 38.3737 7
    endloop
  endfacet
  facet normal -0 0 1
    outer loop
      vertex 66.0081 41.15 7
      vertex 66.1753 38.5998 7
      vertex 66.1753 41.4002 7
    endloop
  endfacet
  facet normal 0 0 1
    outer loop
      vertex 66.0081 41.15 7
      vertex 66.0081 38.85 7
      vertex 66.1753 38.5998 7
    endloop
  endfacet
  facet normal -0 0 1
    outer loop
      vertex 65.8751 40.8802 7
      vertex 66.0081 38.85 7
      vertex 66.0081 41.15 7
    endloop
  endfacet
  facet normal 0 0 1
    outer loop
      vertex 65.8751 40.8802 7
      vertex 65.8751 39.1198 7
      vertex 66.0081 38.85 7
    endloop
  endfacet
  facet normal -0 0 1
    outer loop
      vertex 65.7784 40.5953 7
      vertex 65.8751 39.1198 7
      vertex 65.8751 40.8802 7
    endloop
  endfacet
  facet normal 0 0 1
    outer loop
      vertex 65.7784 40.5953 7
      vertex 65.7784 39.4047 7
      vertex 65.8751 39.1198 7
    endloop
  endfacet
  facet normal -0 0 1
    outer loop
      vertex 65.7197 40.3002 7
      vertex 65.7784 39.4047 7
      vertex 65.7784 40.5953 7
    endloop
  endfacet
  facet normal 0 0 1
    outer loop
      vertex 65.7197 40.3002 7
      vertex 65.7197 39.6998 7
      vertex 65.7784 39.4047 7
    endloop
  endfacet
  facet normal 0 -0 1
    outer loop
      vertex 65.7197 39.6998 7
      vertex 65.7197 40.3002 7
      vertex 65.7 40 7
    endloop
  endfacet
  facet normal 0.831436 -0.55562 0
    outer loop
      vertex 66.0081 41.15 11.98
      vertex 66.1753 41.4002 7
      vertex 66.1753 41.4002 11.98
    endloop
  endfacet
  facet normal 0.831436 -0.55562 0
    outer loop
      vertex 66.1753 41.4002 7
      vertex 66.0081 41.15 11.98
      vertex 66.0081 41.15 7
    endloop
  endfacet
  facet normal 0.997854 -0.0654821 0
    outer loop
      vertex 65.7 40 11.98
      vertex 65.7197 40.3002 7
      vertex 65.7197 40.3002 11.98
    endloop
  endfacet
  facet normal 0.997854 -0.0654821 0
    outer loop
      vertex 65.7197 40.3002 7
      vertex 65.7 40 11.98
      vertex 65.7 40 7
    endloop
  endfacet
  facet normal 0.195093 -0.980785 0
    outer loop
      vertex 67.4047 42.2216 7
      vertex 67.6998 42.2803 11.98
      vertex 67.4047 42.2216 11.98
    endloop
  endfacet
  facet normal 0.195093 -0.980785 0
    outer loop
      vertex 67.6998 42.2803 11.98
      vertex 67.4047 42.2216 7
      vertex 67.6998 42.2803 7
    endloop
  endfacet
  facet normal -0.980785 0.195093 0
    outer loop
      vertex 70.2216 39.4047 7
      vertex 70.2803 39.6998 11.98
      vertex 70.2803 39.6998 7
    endloop
  endfacet
  facet normal -0.980785 0.195093 0
    outer loop
      vertex 70.2803 39.6998 11.98
      vertex 70.2216 39.4047 7
      vertex 70.2216 39.4047 11.98
    endloop
  endfacet
  facet normal -0.997854 0.0654821 0
    outer loop
      vertex 70.2803 39.6998 7
      vertex 70.3 40 11.98
      vertex 70.3 40 7
    endloop
  endfacet
  facet normal -0.997854 0.0654821 0
    outer loop
      vertex 70.3 40 11.98
      vertex 70.2803 39.6998 7
      vertex 70.2803 39.6998 11.98
    endloop
  endfacet
  facet normal -0.195093 0.980785 0
    outer loop
      vertex 68.5953 37.7784 7
      vertex 68.3002 37.7197 11.98
      vertex 68.5953 37.7784 11.98
    endloop
  endfacet
  facet normal -0.195093 0.980785 0
    outer loop
      vertex 68.3002 37.7197 11.98
      vertex 68.5953 37.7784 7
      vertex 68.3002 37.7197 7
    endloop
  endfacet
  facet normal -0.442153 0.89694 0
    outer loop
      vertex 69.15 38.0081 7
      vertex 68.8802 37.8751 11.98
      vertex 69.15 38.0081 11.98
    endloop
  endfacet
  facet normal -0.442153 0.89694 0
    outer loop
      vertex 68.8802 37.8751 11.98
      vertex 69.15 38.0081 7
      vertex 68.8802 37.8751 7
    endloop
  endfacet
  facet normal -0.659563 0.751649 0
    outer loop
      vertex 69.6263 38.3737 7
      vertex 69.4002 38.1753 11.98
      vertex 69.6263 38.3737 11.98
    endloop
  endfacet
  facet normal -0.659563 0.751649 0
    outer loop
      vertex 69.4002 38.1753 11.98
      vertex 69.6263 38.3737 7
      vertex 69.4002 38.1753 7
    endloop
  endfacet
  facet normal -0.831436 0.55562 0
    outer loop
      vertex 69.8247 38.5998 7
      vertex 69.9919 38.85 11.98
      vertex 69.9919 38.85 7
    endloop
  endfacet
  facet normal -0.831436 0.55562 0
    outer loop
      vertex 69.9919 38.85 11.98
      vertex 69.8247 38.5998 7
      vertex 69.8247 38.5998 11.98
    endloop
  endfacet
  facet normal 0.442153 0.89694 -0
    outer loop
      vertex 67.1198 37.8751 7
      vertex 66.85 38.0081 11.98
      vertex 67.1198 37.8751 11.98
    endloop
  endfacet
  facet normal 0.442153 0.89694 0
    outer loop
      vertex 66.85 38.0081 11.98
      vertex 67.1198 37.8751 7
      vertex 66.85 38.0081 7
    endloop
  endfacet
  facet normal 0.55562 0.831436 -0
    outer loop
      vertex 66.85 38.0081 7
      vertex 66.5998 38.1753 11.98
      vertex 66.85 38.0081 11.98
    endloop
  endfacet
  facet normal 0.55562 0.831436 0
    outer loop
      vertex 66.5998 38.1753 11.98
      vertex 66.85 38.0081 7
      vertex 66.5998 38.1753 7
    endloop
  endfacet
  facet normal 0.321408 0.946941 -0
    outer loop
      vertex 67.4047 37.7784 7
      vertex 67.1198 37.8751 11.98
      vertex 67.4047 37.7784 11.98
    endloop
  endfacet
  facet normal 0.321408 0.946941 0
    outer loop
      vertex 67.1198 37.8751 11.98
      vertex 67.4047 37.7784 7
      vertex 67.1198 37.8751 7
    endloop
  endfacet
  facet normal 0.0654821 0.997854 -0
    outer loop
      vertex 68 37.7 7
      vertex 67.6998 37.7197 11.98
      vertex 68 37.7 11.98
    endloop
  endfacet
  facet normal 0.0654821 0.997854 0
    outer loop
      vertex 67.6998 37.7197 11.98
      vertex 68 37.7 7
      vertex 67.6998 37.7197 7
    endloop
  endfacet
  facet normal 0.659563 0.751649 -0
    outer loop
      vertex 66.5998 38.1753 7
      vertex 66.3737 38.3737 11.98
      vertex 66.5998 38.1753 11.98
    endloop
  endfacet
  facet normal 0.659563 0.751649 0
    outer loop
      vertex 66.3737 38.3737 11.98
      vertex 66.5998 38.1753 7
      vertex 66.3737 38.3737 7
    endloop
  endfacet
  facet normal 0.89694 0.442153 0
    outer loop
      vertex 66.0081 38.85 11.98
      vertex 65.8751 39.1198 7
      vertex 65.8751 39.1198 11.98
    endloop
  endfacet
  facet normal 0.89694 0.442153 0
    outer loop
      vertex 65.8751 39.1198 7
      vertex 66.0081 38.85 11.98
      vertex 66.0081 38.85 7
    endloop
  endfacet
  facet normal 0.980785 0.195093 0
    outer loop
      vertex 65.7784 39.4047 11.98
      vertex 65.7197 39.6998 7
      vertex 65.7197 39.6998 11.98
    endloop
  endfacet
  facet normal 0.980785 0.195093 0
    outer loop
      vertex 65.7197 39.6998 7
      vertex 65.7784 39.4047 11.98
      vertex 65.7784 39.4047 7
    endloop
  endfacet
  facet normal -0.751649 -0.659563 0
    outer loop
      vertex 69.8247 41.4002 7
      vertex 69.6263 41.6263 13.5
      vertex 69.6263 41.6263 7
    endloop
  endfacet
  facet normal -0.751649 -0.659563 0
    outer loop
      vertex 69.6263 41.6263 13.5
      vertex 69.8247 41.4002 7
      vertex 69.8247 41.4002 13.5
    endloop
  endfacet
  facet normal 0.997854 0.0654821 0
    outer loop
      vertex 65.7197 39.6998 11.98
      vertex 65.7 40 7
      vertex 65.7 40 11.98
    endloop
  endfacet
  facet normal 0.997854 0.0654821 0
    outer loop
      vertex 65.7 40 7
      vertex 65.7197 39.6998 11.98
      vertex 65.7197 39.6998 7
    endloop
  endfacet
  facet normal 0.659563 -0.751649 0
    outer loop
      vertex 66.3737 41.6263 7
      vertex 66.5998 41.8247 11.98
      vertex 66.3737 41.6263 11.98
    endloop
  endfacet
  facet normal 0.659563 -0.751649 0
    outer loop
      vertex 66.5998 41.8247 11.98
      vertex 66.3737 41.6263 7
      vertex 66.5998 41.8247 7
    endloop
  endfacet
  facet normal -0.946941 0.321408 0
    outer loop
      vertex 70.1249 39.1198 7
      vertex 70.2216 39.4047 11.98
      vertex 70.2216 39.4047 7
    endloop
  endfacet
  facet normal -0.946941 0.321408 0
    outer loop
      vertex 70.2216 39.4047 11.98
      vertex 70.1249 39.1198 7
      vertex 70.1249 39.1198 11.98
    endloop
  endfacet
  facet normal -0.321408 0.946941 0
    outer loop
      vertex 68.8802 37.8751 7
      vertex 68.5953 37.7784 11.98
      vertex 68.8802 37.8751 11.98
    endloop
  endfacet
  facet normal -0.321408 0.946941 0
    outer loop
      vertex 68.5953 37.7784 11.98
      vertex 68.8802 37.8751 7
      vertex 68.5953 37.7784 7
    endloop
  endfacet
  facet normal 0.946941 0.321408 0
    outer loop
      vertex 65.8751 39.1198 11.98
      vertex 65.7784 39.4047 7
      vertex 65.7784 39.4047 11.98
    endloop
  endfacet
  facet normal 0.946941 0.321408 0
    outer loop
      vertex 65.7784 39.4047 7
      vertex 65.8751 39.1198 11.98
      vertex 65.8751 39.1198 7
    endloop
  endfacet
  facet normal 0.997861 0.0653646 0
    outer loop
      vertex -64 -40 13.5
      vertex -64.0342 -39.4779 12
      vertex -64.0342 -39.4779 13.5
    endloop
  endfacet
  facet normal 0.997861 0.0653646 0
    outer loop
      vertex -64.0342 -39.4779 12
      vertex -64 -40 13.5
      vertex -64 -40 12
    endloop
  endfacet
  facet normal -0.997861 0.0653646 0
    outer loop
      vertex -72 -40 12
      vertex -71.9658 -39.4779 13.5
      vertex -71.9658 -39.4779 12
    endloop
  endfacet
  facet normal -0.997861 0.0653646 0
    outer loop
      vertex -71.9658 -39.4779 13.5
      vertex -72 -40 12
      vertex -72 -40 13.5
    endloop
  endfacet
  facet normal 0.0653646 0.997861 -0
    outer loop
      vertex -67.4779 -36.0342 12
      vertex -68 -36 13.5
      vertex -67.4779 -36.0342 13.5
    endloop
  endfacet
  facet normal 0.0653646 0.997861 0
    outer loop
      vertex -68 -36 13.5
      vertex -67.4779 -36.0342 12
      vertex -68 -36 12
    endloop
  endfacet
  facet normal -0.751842 -0.659343 0
    outer loop
      vertex -70.8284 -42.8284 12
      vertex -71.1734 -42.435 13.5
      vertex -71.1734 -42.435 12
    endloop
  endfacet
  facet normal -0.751842 -0.659343 0
    outer loop
      vertex -71.1734 -42.435 13.5
      vertex -70.8284 -42.8284 12
      vertex -70.8284 -42.8284 13.5
    endloop
  endfacet
  facet normal 0.659343 0.751842 -0
    outer loop
      vertex -65.1716 -37.1716 12
      vertex -65.565 -36.8266 13.5
      vertex -65.1716 -37.1716 13.5
    endloop
  endfacet
  facet normal 0.659343 0.751842 0
    outer loop
      vertex -65.565 -36.8266 13.5
      vertex -65.1716 -37.1716 12
      vertex -65.565 -36.8266 12
    endloop
  endfacet
  facet normal -0.659343 0.751842 0
    outer loop
      vertex -70.435 -36.8266 12
      vertex -70.8284 -37.1716 13.5
      vertex -70.435 -36.8266 13.5
    endloop
  endfacet
  facet normal -0.659343 0.751842 0
    outer loop
      vertex -70.8284 -37.1716 13.5
      vertex -70.435 -36.8266 12
      vertex -70.8284 -37.1716 12
    endloop
  endfacet
  facet normal -0.321498 0.94691 0
    outer loop
      vertex -69.0353 -36.1363 12
      vertex -69.5307 -36.3045 13.5
      vertex -69.0353 -36.1363 13.5
    endloop
  endfacet
  facet normal -0.321498 0.94691 0
    outer loop
      vertex -69.5307 -36.3045 13.5
      vertex -69.0353 -36.1363 12
      vertex -69.5307 -36.3045 12
    endloop
  endfacet
  facet normal -0.94691 -0.321498 0
    outer loop
      vertex -71.6955 -41.5307 12
      vertex -71.8637 -41.0353 13.5
      vertex -71.8637 -41.0353 12
    endloop
  endfacet
  facet normal -0.94691 -0.321498 0
    outer loop
      vertex -71.8637 -41.0353 13.5
      vertex -71.6955 -41.5307 12
      vertex -71.6955 -41.5307 13.5
    endloop
  endfacet
  facet normal 0.896898 0.442238 0
    outer loop
      vertex -64.3045 -38.4693 13.5
      vertex -64.5359 -38 12
      vertex -64.5359 -38 13.5
    endloop
  endfacet
  facet normal 0.896898 0.442238 0
    outer loop
      vertex -64.5359 -38 12
      vertex -64.3045 -38.4693 13.5
      vertex -64.3045 -38.4693 12
    endloop
  endfacet
  facet normal 0.831432 0.555626 0
    outer loop
      vertex -64.5359 -38 13.5
      vertex -64.8266 -37.565 12
      vertex -64.8266 -37.565 13.5
    endloop
  endfacet
  facet normal 0.831432 0.555626 0
    outer loop
      vertex -64.8266 -37.565 12
      vertex -64.5359 -38 13.5
      vertex -64.5359 -38 12
    endloop
  endfacet
  facet normal 0.442238 0.896898 -0
    outer loop
      vertex -66 -36.5359 12
      vertex -66.4693 -36.3045 13.5
      vertex -66 -36.5359 13.5
    endloop
  endfacet
  facet normal 0.442238 0.896898 0
    outer loop
      vertex -66.4693 -36.3045 13.5
      vertex -66 -36.5359 12
      vertex -66.4693 -36.3045 12
    endloop
  endfacet
  facet normal 0.555626 0.831432 -0
    outer loop
      vertex -65.565 -36.8266 12
      vertex -66 -36.5359 13.5
      vertex -65.565 -36.8266 13.5
    endloop
  endfacet
  facet normal 0.555626 0.831432 0
    outer loop
      vertex -66 -36.5359 13.5
      vertex -65.565 -36.8266 12
      vertex -66 -36.5359 12
    endloop
  endfacet
  facet normal -0.896898 0.442238 0
    outer loop
      vertex -71.6955 -38.4693 12
      vertex -71.4641 -38 13.5
      vertex -71.4641 -38 12
    endloop
  endfacet
  facet normal -0.896898 0.442238 0
    outer loop
      vertex -71.4641 -38 13.5
      vertex -71.6955 -38.4693 12
      vertex -71.6955 -38.4693 13.5
    endloop
  endfacet
  facet normal -0.751842 0.659343 0
    outer loop
      vertex -71.1734 -37.565 12
      vertex -70.8284 -37.1716 13.5
      vertex -70.8284 -37.1716 12
    endloop
  endfacet
  facet normal -0.751842 0.659343 0
    outer loop
      vertex -70.8284 -37.1716 13.5
      vertex -71.1734 -37.565 12
      vertex -71.1734 -37.565 13.5
    endloop
  endfacet
  facet normal 0 0 1
    outer loop
      vertex -65.7 -40 13.5
      vertex -64 -40 13.5
      vertex -64.0342 -39.4779 13.5
    endloop
  endfacet
  facet normal 0 0 1
    outer loop
      vertex -65.7197 -39.6998 13.5
      vertex -64.0342 -39.4779 13.5
      vertex -64.1363 -38.9647 13.5
    endloop
  endfacet
  facet normal 0 0 1
    outer loop
      vertex -64 -40 13.5
      vertex -65.7 -40 13.5
      vertex -64.0342 -40.5221 13.5
    endloop
  endfacet
  facet normal 0 0 1
    outer loop
      vertex -65.7784 -39.4047 13.5
      vertex -64.1363 -38.9647 13.5
      vertex -64.3045 -38.4693 13.5
    endloop
  endfacet
  facet normal -0 0 1
    outer loop
      vertex -65.7197 -40.3002 13.5
      vertex -64.0342 -40.5221 13.5
      vertex -65.7 -40 13.5
    endloop
  endfacet
  facet normal 0 0 1
    outer loop
      vertex -65.8751 -39.1198 13.5
      vertex -64.3045 -38.4693 13.5
      vertex -64.5359 -38 13.5
    endloop
  endfacet
  facet normal 0 0 1
    outer loop
      vertex -64.0342 -40.5221 13.5
      vertex -65.7197 -40.3002 13.5
      vertex -64.1363 -41.0353 13.5
    endloop
  endfacet
  facet normal 0 0 1
    outer loop
      vertex -66.0081 -38.85 13.5
      vertex -64.5359 -38 13.5
      vertex -64.8266 -37.565 13.5
    endloop
  endfacet
  facet normal -0 0 1
    outer loop
      vertex -65.7784 -40.5953 13.5
      vertex -64.1363 -41.0353 13.5
      vertex -65.7197 -40.3002 13.5
    endloop
  endfacet
  facet normal 0 0 1
    outer loop
      vertex -66.1753 -38.5998 13.5
      vertex -64.8266 -37.565 13.5
      vertex -65.1716 -37.1716 13.5
    endloop
  endfacet
  facet normal 0 0 1
    outer loop
      vertex -64.1363 -41.0353 13.5
      vertex -65.7784 -40.5953 13.5
      vertex -64.3045 -41.5307 13.5
    endloop
  endfacet
  facet normal 0 0 1
    outer loop
      vertex -66.3737 -38.3737 13.5
      vertex -65.1716 -37.1716 13.5
      vertex -65.565 -36.8266 13.5
    endloop
  endfacet
  facet normal -0 0 1
    outer loop
      vertex -65.8751 -40.8802 13.5
      vertex -64.3045 -41.5307 13.5
      vertex -65.7784 -40.5953 13.5
    endloop
  endfacet
  facet normal 0 0 1
    outer loop
      vertex -64.3045 -41.5307 13.5
      vertex -65.8751 -40.8802 13.5
      vertex -64.5359 -42 13.5
    endloop
  endfacet
  facet normal 0 0 1
    outer loop
      vertex -64.0342 -39.4779 13.5
      vertex -65.7197 -39.6998 13.5
      vertex -65.7 -40 13.5
    endloop
  endfacet
  facet normal 0 0 1
    outer loop
      vertex -64.1363 -38.9647 13.5
      vertex -65.7784 -39.4047 13.5
      vertex -65.7197 -39.6998 13.5
    endloop
  endfacet
  facet normal 0 0 1
    outer loop
      vertex -64.3045 -38.4693 13.5
      vertex -65.8751 -39.1198 13.5
      vertex -65.7784 -39.4047 13.5
    endloop
  endfacet
  facet normal 0 0 1
    outer loop
      vertex -66.5998 -38.1753 13.5
      vertex -65.565 -36.8266 13.5
      vertex -66 -36.5359 13.5
    endloop
  endfacet
  facet normal 0 0 1
    outer loop
      vertex -64.5359 -38 13.5
      vertex -66.0081 -38.85 13.5
      vertex -65.8751 -39.1198 13.5
    endloop
  endfacet
  facet normal 0 0 1
    outer loop
      vertex -64.8266 -37.565 13.5
      vertex -66.1753 -38.5998 13.5
      vertex -66.0081 -38.85 13.5
    endloop
  endfacet
  facet normal 0 0 1
    outer loop
      vertex -65.1716 -37.1716 13.5
      vertex -66.3737 -38.3737 13.5
      vertex -66.1753 -38.5998 13.5
    endloop
  endfacet
  facet normal 0 0 1
    outer loop
      vertex -66.85 -38.0081 13.5
      vertex -66 -36.5359 13.5
      vertex -66.4693 -36.3045 13.5
    endloop
  endfacet
  facet normal 0 0 1
    outer loop
      vertex -65.565 -36.8266 13.5
      vertex -66.5998 -38.1753 13.5
      vertex -66.3737 -38.3737 13.5
    endloop
  endfacet
  facet normal 0 0 1
    outer loop
      vertex -66 -36.5359 13.5
      vertex -66.85 -38.0081 13.5
      vertex -66.5998 -38.1753 13.5
    endloop
  endfacet
  facet normal 0 0 1
    outer loop
      vertex -67.1198 -37.8751 13.5
      vertex -66.4693 -36.3045 13.5
      vertex -66.9647 -36.1363 13.5
    endloop
  endfacet
  facet normal 0 0 1
    outer loop
      vertex -66.4693 -36.3045 13.5
      vertex -67.1198 -37.8751 13.5
      vertex -66.85 -38.0081 13.5
    endloop
  endfacet
  facet normal 0 0 1
    outer loop
      vertex -66.9647 -36.1363 13.5
      vertex -67.4047 -37.7784 13.5
      vertex -67.1198 -37.8751 13.5
    endloop
  endfacet
  facet normal 0 0 1
    outer loop
      vertex -67.4779 -36.0342 13.5
      vertex -67.4047 -37.7784 13.5
      vertex -66.9647 -36.1363 13.5
    endloop
  endfacet
  facet normal 0 0 1
    outer loop
      vertex -67.4779 -36.0342 13.5
      vertex -67.6998 -37.7197 13.5
      vertex -67.4047 -37.7784 13.5
    endloop
  endfacet
  facet normal 0 0 1
    outer loop
      vertex -68 -36 13.5
      vertex -67.6998 -37.7197 13.5
      vertex -67.4779 -36.0342 13.5
    endloop
  endfacet
  facet normal 0 0 1
    outer loop
      vertex -68 -36 13.5
      vertex -68 -37.7 13.5
      vertex -67.6998 -37.7197 13.5
    endloop
  endfacet
  facet normal 0 0 1
    outer loop
      vertex -68 -36 13.5
      vertex -68.3002 -37.7197 13.5
      vertex -68 -37.7 13.5
    endloop
  endfacet
  facet normal -0 0 1
    outer loop
      vertex -68.5221 -36.0342 13.5
      vertex -68.3002 -37.7197 13.5
      vertex -68 -36 13.5
    endloop
  endfacet
  facet normal 0 0 1
    outer loop
      vertex -68.5221 -36.0342 13.5
      vertex -68.5953 -37.7784 13.5
      vertex -68.3002 -37.7197 13.5
    endloop
  endfacet
  facet normal -0 0 1
    outer loop
      vertex -69.0353 -36.1363 13.5
      vertex -68.5953 -37.7784 13.5
      vertex -68.5221 -36.0342 13.5
    endloop
  endfacet
  facet normal 0 0 1
    outer loop
      vertex -68.5953 -37.7784 13.5
      vertex -69.0353 -36.1363 13.5
      vertex -68.8802 -37.8751 13.5
    endloop
  endfacet
  facet normal -0 0 1
    outer loop
      vertex -69.5307 -36.3045 13.5
      vertex -68.8802 -37.8751 13.5
      vertex -69.0353 -36.1363 13.5
    endloop
  endfacet
  facet normal 0 0 1
    outer loop
      vertex -68.8802 -37.8751 13.5
      vertex -69.5307 -36.3045 13.5
      vertex -69.15 -38.0081 13.5
    endloop
  endfacet
  facet normal -0 0 1
    outer loop
      vertex -70 -36.5359 13.5
      vertex -69.15 -38.0081 13.5
      vertex -69.5307 -36.3045 13.5
    endloop
  endfacet
  facet normal 0 0 1
    outer loop
      vertex -69.15 -38.0081 13.5
      vertex -70 -36.5359 13.5
      vertex -69.4002 -38.1753 13.5
    endloop
  endfacet
  facet normal -0 0 1
    outer loop
      vertex -70.435 -36.8266 13.5
      vertex -69.4002 -38.1753 13.5
      vertex -70 -36.5359 13.5
    endloop
  endfacet
  facet normal 0 0 1
    outer loop
      vertex -69.4002 -38.1753 13.5
      vertex -70.435 -36.8266 13.5
      vertex -69.6263 -38.3737 13.5
    endloop
  endfacet
  facet normal -0 0 1
    outer loop
      vertex -70.8284 -37.1716 13.5
      vertex -69.6263 -38.3737 13.5
      vertex -70.435 -36.8266 13.5
    endloop
  endfacet
  facet normal 0 0 1
    outer loop
      vertex -69.6263 -38.3737 13.5
      vertex -70.8284 -37.1716 13.5
      vertex -69.8247 -38.5998 13.5
    endloop
  endfacet
  facet normal -0 0 1
    outer loop
      vertex -71.1734 -37.565 13.5
      vertex -69.8247 -38.5998 13.5
      vertex -70.8284 -37.1716 13.5
    endloop
  endfacet
  facet normal 0 0 1
    outer loop
      vertex -69.8247 -38.5998 13.5
      vertex -71.1734 -37.565 13.5
      vertex -69.9919 -38.85 13.5
    endloop
  endfacet
  facet normal 0 0 1
    outer loop
      vertex -69.9919 -38.85 13.5
      vertex -71.4641 -38 13.5
      vertex -70.1249 -39.1198 13.5
    endloop
  endfacet
  facet normal -0 0 1
    outer loop
      vertex -71.4641 -38 13.5
      vertex -69.9919 -38.85 13.5
      vertex -71.1734 -37.565 13.5
    endloop
  endfacet
  facet normal -0 0 1
    outer loop
      vertex -66.0081 -41.15 13.5
      vertex -64.5359 -42 13.5
      vertex -65.8751 -40.8802 13.5
    endloop
  endfacet
  facet normal 0 0 1
    outer loop
      vertex -64.5359 -42 13.5
      vertex -66.0081 -41.15 13.5
      vertex -64.8266 -42.435 13.5
    endloop
  endfacet
  facet normal -0 0 1
    outer loop
      vertex -66.1753 -41.4002 13.5
      vertex -64.8266 -42.435 13.5
      vertex -66.0081 -41.15 13.5
    endloop
  endfacet
  facet normal 0 0 1
    outer loop
      vertex -64.8266 -42.435 13.5
      vertex -66.1753 -41.4002 13.5
      vertex -65.1716 -42.8284 13.5
    endloop
  endfacet
  facet normal -0 0 1
    outer loop
      vertex -66.3737 -41.6263 13.5
      vertex -65.1716 -42.8284 13.5
      vertex -66.1753 -41.4002 13.5
    endloop
  endfacet
  facet normal 0 0 1
    outer loop
      vertex -65.1716 -42.8284 13.5
      vertex -66.3737 -41.6263 13.5
      vertex -65.565 -43.1734 13.5
    endloop
  endfacet
  facet normal -0 0 1
    outer loop
      vertex -66.5998 -41.8247 13.5
      vertex -65.565 -43.1734 13.5
      vertex -66.3737 -41.6263 13.5
    endloop
  endfacet
  facet normal 0 0 1
    outer loop
      vertex -65.565 -43.1734 13.5
      vertex -66.5998 -41.8247 13.5
      vertex -66 -43.4641 13.5
    endloop
  endfacet
  facet normal -0 0 1
    outer loop
      vertex -66.85 -41.9919 13.5
      vertex -66 -43.4641 13.5
      vertex -66.5998 -41.8247 13.5
    endloop
  endfacet
  facet normal 0 0 1
    outer loop
      vertex -66 -43.4641 13.5
      vertex -66.85 -41.9919 13.5
      vertex -66.4693 -43.6955 13.5
    endloop
  endfacet
  facet normal -0 0 1
    outer loop
      vertex -67.1198 -42.1249 13.5
      vertex -66.4693 -43.6955 13.5
      vertex -66.85 -41.9919 13.5
    endloop
  endfacet
  facet normal 0 0 1
    outer loop
      vertex -66.4693 -43.6955 13.5
      vertex -67.1198 -42.1249 13.5
      vertex -66.9647 -43.8637 13.5
    endloop
  endfacet
  facet normal -0 0 1
    outer loop
      vertex -67.4047 -42.2216 13.5
      vertex -66.9647 -43.8637 13.5
      vertex -67.1198 -42.1249 13.5
    endloop
  endfacet
  facet normal 0 0 1
    outer loop
      vertex -67.4047 -42.2216 13.5
      vertex -67.4779 -43.9658 13.5
      vertex -66.9647 -43.8637 13.5
    endloop
  endfacet
  facet normal -0 0 1
    outer loop
      vertex -67.6998 -42.2803 13.5
      vertex -67.4779 -43.9658 13.5
      vertex -67.4047 -42.2216 13.5
    endloop
  endfacet
  facet normal -0 0 1
    outer loop
      vertex -68 -42.3 13.5
      vertex -67.4779 -43.9658 13.5
      vertex -67.6998 -42.2803 13.5
    endloop
  endfacet
  facet normal 0 0 1
    outer loop
      vertex -68 -42.3 13.5
      vertex -68 -44 13.5
      vertex -67.4779 -43.9658 13.5
    endloop
  endfacet
  facet normal 0 0 1
    outer loop
      vertex -68.3002 -42.2803 13.5
      vertex -68 -44 13.5
      vertex -68 -42.3 13.5
    endloop
  endfacet
  facet normal 0 0 1
    outer loop
      vertex -68.3002 -42.2803 13.5
      vertex -68.5221 -43.9658 13.5
      vertex -68 -44 13.5
    endloop
  endfacet
  facet normal 0 0 1
    outer loop
      vertex -68.5953 -42.2216 13.5
      vertex -68.5221 -43.9658 13.5
      vertex -68.3002 -42.2803 13.5
    endloop
  endfacet
  facet normal 0 0 1
    outer loop
      vertex -69.0353 -43.8637 13.5
      vertex -68.5953 -42.2216 13.5
      vertex -68.8802 -42.1249 13.5
    endloop
  endfacet
  facet normal 0 0 1
    outer loop
      vertex -68.5953 -42.2216 13.5
      vertex -69.0353 -43.8637 13.5
      vertex -68.5221 -43.9658 13.5
    endloop
  endfacet
  facet normal 0 0 1
    outer loop
      vertex -69.5307 -43.6955 13.5
      vertex -68.8802 -42.1249 13.5
      vertex -69.15 -41.9919 13.5
    endloop
  endfacet
  facet normal 0 0 1
    outer loop
      vertex -70 -43.4641 13.5
      vertex -69.15 -41.9919 13.5
      vertex -69.4002 -41.8247 13.5
    endloop
  endfacet
  facet normal 0 0 1
    outer loop
      vertex -68.8802 -42.1249 13.5
      vertex -69.5307 -43.6955 13.5
      vertex -69.0353 -43.8637 13.5
    endloop
  endfacet
  facet normal 0 0 1
    outer loop
      vertex -70.435 -43.1734 13.5
      vertex -69.4002 -41.8247 13.5
      vertex -69.6263 -41.6263 13.5
    endloop
  endfacet
  facet normal 0 0 1
    outer loop
      vertex -70.8284 -42.8284 13.5
      vertex -69.6263 -41.6263 13.5
      vertex -69.8247 -41.4002 13.5
    endloop
  endfacet
  facet normal 0 0 1
    outer loop
      vertex -71.1734 -42.435 13.5
      vertex -69.8247 -41.4002 13.5
      vertex -69.9919 -41.15 13.5
    endloop
  endfacet
  facet normal 0 0 1
    outer loop
      vertex -69.15 -41.9919 13.5
      vertex -70 -43.4641 13.5
      vertex -69.5307 -43.6955 13.5
    endloop
  endfacet
  facet normal 0 0 1
    outer loop
      vertex -71.4641 -42 13.5
      vertex -69.9919 -41.15 13.5
      vertex -70.1249 -40.8802 13.5
    endloop
  endfacet
  facet normal 0 0 1
    outer loop
      vertex -71.6955 -41.5307 13.5
      vertex -70.1249 -40.8802 13.5
      vertex -70.2216 -40.5953 13.5
    endloop
  endfacet
  facet normal 0 0 1
    outer loop
      vertex -71.8637 -41.0353 13.5
      vertex -70.2216 -40.5953 13.5
      vertex -70.2803 -40.3002 13.5
    endloop
  endfacet
  facet normal 0 0 1
    outer loop
      vertex -69.4002 -41.8247 13.5
      vertex -70.435 -43.1734 13.5
      vertex -70 -43.4641 13.5
    endloop
  endfacet
  facet normal 0 0 1
    outer loop
      vertex -71.9658 -40.5221 13.5
      vertex -70.2803 -40.3002 13.5
      vertex -70.3 -40 13.5
    endloop
  endfacet
  facet normal -0 0 1
    outer loop
      vertex -71.6955 -38.4693 13.5
      vertex -70.1249 -39.1198 13.5
      vertex -71.4641 -38 13.5
    endloop
  endfacet
  facet normal 0 0 1
    outer loop
      vertex -70.1249 -39.1198 13.5
      vertex -71.6955 -38.4693 13.5
      vertex -70.2216 -39.4047 13.5
    endloop
  endfacet
  facet normal 0 0 1
    outer loop
      vertex -69.6263 -41.6263 13.5
      vertex -70.8284 -42.8284 13.5
      vertex -70.435 -43.1734 13.5
    endloop
  endfacet
  facet normal -0 0 1
    outer loop
      vertex -71.8637 -38.9647 13.5
      vertex -70.2216 -39.4047 13.5
      vertex -71.6955 -38.4693 13.5
    endloop
  endfacet
  facet normal 0 0 1
    outer loop
      vertex -69.8247 -41.4002 13.5
      vertex -71.1734 -42.435 13.5
      vertex -70.8284 -42.8284 13.5
    endloop
  endfacet
  facet normal 0 0 1
    outer loop
      vertex -70.2216 -39.4047 13.5
      vertex -71.8637 -38.9647 13.5
      vertex -70.2803 -39.6998 13.5
    endloop
  endfacet
  facet normal 0 0 1
    outer loop
      vertex -69.9919 -41.15 13.5
      vertex -71.4641 -42 13.5
      vertex -71.1734 -42.435 13.5
    endloop
  endfacet
  facet normal -0 0 1
    outer loop
      vertex -71.9658 -39.4779 13.5
      vertex -70.2803 -39.6998 13.5
      vertex -71.8637 -38.9647 13.5
    endloop
  endfacet
  facet normal 0 0 1
    outer loop
      vertex -70.1249 -40.8802 13.5
      vertex -71.6955 -41.5307 13.5
      vertex -71.4641 -42 13.5
    endloop
  endfacet
  facet normal 0 0 1
    outer loop
      vertex -70.2803 -39.6998 13.5
      vertex -71.9658 -39.4779 13.5
      vertex -70.3 -40 13.5
    endloop
  endfacet
  facet normal 0 0 1
    outer loop
      vertex -70.2216 -40.5953 13.5
      vertex -71.8637 -41.0353 13.5
      vertex -71.6955 -41.5307 13.5
    endloop
  endfacet
  facet normal 0 0 1
    outer loop
      vertex -72 -40 13.5
      vertex -70.3 -40 13.5
      vertex -71.9658 -39.4779 13.5
    endloop
  endfacet
  facet normal 0 0 1
    outer loop
      vertex -70.2803 -40.3002 13.5
      vertex -71.9658 -40.5221 13.5
      vertex -71.8637 -41.0353 13.5
    endloop
  endfacet
  facet normal 0 0 1
    outer loop
      vertex -70.3 -40 13.5
      vertex -72 -40 13.5
      vertex -71.9658 -40.5221 13.5
    endloop
  endfacet
  facet normal -0.0653646 0.997861 0
    outer loop
      vertex -68 -36 12
      vertex -68.5221 -36.0342 13.5
      vertex -68 -36 13.5
    endloop
  endfacet
  facet normal -0.0653646 0.997861 0
    outer loop
      vertex -68.5221 -36.0342 13.5
      vertex -68 -36 12
      vertex -68.5221 -36.0342 12
    endloop
  endfacet
  facet normal 0.94691 -0.321498 0
    outer loop
      vertex -64.3045 -41.5307 13.5
      vertex -64.1363 -41.0353 12
      vertex -64.1363 -41.0353 13.5
    endloop
  endfacet
  facet normal 0.94691 -0.321498 0
    outer loop
      vertex -64.1363 -41.0353 12
      vertex -64.3045 -41.5307 13.5
      vertex -64.3045 -41.5307 12
    endloop
  endfacet
  facet normal 0.555626 -0.831432 0
    outer loop
      vertex -66 -43.4641 12
      vertex -65.565 -43.1734 13.5
      vertex -66 -43.4641 13.5
    endloop
  endfacet
  facet normal 0.555626 -0.831432 0
    outer loop
      vertex -65.565 -43.1734 13.5
      vertex -66 -43.4641 12
      vertex -65.565 -43.1734 12
    endloop
  endfacet
  facet normal -0.659343 -0.751842 0
    outer loop
      vertex -70.8284 -42.8284 12
      vertex -70.435 -43.1734 13.5
      vertex -70.8284 -42.8284 13.5
    endloop
  endfacet
  facet normal -0.659343 -0.751842 -0
    outer loop
      vertex -70.435 -43.1734 13.5
      vertex -70.8284 -42.8284 12
      vertex -70.435 -43.1734 12
    endloop
  endfacet
  facet normal -0.997861 -0.0653646 0
    outer loop
      vertex -71.9658 -40.5221 12
      vertex -72 -40 13.5
      vertex -72 -40 12
    endloop
  endfacet
  facet normal -0.997861 -0.0653646 0
    outer loop
      vertex -72 -40 13.5
      vertex -71.9658 -40.5221 12
      vertex -71.9658 -40.5221 13.5
    endloop
  endfacet
  facet normal 0.94691 0.321498 0
    outer loop
      vertex -64.1363 -38.9647 13.5
      vertex -64.3045 -38.4693 12
      vertex -64.3045 -38.4693 13.5
    endloop
  endfacet
  facet normal 0.94691 0.321498 0
    outer loop
      vertex -64.3045 -38.4693 12
      vertex -64.1363 -38.9647 13.5
      vertex -64.1363 -38.9647 12
    endloop
  endfacet
  facet normal 0.980779 0.195124 0
    outer loop
      vertex -64.0342 -39.4779 13.5
      vertex -64.1363 -38.9647 12
      vertex -64.1363 -38.9647 13.5
    endloop
  endfacet
  facet normal 0.980779 0.195124 0
    outer loop
      vertex -64.1363 -38.9647 12
      vertex -64.0342 -39.4779 13.5
      vertex -64.0342 -39.4779 12
    endloop
  endfacet
  facet normal 0.751842 0.659343 0
    outer loop
      vertex -64.8266 -37.565 13.5
      vertex -65.1716 -37.1716 12
      vertex -65.1716 -37.1716 13.5
    endloop
  endfacet
  facet normal 0.751842 0.659343 0
    outer loop
      vertex -65.1716 -37.1716 12
      vertex -64.8266 -37.565 13.5
      vertex -64.8266 -37.565 12
    endloop
  endfacet
  facet normal 0.321498 0.94691 -0
    outer loop
      vertex -66.4693 -36.3045 12
      vertex -66.9647 -36.1363 13.5
      vertex -66.4693 -36.3045 13.5
    endloop
  endfacet
  facet normal 0.321498 0.94691 0
    outer loop
      vertex -66.9647 -36.1363 13.5
      vertex -66.4693 -36.3045 12
      vertex -66.9647 -36.1363 12
    endloop
  endfacet
  facet normal 0.195124 0.980779 -0
    outer loop
      vertex -66.9647 -36.1363 12
      vertex -67.4779 -36.0342 13.5
      vertex -66.9647 -36.1363 13.5
    endloop
  endfacet
  facet normal 0.195124 0.980779 0
    outer loop
      vertex -67.4779 -36.0342 13.5
      vertex -66.9647 -36.1363 12
      vertex -67.4779 -36.0342 12
    endloop
  endfacet
  facet normal -0.831432 0.555626 0
    outer loop
      vertex -71.4641 -38 12
      vertex -71.1734 -37.565 13.5
      vertex -71.1734 -37.565 12
    endloop
  endfacet
  facet normal -0.831432 0.555626 0
    outer loop
      vertex -71.1734 -37.565 13.5
      vertex -71.4641 -38 12
      vertex -71.4641 -38 13.5
    endloop
  endfacet
  facet normal -0.94691 0.321498 0
    outer loop
      vertex -71.8637 -38.9647 12
      vertex -71.6955 -38.4693 13.5
      vertex -71.6955 -38.4693 12
    endloop
  endfacet
  facet normal -0.94691 0.321498 0
    outer loop
      vertex -71.6955 -38.4693 13.5
      vertex -71.8637 -38.9647 12
      vertex -71.8637 -38.9647 13.5
    endloop
  endfacet
  facet normal -0.980779 0.195124 0
    outer loop
      vertex -71.9658 -39.4779 12
      vertex -71.8637 -38.9647 13.5
      vertex -71.8637 -38.9647 12
    endloop
  endfacet
  facet normal -0.980779 0.195124 0
    outer loop
      vertex -71.8637 -38.9647 13.5
      vertex -71.9658 -39.4779 12
      vertex -71.9658 -39.4779 13.5
    endloop
  endfacet
  facet normal -0.442238 0.896898 0
    outer loop
      vertex -69.5307 -36.3045 12
      vertex -70 -36.5359 13.5
      vertex -69.5307 -36.3045 13.5
    endloop
  endfacet
  facet normal -0.442238 0.896898 0
    outer loop
      vertex -70 -36.5359 13.5
      vertex -69.5307 -36.3045 12
      vertex -70 -36.5359 12
    endloop
  endfacet
  facet normal -0.555626 0.831432 0
    outer loop
      vertex -70 -36.5359 12
      vertex -70.435 -36.8266 13.5
      vertex -70 -36.5359 13.5
    endloop
  endfacet
  facet normal -0.555626 0.831432 0
    outer loop
      vertex -70.435 -36.8266 13.5
      vertex -70 -36.5359 12
      vertex -70.435 -36.8266 12
    endloop
  endfacet
  facet normal -0.195124 0.980779 0
    outer loop
      vertex -68.5221 -36.0342 12
      vertex -69.0353 -36.1363 13.5
      vertex -68.5221 -36.0342 13.5
    endloop
  endfacet
  facet normal -0.195124 0.980779 0
    outer loop
      vertex -69.0353 -36.1363 13.5
      vertex -68.5221 -36.0342 12
      vertex -69.0353 -36.1363 12
    endloop
  endfacet
  facet normal 0.997861 -0.0653646 0
    outer loop
      vertex -64.0342 -40.5221 13.5
      vertex -64 -40 12
      vertex -64 -40 13.5
    endloop
  endfacet
  facet normal 0.997861 -0.0653646 0
    outer loop
      vertex -64 -40 12
      vertex -64.0342 -40.5221 13.5
      vertex -64.0342 -40.5221 12
    endloop
  endfacet
  facet normal 0.0653646 -0.997861 0
    outer loop
      vertex -68 -44 12
      vertex -67.4779 -43.9658 13.5
      vertex -68 -44 13.5
    endloop
  endfacet
  facet normal 0.0653646 -0.997861 0
    outer loop
      vertex -67.4779 -43.9658 13.5
      vertex -68 -44 12
      vertex -67.4779 -43.9658 12
    endloop
  endfacet
  facet normal 0.321498 -0.94691 0
    outer loop
      vertex -66.9647 -43.8637 12
      vertex -66.4693 -43.6955 13.5
      vertex -66.9647 -43.8637 13.5
    endloop
  endfacet
  facet normal 0.321498 -0.94691 0
    outer loop
      vertex -66.4693 -43.6955 13.5
      vertex -66.9647 -43.8637 12
      vertex -66.4693 -43.6955 12
    endloop
  endfacet
  facet normal 0.659343 -0.751842 0
    outer loop
      vertex -65.565 -43.1734 12
      vertex -65.1716 -42.8284 13.5
      vertex -65.565 -43.1734 13.5
    endloop
  endfacet
  facet normal 0.659343 -0.751842 0
    outer loop
      vertex -65.1716 -42.8284 13.5
      vertex -65.565 -43.1734 12
      vertex -65.1716 -42.8284 12
    endloop
  endfacet
  facet normal 0.831432 -0.555626 0
    outer loop
      vertex -64.8266 -42.435 13.5
      vertex -64.5359 -42 12
      vertex -64.5359 -42 13.5
    endloop
  endfacet
  facet normal 0.831432 -0.555626 0
    outer loop
      vertex -64.5359 -42 12
      vertex -64.8266 -42.435 13.5
      vertex -64.8266 -42.435 12
    endloop
  endfacet
  facet normal -0.555626 -0.831432 0
    outer loop
      vertex -70.435 -43.1734 12
      vertex -70 -43.4641 13.5
      vertex -70.435 -43.1734 13.5
    endloop
  endfacet
  facet normal -0.555626 -0.831432 -0
    outer loop
      vertex -70 -43.4641 13.5
      vertex -70.435 -43.1734 12
      vertex -70 -43.4641 12
    endloop
  endfacet
  facet normal -0.321498 -0.94691 0
    outer loop
      vertex -69.5307 -43.6955 12
      vertex -69.0353 -43.8637 13.5
      vertex -69.5307 -43.6955 13.5
    endloop
  endfacet
  facet normal -0.321498 -0.94691 -0
    outer loop
      vertex -69.0353 -43.8637 13.5
      vertex -69.5307 -43.6955 12
      vertex -69.0353 -43.8637 12
    endloop
  endfacet
  facet normal -0.0653646 -0.997861 0
    outer loop
      vertex -68.5221 -43.9658 12
      vertex -68 -44 13.5
      vertex -68.5221 -43.9658 13.5
    endloop
  endfacet
  facet normal -0.0653646 -0.997861 -0
    outer loop
      vertex -68 -44 13.5
      vertex -68.5221 -43.9658 12
      vertex -68 -44 12
    endloop
  endfacet
  facet normal -0.896898 -0.442238 0
    outer loop
      vertex -71.4641 -42 12
      vertex -71.6955 -41.5307 13.5
      vertex -71.6955 -41.5307 12
    endloop
  endfacet
  facet normal -0.896898 -0.442238 0
    outer loop
      vertex -71.6955 -41.5307 13.5
      vertex -71.4641 -42 12
      vertex -71.4641 -42 13.5
    endloop
  endfacet
  facet normal -0.980779 -0.195124 0
    outer loop
      vertex -71.8637 -41.0353 12
      vertex -71.9658 -40.5221 13.5
      vertex -71.9658 -40.5221 12
    endloop
  endfacet
  facet normal -0.980779 -0.195124 0
    outer loop
      vertex -71.9658 -40.5221 13.5
      vertex -71.8637 -41.0353 12
      vertex -71.8637 -41.0353 13.5
    endloop
  endfacet
  facet normal 0.195124 -0.980779 0
    outer loop
      vertex -67.4779 -43.9658 12
      vertex -66.9647 -43.8637 13.5
      vertex -67.4779 -43.9658 13.5
    endloop
  endfacet
  facet normal 0.195124 -0.980779 0
    outer loop
      vertex -66.9647 -43.8637 13.5
      vertex -67.4779 -43.9658 12
      vertex -66.9647 -43.8637 12
    endloop
  endfacet
  facet normal 0.442238 -0.896898 0
    outer loop
      vertex -66.4693 -43.6955 12
      vertex -66 -43.4641 13.5
      vertex -66.4693 -43.6955 13.5
    endloop
  endfacet
  facet normal 0.442238 -0.896898 0
    outer loop
      vertex -66 -43.4641 13.5
      vertex -66.4693 -43.6955 12
      vertex -66 -43.4641 12
    endloop
  endfacet
  facet normal 0.751842 -0.659343 0
    outer loop
      vertex -65.1716 -42.8284 13.5
      vertex -64.8266 -42.435 12
      vertex -64.8266 -42.435 13.5
    endloop
  endfacet
  facet normal 0.751842 -0.659343 0
    outer loop
      vertex -64.8266 -42.435 12
      vertex -65.1716 -42.8284 13.5
      vertex -65.1716 -42.8284 12
    endloop
  endfacet
  facet normal 0.980779 -0.195124 0
    outer loop
      vertex -64.1363 -41.0353 13.5
      vertex -64.0342 -40.5221 12
      vertex -64.0342 -40.5221 13.5
    endloop
  endfacet
  facet normal 0.980779 -0.195124 0
    outer loop
      vertex -64.0342 -40.5221 12
      vertex -64.1363 -41.0353 13.5
      vertex -64.1363 -41.0353 12
    endloop
  endfacet
  facet normal 0.896898 -0.442238 0
    outer loop
      vertex -64.5359 -42 13.5
      vertex -64.3045 -41.5307 12
      vertex -64.3045 -41.5307 13.5
    endloop
  endfacet
  facet normal 0.896898 -0.442238 0
    outer loop
      vertex -64.3045 -41.5307 12
      vertex -64.5359 -42 13.5
      vertex -64.5359 -42 12
    endloop
  endfacet
  facet normal -0.442238 -0.896898 0
    outer loop
      vertex -70 -43.4641 12
      vertex -69.5307 -43.6955 13.5
      vertex -70 -43.4641 13.5
    endloop
  endfacet
  facet normal -0.442238 -0.896898 -0
    outer loop
      vertex -69.5307 -43.6955 13.5
      vertex -70 -43.4641 12
      vertex -69.5307 -43.6955 12
    endloop
  endfacet
  facet normal -0.195124 -0.980779 0
    outer loop
      vertex -69.0353 -43.8637 12
      vertex -68.5221 -43.9658 13.5
      vertex -69.0353 -43.8637 13.5
    endloop
  endfacet
  facet normal -0.195124 -0.980779 -0
    outer loop
      vertex -68.5221 -43.9658 13.5
      vertex -69.0353 -43.8637 12
      vertex -68.5221 -43.9658 12
    endloop
  endfacet
  facet normal -0.831432 -0.555626 0
    outer loop
      vertex -71.1734 -42.435 12
      vertex -71.4641 -42 13.5
      vertex -71.4641 -42 12
    endloop
  endfacet
  facet normal -0.831432 -0.555626 0
    outer loop
      vertex -71.4641 -42 13.5
      vertex -71.1734 -42.435 12
      vertex -71.1734 -42.435 13.5
    endloop
  endfacet
  facet normal -0.997854 -0.0654821 0
    outer loop
      vertex -65.7 -40 11.98
      vertex -65.7197 -39.6998 13.5
      vertex -65.7197 -39.6998 11.98
    endloop
  endfacet
  facet normal -0.997854 -0.0654821 0
    outer loop
      vertex -65.7197 -39.6998 13.5
      vertex -65.7 -40 11.98
      vertex -65.7 -40 13.5
    endloop
  endfacet
  facet normal 0.997854 -0.0654821 0
    outer loop
      vertex -70.3 -40 13.5
      vertex -70.2803 -39.6998 11.98
      vertex -70.2803 -39.6998 13.5
    endloop
  endfacet
  facet normal 0.997854 -0.0654821 0
    outer loop
      vertex -70.2803 -39.6998 11.98
      vertex -70.3 -40 13.5
      vertex -70.3 -40 11.98
    endloop
  endfacet
  facet normal 0.0654821 -0.997854 0
    outer loop
      vertex -68.3002 -37.7197 11.98
      vertex -68 -37.7 13.5
      vertex -68.3002 -37.7197 13.5
    endloop
  endfacet
  facet normal 0.0654821 -0.997854 0
    outer loop
      vertex -68 -37.7 13.5
      vertex -68.3002 -37.7197 11.98
      vertex -68 -37.7 11.98
    endloop
  endfacet
  facet normal -0.0654821 0.997854 0
    outer loop
      vertex -67.6998 -42.2803 11.98
      vertex -68 -42.3 13.5
      vertex -67.6998 -42.2803 13.5
    endloop
  endfacet
  facet normal -0.0654821 0.997854 0
    outer loop
      vertex -68 -42.3 13.5
      vertex -67.6998 -42.2803 11.98
      vertex -68 -42.3 11.98
    endloop
  endfacet
  facet normal -0.659563 -0.751649 0
    outer loop
      vertex -66.5998 -38.1753 11.98
      vertex -66.3737 -38.3737 13.5
      vertex -66.5998 -38.1753 13.5
    endloop
  endfacet
  facet normal -0.659563 -0.751649 -0
    outer loop
      vertex -66.3737 -38.3737 13.5
      vertex -66.5998 -38.1753 11.98
      vertex -66.3737 -38.3737 11.98
    endloop
  endfacet
  facet normal 0.751649 -0.659563 0
    outer loop
      vertex -69.8247 -38.5998 13.5
      vertex -69.6263 -38.3737 11.98
      vertex -69.6263 -38.3737 13.5
    endloop
  endfacet
  facet normal 0.751649 -0.659563 0
    outer loop
      vertex -69.6263 -38.3737 11.98
      vertex -69.8247 -38.5998 13.5
      vertex -69.8247 -38.5998 11.98
    endloop
  endfacet
  facet normal 0.442153 -0.89694 0
    outer loop
      vertex -69.15 -38.0081 11.98
      vertex -68.8802 -37.8751 13.5
      vertex -69.15 -38.0081 13.5
    endloop
  endfacet
  facet normal 0.442153 -0.89694 0
    outer loop
      vertex -68.8802 -37.8751 13.5
      vertex -69.15 -38.0081 11.98
      vertex -68.8802 -37.8751 11.98
    endloop
  endfacet
  facet normal -0.89694 -0.442153 0
    outer loop
      vertex -65.8751 -39.1198 11.98
      vertex -66.0081 -38.85 13.5
      vertex -66.0081 -38.85 11.98
    endloop
  endfacet
  facet normal -0.89694 -0.442153 0
    outer loop
      vertex -66.0081 -38.85 13.5
      vertex -65.8751 -39.1198 11.98
      vertex -65.8751 -39.1198 13.5
    endloop
  endfacet
  facet normal -0.831436 -0.55562 0
    outer loop
      vertex -66.0081 -38.85 11.98
      vertex -66.1753 -38.5998 13.5
      vertex -66.1753 -38.5998 11.98
    endloop
  endfacet
  facet normal -0.831436 -0.55562 0
    outer loop
      vertex -66.1753 -38.5998 13.5
      vertex -66.0081 -38.85 11.98
      vertex -66.0081 -38.85 13.5
    endloop
  endfacet
  facet normal -0.321408 -0.946941 0
    outer loop
      vertex -67.4047 -37.7784 11.98
      vertex -67.1198 -37.8751 13.5
      vertex -67.4047 -37.7784 13.5
    endloop
  endfacet
  facet normal -0.321408 -0.946941 -0
    outer loop
      vertex -67.1198 -37.8751 13.5
      vertex -67.4047 -37.7784 11.98
      vertex -67.1198 -37.8751 11.98
    endloop
  endfacet
  facet normal -0.195093 -0.980785 0
    outer loop
      vertex -67.6998 -37.7197 11.98
      vertex -67.4047 -37.7784 13.5
      vertex -67.6998 -37.7197 13.5
    endloop
  endfacet
  facet normal -0.195093 -0.980785 -0
    outer loop
      vertex -67.4047 -37.7784 13.5
      vertex -67.6998 -37.7197 11.98
      vertex -67.4047 -37.7784 11.98
    endloop
  endfacet
  facet normal -0.442153 -0.89694 0
    outer loop
      vertex -67.1198 -37.8751 11.98
      vertex -66.85 -38.0081 13.5
      vertex -67.1198 -37.8751 13.5
    endloop
  endfacet
  facet normal -0.442153 -0.89694 -0
    outer loop
      vertex -66.85 -38.0081 13.5
      vertex -67.1198 -37.8751 11.98
      vertex -66.85 -38.0081 11.98
    endloop
  endfacet
  facet normal 0.89694 -0.442153 0
    outer loop
      vertex -70.1249 -39.1198 13.5
      vertex -69.9919 -38.85 11.98
      vertex -69.9919 -38.85 13.5
    endloop
  endfacet
  facet normal 0.89694 -0.442153 0
    outer loop
      vertex -69.9919 -38.85 11.98
      vertex -70.1249 -39.1198 13.5
      vertex -70.1249 -39.1198 11.98
    endloop
  endfacet
  facet normal 0.831436 -0.55562 0
    outer loop
      vertex -69.9919 -38.85 13.5
      vertex -69.8247 -38.5998 11.98
      vertex -69.8247 -38.5998 13.5
    endloop
  endfacet
  facet normal 0.831436 -0.55562 0
    outer loop
      vertex -69.8247 -38.5998 11.98
      vertex -69.9919 -38.85 13.5
      vertex -69.9919 -38.85 11.98
    endloop
  endfacet
  facet normal 0.55562 -0.831436 0
    outer loop
      vertex -69.4002 -38.1753 11.98
      vertex -69.15 -38.0081 13.5
      vertex -69.4002 -38.1753 13.5
    endloop
  endfacet
  facet normal 0.55562 -0.831436 0
    outer loop
      vertex -69.15 -38.0081 13.5
      vertex -69.4002 -38.1753 11.98
      vertex -69.15 -38.0081 11.98
    endloop
  endfacet
  facet normal 0.321408 -0.946941 0
    outer loop
      vertex -68.8802 -37.8751 11.98
      vertex -68.5953 -37.7784 13.5
      vertex -68.8802 -37.8751 13.5
    endloop
  endfacet
  facet normal 0.321408 -0.946941 0
    outer loop
      vertex -68.5953 -37.7784 13.5
      vertex -68.8802 -37.8751 11.98
      vertex -68.5953 -37.7784 11.98
    endloop
  endfacet
  facet normal -0.195093 0.980785 0
    outer loop
      vertex -67.4047 -42.2216 11.98
      vertex -67.6998 -42.2803 13.5
      vertex -67.4047 -42.2216 13.5
    endloop
  endfacet
  facet normal -0.195093 0.980785 0
    outer loop
      vertex -67.6998 -42.2803 13.5
      vertex -67.4047 -42.2216 11.98
      vertex -67.6998 -42.2803 11.98
    endloop
  endfacet
  facet normal -0.946941 -0.321408 0
    outer loop
      vertex -65.7784 -39.4047 11.98
      vertex -65.8751 -39.1198 13.5
      vertex -65.8751 -39.1198 11.98
    endloop
  endfacet
  facet normal -0.946941 -0.321408 0
    outer loop
      vertex -65.8751 -39.1198 13.5
      vertex -65.7784 -39.4047 11.98
      vertex -65.7784 -39.4047 13.5
    endloop
  endfacet
  facet normal -0.980785 -0.195093 0
    outer loop
      vertex -65.7197 -39.6998 11.98
      vertex -65.7784 -39.4047 13.5
      vertex -65.7784 -39.4047 11.98
    endloop
  endfacet
  facet normal -0.980785 -0.195093 0
    outer loop
      vertex -65.7784 -39.4047 13.5
      vertex -65.7197 -39.6998 11.98
      vertex -65.7197 -39.6998 13.5
    endloop
  endfacet
  facet normal -0.751649 -0.659563 0
    outer loop
      vertex -66.1753 -38.5998 11.98
      vertex -66.3737 -38.3737 13.5
      vertex -66.3737 -38.3737 11.98
    endloop
  endfacet
  facet normal -0.751649 -0.659563 0
    outer loop
      vertex -66.3737 -38.3737 13.5
      vertex -66.1753 -38.5998 11.98
      vertex -66.1753 -38.5998 13.5
    endloop
  endfacet
  facet normal -0.0654821 -0.997854 0
    outer loop
      vertex -68 -37.7 11.98
      vertex -67.6998 -37.7197 13.5
      vertex -68 -37.7 13.5
    endloop
  endfacet
  facet normal -0.0654821 -0.997854 -0
    outer loop
      vertex -67.6998 -37.7197 13.5
      vertex -68 -37.7 11.98
      vertex -67.6998 -37.7197 11.98
    endloop
  endfacet
  facet normal -0.55562 -0.831436 0
    outer loop
      vertex -66.85 -38.0081 11.98
      vertex -66.5998 -38.1753 13.5
      vertex -66.85 -38.0081 13.5
    endloop
  endfacet
  facet normal -0.55562 -0.831436 -0
    outer loop
      vertex -66.5998 -38.1753 13.5
      vertex -66.85 -38.0081 11.98
      vertex -66.5998 -38.1753 11.98
    endloop
  endfacet
  facet normal 0.980785 -0.195093 0
    outer loop
      vertex -70.2803 -39.6998 13.5
      vertex -70.2216 -39.4047 11.98
      vertex -70.2216 -39.4047 13.5
    endloop
  endfacet
  facet normal 0.980785 -0.195093 0
    outer loop
      vertex -70.2216 -39.4047 11.98
      vertex -70.2803 -39.6998 13.5
      vertex -70.2803 -39.6998 11.98
    endloop
  endfacet
  facet normal 0.195093 -0.980785 0
    outer loop
      vertex -68.5953 -37.7784 11.98
      vertex -68.3002 -37.7197 13.5
      vertex -68.5953 -37.7784 13.5
    endloop
  endfacet
  facet normal 0.195093 -0.980785 0
    outer loop
      vertex -68.3002 -37.7197 13.5
      vertex -68.5953 -37.7784 11.98
      vertex -68.3002 -37.7197 11.98
    endloop
  endfacet
  facet normal -0.946941 0.321408 0
    outer loop
      vertex -65.8751 -40.8802 11.98
      vertex -65.7784 -40.5953 13.5
      vertex -65.7784 -40.5953 11.98
    endloop
  endfacet
  facet normal -0.946941 0.321408 0
    outer loop
      vertex -65.7784 -40.5953 13.5
      vertex -65.8751 -40.8802 11.98
      vertex -65.8751 -40.8802 13.5
    endloop
  endfacet
  facet normal -0.980785 0.195093 0
    outer loop
      vertex -65.7784 -40.5953 11.98
      vertex -65.7197 -40.3002 13.5
      vertex -65.7197 -40.3002 11.98
    endloop
  endfacet
  facet normal -0.980785 0.195093 0
    outer loop
      vertex -65.7197 -40.3002 13.5
      vertex -65.7784 -40.5953 11.98
      vertex -65.7784 -40.5953 13.5
    endloop
  endfacet
  facet normal -0.55562 0.831436 0
    outer loop
      vertex -66.5998 -41.8247 11.98
      vertex -66.85 -41.9919 13.5
      vertex -66.5998 -41.8247 13.5
    endloop
  endfacet
  facet normal -0.55562 0.831436 0
    outer loop
      vertex -66.85 -41.9919 13.5
      vertex -66.5998 -41.8247 11.98
      vertex -66.85 -41.9919 11.98
    endloop
  endfacet
  facet normal -0.442153 0.89694 0
    outer loop
      vertex -66.85 -41.9919 11.98
      vertex -67.1198 -42.1249 13.5
      vertex -66.85 -41.9919 13.5
    endloop
  endfacet
  facet normal -0.442153 0.89694 0
    outer loop
      vertex -67.1198 -42.1249 13.5
      vertex -66.85 -41.9919 11.98
      vertex -67.1198 -42.1249 11.98
    endloop
  endfacet
  facet normal 0.946941 -0.321408 0
    outer loop
      vertex -70.2216 -39.4047 13.5
      vertex -70.1249 -39.1198 11.98
      vertex -70.1249 -39.1198 13.5
    endloop
  endfacet
  facet normal 0.946941 -0.321408 0
    outer loop
      vertex -70.1249 -39.1198 11.98
      vertex -70.2216 -39.4047 13.5
      vertex -70.2216 -39.4047 11.98
    endloop
  endfacet
  facet normal 0.659563 -0.751649 0
    outer loop
      vertex -69.6263 -38.3737 11.98
      vertex -69.4002 -38.1753 13.5
      vertex -69.6263 -38.3737 13.5
    endloop
  endfacet
  facet normal 0.659563 -0.751649 0
    outer loop
      vertex -69.4002 -38.1753 13.5
      vertex -69.6263 -38.3737 11.98
      vertex -69.4002 -38.1753 11.98
    endloop
  endfacet
  facet normal -0.997854 0.0654821 0
    outer loop
      vertex -65.7197 -40.3002 11.98
      vertex -65.7 -40 13.5
      vertex -65.7 -40 11.98
    endloop
  endfacet
  facet normal -0.997854 0.0654821 0
    outer loop
      vertex -65.7 -40 13.5
      vertex -65.7197 -40.3002 11.98
      vertex -65.7197 -40.3002 13.5
    endloop
  endfacet
  facet normal -0.659563 0.751649 0
    outer loop
      vertex -66.3737 -41.6263 11.98
      vertex -66.5998 -41.8247 13.5
      vertex -66.3737 -41.6263 13.5
    endloop
  endfacet
  facet normal -0.659563 0.751649 0
    outer loop
      vertex -66.5998 -41.8247 13.5
      vertex -66.3737 -41.6263 11.98
      vertex -66.5998 -41.8247 11.98
    endloop
  endfacet
  facet normal -0.321408 0.946941 0
    outer loop
      vertex -67.1198 -42.1249 11.98
      vertex -67.4047 -42.2216 13.5
      vertex -67.1198 -42.1249 13.5
    endloop
  endfacet
  facet normal -0.321408 0.946941 0
    outer loop
      vertex -67.4047 -42.2216 13.5
      vertex -67.1198 -42.1249 11.98
      vertex -67.4047 -42.2216 11.98
    endloop
  endfacet
  facet normal -0.89694 0.442153 0
    outer loop
      vertex -66.0081 -41.15 11.98
      vertex -65.8751 -40.8802 13.5
      vertex -65.8751 -40.8802 11.98
    endloop
  endfacet
  facet normal -0.89694 0.442153 0
    outer loop
      vertex -65.8751 -40.8802 13.5
      vertex -66.0081 -41.15 11.98
      vertex -66.0081 -41.15 13.5
    endloop
  endfacet
  facet normal -0.831436 0.55562 0
    outer loop
      vertex -66.1753 -41.4002 11.98
      vertex -66.0081 -41.15 13.5
      vertex -66.0081 -41.15 11.98
    endloop
  endfacet
  facet normal -0.831436 0.55562 0
    outer loop
      vertex -66.0081 -41.15 13.5
      vertex -66.1753 -41.4002 11.98
      vertex -66.1753 -41.4002 13.5
    endloop
  endfacet
  facet normal -0.751649 0.659563 0
    outer loop
      vertex -66.3737 -41.6263 11.98
      vertex -66.1753 -41.4002 13.5
      vertex -66.1753 -41.4002 11.98
    endloop
  endfacet
  facet normal -0.751649 0.659563 0
    outer loop
      vertex -66.1753 -41.4002 13.5
      vertex -66.3737 -41.6263 11.98
      vertex -66.3737 -41.6263 13.5
    endloop
  endfacet
  facet normal 0.997861 0.0653646 0
    outer loop
      vertex -64 40 13.5
      vertex -64.0342 40.5221 12
      vertex -64.0342 40.5221 13.5
    endloop
  endfacet
  facet normal 0.997861 0.0653646 0
    outer loop
      vertex -64.0342 40.5221 12
      vertex -64 40 13.5
      vertex -64 40 12
    endloop
  endfacet
  facet normal -0.997861 0.0653646 0
    outer loop
      vertex -72 40 12
      vertex -71.9658 40.5221 13.5
      vertex -71.9658 40.5221 12
    endloop
  endfacet
  facet normal -0.997861 0.0653646 0
    outer loop
      vertex -71.9658 40.5221 13.5
      vertex -72 40 12
      vertex -72 40 13.5
    endloop
  endfacet
  facet normal 0.0653646 0.997861 -0
    outer loop
      vertex -67.4779 43.9658 12
      vertex -68 44 13.5
      vertex -67.4779 43.9658 13.5
    endloop
  endfacet
  facet normal 0.0653646 0.997861 0
    outer loop
      vertex -68 44 13.5
      vertex -67.4779 43.9658 12
      vertex -68 44 12
    endloop
  endfacet
  facet normal -0.751842 -0.659343 0
    outer loop
      vertex -70.8284 37.1716 12
      vertex -71.1734 37.565 13.5
      vertex -71.1734 37.565 12
    endloop
  endfacet
  facet normal -0.751842 -0.659343 0
    outer loop
      vertex -71.1734 37.565 13.5
      vertex -70.8284 37.1716 12
      vertex -70.8284 37.1716 13.5
    endloop
  endfacet
  facet normal 0.659343 0.751842 -0
    outer loop
      vertex -65.1716 42.8284 12
      vertex -65.565 43.1734 13.5
      vertex -65.1716 42.8284 13.5
    endloop
  endfacet
  facet normal 0.659343 0.751842 0
    outer loop
      vertex -65.565 43.1734 13.5
      vertex -65.1716 42.8284 12
      vertex -65.565 43.1734 12
    endloop
  endfacet
  facet normal -0.659343 0.751842 0
    outer loop
      vertex -70.435 43.1734 12
      vertex -70.8284 42.8284 13.5
      vertex -70.435 43.1734 13.5
    endloop
  endfacet
  facet normal -0.659343 0.751842 0
    outer loop
      vertex -70.8284 42.8284 13.5
      vertex -70.435 43.1734 12
      vertex -70.8284 42.8284 12
    endloop
  endfacet
  facet normal -0.321498 0.94691 0
    outer loop
      vertex -69.0353 43.8637 12
      vertex -69.5307 43.6955 13.5
      vertex -69.0353 43.8637 13.5
    endloop
  endfacet
  facet normal -0.321498 0.94691 0
    outer loop
      vertex -69.5307 43.6955 13.5
      vertex -69.0353 43.8637 12
      vertex -69.5307 43.6955 12
    endloop
  endfacet
  facet normal -0.94691 -0.321498 0
    outer loop
      vertex -71.6955 38.4693 12
      vertex -71.8637 38.9647 13.5
      vertex -71.8637 38.9647 12
    endloop
  endfacet
  facet normal -0.94691 -0.321498 0
    outer loop
      vertex -71.8637 38.9647 13.5
      vertex -71.6955 38.4693 12
      vertex -71.6955 38.4693 13.5
    endloop
  endfacet
  facet normal 0.896898 0.442238 0
    outer loop
      vertex -64.3045 41.5307 13.5
      vertex -64.5359 42 12
      vertex -64.5359 42 13.5
    endloop
  endfacet
  facet normal 0.896898 0.442238 0
    outer loop
      vertex -64.5359 42 12
      vertex -64.3045 41.5307 13.5
      vertex -64.3045 41.5307 12
    endloop
  endfacet
  facet normal 0.831432 0.555626 0
    outer loop
      vertex -64.5359 42 13.5
      vertex -64.8266 42.435 12
      vertex -64.8266 42.435 13.5
    endloop
  endfacet
  facet normal 0.831432 0.555626 0
    outer loop
      vertex -64.8266 42.435 12
      vertex -64.5359 42 13.5
      vertex -64.5359 42 12
    endloop
  endfacet
  facet normal 0.442238 0.896898 -0
    outer loop
      vertex -66 43.4641 12
      vertex -66.4693 43.6955 13.5
      vertex -66 43.4641 13.5
    endloop
  endfacet
  facet normal 0.442238 0.896898 0
    outer loop
      vertex -66.4693 43.6955 13.5
      vertex -66 43.4641 12
      vertex -66.4693 43.6955 12
    endloop
  endfacet
  facet normal 0.555626 0.831432 -0
    outer loop
      vertex -65.565 43.1734 12
      vertex -66 43.4641 13.5
      vertex -65.565 43.1734 13.5
    endloop
  endfacet
  facet normal 0.555626 0.831432 0
    outer loop
      vertex -66 43.4641 13.5
      vertex -65.565 43.1734 12
      vertex -66 43.4641 12
    endloop
  endfacet
  facet normal -0.896898 0.442238 0
    outer loop
      vertex -71.6955 41.5307 12
      vertex -71.4641 42 13.5
      vertex -71.4641 42 12
    endloop
  endfacet
  facet normal -0.896898 0.442238 0
    outer loop
      vertex -71.4641 42 13.5
      vertex -71.6955 41.5307 12
      vertex -71.6955 41.5307 13.5
    endloop
  endfacet
  facet normal -0.751842 0.659343 0
    outer loop
      vertex -71.1734 42.435 12
      vertex -70.8284 42.8284 13.5
      vertex -70.8284 42.8284 12
    endloop
  endfacet
  facet normal -0.751842 0.659343 0
    outer loop
      vertex -70.8284 42.8284 13.5
      vertex -71.1734 42.435 12
      vertex -71.1734 42.435 13.5
    endloop
  endfacet
  facet normal 0 0 1
    outer loop
      vertex -65.7 40 13.5
      vertex -64 40 13.5
      vertex -64.0342 40.5221 13.5
    endloop
  endfacet
  facet normal 0 0 1
    outer loop
      vertex -65.7197 40.3002 13.5
      vertex -64.0342 40.5221 13.5
      vertex -64.1363 41.0353 13.5
    endloop
  endfacet
  facet normal 0 0 1
    outer loop
      vertex -64 40 13.5
      vertex -65.7 40 13.5
      vertex -64.0342 39.4779 13.5
    endloop
  endfacet
  facet normal 0 0 1
    outer loop
      vertex -65.7784 40.5953 13.5
      vertex -64.1363 41.0353 13.5
      vertex -64.3045 41.5307 13.5
    endloop
  endfacet
  facet normal -0 0 1
    outer loop
      vertex -65.7197 39.6998 13.5
      vertex -64.0342 39.4779 13.5
      vertex -65.7 40 13.5
    endloop
  endfacet
  facet normal 0 0 1
    outer loop
      vertex -65.8751 40.8802 13.5
      vertex -64.3045 41.5307 13.5
      vertex -64.5359 42 13.5
    endloop
  endfacet
  facet normal 0 0 1
    outer loop
      vertex -64.0342 39.4779 13.5
      vertex -65.7197 39.6998 13.5
      vertex -64.1363 38.9647 13.5
    endloop
  endfacet
  facet normal 0 0 1
    outer loop
      vertex -66.0081 41.15 13.5
      vertex -64.5359 42 13.5
      vertex -64.8266 42.435 13.5
    endloop
  endfacet
  facet normal -0 0 1
    outer loop
      vertex -65.7784 39.4047 13.5
      vertex -64.1363 38.9647 13.5
      vertex -65.7197 39.6998 13.5
    endloop
  endfacet
  facet normal 0 0 1
    outer loop
      vertex -66.1753 41.4002 13.5
      vertex -64.8266 42.435 13.5
      vertex -65.1716 42.8284 13.5
    endloop
  endfacet
  facet normal 0 0 1
    outer loop
      vertex -64.1363 38.9647 13.5
      vertex -65.7784 39.4047 13.5
      vertex -64.3045 38.4693 13.5
    endloop
  endfacet
  facet normal 0 0 1
    outer loop
      vertex -66.3737 41.6263 13.5
      vertex -65.1716 42.8284 13.5
      vertex -65.565 43.1734 13.5
    endloop
  endfacet
  facet normal -0 0 1
    outer loop
      vertex -65.8751 39.1198 13.5
      vertex -64.3045 38.4693 13.5
      vertex -65.7784 39.4047 13.5
    endloop
  endfacet
  facet normal 0 0 1
    outer loop
      vertex -64.3045 38.4693 13.5
      vertex -65.8751 39.1198 13.5
      vertex -64.5359 38 13.5
    endloop
  endfacet
  facet normal 0 0 1
    outer loop
      vertex -64.0342 40.5221 13.5
      vertex -65.7197 40.3002 13.5
      vertex -65.7 40 13.5
    endloop
  endfacet
  facet normal 0 0 1
    outer loop
      vertex -64.1363 41.0353 13.5
      vertex -65.7784 40.5953 13.5
      vertex -65.7197 40.3002 13.5
    endloop
  endfacet
  facet normal 0 0 1
    outer loop
      vertex -64.3045 41.5307 13.5
      vertex -65.8751 40.8802 13.5
      vertex -65.7784 40.5953 13.5
    endloop
  endfacet
  facet normal 0 0 1
    outer loop
      vertex -66.5998 41.8247 13.5
      vertex -65.565 43.1734 13.5
      vertex -66 43.4641 13.5
    endloop
  endfacet
  facet normal 0 0 1
    outer loop
      vertex -64.5359 42 13.5
      vertex -66.0081 41.15 13.5
      vertex -65.8751 40.8802 13.5
    endloop
  endfacet
  facet normal 0 0 1
    outer loop
      vertex -64.8266 42.435 13.5
      vertex -66.1753 41.4002 13.5
      vertex -66.0081 41.15 13.5
    endloop
  endfacet
  facet normal 0 0 1
    outer loop
      vertex -65.1716 42.8284 13.5
      vertex -66.3737 41.6263 13.5
      vertex -66.1753 41.4002 13.5
    endloop
  endfacet
  facet normal 0 0 1
    outer loop
      vertex -66.85 41.9919 13.5
      vertex -66 43.4641 13.5
      vertex -66.4693 43.6955 13.5
    endloop
  endfacet
  facet normal 0 0 1
    outer loop
      vertex -65.565 43.1734 13.5
      vertex -66.5998 41.8247 13.5
      vertex -66.3737 41.6263 13.5
    endloop
  endfacet
  facet normal 0 0 1
    outer loop
      vertex -66 43.4641 13.5
      vertex -66.85 41.9919 13.5
      vertex -66.5998 41.8247 13.5
    endloop
  endfacet
  facet normal 0 0 1
    outer loop
      vertex -67.1198 42.1249 13.5
      vertex -66.4693 43.6955 13.5
      vertex -66.9647 43.8637 13.5
    endloop
  endfacet
  facet normal 0 0 1
    outer loop
      vertex -66.4693 43.6955 13.5
      vertex -67.1198 42.1249 13.5
      vertex -66.85 41.9919 13.5
    endloop
  endfacet
  facet normal 0 0 1
    outer loop
      vertex -66.9647 43.8637 13.5
      vertex -67.4047 42.2216 13.5
      vertex -67.1198 42.1249 13.5
    endloop
  endfacet
  facet normal 0 0 1
    outer loop
      vertex -67.4779 43.9658 13.5
      vertex -67.4047 42.2216 13.5
      vertex -66.9647 43.8637 13.5
    endloop
  endfacet
  facet normal 0 0 1
    outer loop
      vertex -67.4779 43.9658 13.5
      vertex -67.6998 42.2803 13.5
      vertex -67.4047 42.2216 13.5
    endloop
  endfacet
  facet normal 0 0 1
    outer loop
      vertex -68 44 13.5
      vertex -67.6998 42.2803 13.5
      vertex -67.4779 43.9658 13.5
    endloop
  endfacet
  facet normal 0 0 1
    outer loop
      vertex -68 44 13.5
      vertex -68 42.3 13.5
      vertex -67.6998 42.2803 13.5
    endloop
  endfacet
  facet normal 0 0 1
    outer loop
      vertex -68 44 13.5
      vertex -68.3002 42.2803 13.5
      vertex -68 42.3 13.5
    endloop
  endfacet
  facet normal -0 0 1
    outer loop
      vertex -68.5221 43.9658 13.5
      vertex -68.3002 42.2803 13.5
      vertex -68 44 13.5
    endloop
  endfacet
  facet normal 0 0 1
    outer loop
      vertex -68.5221 43.9658 13.5
      vertex -68.5953 42.2216 13.5
      vertex -68.3002 42.2803 13.5
    endloop
  endfacet
  facet normal -0 0 1
    outer loop
      vertex -69.0353 43.8637 13.5
      vertex -68.5953 42.2216 13.5
      vertex -68.5221 43.9658 13.5
    endloop
  endfacet
  facet normal 0 0 1
    outer loop
      vertex -68.5953 42.2216 13.5
      vertex -69.0353 43.8637 13.5
      vertex -68.8802 42.1249 13.5
    endloop
  endfacet
  facet normal -0 0 1
    outer loop
      vertex -69.5307 43.6955 13.5
      vertex -68.8802 42.1249 13.5
      vertex -69.0353 43.8637 13.5
    endloop
  endfacet
  facet normal 0 0 1
    outer loop
      vertex -68.8802 42.1249 13.5
      vertex -69.5307 43.6955 13.5
      vertex -69.15 41.9919 13.5
    endloop
  endfacet
  facet normal -0 0 1
    outer loop
      vertex -70 43.4641 13.5
      vertex -69.15 41.9919 13.5
      vertex -69.5307 43.6955 13.5
    endloop
  endfacet
  facet normal 0 0 1
    outer loop
      vertex -69.15 41.9919 13.5
      vertex -70 43.4641 13.5
      vertex -69.4002 41.8247 13.5
    endloop
  endfacet
  facet normal -0 0 1
    outer loop
      vertex -70.435 43.1734 13.5
      vertex -69.4002 41.8247 13.5
      vertex -70 43.4641 13.5
    endloop
  endfacet
  facet normal 0 0 1
    outer loop
      vertex -69.4002 41.8247 13.5
      vertex -70.435 43.1734 13.5
      vertex -69.6263 41.6263 13.5
    endloop
  endfacet
  facet normal -0 0 1
    outer loop
      vertex -70.8284 42.8284 13.5
      vertex -69.6263 41.6263 13.5
      vertex -70.435 43.1734 13.5
    endloop
  endfacet
  facet normal 0 0 1
    outer loop
      vertex -69.6263 41.6263 13.5
      vertex -70.8284 42.8284 13.5
      vertex -69.8247 41.4002 13.5
    endloop
  endfacet
  facet normal -0 0 1
    outer loop
      vertex -71.1734 42.435 13.5
      vertex -69.8247 41.4002 13.5
      vertex -70.8284 42.8284 13.5
    endloop
  endfacet
  facet normal 0 0 1
    outer loop
      vertex -69.8247 41.4002 13.5
      vertex -71.1734 42.435 13.5
      vertex -69.9919 41.15 13.5
    endloop
  endfacet
  facet normal 0 0 1
    outer loop
      vertex -69.9919 41.15 13.5
      vertex -71.4641 42 13.5
      vertex -70.1249 40.8802 13.5
    endloop
  endfacet
  facet normal -0 0 1
    outer loop
      vertex -71.4641 42 13.5
      vertex -69.9919 41.15 13.5
      vertex -71.1734 42.435 13.5
    endloop
  endfacet
  facet normal -0 0 1
    outer loop
      vertex -66.0081 38.85 13.5
      vertex -64.5359 38 13.5
      vertex -65.8751 39.1198 13.5
    endloop
  endfacet
  facet normal 0 0 1
    outer loop
      vertex -64.5359 38 13.5
      vertex -66.0081 38.85 13.5
      vertex -64.8266 37.565 13.5
    endloop
  endfacet
  facet normal -0 0 1
    outer loop
      vertex -66.1753 38.5998 13.5
      vertex -64.8266 37.565 13.5
      vertex -66.0081 38.85 13.5
    endloop
  endfacet
  facet normal 0 0 1
    outer loop
      vertex -64.8266 37.565 13.5
      vertex -66.1753 38.5998 13.5
      vertex -65.1716 37.1716 13.5
    endloop
  endfacet
  facet normal -0 0 1
    outer loop
      vertex -66.3737 38.3737 13.5
      vertex -65.1716 37.1716 13.5
      vertex -66.1753 38.5998 13.5
    endloop
  endfacet
  facet normal 0 0 1
    outer loop
      vertex -65.1716 37.1716 13.5
      vertex -66.3737 38.3737 13.5
      vertex -65.565 36.8266 13.5
    endloop
  endfacet
  facet normal -0 0 1
    outer loop
      vertex -66.5998 38.1753 13.5
      vertex -65.565 36.8266 13.5
      vertex -66.3737 38.3737 13.5
    endloop
  endfacet
  facet normal 0 0 1
    outer loop
      vertex -65.565 36.8266 13.5
      vertex -66.5998 38.1753 13.5
      vertex -66 36.5359 13.5
    endloop
  endfacet
  facet normal -0 0 1
    outer loop
      vertex -66.85 38.0081 13.5
      vertex -66 36.5359 13.5
      vertex -66.5998 38.1753 13.5
    endloop
  endfacet
  facet normal 0 0 1
    outer loop
      vertex -66 36.5359 13.5
      vertex -66.85 38.0081 13.5
      vertex -66.4693 36.3045 13.5
    endloop
  endfacet
  facet normal -0 0 1
    outer loop
      vertex -67.1198 37.8751 13.5
      vertex -66.4693 36.3045 13.5
      vertex -66.85 38.0081 13.5
    endloop
  endfacet
  facet normal 0 0 1
    outer loop
      vertex -66.4693 36.3045 13.5
      vertex -67.1198 37.8751 13.5
      vertex -66.9647 36.1363 13.5
    endloop
  endfacet
  facet normal -0 0 1
    outer loop
      vertex -67.4047 37.7784 13.5
      vertex -66.9647 36.1363 13.5
      vertex -67.1198 37.8751 13.5
    endloop
  endfacet
  facet normal 0 0 1
    outer loop
      vertex -67.4047 37.7784 13.5
      vertex -67.4779 36.0342 13.5
      vertex -66.9647 36.1363 13.5
    endloop
  endfacet
  facet normal -0 0 1
    outer loop
      vertex -67.6998 37.7197 13.5
      vertex -67.4779 36.0342 13.5
      vertex -67.4047 37.7784 13.5
    endloop
  endfacet
  facet normal -0 0 1
    outer loop
      vertex -68 37.7 13.5
      vertex -67.4779 36.0342 13.5
      vertex -67.6998 37.7197 13.5
    endloop
  endfacet
  facet normal 0 0 1
    outer loop
      vertex -68 37.7 13.5
      vertex -68 36 13.5
      vertex -67.4779 36.0342 13.5
    endloop
  endfacet
  facet normal 0 0 1
    outer loop
      vertex -68.3002 37.7197 13.5
      vertex -68 36 13.5
      vertex -68 37.7 13.5
    endloop
  endfacet
  facet normal 0 0 1
    outer loop
      vertex -68.3002 37.7197 13.5
      vertex -68.5221 36.0342 13.5
      vertex -68 36 13.5
    endloop
  endfacet
  facet normal 0 0 1
    outer loop
      vertex -68.5953 37.7784 13.5
      vertex -68.5221 36.0342 13.5
      vertex -68.3002 37.7197 13.5
    endloop
  endfacet
  facet normal 0 0 1
    outer loop
      vertex -69.0353 36.1363 13.5
      vertex -68.5953 37.7784 13.5
      vertex -68.8802 37.8751 13.5
    endloop
  endfacet
  facet normal 0 0 1
    outer loop
      vertex -68.5953 37.7784 13.5
      vertex -69.0353 36.1363 13.5
      vertex -68.5221 36.0342 13.5
    endloop
  endfacet
  facet normal 0 0 1
    outer loop
      vertex -69.5307 36.3045 13.5
      vertex -68.8802 37.8751 13.5
      vertex -69.15 38.0081 13.5
    endloop
  endfacet
  facet normal 0 0 1
    outer loop
      vertex -70 36.5359 13.5
      vertex -69.15 38.0081 13.5
      vertex -69.4002 38.1753 13.5
    endloop
  endfacet
  facet normal 0 0 1
    outer loop
      vertex -68.8802 37.8751 13.5
      vertex -69.5307 36.3045 13.5
      vertex -69.0353 36.1363 13.5
    endloop
  endfacet
  facet normal 0 0 1
    outer loop
      vertex -70.435 36.8266 13.5
      vertex -69.4002 38.1753 13.5
      vertex -69.6263 38.3737 13.5
    endloop
  endfacet
  facet normal 0 0 1
    outer loop
      vertex -70.8284 37.1716 13.5
      vertex -69.6263 38.3737 13.5
      vertex -69.8247 38.5998 13.5
    endloop
  endfacet
  facet normal 0 0 1
    outer loop
      vertex -71.1734 37.565 13.5
      vertex -69.8247 38.5998 13.5
      vertex -69.9919 38.85 13.5
    endloop
  endfacet
  facet normal 0 0 1
    outer loop
      vertex -69.15 38.0081 13.5
      vertex -70 36.5359 13.5
      vertex -69.5307 36.3045 13.5
    endloop
  endfacet
  facet normal 0 0 1
    outer loop
      vertex -71.4641 38 13.5
      vertex -69.9919 38.85 13.5
      vertex -70.1249 39.1198 13.5
    endloop
  endfacet
  facet normal 0 0 1
    outer loop
      vertex -71.6955 38.4693 13.5
      vertex -70.1249 39.1198 13.5
      vertex -70.2216 39.4047 13.5
    endloop
  endfacet
  facet normal 0 0 1
    outer loop
      vertex -71.8637 38.9647 13.5
      vertex -70.2216 39.4047 13.5
      vertex -70.2803 39.6998 13.5
    endloop
  endfacet
  facet normal 0 0 1
    outer loop
      vertex -69.4002 38.1753 13.5
      vertex -70.435 36.8266 13.5
      vertex -70 36.5359 13.5
    endloop
  endfacet
  facet normal 0 0 1
    outer loop
      vertex -71.9658 39.4779 13.5
      vertex -70.2803 39.6998 13.5
      vertex -70.3 40 13.5
    endloop
  endfacet
  facet normal -0 0 1
    outer loop
      vertex -71.6955 41.5307 13.5
      vertex -70.1249 40.8802 13.5
      vertex -71.4641 42 13.5
    endloop
  endfacet
  facet normal 0 0 1
    outer loop
      vertex -70.1249 40.8802 13.5
      vertex -71.6955 41.5307 13.5
      vertex -70.2216 40.5953 13.5
    endloop
  endfacet
  facet normal 0 0 1
    outer loop
      vertex -69.6263 38.3737 13.5
      vertex -70.8284 37.1716 13.5
      vertex -70.435 36.8266 13.5
    endloop
  endfacet
  facet normal -0 0 1
    outer loop
      vertex -71.8637 41.0353 13.5
      vertex -70.2216 40.5953 13.5
      vertex -71.6955 41.5307 13.5
    endloop
  endfacet
  facet normal 0 0 1
    outer loop
      vertex -69.8247 38.5998 13.5
      vertex -71.1734 37.565 13.5
      vertex -70.8284 37.1716 13.5
    endloop
  endfacet
  facet normal 0 0 1
    outer loop
      vertex -70.2216 40.5953 13.5
      vertex -71.8637 41.0353 13.5
      vertex -70.2803 40.3002 13.5
    endloop
  endfacet
  facet normal 0 0 1
    outer loop
      vertex -69.9919 38.85 13.5
      vertex -71.4641 38 13.5
      vertex -71.1734 37.565 13.5
    endloop
  endfacet
  facet normal -0 0 1
    outer loop
      vertex -71.9658 40.5221 13.5
      vertex -70.2803 40.3002 13.5
      vertex -71.8637 41.0353 13.5
    endloop
  endfacet
  facet normal 0 0 1
    outer loop
      vertex -70.1249 39.1198 13.5
      vertex -71.6955 38.4693 13.5
      vertex -71.4641 38 13.5
    endloop
  endfacet
  facet normal 0 0 1
    outer loop
      vertex -70.2803 40.3002 13.5
      vertex -71.9658 40.5221 13.5
      vertex -70.3 40 13.5
    endloop
  endfacet
  facet normal 0 0 1
    outer loop
      vertex -70.2216 39.4047 13.5
      vertex -71.8637 38.9647 13.5
      vertex -71.6955 38.4693 13.5
    endloop
  endfacet
  facet normal 0 0 1
    outer loop
      vertex -72 40 13.5
      vertex -70.3 40 13.5
      vertex -71.9658 40.5221 13.5
    endloop
  endfacet
  facet normal 0 0 1
    outer loop
      vertex -70.2803 39.6998 13.5
      vertex -71.9658 39.4779 13.5
      vertex -71.8637 38.9647 13.5
    endloop
  endfacet
  facet normal 0 0 1
    outer loop
      vertex -70.3 40 13.5
      vertex -72 40 13.5
      vertex -71.9658 39.4779 13.5
    endloop
  endfacet
  facet normal -0.0653646 0.997861 0
    outer loop
      vertex -68 44 12
      vertex -68.5221 43.9658 13.5
      vertex -68 44 13.5
    endloop
  endfacet
  facet normal -0.0653646 0.997861 0
    outer loop
      vertex -68.5221 43.9658 13.5
      vertex -68 44 12
      vertex -68.5221 43.9658 12
    endloop
  endfacet
  facet normal 0.94691 -0.321498 0
    outer loop
      vertex -64.3045 38.4693 13.5
      vertex -64.1363 38.9647 12
      vertex -64.1363 38.9647 13.5
    endloop
  endfacet
  facet normal 0.94691 -0.321498 0
    outer loop
      vertex -64.1363 38.9647 12
      vertex -64.3045 38.4693 13.5
      vertex -64.3045 38.4693 12
    endloop
  endfacet
  facet normal 0.555626 -0.831432 0
    outer loop
      vertex -66 36.5359 12
      vertex -65.565 36.8266 13.5
      vertex -66 36.5359 13.5
    endloop
  endfacet
  facet normal 0.555626 -0.831432 0
    outer loop
      vertex -65.565 36.8266 13.5
      vertex -66 36.5359 12
      vertex -65.565 36.8266 12
    endloop
  endfacet
  facet normal -0.659343 -0.751842 0
    outer loop
      vertex -70.8284 37.1716 12
      vertex -70.435 36.8266 13.5
      vertex -70.8284 37.1716 13.5
    endloop
  endfacet
  facet normal -0.659343 -0.751842 -0
    outer loop
      vertex -70.435 36.8266 13.5
      vertex -70.8284 37.1716 12
      vertex -70.435 36.8266 12
    endloop
  endfacet
  facet normal -0.997861 -0.0653646 0
    outer loop
      vertex -71.9658 39.4779 12
      vertex -72 40 13.5
      vertex -72 40 12
    endloop
  endfacet
  facet normal -0.997861 -0.0653646 0
    outer loop
      vertex -72 40 13.5
      vertex -71.9658 39.4779 12
      vertex -71.9658 39.4779 13.5
    endloop
  endfacet
  facet normal 0.94691 0.321498 0
    outer loop
      vertex -64.1363 41.0353 13.5
      vertex -64.3045 41.5307 12
      vertex -64.3045 41.5307 13.5
    endloop
  endfacet
  facet normal 0.94691 0.321498 0
    outer loop
      vertex -64.3045 41.5307 12
      vertex -64.1363 41.0353 13.5
      vertex -64.1363 41.0353 12
    endloop
  endfacet
  facet normal 0.980779 0.195124 0
    outer loop
      vertex -64.0342 40.5221 13.5
      vertex -64.1363 41.0353 12
      vertex -64.1363 41.0353 13.5
    endloop
  endfacet
  facet normal 0.980779 0.195124 0
    outer loop
      vertex -64.1363 41.0353 12
      vertex -64.0342 40.5221 13.5
      vertex -64.0342 40.5221 12
    endloop
  endfacet
  facet normal 0.751842 0.659343 0
    outer loop
      vertex -64.8266 42.435 13.5
      vertex -65.1716 42.8284 12
      vertex -65.1716 42.8284 13.5
    endloop
  endfacet
  facet normal 0.751842 0.659343 0
    outer loop
      vertex -65.1716 42.8284 12
      vertex -64.8266 42.435 13.5
      vertex -64.8266 42.435 12
    endloop
  endfacet
  facet normal 0.321498 0.94691 -0
    outer loop
      vertex -66.4693 43.6955 12
      vertex -66.9647 43.8637 13.5
      vertex -66.4693 43.6955 13.5
    endloop
  endfacet
  facet normal 0.321498 0.94691 0
    outer loop
      vertex -66.9647 43.8637 13.5
      vertex -66.4693 43.6955 12
      vertex -66.9647 43.8637 12
    endloop
  endfacet
  facet normal 0.195124 0.980779 -0
    outer loop
      vertex -66.9647 43.8637 12
      vertex -67.4779 43.9658 13.5
      vertex -66.9647 43.8637 13.5
    endloop
  endfacet
  facet normal 0.195124 0.980779 0
    outer loop
      vertex -67.4779 43.9658 13.5
      vertex -66.9647 43.8637 12
      vertex -67.4779 43.9658 12
    endloop
  endfacet
  facet normal -0.831432 0.555626 0
    outer loop
      vertex -71.4641 42 12
      vertex -71.1734 42.435 13.5
      vertex -71.1734 42.435 12
    endloop
  endfacet
  facet normal -0.831432 0.555626 0
    outer loop
      vertex -71.1734 42.435 13.5
      vertex -71.4641 42 12
      vertex -71.4641 42 13.5
    endloop
  endfacet
  facet normal -0.94691 0.321498 0
    outer loop
      vertex -71.8637 41.0353 12
      vertex -71.6955 41.5307 13.5
      vertex -71.6955 41.5307 12
    endloop
  endfacet
  facet normal -0.94691 0.321498 0
    outer loop
      vertex -71.6955 41.5307 13.5
      vertex -71.8637 41.0353 12
      vertex -71.8637 41.0353 13.5
    endloop
  endfacet
  facet normal -0.980779 0.195124 0
    outer loop
      vertex -71.9658 40.5221 12
      vertex -71.8637 41.0353 13.5
      vertex -71.8637 41.0353 12
    endloop
  endfacet
  facet normal -0.980779 0.195124 0
    outer loop
      vertex -71.8637 41.0353 13.5
      vertex -71.9658 40.5221 12
      vertex -71.9658 40.5221 13.5
    endloop
  endfacet
  facet normal -0.442238 0.896898 0
    outer loop
      vertex -69.5307 43.6955 12
      vertex -70 43.4641 13.5
      vertex -69.5307 43.6955 13.5
    endloop
  endfacet
  facet normal -0.442238 0.896898 0
    outer loop
      vertex -70 43.4641 13.5
      vertex -69.5307 43.6955 12
      vertex -70 43.4641 12
    endloop
  endfacet
  facet normal -0.555626 0.831432 0
    outer loop
      vertex -70 43.4641 12
      vertex -70.435 43.1734 13.5
      vertex -70 43.4641 13.5
    endloop
  endfacet
  facet normal -0.555626 0.831432 0
    outer loop
      vertex -70.435 43.1734 13.5
      vertex -70 43.4641 12
      vertex -70.435 43.1734 12
    endloop
  endfacet
  facet normal -0.195124 0.980779 0
    outer loop
      vertex -68.5221 43.9658 12
      vertex -69.0353 43.8637 13.5
      vertex -68.5221 43.9658 13.5
    endloop
  endfacet
  facet normal -0.195124 0.980779 0
    outer loop
      vertex -69.0353 43.8637 13.5
      vertex -68.5221 43.9658 12
      vertex -69.0353 43.8637 12
    endloop
  endfacet
  facet normal 0.997861 -0.0653646 0
    outer loop
      vertex -64.0342 39.4779 13.5
      vertex -64 40 12
      vertex -64 40 13.5
    endloop
  endfacet
  facet normal 0.997861 -0.0653646 0
    outer loop
      vertex -64 40 12
      vertex -64.0342 39.4779 13.5
      vertex -64.0342 39.4779 12
    endloop
  endfacet
  facet normal 0.0653646 -0.997861 0
    outer loop
      vertex -68 36 12
      vertex -67.4779 36.0342 13.5
      vertex -68 36 13.5
    endloop
  endfacet
  facet normal 0.0653646 -0.997861 0
    outer loop
      vertex -67.4779 36.0342 13.5
      vertex -68 36 12
      vertex -67.4779 36.0342 12
    endloop
  endfacet
  facet normal 0.321498 -0.94691 0
    outer loop
      vertex -66.9647 36.1363 12
      vertex -66.4693 36.3045 13.5
      vertex -66.9647 36.1363 13.5
    endloop
  endfacet
  facet normal 0.321498 -0.94691 0
    outer loop
      vertex -66.4693 36.3045 13.5
      vertex -66.9647 36.1363 12
      vertex -66.4693 36.3045 12
    endloop
  endfacet
  facet normal 0.659343 -0.751842 0
    outer loop
      vertex -65.565 36.8266 12
      vertex -65.1716 37.1716 13.5
      vertex -65.565 36.8266 13.5
    endloop
  endfacet
  facet normal 0.659343 -0.751842 0
    outer loop
      vertex -65.1716 37.1716 13.5
      vertex -65.565 36.8266 12
      vertex -65.1716 37.1716 12
    endloop
  endfacet
  facet normal 0.831432 -0.555626 0
    outer loop
      vertex -64.8266 37.565 13.5
      vertex -64.5359 38 12
      vertex -64.5359 38 13.5
    endloop
  endfacet
  facet normal 0.831432 -0.555626 0
    outer loop
      vertex -64.5359 38 12
      vertex -64.8266 37.565 13.5
      vertex -64.8266 37.565 12
    endloop
  endfacet
  facet normal -0.555626 -0.831432 0
    outer loop
      vertex -70.435 36.8266 12
      vertex -70 36.5359 13.5
      vertex -70.435 36.8266 13.5
    endloop
  endfacet
  facet normal -0.555626 -0.831432 -0
    outer loop
      vertex -70 36.5359 13.5
      vertex -70.435 36.8266 12
      vertex -70 36.5359 12
    endloop
  endfacet
  facet normal -0.321498 -0.94691 0
    outer loop
      vertex -69.5307 36.3045 12
      vertex -69.0353 36.1363 13.5
      vertex -69.5307 36.3045 13.5
    endloop
  endfacet
  facet normal -0.321498 -0.94691 -0
    outer loop
      vertex -69.0353 36.1363 13.5
      vertex -69.5307 36.3045 12
      vertex -69.0353 36.1363 12
    endloop
  endfacet
  facet normal -0.0653646 -0.997861 0
    outer loop
      vertex -68.5221 36.0342 12
      vertex -68 36 13.5
      vertex -68.5221 36.0342 13.5
    endloop
  endfacet
  facet normal -0.0653646 -0.997861 -0
    outer loop
      vertex -68 36 13.5
      vertex -68.5221 36.0342 12
      vertex -68 36 12
    endloop
  endfacet
  facet normal -0.896898 -0.442238 0
    outer loop
      vertex -71.4641 38 12
      vertex -71.6955 38.4693 13.5
      vertex -71.6955 38.4693 12
    endloop
  endfacet
  facet normal -0.896898 -0.442238 0
    outer loop
      vertex -71.6955 38.4693 13.5
      vertex -71.4641 38 12
      vertex -71.4641 38 13.5
    endloop
  endfacet
  facet normal -0.980779 -0.195124 0
    outer loop
      vertex -71.8637 38.9647 12
      vertex -71.9658 39.4779 13.5
      vertex -71.9658 39.4779 12
    endloop
  endfacet
  facet normal -0.980779 -0.195124 0
    outer loop
      vertex -71.9658 39.4779 13.5
      vertex -71.8637 38.9647 12
      vertex -71.8637 38.9647 13.5
    endloop
  endfacet
  facet normal 0.195124 -0.980779 0
    outer loop
      vertex -67.4779 36.0342 12
      vertex -66.9647 36.1363 13.5
      vertex -67.4779 36.0342 13.5
    endloop
  endfacet
  facet normal 0.195124 -0.980779 0
    outer loop
      vertex -66.9647 36.1363 13.5
      vertex -67.4779 36.0342 12
      vertex -66.9647 36.1363 12
    endloop
  endfacet
  facet normal 0.442238 -0.896898 0
    outer loop
      vertex -66.4693 36.3045 12
      vertex -66 36.5359 13.5
      vertex -66.4693 36.3045 13.5
    endloop
  endfacet
  facet normal 0.442238 -0.896898 0
    outer loop
      vertex -66 36.5359 13.5
      vertex -66.4693 36.3045 12
      vertex -66 36.5359 12
    endloop
  endfacet
  facet normal 0.751842 -0.659343 0
    outer loop
      vertex -65.1716 37.1716 13.5
      vertex -64.8266 37.565 12
      vertex -64.8266 37.565 13.5
    endloop
  endfacet
  facet normal 0.751842 -0.659343 0
    outer loop
      vertex -64.8266 37.565 12
      vertex -65.1716 37.1716 13.5
      vertex -65.1716 37.1716 12
    endloop
  endfacet
  facet normal 0.980779 -0.195124 0
    outer loop
      vertex -64.1363 38.9647 13.5
      vertex -64.0342 39.4779 12
      vertex -64.0342 39.4779 13.5
    endloop
  endfacet
  facet normal 0.980779 -0.195124 0
    outer loop
      vertex -64.0342 39.4779 12
      vertex -64.1363 38.9647 13.5
      vertex -64.1363 38.9647 12
    endloop
  endfacet
  facet normal 0.896898 -0.442238 0
    outer loop
      vertex -64.5359 38 13.5
      vertex -64.3045 38.4693 12
      vertex -64.3045 38.4693 13.5
    endloop
  endfacet
  facet normal 0.896898 -0.442238 0
    outer loop
      vertex -64.3045 38.4693 12
      vertex -64.5359 38 13.5
      vertex -64.5359 38 12
    endloop
  endfacet
  facet normal -0.442238 -0.896898 0
    outer loop
      vertex -70 36.5359 12
      vertex -69.5307 36.3045 13.5
      vertex -70 36.5359 13.5
    endloop
  endfacet
  facet normal -0.442238 -0.896898 -0
    outer loop
      vertex -69.5307 36.3045 13.5
      vertex -70 36.5359 12
      vertex -69.5307 36.3045 12
    endloop
  endfacet
  facet normal -0.195124 -0.980779 0
    outer loop
      vertex -69.0353 36.1363 12
      vertex -68.5221 36.0342 13.5
      vertex -69.0353 36.1363 13.5
    endloop
  endfacet
  facet normal -0.195124 -0.980779 -0
    outer loop
      vertex -68.5221 36.0342 13.5
      vertex -69.0353 36.1363 12
      vertex -68.5221 36.0342 12
    endloop
  endfacet
  facet normal -0.831432 -0.555626 0
    outer loop
      vertex -71.1734 37.565 12
      vertex -71.4641 38 13.5
      vertex -71.4641 38 12
    endloop
  endfacet
  facet normal -0.831432 -0.555626 0
    outer loop
      vertex -71.4641 38 13.5
      vertex -71.1734 37.565 12
      vertex -71.1734 37.565 13.5
    endloop
  endfacet
  facet normal -0.997854 -0.0654821 0
    outer loop
      vertex -65.7 40 11.98
      vertex -65.7197 40.3002 13.5
      vertex -65.7197 40.3002 11.98
    endloop
  endfacet
  facet normal -0.997854 -0.0654821 0
    outer loop
      vertex -65.7197 40.3002 13.5
      vertex -65.7 40 11.98
      vertex -65.7 40 13.5
    endloop
  endfacet
  facet normal -0.0654821 0.997854 0
    outer loop
      vertex -67.6998 37.7197 11.98
      vertex -68 37.7 13.5
      vertex -67.6998 37.7197 13.5
    endloop
  endfacet
  facet normal -0.0654821 0.997854 0
    outer loop
      vertex -68 37.7 13.5
      vertex -67.6998 37.7197 11.98
      vertex -68 37.7 11.98
    endloop
  endfacet
  facet normal -0.659563 -0.751649 0
    outer loop
      vertex -66.5998 41.8247 11.98
      vertex -66.3737 41.6263 13.5
      vertex -66.5998 41.8247 13.5
    endloop
  endfacet
  facet normal -0.659563 -0.751649 -0
    outer loop
      vertex -66.3737 41.6263 13.5
      vertex -66.5998 41.8247 11.98
      vertex -66.3737 41.6263 11.98
    endloop
  endfacet
  facet normal -0.89694 -0.442153 0
    outer loop
      vertex -65.8751 40.8802 11.98
      vertex -66.0081 41.15 13.5
      vertex -66.0081 41.15 11.98
    endloop
  endfacet
  facet normal -0.89694 -0.442153 0
    outer loop
      vertex -66.0081 41.15 13.5
      vertex -65.8751 40.8802 11.98
      vertex -65.8751 40.8802 13.5
    endloop
  endfacet
  facet normal -0.831436 -0.55562 0
    outer loop
      vertex -66.0081 41.15 11.98
      vertex -66.1753 41.4002 13.5
      vertex -66.1753 41.4002 11.98
    endloop
  endfacet
  facet normal -0.831436 -0.55562 0
    outer loop
      vertex -66.1753 41.4002 13.5
      vertex -66.0081 41.15 11.98
      vertex -66.0081 41.15 13.5
    endloop
  endfacet
  facet normal -0.321408 -0.946941 0
    outer loop
      vertex -67.4047 42.2216 11.98
      vertex -67.1198 42.1249 13.5
      vertex -67.4047 42.2216 13.5
    endloop
  endfacet
  facet normal -0.321408 -0.946941 -0
    outer loop
      vertex -67.1198 42.1249 13.5
      vertex -67.4047 42.2216 11.98
      vertex -67.1198 42.1249 11.98
    endloop
  endfacet
  facet normal -0.195093 -0.980785 0
    outer loop
      vertex -67.6998 42.2803 11.98
      vertex -67.4047 42.2216 13.5
      vertex -67.6998 42.2803 13.5
    endloop
  endfacet
  facet normal -0.195093 -0.980785 -0
    outer loop
      vertex -67.4047 42.2216 13.5
      vertex -67.6998 42.2803 11.98
      vertex -67.4047 42.2216 11.98
    endloop
  endfacet
  facet normal -0.442153 -0.89694 0
    outer loop
      vertex -67.1198 42.1249 11.98
      vertex -66.85 41.9919 13.5
      vertex -67.1198 42.1249 13.5
    endloop
  endfacet
  facet normal -0.442153 -0.89694 -0
    outer loop
      vertex -66.85 41.9919 13.5
      vertex -67.1198 42.1249 11.98
      vertex -66.85 41.9919 11.98
    endloop
  endfacet
  facet normal -0.195093 0.980785 0
    outer loop
      vertex -67.4047 37.7784 11.98
      vertex -67.6998 37.7197 13.5
      vertex -67.4047 37.7784 13.5
    endloop
  endfacet
  facet normal -0.195093 0.980785 0
    outer loop
      vertex -67.6998 37.7197 13.5
      vertex -67.4047 37.7784 11.98
      vertex -67.6998 37.7197 11.98
    endloop
  endfacet
  facet normal -0.946941 -0.321408 0
    outer loop
      vertex -65.7784 40.5953 11.98
      vertex -65.8751 40.8802 13.5
      vertex -65.8751 40.8802 11.98
    endloop
  endfacet
  facet normal -0.946941 -0.321408 0
    outer loop
      vertex -65.8751 40.8802 13.5
      vertex -65.7784 40.5953 11.98
      vertex -65.7784 40.5953 13.5
    endloop
  endfacet
  facet normal -0.980785 -0.195093 0
    outer loop
      vertex -65.7197 40.3002 11.98
      vertex -65.7784 40.5953 13.5
      vertex -65.7784 40.5953 11.98
    endloop
  endfacet
  facet normal -0.980785 -0.195093 0
    outer loop
      vertex -65.7784 40.5953 13.5
      vertex -65.7197 40.3002 11.98
      vertex -65.7197 40.3002 13.5
    endloop
  endfacet
  facet normal -0.751649 -0.659563 0
    outer loop
      vertex -66.1753 41.4002 11.98
      vertex -66.3737 41.6263 13.5
      vertex -66.3737 41.6263 11.98
    endloop
  endfacet
  facet normal -0.751649 -0.659563 0
    outer loop
      vertex -66.3737 41.6263 13.5
      vertex -66.1753 41.4002 11.98
      vertex -66.1753 41.4002 13.5
    endloop
  endfacet
  facet normal -0.0654821 -0.997854 0
    outer loop
      vertex -68 42.3 11.98
      vertex -67.6998 42.2803 13.5
      vertex -68 42.3 13.5
    endloop
  endfacet
  facet normal -0.0654821 -0.997854 -0
    outer loop
      vertex -67.6998 42.2803 13.5
      vertex -68 42.3 11.98
      vertex -67.6998 42.2803 11.98
    endloop
  endfacet
  facet normal -0.55562 -0.831436 0
    outer loop
      vertex -66.85 41.9919 11.98
      vertex -66.5998 41.8247 13.5
      vertex -66.85 41.9919 13.5
    endloop
  endfacet
  facet normal -0.55562 -0.831436 -0
    outer loop
      vertex -66.5998 41.8247 13.5
      vertex -66.85 41.9919 11.98
      vertex -66.5998 41.8247 11.98
    endloop
  endfacet
  facet normal -0.946941 0.321408 0
    outer loop
      vertex -65.8751 39.1198 11.98
      vertex -65.7784 39.4047 13.5
      vertex -65.7784 39.4047 11.98
    endloop
  endfacet
  facet normal -0.946941 0.321408 0
    outer loop
      vertex -65.7784 39.4047 13.5
      vertex -65.8751 39.1198 11.98
      vertex -65.8751 39.1198 13.5
    endloop
  endfacet
  facet normal -0.980785 0.195093 0
    outer loop
      vertex -65.7784 39.4047 11.98
      vertex -65.7197 39.6998 13.5
      vertex -65.7197 39.6998 11.98
    endloop
  endfacet
  facet normal -0.980785 0.195093 0
    outer loop
      vertex -65.7197 39.6998 13.5
      vertex -65.7784 39.4047 11.98
      vertex -65.7784 39.4047 13.5
    endloop
  endfacet
  facet normal 0.997854 0.0654821 0
    outer loop
      vertex -70.2803 39.6998 13.5
      vertex -70.3 40 11.98
      vertex -70.3 40 13.5
    endloop
  endfacet
  facet normal 0.997854 0.0654821 0
    outer loop
      vertex -70.3 40 11.98
      vertex -70.2803 39.6998 13.5
      vertex -70.2803 39.6998 11.98
    endloop
  endfacet
  facet normal -0.55562 0.831436 0
    outer loop
      vertex -66.5998 38.1753 11.98
      vertex -66.85 38.0081 13.5
      vertex -66.5998 38.1753 13.5
    endloop
  endfacet
  facet normal -0.55562 0.831436 0
    outer loop
      vertex -66.85 38.0081 13.5
      vertex -66.5998 38.1753 11.98
      vertex -66.85 38.0081 11.98
    endloop
  endfacet
  facet normal -0.442153 0.89694 0
    outer loop
      vertex -66.85 38.0081 11.98
      vertex -67.1198 37.8751 13.5
      vertex -66.85 38.0081 13.5
    endloop
  endfacet
  facet normal -0.442153 0.89694 0
    outer loop
      vertex -67.1198 37.8751 13.5
      vertex -66.85 38.0081 11.98
      vertex -67.1198 37.8751 11.98
    endloop
  endfacet
  facet normal -0.997854 0.0654821 0
    outer loop
      vertex -65.7197 39.6998 11.98
      vertex -65.7 40 13.5
      vertex -65.7 40 11.98
    endloop
  endfacet
  facet normal -0.997854 0.0654821 0
    outer loop
      vertex -65.7 40 13.5
      vertex -65.7197 39.6998 11.98
      vertex -65.7197 39.6998 13.5
    endloop
  endfacet
  facet normal 0.321408 0.946941 -0
    outer loop
      vertex -68.5953 37.7784 11.98
      vertex -68.8802 37.8751 13.5
      vertex -68.5953 37.7784 13.5
    endloop
  endfacet
  facet normal 0.321408 0.946941 0
    outer loop
      vertex -68.8802 37.8751 13.5
      vertex -68.5953 37.7784 11.98
      vertex -68.8802 37.8751 11.98
    endloop
  endfacet
  facet normal 0.751649 0.659563 0
    outer loop
      vertex -69.6263 38.3737 13.5
      vertex -69.8247 38.5998 11.98
      vertex -69.8247 38.5998 13.5
    endloop
  endfacet
  facet normal 0.751649 0.659563 0
    outer loop
      vertex -69.8247 38.5998 11.98
      vertex -69.6263 38.3737 13.5
      vertex -69.6263 38.3737 11.98
    endloop
  endfacet
  facet normal 0.980785 0.195093 0
    outer loop
      vertex -70.2216 39.4047 13.5
      vertex -70.2803 39.6998 11.98
      vertex -70.2803 39.6998 13.5
    endloop
  endfacet
  facet normal 0.980785 0.195093 0
    outer loop
      vertex -70.2803 39.6998 11.98
      vertex -70.2216 39.4047 13.5
      vertex -70.2216 39.4047 11.98
    endloop
  endfacet
  facet normal 0.946941 0.321408 0
    outer loop
      vertex -70.1249 39.1198 13.5
      vertex -70.2216 39.4047 11.98
      vertex -70.2216 39.4047 13.5
    endloop
  endfacet
  facet normal 0.946941 0.321408 0
    outer loop
      vertex -70.2216 39.4047 11.98
      vertex -70.1249 39.1198 13.5
      vertex -70.1249 39.1198 11.98
    endloop
  endfacet
  facet normal -0.659563 0.751649 0
    outer loop
      vertex -66.3737 38.3737 11.98
      vertex -66.5998 38.1753 13.5
      vertex -66.3737 38.3737 13.5
    endloop
  endfacet
  facet normal -0.659563 0.751649 0
    outer loop
      vertex -66.5998 38.1753 13.5
      vertex -66.3737 38.3737 11.98
      vertex -66.5998 38.1753 11.98
    endloop
  endfacet
  facet normal -0.321408 0.946941 0
    outer loop
      vertex -67.1198 37.8751 11.98
      vertex -67.4047 37.7784 13.5
      vertex -67.1198 37.8751 13.5
    endloop
  endfacet
  facet normal -0.321408 0.946941 0
    outer loop
      vertex -67.4047 37.7784 13.5
      vertex -67.1198 37.8751 11.98
      vertex -67.4047 37.7784 11.98
    endloop
  endfacet
  facet normal -0.89694 0.442153 0
    outer loop
      vertex -66.0081 38.85 11.98
      vertex -65.8751 39.1198 13.5
      vertex -65.8751 39.1198 11.98
    endloop
  endfacet
  facet normal -0.89694 0.442153 0
    outer loop
      vertex -65.8751 39.1198 13.5
      vertex -66.0081 38.85 11.98
      vertex -66.0081 38.85 13.5
    endloop
  endfacet
  facet normal -0.831436 0.55562 0
    outer loop
      vertex -66.1753 38.5998 11.98
      vertex -66.0081 38.85 13.5
      vertex -66.0081 38.85 11.98
    endloop
  endfacet
  facet normal -0.831436 0.55562 0
    outer loop
      vertex -66.0081 38.85 13.5
      vertex -66.1753 38.5998 11.98
      vertex -66.1753 38.5998 13.5
    endloop
  endfacet
  facet normal 0.0654821 0.997854 -0
    outer loop
      vertex -68 37.7 11.98
      vertex -68.3002 37.7197 13.5
      vertex -68 37.7 13.5
    endloop
  endfacet
  facet normal 0.0654821 0.997854 0
    outer loop
      vertex -68.3002 37.7197 13.5
      vertex -68 37.7 11.98
      vertex -68.3002 37.7197 11.98
    endloop
  endfacet
  facet normal 0.55562 0.831436 -0
    outer loop
      vertex -69.15 38.0081 11.98
      vertex -69.4002 38.1753 13.5
      vertex -69.15 38.0081 13.5
    endloop
  endfacet
  facet normal 0.55562 0.831436 0
    outer loop
      vertex -69.4002 38.1753 13.5
      vertex -69.15 38.0081 11.98
      vertex -69.4002 38.1753 11.98
    endloop
  endfacet
  facet normal 0.195093 0.980785 -0
    outer loop
      vertex -68.3002 37.7197 11.98
      vertex -68.5953 37.7784 13.5
      vertex -68.3002 37.7197 13.5
    endloop
  endfacet
  facet normal 0.195093 0.980785 0
    outer loop
      vertex -68.5953 37.7784 13.5
      vertex -68.3002 37.7197 11.98
      vertex -68.5953 37.7784 11.98
    endloop
  endfacet
  facet normal 0.659563 0.751649 -0
    outer loop
      vertex -69.4002 38.1753 11.98
      vertex -69.6263 38.3737 13.5
      vertex -69.4002 38.1753 13.5
    endloop
  endfacet
  facet normal 0.659563 0.751649 0
    outer loop
      vertex -69.6263 38.3737 13.5
      vertex -69.4002 38.1753 11.98
      vertex -69.6263 38.3737 11.98
    endloop
  endfacet
  facet normal 0.831436 0.55562 0
    outer loop
      vertex -69.8247 38.5998 13.5
      vertex -69.9919 38.85 11.98
      vertex -69.9919 38.85 13.5
    endloop
  endfacet
  facet normal 0.831436 0.55562 0
    outer loop
      vertex -69.9919 38.85 11.98
      vertex -69.8247 38.5998 13.5
      vertex -69.8247 38.5998 11.98
    endloop
  endfacet
  facet normal 0.89694 0.442153 0
    outer loop
      vertex -69.9919 38.85 13.5
      vertex -70.1249 39.1198 11.98
      vertex -70.1249 39.1198 13.5
    endloop
  endfacet
  facet normal 0.89694 0.442153 0
    outer loop
      vertex -70.1249 39.1198 11.98
      vertex -69.9919 38.85 13.5
      vertex -69.9919 38.85 11.98
    endloop
  endfacet
  facet normal -0.751649 0.659563 0
    outer loop
      vertex -66.3737 38.3737 11.98
      vertex -66.1753 38.5998 13.5
      vertex -66.1753 38.5998 11.98
    endloop
  endfacet
  facet normal -0.751649 0.659563 0
    outer loop
      vertex -66.1753 38.5998 13.5
      vertex -66.3737 38.3737 11.98
      vertex -66.3737 38.3737 13.5
    endloop
  endfacet
  facet normal 0.442153 0.89694 -0
    outer loop
      vertex -68.8802 37.8751 11.98
      vertex -69.15 38.0081 13.5
      vertex -68.8802 37.8751 13.5
    endloop
  endfacet
  facet normal 0.442153 0.89694 0
    outer loop
      vertex -69.15 38.0081 13.5
      vertex -68.8802 37.8751 11.98
      vertex -69.15 38.0081 11.98
    endloop
  endfacet
  facet normal 0.997861 0.0653646 0
    outer loop
      vertex 72 -40 13.5
      vertex 71.9658 -39.4779 12
      vertex 71.9658 -39.4779 13.5
    endloop
  endfacet
  facet normal 0.997861 0.0653646 0
    outer loop
      vertex 71.9658 -39.4779 12
      vertex 72 -40 13.5
      vertex 72 -40 12
    endloop
  endfacet
  facet normal -0.997861 0.0653646 0
    outer loop
      vertex 64 -40 12
      vertex 64.0342 -39.4779 13.5
      vertex 64.0342 -39.4779 12
    endloop
  endfacet
  facet normal -0.997861 0.0653646 0
    outer loop
      vertex 64.0342 -39.4779 13.5
      vertex 64 -40 12
      vertex 64 -40 13.5
    endloop
  endfacet
  facet normal 0.0653646 0.997861 -0
    outer loop
      vertex 68.5221 -36.0342 12
      vertex 68 -36 13.5
      vertex 68.5221 -36.0342 13.5
    endloop
  endfacet
  facet normal 0.0653646 0.997861 0
    outer loop
      vertex 68 -36 13.5
      vertex 68.5221 -36.0342 12
      vertex 68 -36 12
    endloop
  endfacet
  facet normal -0.751842 -0.659343 0
    outer loop
      vertex 65.1716 -42.8284 12
      vertex 64.8266 -42.435 13.5
      vertex 64.8266 -42.435 12
    endloop
  endfacet
  facet normal -0.751842 -0.659343 0
    outer loop
      vertex 64.8266 -42.435 13.5
      vertex 65.1716 -42.8284 12
      vertex 65.1716 -42.8284 13.5
    endloop
  endfacet
  facet normal 0.659343 0.751842 -0
    outer loop
      vertex 70.8284 -37.1716 12
      vertex 70.435 -36.8266 13.5
      vertex 70.8284 -37.1716 13.5
    endloop
  endfacet
  facet normal 0.659343 0.751842 0
    outer loop
      vertex 70.435 -36.8266 13.5
      vertex 70.8284 -37.1716 12
      vertex 70.435 -36.8266 12
    endloop
  endfacet
  facet normal -0.659343 0.751842 0
    outer loop
      vertex 65.565 -36.8266 12
      vertex 65.1716 -37.1716 13.5
      vertex 65.565 -36.8266 13.5
    endloop
  endfacet
  facet normal -0.659343 0.751842 0
    outer loop
      vertex 65.1716 -37.1716 13.5
      vertex 65.565 -36.8266 12
      vertex 65.1716 -37.1716 12
    endloop
  endfacet
  facet normal -0.321498 0.94691 0
    outer loop
      vertex 66.9647 -36.1363 12
      vertex 66.4693 -36.3045 13.5
      vertex 66.9647 -36.1363 13.5
    endloop
  endfacet
  facet normal -0.321498 0.94691 0
    outer loop
      vertex 66.4693 -36.3045 13.5
      vertex 66.9647 -36.1363 12
      vertex 66.4693 -36.3045 12
    endloop
  endfacet
  facet normal -0.94691 -0.321498 0
    outer loop
      vertex 64.3045 -41.5307 12
      vertex 64.1363 -41.0353 13.5
      vertex 64.1363 -41.0353 12
    endloop
  endfacet
  facet normal -0.94691 -0.321498 0
    outer loop
      vertex 64.1363 -41.0353 13.5
      vertex 64.3045 -41.5307 12
      vertex 64.3045 -41.5307 13.5
    endloop
  endfacet
  facet normal 0.896898 0.442238 0
    outer loop
      vertex 71.6955 -38.4693 13.5
      vertex 71.4641 -38 12
      vertex 71.4641 -38 13.5
    endloop
  endfacet
  facet normal 0.896898 0.442238 0
    outer loop
      vertex 71.4641 -38 12
      vertex 71.6955 -38.4693 13.5
      vertex 71.6955 -38.4693 12
    endloop
  endfacet
  facet normal 0.831432 0.555626 0
    outer loop
      vertex 71.4641 -38 13.5
      vertex 71.1734 -37.565 12
      vertex 71.1734 -37.565 13.5
    endloop
  endfacet
  facet normal 0.831432 0.555626 0
    outer loop
      vertex 71.1734 -37.565 12
      vertex 71.4641 -38 13.5
      vertex 71.4641 -38 12
    endloop
  endfacet
  facet normal 0.442238 0.896898 -0
    outer loop
      vertex 70 -36.5359 12
      vertex 69.5307 -36.3045 13.5
      vertex 70 -36.5359 13.5
    endloop
  endfacet
  facet normal 0.442238 0.896898 0
    outer loop
      vertex 69.5307 -36.3045 13.5
      vertex 70 -36.5359 12
      vertex 69.5307 -36.3045 12
    endloop
  endfacet
  facet normal 0.555626 0.831432 -0
    outer loop
      vertex 70.435 -36.8266 12
      vertex 70 -36.5359 13.5
      vertex 70.435 -36.8266 13.5
    endloop
  endfacet
  facet normal 0.555626 0.831432 0
    outer loop
      vertex 70 -36.5359 13.5
      vertex 70.435 -36.8266 12
      vertex 70 -36.5359 12
    endloop
  endfacet
  facet normal -0.896898 0.442238 0
    outer loop
      vertex 64.3045 -38.4693 12
      vertex 64.5359 -38 13.5
      vertex 64.5359 -38 12
    endloop
  endfacet
  facet normal -0.896898 0.442238 0
    outer loop
      vertex 64.5359 -38 13.5
      vertex 64.3045 -38.4693 12
      vertex 64.3045 -38.4693 13.5
    endloop
  endfacet
  facet normal -0.751842 0.659343 0
    outer loop
      vertex 64.8266 -37.565 12
      vertex 65.1716 -37.1716 13.5
      vertex 65.1716 -37.1716 12
    endloop
  endfacet
  facet normal -0.751842 0.659343 0
    outer loop
      vertex 65.1716 -37.1716 13.5
      vertex 64.8266 -37.565 12
      vertex 64.8266 -37.565 13.5
    endloop
  endfacet
  facet normal 0 0 1
    outer loop
      vertex 70.3 -40 13.5
      vertex 72 -40 13.5
      vertex 71.9658 -39.4779 13.5
    endloop
  endfacet
  facet normal 0 0 1
    outer loop
      vertex 70.2803 -39.6998 13.5
      vertex 71.9658 -39.4779 13.5
      vertex 71.8637 -38.9647 13.5
    endloop
  endfacet
  facet normal 0 0 1
    outer loop
      vertex 72 -40 13.5
      vertex 70.3 -40 13.5
      vertex 71.9658 -40.5221 13.5
    endloop
  endfacet
  facet normal 0 0 1
    outer loop
      vertex 70.2216 -39.4047 13.5
      vertex 71.8637 -38.9647 13.5
      vertex 71.6955 -38.4693 13.5
    endloop
  endfacet
  facet normal -0 0 1
    outer loop
      vertex 70.2803 -40.3002 13.5
      vertex 71.9658 -40.5221 13.5
      vertex 70.3 -40 13.5
    endloop
  endfacet
  facet normal 0 0 1
    outer loop
      vertex 70.1249 -39.1198 13.5
      vertex 71.6955 -38.4693 13.5
      vertex 71.4641 -38 13.5
    endloop
  endfacet
  facet normal 0 0 1
    outer loop
      vertex 71.9658 -40.5221 13.5
      vertex 70.2803 -40.3002 13.5
      vertex 71.8637 -41.0353 13.5
    endloop
  endfacet
  facet normal 0 0 1
    outer loop
      vertex 69.9919 -38.85 13.5
      vertex 71.4641 -38 13.5
      vertex 71.1734 -37.565 13.5
    endloop
  endfacet
  facet normal -0 0 1
    outer loop
      vertex 70.2216 -40.5953 13.5
      vertex 71.8637 -41.0353 13.5
      vertex 70.2803 -40.3002 13.5
    endloop
  endfacet
  facet normal 0 0 1
    outer loop
      vertex 69.8247 -38.5998 13.5
      vertex 71.1734 -37.565 13.5
      vertex 70.8284 -37.1716 13.5
    endloop
  endfacet
  facet normal 0 0 1
    outer loop
      vertex 71.8637 -41.0353 13.5
      vertex 70.2216 -40.5953 13.5
      vertex 71.6955 -41.5307 13.5
    endloop
  endfacet
  facet normal 0 0 1
    outer loop
      vertex 69.6263 -38.3737 13.5
      vertex 70.8284 -37.1716 13.5
      vertex 70.435 -36.8266 13.5
    endloop
  endfacet
  facet normal -0 0 1
    outer loop
      vertex 70.1249 -40.8802 13.5
      vertex 71.6955 -41.5307 13.5
      vertex 70.2216 -40.5953 13.5
    endloop
  endfacet
  facet normal 0 0 1
    outer loop
      vertex 71.6955 -41.5307 13.5
      vertex 70.1249 -40.8802 13.5
      vertex 71.4641 -42 13.5
    endloop
  endfacet
  facet normal 0 0 1
    outer loop
      vertex 71.9658 -39.4779 13.5
      vertex 70.2803 -39.6998 13.5
      vertex 70.3 -40 13.5
    endloop
  endfacet
  facet normal 0 0 1
    outer loop
      vertex 71.8637 -38.9647 13.5
      vertex 70.2216 -39.4047 13.5
      vertex 70.2803 -39.6998 13.5
    endloop
  endfacet
  facet normal 0 0 1
    outer loop
      vertex 71.6955 -38.4693 13.5
      vertex 70.1249 -39.1198 13.5
      vertex 70.2216 -39.4047 13.5
    endloop
  endfacet
  facet normal 0 0 1
    outer loop
      vertex 69.4002 -38.1753 13.5
      vertex 70.435 -36.8266 13.5
      vertex 70 -36.5359 13.5
    endloop
  endfacet
  facet normal 0 0 1
    outer loop
      vertex 71.4641 -38 13.5
      vertex 69.9919 -38.85 13.5
      vertex 70.1249 -39.1198 13.5
    endloop
  endfacet
  facet normal 0 0 1
    outer loop
      vertex 71.1734 -37.565 13.5
      vertex 69.8247 -38.5998 13.5
      vertex 69.9919 -38.85 13.5
    endloop
  endfacet
  facet normal 0 0 1
    outer loop
      vertex 70.8284 -37.1716 13.5
      vertex 69.6263 -38.3737 13.5
      vertex 69.8247 -38.5998 13.5
    endloop
  endfacet
  facet normal 0 0 1
    outer loop
      vertex 69.15 -38.0081 13.5
      vertex 70 -36.5359 13.5
      vertex 69.5307 -36.3045 13.5
    endloop
  endfacet
  facet normal 0 0 1
    outer loop
      vertex 70.435 -36.8266 13.5
      vertex 69.4002 -38.1753 13.5
      vertex 69.6263 -38.3737 13.5
    endloop
  endfacet
  facet normal 0 0 1
    outer loop
      vertex 70 -36.5359 13.5
      vertex 69.15 -38.0081 13.5
      vertex 69.4002 -38.1753 13.5
    endloop
  endfacet
  facet normal 0 0 1
    outer loop
      vertex 68.8802 -37.8751 13.5
      vertex 69.5307 -36.3045 13.5
      vertex 69.0353 -36.1363 13.5
    endloop
  endfacet
  facet normal 0 0 1
    outer loop
      vertex 69.5307 -36.3045 13.5
      vertex 68.8802 -37.8751 13.5
      vertex 69.15 -38.0081 13.5
    endloop
  endfacet
  facet normal 0 0 1
    outer loop
      vertex 69.0353 -36.1363 13.5
      vertex 68.5953 -37.7784 13.5
      vertex 68.8802 -37.8751 13.5
    endloop
  endfacet
  facet normal 0 0 1
    outer loop
      vertex 68.5221 -36.0342 13.5
      vertex 68.5953 -37.7784 13.5
      vertex 69.0353 -36.1363 13.5
    endloop
  endfacet
  facet normal 0 0 1
    outer loop
      vertex 68.5221 -36.0342 13.5
      vertex 68.3002 -37.7197 13.5
      vertex 68.5953 -37.7784 13.5
    endloop
  endfacet
  facet normal 0 0 1
    outer loop
      vertex 68 -36 13.5
      vertex 68.3002 -37.7197 13.5
      vertex 68.5221 -36.0342 13.5
    endloop
  endfacet
  facet normal 0 0 1
    outer loop
      vertex 68 -36 13.5
      vertex 68 -37.7 13.5
      vertex 68.3002 -37.7197 13.5
    endloop
  endfacet
  facet normal 0 0 1
    outer loop
      vertex 68 -36 13.5
      vertex 67.6998 -37.7197 13.5
      vertex 68 -37.7 13.5
    endloop
  endfacet
  facet normal -0 0 1
    outer loop
      vertex 67.4779 -36.0342 13.5
      vertex 67.6998 -37.7197 13.5
      vertex 68 -36 13.5
    endloop
  endfacet
  facet normal 0 0 1
    outer loop
      vertex 67.4779 -36.0342 13.5
      vertex 67.4047 -37.7784 13.5
      vertex 67.6998 -37.7197 13.5
    endloop
  endfacet
  facet normal -0 0 1
    outer loop
      vertex 66.9647 -36.1363 13.5
      vertex 67.4047 -37.7784 13.5
      vertex 67.4779 -36.0342 13.5
    endloop
  endfacet
  facet normal 0 0 1
    outer loop
      vertex 67.4047 -37.7784 13.5
      vertex 66.9647 -36.1363 13.5
      vertex 67.1198 -37.8751 13.5
    endloop
  endfacet
  facet normal -0 0 1
    outer loop
      vertex 66.4693 -36.3045 13.5
      vertex 67.1198 -37.8751 13.5
      vertex 66.9647 -36.1363 13.5
    endloop
  endfacet
  facet normal 0 0 1
    outer loop
      vertex 67.1198 -37.8751 13.5
      vertex 66.4693 -36.3045 13.5
      vertex 66.85 -38.0081 13.5
    endloop
  endfacet
  facet normal -0 0 1
    outer loop
      vertex 66 -36.5359 13.5
      vertex 66.85 -38.0081 13.5
      vertex 66.4693 -36.3045 13.5
    endloop
  endfacet
  facet normal 0 0 1
    outer loop
      vertex 66.85 -38.0081 13.5
      vertex 66 -36.5359 13.5
      vertex 66.5998 -38.1753 13.5
    endloop
  endfacet
  facet normal -0 0 1
    outer loop
      vertex 65.565 -36.8266 13.5
      vertex 66.5998 -38.1753 13.5
      vertex 66 -36.5359 13.5
    endloop
  endfacet
  facet normal 0 0 1
    outer loop
      vertex 66.5998 -38.1753 13.5
      vertex 65.565 -36.8266 13.5
      vertex 66.3737 -38.3737 13.5
    endloop
  endfacet
  facet normal -0 0 1
    outer loop
      vertex 65.1716 -37.1716 13.5
      vertex 66.3737 -38.3737 13.5
      vertex 65.565 -36.8266 13.5
    endloop
  endfacet
  facet normal 0 0 1
    outer loop
      vertex 66.3737 -38.3737 13.5
      vertex 65.1716 -37.1716 13.5
      vertex 66.1753 -38.5998 13.5
    endloop
  endfacet
  facet normal -0 0 1
    outer loop
      vertex 64.8266 -37.565 13.5
      vertex 66.1753 -38.5998 13.5
      vertex 65.1716 -37.1716 13.5
    endloop
  endfacet
  facet normal 0 0 1
    outer loop
      vertex 66.1753 -38.5998 13.5
      vertex 64.8266 -37.565 13.5
      vertex 66.0081 -38.85 13.5
    endloop
  endfacet
  facet normal 0 0 1
    outer loop
      vertex 66.0081 -38.85 13.5
      vertex 64.5359 -38 13.5
      vertex 65.8751 -39.1198 13.5
    endloop
  endfacet
  facet normal -0 0 1
    outer loop
      vertex 64.5359 -38 13.5
      vertex 66.0081 -38.85 13.5
      vertex 64.8266 -37.565 13.5
    endloop
  endfacet
  facet normal -0 0 1
    outer loop
      vertex 69.9919 -41.15 13.5
      vertex 71.4641 -42 13.5
      vertex 70.1249 -40.8802 13.5
    endloop
  endfacet
  facet normal 0 0 1
    outer loop
      vertex 71.4641 -42 13.5
      vertex 69.9919 -41.15 13.5
      vertex 71.1734 -42.435 13.5
    endloop
  endfacet
  facet normal -0 0 1
    outer loop
      vertex 69.8247 -41.4002 13.5
      vertex 71.1734 -42.435 13.5
      vertex 69.9919 -41.15 13.5
    endloop
  endfacet
  facet normal 0 0 1
    outer loop
      vertex 71.1734 -42.435 13.5
      vertex 69.8247 -41.4002 13.5
      vertex 70.8284 -42.8284 13.5
    endloop
  endfacet
  facet normal -0 0 1
    outer loop
      vertex 69.6263 -41.6263 13.5
      vertex 70.8284 -42.8284 13.5
      vertex 69.8247 -41.4002 13.5
    endloop
  endfacet
  facet normal 0 0 1
    outer loop
      vertex 70.8284 -42.8284 13.5
      vertex 69.6263 -41.6263 13.5
      vertex 70.435 -43.1734 13.5
    endloop
  endfacet
  facet normal -0 0 1
    outer loop
      vertex 69.4002 -41.8247 13.5
      vertex 70.435 -43.1734 13.5
      vertex 69.6263 -41.6263 13.5
    endloop
  endfacet
  facet normal 0 0 1
    outer loop
      vertex 70.435 -43.1734 13.5
      vertex 69.4002 -41.8247 13.5
      vertex 70 -43.4641 13.5
    endloop
  endfacet
  facet normal -0 0 1
    outer loop
      vertex 69.15 -41.9919 13.5
      vertex 70 -43.4641 13.5
      vertex 69.4002 -41.8247 13.5
    endloop
  endfacet
  facet normal 0 0 1
    outer loop
      vertex 70 -43.4641 13.5
      vertex 69.15 -41.9919 13.5
      vertex 69.5307 -43.6955 13.5
    endloop
  endfacet
  facet normal -0 0 1
    outer loop
      vertex 68.8802 -42.1249 13.5
      vertex 69.5307 -43.6955 13.5
      vertex 69.15 -41.9919 13.5
    endloop
  endfacet
  facet normal 0 0 1
    outer loop
      vertex 69.5307 -43.6955 13.5
      vertex 68.8802 -42.1249 13.5
      vertex 69.0353 -43.8637 13.5
    endloop
  endfacet
  facet normal -0 0 1
    outer loop
      vertex 68.5953 -42.2216 13.5
      vertex 69.0353 -43.8637 13.5
      vertex 68.8802 -42.1249 13.5
    endloop
  endfacet
  facet normal 0 0 1
    outer loop
      vertex 68.5953 -42.2216 13.5
      vertex 68.5221 -43.9658 13.5
      vertex 69.0353 -43.8637 13.5
    endloop
  endfacet
  facet normal -0 0 1
    outer loop
      vertex 68.3002 -42.2803 13.5
      vertex 68.5221 -43.9658 13.5
      vertex 68.5953 -42.2216 13.5
    endloop
  endfacet
  facet normal -0 0 1
    outer loop
      vertex 68 -42.3 13.5
      vertex 68.5221 -43.9658 13.5
      vertex 68.3002 -42.2803 13.5
    endloop
  endfacet
  facet normal 0 0 1
    outer loop
      vertex 68 -42.3 13.5
      vertex 68 -44 13.5
      vertex 68.5221 -43.9658 13.5
    endloop
  endfacet
  facet normal 0 0 1
    outer loop
      vertex 67.6998 -42.2803 13.5
      vertex 68 -44 13.5
      vertex 68 -42.3 13.5
    endloop
  endfacet
  facet normal 0 0 1
    outer loop
      vertex 67.6998 -42.2803 13.5
      vertex 67.4779 -43.9658 13.5
      vertex 68 -44 13.5
    endloop
  endfacet
  facet normal 0 0 1
    outer loop
      vertex 67.4047 -42.2216 13.5
      vertex 67.4779 -43.9658 13.5
      vertex 67.6998 -42.2803 13.5
    endloop
  endfacet
  facet normal 0 0 1
    outer loop
      vertex 66.9647 -43.8637 13.5
      vertex 67.4047 -42.2216 13.5
      vertex 67.1198 -42.1249 13.5
    endloop
  endfacet
  facet normal 0 0 1
    outer loop
      vertex 67.4047 -42.2216 13.5
      vertex 66.9647 -43.8637 13.5
      vertex 67.4779 -43.9658 13.5
    endloop
  endfacet
  facet normal 0 0 1
    outer loop
      vertex 66.4693 -43.6955 13.5
      vertex 67.1198 -42.1249 13.5
      vertex 66.85 -41.9919 13.5
    endloop
  endfacet
  facet normal 0 0 1
    outer loop
      vertex 66 -43.4641 13.5
      vertex 66.85 -41.9919 13.5
      vertex 66.5998 -41.8247 13.5
    endloop
  endfacet
  facet normal 0 0 1
    outer loop
      vertex 67.1198 -42.1249 13.5
      vertex 66.4693 -43.6955 13.5
      vertex 66.9647 -43.8637 13.5
    endloop
  endfacet
  facet normal 0 0 1
    outer loop
      vertex 65.565 -43.1734 13.5
      vertex 66.5998 -41.8247 13.5
      vertex 66.3737 -41.6263 13.5
    endloop
  endfacet
  facet normal 0 0 1
    outer loop
      vertex 65.1716 -42.8284 13.5
      vertex 66.3737 -41.6263 13.5
      vertex 66.1753 -41.4002 13.5
    endloop
  endfacet
  facet normal 0 0 1
    outer loop
      vertex 64.8266 -42.435 13.5
      vertex 66.1753 -41.4002 13.5
      vertex 66.0081 -41.15 13.5
    endloop
  endfacet
  facet normal 0 0 1
    outer loop
      vertex 66.85 -41.9919 13.5
      vertex 66 -43.4641 13.5
      vertex 66.4693 -43.6955 13.5
    endloop
  endfacet
  facet normal 0 0 1
    outer loop
      vertex 64.5359 -42 13.5
      vertex 66.0081 -41.15 13.5
      vertex 65.8751 -40.8802 13.5
    endloop
  endfacet
  facet normal 0 0 1
    outer loop
      vertex 64.3045 -41.5307 13.5
      vertex 65.8751 -40.8802 13.5
      vertex 65.7784 -40.5953 13.5
    endloop
  endfacet
  facet normal 0 0 1
    outer loop
      vertex 64.1363 -41.0353 13.5
      vertex 65.7784 -40.5953 13.5
      vertex 65.7197 -40.3002 13.5
    endloop
  endfacet
  facet normal 0 0 1
    outer loop
      vertex 66.5998 -41.8247 13.5
      vertex 65.565 -43.1734 13.5
      vertex 66 -43.4641 13.5
    endloop
  endfacet
  facet normal 0 0 1
    outer loop
      vertex 64.0342 -40.5221 13.5
      vertex 65.7197 -40.3002 13.5
      vertex 65.7 -40 13.5
    endloop
  endfacet
  facet normal -0 0 1
    outer loop
      vertex 64.3045 -38.4693 13.5
      vertex 65.8751 -39.1198 13.5
      vertex 64.5359 -38 13.5
    endloop
  endfacet
  facet normal 0 0 1
    outer loop
      vertex 65.8751 -39.1198 13.5
      vertex 64.3045 -38.4693 13.5
      vertex 65.7784 -39.4047 13.5
    endloop
  endfacet
  facet normal 0 0 1
    outer loop
      vertex 66.3737 -41.6263 13.5
      vertex 65.1716 -42.8284 13.5
      vertex 65.565 -43.1734 13.5
    endloop
  endfacet
  facet normal -0 0 1
    outer loop
      vertex 64.1363 -38.9647 13.5
      vertex 65.7784 -39.4047 13.5
      vertex 64.3045 -38.4693 13.5
    endloop
  endfacet
  facet normal 0 0 1
    outer loop
      vertex 66.1753 -41.4002 13.5
      vertex 64.8266 -42.435 13.5
      vertex 65.1716 -42.8284 13.5
    endloop
  endfacet
  facet normal 0 0 1
    outer loop
      vertex 65.7784 -39.4047 13.5
      vertex 64.1363 -38.9647 13.5
      vertex 65.7197 -39.6998 13.5
    endloop
  endfacet
  facet normal 0 0 1
    outer loop
      vertex 66.0081 -41.15 13.5
      vertex 64.5359 -42 13.5
      vertex 64.8266 -42.435 13.5
    endloop
  endfacet
  facet normal -0 0 1
    outer loop
      vertex 64.0342 -39.4779 13.5
      vertex 65.7197 -39.6998 13.5
      vertex 64.1363 -38.9647 13.5
    endloop
  endfacet
  facet normal 0 0 1
    outer loop
      vertex 65.8751 -40.8802 13.5
      vertex 64.3045 -41.5307 13.5
      vertex 64.5359 -42 13.5
    endloop
  endfacet
  facet normal 0 0 1
    outer loop
      vertex 65.7197 -39.6998 13.5
      vertex 64.0342 -39.4779 13.5
      vertex 65.7 -40 13.5
    endloop
  endfacet
  facet normal 0 0 1
    outer loop
      vertex 65.7784 -40.5953 13.5
      vertex 64.1363 -41.0353 13.5
      vertex 64.3045 -41.5307 13.5
    endloop
  endfacet
  facet normal 0 0 1
    outer loop
      vertex 64 -40 13.5
      vertex 65.7 -40 13.5
      vertex 64.0342 -39.4779 13.5
    endloop
  endfacet
  facet normal 0 0 1
    outer loop
      vertex 65.7197 -40.3002 13.5
      vertex 64.0342 -40.5221 13.5
      vertex 64.1363 -41.0353 13.5
    endloop
  endfacet
  facet normal 0 0 1
    outer loop
      vertex 65.7 -40 13.5
      vertex 64 -40 13.5
      vertex 64.0342 -40.5221 13.5
    endloop
  endfacet
  facet normal -0.0653646 0.997861 0
    outer loop
      vertex 68 -36 12
      vertex 67.4779 -36.0342 13.5
      vertex 68 -36 13.5
    endloop
  endfacet
  facet normal -0.0653646 0.997861 0
    outer loop
      vertex 67.4779 -36.0342 13.5
      vertex 68 -36 12
      vertex 67.4779 -36.0342 12
    endloop
  endfacet
  facet normal 0.94691 -0.321498 0
    outer loop
      vertex 71.6955 -41.5307 13.5
      vertex 71.8637 -41.0353 12
      vertex 71.8637 -41.0353 13.5
    endloop
  endfacet
  facet normal 0.94691 -0.321498 0
    outer loop
      vertex 71.8637 -41.0353 12
      vertex 71.6955 -41.5307 13.5
      vertex 71.6955 -41.5307 12
    endloop
  endfacet
  facet normal 0.555626 -0.831432 0
    outer loop
      vertex 70 -43.4641 12
      vertex 70.435 -43.1734 13.5
      vertex 70 -43.4641 13.5
    endloop
  endfacet
  facet normal 0.555626 -0.831432 0
    outer loop
      vertex 70.435 -43.1734 13.5
      vertex 70 -43.4641 12
      vertex 70.435 -43.1734 12
    endloop
  endfacet
  facet normal -0.659343 -0.751842 0
    outer loop
      vertex 65.1716 -42.8284 12
      vertex 65.565 -43.1734 13.5
      vertex 65.1716 -42.8284 13.5
    endloop
  endfacet
  facet normal -0.659343 -0.751842 -0
    outer loop
      vertex 65.565 -43.1734 13.5
      vertex 65.1716 -42.8284 12
      vertex 65.565 -43.1734 12
    endloop
  endfacet
  facet normal -0.997861 -0.0653646 0
    outer loop
      vertex 64.0342 -40.5221 12
      vertex 64 -40 13.5
      vertex 64 -40 12
    endloop
  endfacet
  facet normal -0.997861 -0.0653646 0
    outer loop
      vertex 64 -40 13.5
      vertex 64.0342 -40.5221 12
      vertex 64.0342 -40.5221 13.5
    endloop
  endfacet
  facet normal 0.94691 0.321498 0
    outer loop
      vertex 71.8637 -38.9647 13.5
      vertex 71.6955 -38.4693 12
      vertex 71.6955 -38.4693 13.5
    endloop
  endfacet
  facet normal 0.94691 0.321498 0
    outer loop
      vertex 71.6955 -38.4693 12
      vertex 71.8637 -38.9647 13.5
      vertex 71.8637 -38.9647 12
    endloop
  endfacet
  facet normal 0.980779 0.195124 0
    outer loop
      vertex 71.9658 -39.4779 13.5
      vertex 71.8637 -38.9647 12
      vertex 71.8637 -38.9647 13.5
    endloop
  endfacet
  facet normal 0.980779 0.195124 0
    outer loop
      vertex 71.8637 -38.9647 12
      vertex 71.9658 -39.4779 13.5
      vertex 71.9658 -39.4779 12
    endloop
  endfacet
  facet normal 0.751842 0.659343 0
    outer loop
      vertex 71.1734 -37.565 13.5
      vertex 70.8284 -37.1716 12
      vertex 70.8284 -37.1716 13.5
    endloop
  endfacet
  facet normal 0.751842 0.659343 0
    outer loop
      vertex 70.8284 -37.1716 12
      vertex 71.1734 -37.565 13.5
      vertex 71.1734 -37.565 12
    endloop
  endfacet
  facet normal 0.321498 0.94691 -0
    outer loop
      vertex 69.5307 -36.3045 12
      vertex 69.0353 -36.1363 13.5
      vertex 69.5307 -36.3045 13.5
    endloop
  endfacet
  facet normal 0.321498 0.94691 0
    outer loop
      vertex 69.0353 -36.1363 13.5
      vertex 69.5307 -36.3045 12
      vertex 69.0353 -36.1363 12
    endloop
  endfacet
  facet normal 0.195124 0.980779 -0
    outer loop
      vertex 69.0353 -36.1363 12
      vertex 68.5221 -36.0342 13.5
      vertex 69.0353 -36.1363 13.5
    endloop
  endfacet
  facet normal 0.195124 0.980779 0
    outer loop
      vertex 68.5221 -36.0342 13.5
      vertex 69.0353 -36.1363 12
      vertex 68.5221 -36.0342 12
    endloop
  endfacet
  facet normal -0.831432 0.555626 0
    outer loop
      vertex 64.5359 -38 12
      vertex 64.8266 -37.565 13.5
      vertex 64.8266 -37.565 12
    endloop
  endfacet
  facet normal -0.831432 0.555626 0
    outer loop
      vertex 64.8266 -37.565 13.5
      vertex 64.5359 -38 12
      vertex 64.5359 -38 13.5
    endloop
  endfacet
  facet normal -0.94691 0.321498 0
    outer loop
      vertex 64.1363 -38.9647 12
      vertex 64.3045 -38.4693 13.5
      vertex 64.3045 -38.4693 12
    endloop
  endfacet
  facet normal -0.94691 0.321498 0
    outer loop
      vertex 64.3045 -38.4693 13.5
      vertex 64.1363 -38.9647 12
      vertex 64.1363 -38.9647 13.5
    endloop
  endfacet
  facet normal -0.980779 0.195124 0
    outer loop
      vertex 64.0342 -39.4779 12
      vertex 64.1363 -38.9647 13.5
      vertex 64.1363 -38.9647 12
    endloop
  endfacet
  facet normal -0.980779 0.195124 0
    outer loop
      vertex 64.1363 -38.9647 13.5
      vertex 64.0342 -39.4779 12
      vertex 64.0342 -39.4779 13.5
    endloop
  endfacet
  facet normal -0.442238 0.896898 0
    outer loop
      vertex 66.4693 -36.3045 12
      vertex 66 -36.5359 13.5
      vertex 66.4693 -36.3045 13.5
    endloop
  endfacet
  facet normal -0.442238 0.896898 0
    outer loop
      vertex 66 -36.5359 13.5
      vertex 66.4693 -36.3045 12
      vertex 66 -36.5359 12
    endloop
  endfacet
  facet normal -0.555626 0.831432 0
    outer loop
      vertex 66 -36.5359 12
      vertex 65.565 -36.8266 13.5
      vertex 66 -36.5359 13.5
    endloop
  endfacet
  facet normal -0.555626 0.831432 0
    outer loop
      vertex 65.565 -36.8266 13.5
      vertex 66 -36.5359 12
      vertex 65.565 -36.8266 12
    endloop
  endfacet
  facet normal -0.195124 0.980779 0
    outer loop
      vertex 67.4779 -36.0342 12
      vertex 66.9647 -36.1363 13.5
      vertex 67.4779 -36.0342 13.5
    endloop
  endfacet
  facet normal -0.195124 0.980779 0
    outer loop
      vertex 66.9647 -36.1363 13.5
      vertex 67.4779 -36.0342 12
      vertex 66.9647 -36.1363 12
    endloop
  endfacet
  facet normal 0.997861 -0.0653646 0
    outer loop
      vertex 71.9658 -40.5221 13.5
      vertex 72 -40 12
      vertex 72 -40 13.5
    endloop
  endfacet
  facet normal 0.997861 -0.0653646 0
    outer loop
      vertex 72 -40 12
      vertex 71.9658 -40.5221 13.5
      vertex 71.9658 -40.5221 12
    endloop
  endfacet
  facet normal 0.0653646 -0.997861 0
    outer loop
      vertex 68 -44 12
      vertex 68.5221 -43.9658 13.5
      vertex 68 -44 13.5
    endloop
  endfacet
  facet normal 0.0653646 -0.997861 0
    outer loop
      vertex 68.5221 -43.9658 13.5
      vertex 68 -44 12
      vertex 68.5221 -43.9658 12
    endloop
  endfacet
  facet normal 0.321498 -0.94691 0
    outer loop
      vertex 69.0353 -43.8637 12
      vertex 69.5307 -43.6955 13.5
      vertex 69.0353 -43.8637 13.5
    endloop
  endfacet
  facet normal 0.321498 -0.94691 0
    outer loop
      vertex 69.5307 -43.6955 13.5
      vertex 69.0353 -43.8637 12
      vertex 69.5307 -43.6955 12
    endloop
  endfacet
  facet normal 0.659343 -0.751842 0
    outer loop
      vertex 70.435 -43.1734 12
      vertex 70.8284 -42.8284 13.5
      vertex 70.435 -43.1734 13.5
    endloop
  endfacet
  facet normal 0.659343 -0.751842 0
    outer loop
      vertex 70.8284 -42.8284 13.5
      vertex 70.435 -43.1734 12
      vertex 70.8284 -42.8284 12
    endloop
  endfacet
  facet normal 0.831432 -0.555626 0
    outer loop
      vertex 71.1734 -42.435 13.5
      vertex 71.4641 -42 12
      vertex 71.4641 -42 13.5
    endloop
  endfacet
  facet normal 0.831432 -0.555626 0
    outer loop
      vertex 71.4641 -42 12
      vertex 71.1734 -42.435 13.5
      vertex 71.1734 -42.435 12
    endloop
  endfacet
  facet normal -0.555626 -0.831432 0
    outer loop
      vertex 65.565 -43.1734 12
      vertex 66 -43.4641 13.5
      vertex 65.565 -43.1734 13.5
    endloop
  endfacet
  facet normal -0.555626 -0.831432 -0
    outer loop
      vertex 66 -43.4641 13.5
      vertex 65.565 -43.1734 12
      vertex 66 -43.4641 12
    endloop
  endfacet
  facet normal -0.321498 -0.94691 0
    outer loop
      vertex 66.4693 -43.6955 12
      vertex 66.9647 -43.8637 13.5
      vertex 66.4693 -43.6955 13.5
    endloop
  endfacet
  facet normal -0.321498 -0.94691 -0
    outer loop
      vertex 66.9647 -43.8637 13.5
      vertex 66.4693 -43.6955 12
      vertex 66.9647 -43.8637 12
    endloop
  endfacet
  facet normal -0.0653646 -0.997861 0
    outer loop
      vertex 67.4779 -43.9658 12
      vertex 68 -44 13.5
      vertex 67.4779 -43.9658 13.5
    endloop
  endfacet
  facet normal -0.0653646 -0.997861 -0
    outer loop
      vertex 68 -44 13.5
      vertex 67.4779 -43.9658 12
      vertex 68 -44 12
    endloop
  endfacet
  facet normal -0.896898 -0.442238 0
    outer loop
      vertex 64.5359 -42 12
      vertex 64.3045 -41.5307 13.5
      vertex 64.3045 -41.5307 12
    endloop
  endfacet
  facet normal -0.896898 -0.442238 0
    outer loop
      vertex 64.3045 -41.5307 13.5
      vertex 64.5359 -42 12
      vertex 64.5359 -42 13.5
    endloop
  endfacet
  facet normal -0.980779 -0.195124 0
    outer loop
      vertex 64.1363 -41.0353 12
      vertex 64.0342 -40.5221 13.5
      vertex 64.0342 -40.5221 12
    endloop
  endfacet
  facet normal -0.980779 -0.195124 0
    outer loop
      vertex 64.0342 -40.5221 13.5
      vertex 64.1363 -41.0353 12
      vertex 64.1363 -41.0353 13.5
    endloop
  endfacet
  facet normal 0.195124 -0.980779 0
    outer loop
      vertex 68.5221 -43.9658 12
      vertex 69.0353 -43.8637 13.5
      vertex 68.5221 -43.9658 13.5
    endloop
  endfacet
  facet normal 0.195124 -0.980779 0
    outer loop
      vertex 69.0353 -43.8637 13.5
      vertex 68.5221 -43.9658 12
      vertex 69.0353 -43.8637 12
    endloop
  endfacet
  facet normal 0.442238 -0.896898 0
    outer loop
      vertex 69.5307 -43.6955 12
      vertex 70 -43.4641 13.5
      vertex 69.5307 -43.6955 13.5
    endloop
  endfacet
  facet normal 0.442238 -0.896898 0
    outer loop
      vertex 70 -43.4641 13.5
      vertex 69.5307 -43.6955 12
      vertex 70 -43.4641 12
    endloop
  endfacet
  facet normal 0.751842 -0.659343 0
    outer loop
      vertex 70.8284 -42.8284 13.5
      vertex 71.1734 -42.435 12
      vertex 71.1734 -42.435 13.5
    endloop
  endfacet
  facet normal 0.751842 -0.659343 0
    outer loop
      vertex 71.1734 -42.435 12
      vertex 70.8284 -42.8284 13.5
      vertex 70.8284 -42.8284 12
    endloop
  endfacet
  facet normal 0.980779 -0.195124 0
    outer loop
      vertex 71.8637 -41.0353 13.5
      vertex 71.9658 -40.5221 12
      vertex 71.9658 -40.5221 13.5
    endloop
  endfacet
  facet normal 0.980779 -0.195124 0
    outer loop
      vertex 71.9658 -40.5221 12
      vertex 71.8637 -41.0353 13.5
      vertex 71.8637 -41.0353 12
    endloop
  endfacet
  facet normal 0.896898 -0.442238 0
    outer loop
      vertex 71.4641 -42 13.5
      vertex 71.6955 -41.5307 12
      vertex 71.6955 -41.5307 13.5
    endloop
  endfacet
  facet normal 0.896898 -0.442238 0
    outer loop
      vertex 71.6955 -41.5307 12
      vertex 71.4641 -42 13.5
      vertex 71.4641 -42 12
    endloop
  endfacet
  facet normal -0.442238 -0.896898 0
    outer loop
      vertex 66 -43.4641 12
      vertex 66.4693 -43.6955 13.5
      vertex 66 -43.4641 13.5
    endloop
  endfacet
  facet normal -0.442238 -0.896898 -0
    outer loop
      vertex 66.4693 -43.6955 13.5
      vertex 66 -43.4641 12
      vertex 66.4693 -43.6955 12
    endloop
  endfacet
  facet normal -0.195124 -0.980779 0
    outer loop
      vertex 66.9647 -43.8637 12
      vertex 67.4779 -43.9658 13.5
      vertex 66.9647 -43.8637 13.5
    endloop
  endfacet
  facet normal -0.195124 -0.980779 -0
    outer loop
      vertex 67.4779 -43.9658 13.5
      vertex 66.9647 -43.8637 12
      vertex 67.4779 -43.9658 12
    endloop
  endfacet
  facet normal -0.831432 -0.555626 0
    outer loop
      vertex 64.8266 -42.435 12
      vertex 64.5359 -42 13.5
      vertex 64.5359 -42 12
    endloop
  endfacet
  facet normal -0.831432 -0.555626 0
    outer loop
      vertex 64.5359 -42 13.5
      vertex 64.8266 -42.435 12
      vertex 64.8266 -42.435 13.5
    endloop
  endfacet
  facet normal -0.997854 -0.0654821 0
    outer loop
      vertex 70.3 -40 11.98
      vertex 70.2803 -39.6998 13.5
      vertex 70.2803 -39.6998 11.98
    endloop
  endfacet
  facet normal -0.997854 -0.0654821 0
    outer loop
      vertex 70.2803 -39.6998 13.5
      vertex 70.3 -40 11.98
      vertex 70.3 -40 13.5
    endloop
  endfacet
  facet normal 0.997854 -0.0654821 0
    outer loop
      vertex 65.7 -40 13.5
      vertex 65.7197 -39.6998 11.98
      vertex 65.7197 -39.6998 13.5
    endloop
  endfacet
  facet normal 0.997854 -0.0654821 0
    outer loop
      vertex 65.7197 -39.6998 11.98
      vertex 65.7 -40 13.5
      vertex 65.7 -40 11.98
    endloop
  endfacet
  facet normal 0.0654821 -0.997854 0
    outer loop
      vertex 67.6998 -37.7197 11.98
      vertex 68 -37.7 13.5
      vertex 67.6998 -37.7197 13.5
    endloop
  endfacet
  facet normal 0.0654821 -0.997854 0
    outer loop
      vertex 68 -37.7 13.5
      vertex 67.6998 -37.7197 11.98
      vertex 68 -37.7 11.98
    endloop
  endfacet
  facet normal -0.659563 -0.751649 0
    outer loop
      vertex 69.4002 -38.1753 11.98
      vertex 69.6263 -38.3737 13.5
      vertex 69.4002 -38.1753 13.5
    endloop
  endfacet
  facet normal -0.659563 -0.751649 -0
    outer loop
      vertex 69.6263 -38.3737 13.5
      vertex 69.4002 -38.1753 11.98
      vertex 69.6263 -38.3737 11.98
    endloop
  endfacet
  facet normal 0.751649 -0.659563 0
    outer loop
      vertex 66.1753 -38.5998 13.5
      vertex 66.3737 -38.3737 11.98
      vertex 66.3737 -38.3737 13.5
    endloop
  endfacet
  facet normal 0.751649 -0.659563 0
    outer loop
      vertex 66.3737 -38.3737 11.98
      vertex 66.1753 -38.5998 13.5
      vertex 66.1753 -38.5998 11.98
    endloop
  endfacet
  facet normal 0.442153 -0.89694 0
    outer loop
      vertex 66.85 -38.0081 11.98
      vertex 67.1198 -37.8751 13.5
      vertex 66.85 -38.0081 13.5
    endloop
  endfacet
  facet normal 0.442153 -0.89694 0
    outer loop
      vertex 67.1198 -37.8751 13.5
      vertex 66.85 -38.0081 11.98
      vertex 67.1198 -37.8751 11.98
    endloop
  endfacet
  facet normal -0.89694 -0.442153 0
    outer loop
      vertex 70.1249 -39.1198 11.98
      vertex 69.9919 -38.85 13.5
      vertex 69.9919 -38.85 11.98
    endloop
  endfacet
  facet normal -0.89694 -0.442153 0
    outer loop
      vertex 69.9919 -38.85 13.5
      vertex 70.1249 -39.1198 11.98
      vertex 70.1249 -39.1198 13.5
    endloop
  endfacet
  facet normal -0.831436 -0.55562 0
    outer loop
      vertex 69.9919 -38.85 11.98
      vertex 69.8247 -38.5998 13.5
      vertex 69.8247 -38.5998 11.98
    endloop
  endfacet
  facet normal -0.831436 -0.55562 0
    outer loop
      vertex 69.8247 -38.5998 13.5
      vertex 69.9919 -38.85 11.98
      vertex 69.9919 -38.85 13.5
    endloop
  endfacet
  facet normal -0.321408 -0.946941 0
    outer loop
      vertex 68.5953 -37.7784 11.98
      vertex 68.8802 -37.8751 13.5
      vertex 68.5953 -37.7784 13.5
    endloop
  endfacet
  facet normal -0.321408 -0.946941 -0
    outer loop
      vertex 68.8802 -37.8751 13.5
      vertex 68.5953 -37.7784 11.98
      vertex 68.8802 -37.8751 11.98
    endloop
  endfacet
  facet normal -0.195093 -0.980785 0
    outer loop
      vertex 68.3002 -37.7197 11.98
      vertex 68.5953 -37.7784 13.5
      vertex 68.3002 -37.7197 13.5
    endloop
  endfacet
  facet normal -0.195093 -0.980785 -0
    outer loop
      vertex 68.5953 -37.7784 13.5
      vertex 68.3002 -37.7197 11.98
      vertex 68.5953 -37.7784 11.98
    endloop
  endfacet
  facet normal -0.442153 -0.89694 0
    outer loop
      vertex 68.8802 -37.8751 11.98
      vertex 69.15 -38.0081 13.5
      vertex 68.8802 -37.8751 13.5
    endloop
  endfacet
  facet normal -0.442153 -0.89694 -0
    outer loop
      vertex 69.15 -38.0081 13.5
      vertex 68.8802 -37.8751 11.98
      vertex 69.15 -38.0081 11.98
    endloop
  endfacet
  facet normal 0.89694 -0.442153 0
    outer loop
      vertex 65.8751 -39.1198 13.5
      vertex 66.0081 -38.85 11.98
      vertex 66.0081 -38.85 13.5
    endloop
  endfacet
  facet normal 0.89694 -0.442153 0
    outer loop
      vertex 66.0081 -38.85 11.98
      vertex 65.8751 -39.1198 13.5
      vertex 65.8751 -39.1198 11.98
    endloop
  endfacet
  facet normal 0.831436 -0.55562 0
    outer loop
      vertex 66.0081 -38.85 13.5
      vertex 66.1753 -38.5998 11.98
      vertex 66.1753 -38.5998 13.5
    endloop
  endfacet
  facet normal 0.831436 -0.55562 0
    outer loop
      vertex 66.1753 -38.5998 11.98
      vertex 66.0081 -38.85 13.5
      vertex 66.0081 -38.85 11.98
    endloop
  endfacet
  facet normal 0.55562 -0.831436 0
    outer loop
      vertex 66.5998 -38.1753 11.98
      vertex 66.85 -38.0081 13.5
      vertex 66.5998 -38.1753 13.5
    endloop
  endfacet
  facet normal 0.55562 -0.831436 0
    outer loop
      vertex 66.85 -38.0081 13.5
      vertex 66.5998 -38.1753 11.98
      vertex 66.85 -38.0081 11.98
    endloop
  endfacet
  facet normal 0.321408 -0.946941 0
    outer loop
      vertex 67.1198 -37.8751 11.98
      vertex 67.4047 -37.7784 13.5
      vertex 67.1198 -37.8751 13.5
    endloop
  endfacet
  facet normal 0.321408 -0.946941 0
    outer loop
      vertex 67.4047 -37.7784 13.5
      vertex 67.1198 -37.8751 11.98
      vertex 67.4047 -37.7784 11.98
    endloop
  endfacet
  facet normal -0.946941 -0.321408 0
    outer loop
      vertex 70.2216 -39.4047 11.98
      vertex 70.1249 -39.1198 13.5
      vertex 70.1249 -39.1198 11.98
    endloop
  endfacet
  facet normal -0.946941 -0.321408 0
    outer loop
      vertex 70.1249 -39.1198 13.5
      vertex 70.2216 -39.4047 11.98
      vertex 70.2216 -39.4047 13.5
    endloop
  endfacet
  facet normal -0.980785 -0.195093 0
    outer loop
      vertex 70.2803 -39.6998 11.98
      vertex 70.2216 -39.4047 13.5
      vertex 70.2216 -39.4047 11.98
    endloop
  endfacet
  facet normal -0.980785 -0.195093 0
    outer loop
      vertex 70.2216 -39.4047 13.5
      vertex 70.2803 -39.6998 11.98
      vertex 70.2803 -39.6998 13.5
    endloop
  endfacet
  facet normal -0.751649 -0.659563 0
    outer loop
      vertex 69.8247 -38.5998 11.98
      vertex 69.6263 -38.3737 13.5
      vertex 69.6263 -38.3737 11.98
    endloop
  endfacet
  facet normal -0.751649 -0.659563 0
    outer loop
      vertex 69.6263 -38.3737 13.5
      vertex 69.8247 -38.5998 11.98
      vertex 69.8247 -38.5998 13.5
    endloop
  endfacet
  facet normal -0.0654821 -0.997854 0
    outer loop
      vertex 68 -37.7 11.98
      vertex 68.3002 -37.7197 13.5
      vertex 68 -37.7 13.5
    endloop
  endfacet
  facet normal -0.0654821 -0.997854 -0
    outer loop
      vertex 68.3002 -37.7197 13.5
      vertex 68 -37.7 11.98
      vertex 68.3002 -37.7197 11.98
    endloop
  endfacet
  facet normal -0.55562 -0.831436 0
    outer loop
      vertex 69.15 -38.0081 11.98
      vertex 69.4002 -38.1753 13.5
      vertex 69.15 -38.0081 13.5
    endloop
  endfacet
  facet normal -0.55562 -0.831436 -0
    outer loop
      vertex 69.4002 -38.1753 13.5
      vertex 69.15 -38.0081 11.98
      vertex 69.4002 -38.1753 11.98
    endloop
  endfacet
  facet normal 0.980785 -0.195093 0
    outer loop
      vertex 65.7197 -39.6998 13.5
      vertex 65.7784 -39.4047 11.98
      vertex 65.7784 -39.4047 13.5
    endloop
  endfacet
  facet normal 0.980785 -0.195093 0
    outer loop
      vertex 65.7784 -39.4047 11.98
      vertex 65.7197 -39.6998 13.5
      vertex 65.7197 -39.6998 11.98
    endloop
  endfacet
  facet normal 0.195093 -0.980785 0
    outer loop
      vertex 67.4047 -37.7784 11.98
      vertex 67.6998 -37.7197 13.5
      vertex 67.4047 -37.7784 13.5
    endloop
  endfacet
  facet normal 0.195093 -0.980785 0
    outer loop
      vertex 67.6998 -37.7197 13.5
      vertex 67.4047 -37.7784 11.98
      vertex 67.6998 -37.7197 11.98
    endloop
  endfacet
  facet normal 0.997854 0.0654821 0
    outer loop
      vertex 65.7197 -40.3002 13.5
      vertex 65.7 -40 11.98
      vertex 65.7 -40 13.5
    endloop
  endfacet
  facet normal 0.997854 0.0654821 0
    outer loop
      vertex 65.7 -40 11.98
      vertex 65.7197 -40.3002 13.5
      vertex 65.7197 -40.3002 11.98
    endloop
  endfacet
  facet normal 0.946941 -0.321408 0
    outer loop
      vertex 65.7784 -39.4047 13.5
      vertex 65.8751 -39.1198 11.98
      vertex 65.8751 -39.1198 13.5
    endloop
  endfacet
  facet normal 0.946941 -0.321408 0
    outer loop
      vertex 65.8751 -39.1198 11.98
      vertex 65.7784 -39.4047 13.5
      vertex 65.7784 -39.4047 11.98
    endloop
  endfacet
  facet normal 0.659563 -0.751649 0
    outer loop
      vertex 66.3737 -38.3737 11.98
      vertex 66.5998 -38.1753 13.5
      vertex 66.3737 -38.3737 13.5
    endloop
  endfacet
  facet normal 0.659563 -0.751649 0
    outer loop
      vertex 66.5998 -38.1753 13.5
      vertex 66.3737 -38.3737 11.98
      vertex 66.5998 -38.1753 11.98
    endloop
  endfacet
  facet normal 0.321408 0.946941 -0
    outer loop
      vertex 67.4047 -42.2216 11.98
      vertex 67.1198 -42.1249 13.5
      vertex 67.4047 -42.2216 13.5
    endloop
  endfacet
  facet normal 0.321408 0.946941 0
    outer loop
      vertex 67.1198 -42.1249 13.5
      vertex 67.4047 -42.2216 11.98
      vertex 67.1198 -42.1249 11.98
    endloop
  endfacet
  facet normal 0.751649 0.659563 0
    outer loop
      vertex 66.3737 -41.6263 13.5
      vertex 66.1753 -41.4002 11.98
      vertex 66.1753 -41.4002 13.5
    endloop
  endfacet
  facet normal 0.751649 0.659563 0
    outer loop
      vertex 66.1753 -41.4002 11.98
      vertex 66.3737 -41.6263 13.5
      vertex 66.3737 -41.6263 11.98
    endloop
  endfacet
  facet normal 0.980785 0.195093 0
    outer loop
      vertex 65.7784 -40.5953 13.5
      vertex 65.7197 -40.3002 11.98
      vertex 65.7197 -40.3002 13.5
    endloop
  endfacet
  facet normal 0.980785 0.195093 0
    outer loop
      vertex 65.7197 -40.3002 11.98
      vertex 65.7784 -40.5953 13.5
      vertex 65.7784 -40.5953 11.98
    endloop
  endfacet
  facet normal 0.946941 0.321408 0
    outer loop
      vertex 65.8751 -40.8802 13.5
      vertex 65.7784 -40.5953 11.98
      vertex 65.7784 -40.5953 13.5
    endloop
  endfacet
  facet normal 0.946941 0.321408 0
    outer loop
      vertex 65.7784 -40.5953 11.98
      vertex 65.8751 -40.8802 13.5
      vertex 65.8751 -40.8802 11.98
    endloop
  endfacet
  facet normal 0.0654821 0.997854 -0
    outer loop
      vertex 68 -42.3 11.98
      vertex 67.6998 -42.2803 13.5
      vertex 68 -42.3 13.5
    endloop
  endfacet
  facet normal 0.0654821 0.997854 0
    outer loop
      vertex 67.6998 -42.2803 13.5
      vertex 68 -42.3 11.98
      vertex 67.6998 -42.2803 11.98
    endloop
  endfacet
  facet normal 0.55562 0.831436 -0
    outer loop
      vertex 66.85 -41.9919 11.98
      vertex 66.5998 -41.8247 13.5
      vertex 66.85 -41.9919 13.5
    endloop
  endfacet
  facet normal 0.55562 0.831436 0
    outer loop
      vertex 66.5998 -41.8247 13.5
      vertex 66.85 -41.9919 11.98
      vertex 66.5998 -41.8247 11.98
    endloop
  endfacet
  facet normal 0.195093 0.980785 -0
    outer loop
      vertex 67.6998 -42.2803 11.98
      vertex 67.4047 -42.2216 13.5
      vertex 67.6998 -42.2803 13.5
    endloop
  endfacet
  facet normal 0.195093 0.980785 0
    outer loop
      vertex 67.4047 -42.2216 13.5
      vertex 67.6998 -42.2803 11.98
      vertex 67.4047 -42.2216 11.98
    endloop
  endfacet
  facet normal 0.659563 0.751649 -0
    outer loop
      vertex 66.5998 -41.8247 11.98
      vertex 66.3737 -41.6263 13.5
      vertex 66.5998 -41.8247 13.5
    endloop
  endfacet
  facet normal 0.659563 0.751649 0
    outer loop
      vertex 66.3737 -41.6263 13.5
      vertex 66.5998 -41.8247 11.98
      vertex 66.3737 -41.6263 11.98
    endloop
  endfacet
  facet normal 0.831436 0.55562 0
    outer loop
      vertex 66.1753 -41.4002 13.5
      vertex 66.0081 -41.15 11.98
      vertex 66.0081 -41.15 13.5
    endloop
  endfacet
  facet normal 0.831436 0.55562 0
    outer loop
      vertex 66.0081 -41.15 11.98
      vertex 66.1753 -41.4002 13.5
      vertex 66.1753 -41.4002 11.98
    endloop
  endfacet
  facet normal 0.89694 0.442153 0
    outer loop
      vertex 66.0081 -41.15 13.5
      vertex 65.8751 -40.8802 11.98
      vertex 65.8751 -40.8802 13.5
    endloop
  endfacet
  facet normal 0.89694 0.442153 0
    outer loop
      vertex 65.8751 -40.8802 11.98
      vertex 66.0081 -41.15 13.5
      vertex 66.0081 -41.15 11.98
    endloop
  endfacet
  facet normal 0.442153 0.89694 -0
    outer loop
      vertex 67.1198 -42.1249 11.98
      vertex 66.85 -41.9919 13.5
      vertex 67.1198 -42.1249 13.5
    endloop
  endfacet
  facet normal 0.442153 0.89694 0
    outer loop
      vertex 66.85 -41.9919 13.5
      vertex 67.1198 -42.1249 11.98
      vertex 66.85 -41.9919 11.98
    endloop
  endfacet
  facet normal 0.997861 0.0653646 0
    outer loop
      vertex 72 40 13.5
      vertex 71.9658 40.5221 12
      vertex 71.9658 40.5221 13.5
    endloop
  endfacet
  facet normal 0.997861 0.0653646 0
    outer loop
      vertex 71.9658 40.5221 12
      vertex 72 40 13.5
      vertex 72 40 12
    endloop
  endfacet
  facet normal -0.997861 0.0653646 0
    outer loop
      vertex 64 40 12
      vertex 64.0342 40.5221 13.5
      vertex 64.0342 40.5221 12
    endloop
  endfacet
  facet normal -0.997861 0.0653646 0
    outer loop
      vertex 64.0342 40.5221 13.5
      vertex 64 40 12
      vertex 64 40 13.5
    endloop
  endfacet
  facet normal 0.0653646 0.997861 -0
    outer loop
      vertex 68.5221 43.9658 12
      vertex 68 44 13.5
      vertex 68.5221 43.9658 13.5
    endloop
  endfacet
  facet normal 0.0653646 0.997861 0
    outer loop
      vertex 68 44 13.5
      vertex 68.5221 43.9658 12
      vertex 68 44 12
    endloop
  endfacet
  facet normal -0.751842 -0.659343 0
    outer loop
      vertex 65.1716 37.1716 12
      vertex 64.8266 37.565 13.5
      vertex 64.8266 37.565 12
    endloop
  endfacet
  facet normal -0.751842 -0.659343 0
    outer loop
      vertex 64.8266 37.565 13.5
      vertex 65.1716 37.1716 12
      vertex 65.1716 37.1716 13.5
    endloop
  endfacet
  facet normal 0.659343 0.751842 -0
    outer loop
      vertex 70.8284 42.8284 12
      vertex 70.435 43.1734 13.5
      vertex 70.8284 42.8284 13.5
    endloop
  endfacet
  facet normal 0.659343 0.751842 0
    outer loop
      vertex 70.435 43.1734 13.5
      vertex 70.8284 42.8284 12
      vertex 70.435 43.1734 12
    endloop
  endfacet
  facet normal -0.659343 0.751842 0
    outer loop
      vertex 65.565 43.1734 12
      vertex 65.1716 42.8284 13.5
      vertex 65.565 43.1734 13.5
    endloop
  endfacet
  facet normal -0.659343 0.751842 0
    outer loop
      vertex 65.1716 42.8284 13.5
      vertex 65.565 43.1734 12
      vertex 65.1716 42.8284 12
    endloop
  endfacet
  facet normal -0.321498 0.94691 0
    outer loop
      vertex 66.9647 43.8637 12
      vertex 66.4693 43.6955 13.5
      vertex 66.9647 43.8637 13.5
    endloop
  endfacet
  facet normal -0.321498 0.94691 0
    outer loop
      vertex 66.4693 43.6955 13.5
      vertex 66.9647 43.8637 12
      vertex 66.4693 43.6955 12
    endloop
  endfacet
  facet normal -0.94691 -0.321498 0
    outer loop
      vertex 64.3045 38.4693 12
      vertex 64.1363 38.9647 13.5
      vertex 64.1363 38.9647 12
    endloop
  endfacet
  facet normal -0.94691 -0.321498 0
    outer loop
      vertex 64.1363 38.9647 13.5
      vertex 64.3045 38.4693 12
      vertex 64.3045 38.4693 13.5
    endloop
  endfacet
  facet normal 0.896898 0.442238 0
    outer loop
      vertex 71.6955 41.5307 13.5
      vertex 71.4641 42 12
      vertex 71.4641 42 13.5
    endloop
  endfacet
  facet normal 0.896898 0.442238 0
    outer loop
      vertex 71.4641 42 12
      vertex 71.6955 41.5307 13.5
      vertex 71.6955 41.5307 12
    endloop
  endfacet
  facet normal 0.831432 0.555626 0
    outer loop
      vertex 71.4641 42 13.5
      vertex 71.1734 42.435 12
      vertex 71.1734 42.435 13.5
    endloop
  endfacet
  facet normal 0.831432 0.555626 0
    outer loop
      vertex 71.1734 42.435 12
      vertex 71.4641 42 13.5
      vertex 71.4641 42 12
    endloop
  endfacet
  facet normal 0.442238 0.896898 -0
    outer loop
      vertex 70 43.4641 12
      vertex 69.5307 43.6955 13.5
      vertex 70 43.4641 13.5
    endloop
  endfacet
  facet normal 0.442238 0.896898 0
    outer loop
      vertex 69.5307 43.6955 13.5
      vertex 70 43.4641 12
      vertex 69.5307 43.6955 12
    endloop
  endfacet
  facet normal 0.555626 0.831432 -0
    outer loop
      vertex 70.435 43.1734 12
      vertex 70 43.4641 13.5
      vertex 70.435 43.1734 13.5
    endloop
  endfacet
  facet normal 0.555626 0.831432 0
    outer loop
      vertex 70 43.4641 13.5
      vertex 70.435 43.1734 12
      vertex 70 43.4641 12
    endloop
  endfacet
  facet normal -0.896898 0.442238 0
    outer loop
      vertex 64.3045 41.5307 12
      vertex 64.5359 42 13.5
      vertex 64.5359 42 12
    endloop
  endfacet
  facet normal -0.896898 0.442238 0
    outer loop
      vertex 64.5359 42 13.5
      vertex 64.3045 41.5307 12
      vertex 64.3045 41.5307 13.5
    endloop
  endfacet
  facet normal -0.751842 0.659343 0
    outer loop
      vertex 64.8266 42.435 12
      vertex 65.1716 42.8284 13.5
      vertex 65.1716 42.8284 12
    endloop
  endfacet
  facet normal -0.751842 0.659343 0
    outer loop
      vertex 65.1716 42.8284 13.5
      vertex 64.8266 42.435 12
      vertex 64.8266 42.435 13.5
    endloop
  endfacet
  facet normal 0 0 1
    outer loop
      vertex 70.3 40 13.5
      vertex 72 40 13.5
      vertex 71.9658 40.5221 13.5
    endloop
  endfacet
  facet normal 0 0 1
    outer loop
      vertex 70.2803 40.3002 13.5
      vertex 71.9658 40.5221 13.5
      vertex 71.8637 41.0353 13.5
    endloop
  endfacet
  facet normal 0 0 1
    outer loop
      vertex 72 40 13.5
      vertex 70.3 40 13.5
      vertex 71.9658 39.4779 13.5
    endloop
  endfacet
  facet normal 0 0 1
    outer loop
      vertex 70.2216 40.5953 13.5
      vertex 71.8637 41.0353 13.5
      vertex 71.6955 41.5307 13.5
    endloop
  endfacet
  facet normal -0 0 1
    outer loop
      vertex 70.2803 39.6998 13.5
      vertex 71.9658 39.4779 13.5
      vertex 70.3 40 13.5
    endloop
  endfacet
  facet normal 0 0 1
    outer loop
      vertex 70.1249 40.8802 13.5
      vertex 71.6955 41.5307 13.5
      vertex 71.4641 42 13.5
    endloop
  endfacet
  facet normal 0 0 1
    outer loop
      vertex 71.9658 39.4779 13.5
      vertex 70.2803 39.6998 13.5
      vertex 71.8637 38.9647 13.5
    endloop
  endfacet
  facet normal 0 0 1
    outer loop
      vertex 69.9919 41.15 13.5
      vertex 71.4641 42 13.5
      vertex 71.1734 42.435 13.5
    endloop
  endfacet
  facet normal -0 0 1
    outer loop
      vertex 70.2216 39.4047 13.5
      vertex 71.8637 38.9647 13.5
      vertex 70.2803 39.6998 13.5
    endloop
  endfacet
  facet normal 0 0 1
    outer loop
      vertex 69.8247 41.4002 13.5
      vertex 71.1734 42.435 13.5
      vertex 70.8284 42.8284 13.5
    endloop
  endfacet
  facet normal 0 0 1
    outer loop
      vertex 71.8637 38.9647 13.5
      vertex 70.2216 39.4047 13.5
      vertex 71.6955 38.4693 13.5
    endloop
  endfacet
  facet normal 0 0 1
    outer loop
      vertex 69.6263 41.6263 13.5
      vertex 70.8284 42.8284 13.5
      vertex 70.435 43.1734 13.5
    endloop
  endfacet
  facet normal -0 0 1
    outer loop
      vertex 70.1249 39.1198 13.5
      vertex 71.6955 38.4693 13.5
      vertex 70.2216 39.4047 13.5
    endloop
  endfacet
  facet normal 0 0 1
    outer loop
      vertex 71.6955 38.4693 13.5
      vertex 70.1249 39.1198 13.5
      vertex 71.4641 38 13.5
    endloop
  endfacet
  facet normal 0 0 1
    outer loop
      vertex 71.9658 40.5221 13.5
      vertex 70.2803 40.3002 13.5
      vertex 70.3 40 13.5
    endloop
  endfacet
  facet normal 0 0 1
    outer loop
      vertex 71.8637 41.0353 13.5
      vertex 70.2216 40.5953 13.5
      vertex 70.2803 40.3002 13.5
    endloop
  endfacet
  facet normal 0 0 1
    outer loop
      vertex 71.6955 41.5307 13.5
      vertex 70.1249 40.8802 13.5
      vertex 70.2216 40.5953 13.5
    endloop
  endfacet
  facet normal 0 0 1
    outer loop
      vertex 69.4002 41.8247 13.5
      vertex 70.435 43.1734 13.5
      vertex 70 43.4641 13.5
    endloop
  endfacet
  facet normal 0 0 1
    outer loop
      vertex 71.4641 42 13.5
      vertex 69.9919 41.15 13.5
      vertex 70.1249 40.8802 13.5
    endloop
  endfacet
  facet normal 0 0 1
    outer loop
      vertex 71.1734 42.435 13.5
      vertex 69.8247 41.4002 13.5
      vertex 69.9919 41.15 13.5
    endloop
  endfacet
  facet normal 0 0 1
    outer loop
      vertex 70.8284 42.8284 13.5
      vertex 69.6263 41.6263 13.5
      vertex 69.8247 41.4002 13.5
    endloop
  endfacet
  facet normal 0 0 1
    outer loop
      vertex 69.15 41.9919 13.5
      vertex 70 43.4641 13.5
      vertex 69.5307 43.6955 13.5
    endloop
  endfacet
  facet normal 0 0 1
    outer loop
      vertex 70.435 43.1734 13.5
      vertex 69.4002 41.8247 13.5
      vertex 69.6263 41.6263 13.5
    endloop
  endfacet
  facet normal 0 0 1
    outer loop
      vertex 70 43.4641 13.5
      vertex 69.15 41.9919 13.5
      vertex 69.4002 41.8247 13.5
    endloop
  endfacet
  facet normal 0 0 1
    outer loop
      vertex 68.8802 42.1249 13.5
      vertex 69.5307 43.6955 13.5
      vertex 69.0353 43.8637 13.5
    endloop
  endfacet
  facet normal 0 0 1
    outer loop
      vertex 69.5307 43.6955 13.5
      vertex 68.8802 42.1249 13.5
      vertex 69.15 41.9919 13.5
    endloop
  endfacet
  facet normal 0 0 1
    outer loop
      vertex 69.0353 43.8637 13.5
      vertex 68.5953 42.2216 13.5
      vertex 68.8802 42.1249 13.5
    endloop
  endfacet
  facet normal 0 0 1
    outer loop
      vertex 68.5221 43.9658 13.5
      vertex 68.5953 42.2216 13.5
      vertex 69.0353 43.8637 13.5
    endloop
  endfacet
  facet normal 0 0 1
    outer loop
      vertex 68.5221 43.9658 13.5
      vertex 68.3002 42.2803 13.5
      vertex 68.5953 42.2216 13.5
    endloop
  endfacet
  facet normal 0 0 1
    outer loop
      vertex 68 44 13.5
      vertex 68.3002 42.2803 13.5
      vertex 68.5221 43.9658 13.5
    endloop
  endfacet
  facet normal 0 0 1
    outer loop
      vertex 68 44 13.5
      vertex 68 42.3 13.5
      vertex 68.3002 42.2803 13.5
    endloop
  endfacet
  facet normal 0 0 1
    outer loop
      vertex 68 44 13.5
      vertex 67.6998 42.2803 13.5
      vertex 68 42.3 13.5
    endloop
  endfacet
  facet normal -0 0 1
    outer loop
      vertex 67.4779 43.9658 13.5
      vertex 67.6998 42.2803 13.5
      vertex 68 44 13.5
    endloop
  endfacet
  facet normal 0 0 1
    outer loop
      vertex 67.4779 43.9658 13.5
      vertex 67.4047 42.2216 13.5
      vertex 67.6998 42.2803 13.5
    endloop
  endfacet
  facet normal -0 0 1
    outer loop
      vertex 66.9647 43.8637 13.5
      vertex 67.4047 42.2216 13.5
      vertex 67.4779 43.9658 13.5
    endloop
  endfacet
  facet normal 0 0 1
    outer loop
      vertex 67.4047 42.2216 13.5
      vertex 66.9647 43.8637 13.5
      vertex 67.1198 42.1249 13.5
    endloop
  endfacet
  facet normal -0 0 1
    outer loop
      vertex 66.4693 43.6955 13.5
      vertex 67.1198 42.1249 13.5
      vertex 66.9647 43.8637 13.5
    endloop
  endfacet
  facet normal 0 0 1
    outer loop
      vertex 67.1198 42.1249 13.5
      vertex 66.4693 43.6955 13.5
      vertex 66.85 41.9919 13.5
    endloop
  endfacet
  facet normal -0 0 1
    outer loop
      vertex 66 43.4641 13.5
      vertex 66.85 41.9919 13.5
      vertex 66.4693 43.6955 13.5
    endloop
  endfacet
  facet normal 0 0 1
    outer loop
      vertex 66.85 41.9919 13.5
      vertex 66 43.4641 13.5
      vertex 66.5998 41.8247 13.5
    endloop
  endfacet
  facet normal -0 0 1
    outer loop
      vertex 65.565 43.1734 13.5
      vertex 66.5998 41.8247 13.5
      vertex 66 43.4641 13.5
    endloop
  endfacet
  facet normal 0 0 1
    outer loop
      vertex 66.5998 41.8247 13.5
      vertex 65.565 43.1734 13.5
      vertex 66.3737 41.6263 13.5
    endloop
  endfacet
  facet normal -0 0 1
    outer loop
      vertex 65.1716 42.8284 13.5
      vertex 66.3737 41.6263 13.5
      vertex 65.565 43.1734 13.5
    endloop
  endfacet
  facet normal 0 0 1
    outer loop
      vertex 66.3737 41.6263 13.5
      vertex 65.1716 42.8284 13.5
      vertex 66.1753 41.4002 13.5
    endloop
  endfacet
  facet normal -0 0 1
    outer loop
      vertex 64.8266 42.435 13.5
      vertex 66.1753 41.4002 13.5
      vertex 65.1716 42.8284 13.5
    endloop
  endfacet
  facet normal 0 0 1
    outer loop
      vertex 66.1753 41.4002 13.5
      vertex 64.8266 42.435 13.5
      vertex 66.0081 41.15 13.5
    endloop
  endfacet
  facet normal 0 0 1
    outer loop
      vertex 66.0081 41.15 13.5
      vertex 64.5359 42 13.5
      vertex 65.8751 40.8802 13.5
    endloop
  endfacet
  facet normal -0 0 1
    outer loop
      vertex 64.5359 42 13.5
      vertex 66.0081 41.15 13.5
      vertex 64.8266 42.435 13.5
    endloop
  endfacet
  facet normal -0 0 1
    outer loop
      vertex 69.9919 38.85 13.5
      vertex 71.4641 38 13.5
      vertex 70.1249 39.1198 13.5
    endloop
  endfacet
  facet normal 0 0 1
    outer loop
      vertex 71.4641 38 13.5
      vertex 69.9919 38.85 13.5
      vertex 71.1734 37.565 13.5
    endloop
  endfacet
  facet normal -0 0 1
    outer loop
      vertex 69.8247 38.5998 13.5
      vertex 71.1734 37.565 13.5
      vertex 69.9919 38.85 13.5
    endloop
  endfacet
  facet normal 0 0 1
    outer loop
      vertex 71.1734 37.565 13.5
      vertex 69.8247 38.5998 13.5
      vertex 70.8284 37.1716 13.5
    endloop
  endfacet
  facet normal -0 0 1
    outer loop
      vertex 69.6263 38.3737 13.5
      vertex 70.8284 37.1716 13.5
      vertex 69.8247 38.5998 13.5
    endloop
  endfacet
  facet normal 0 0 1
    outer loop
      vertex 70.8284 37.1716 13.5
      vertex 69.6263 38.3737 13.5
      vertex 70.435 36.8266 13.5
    endloop
  endfacet
  facet normal -0 0 1
    outer loop
      vertex 69.4002 38.1753 13.5
      vertex 70.435 36.8266 13.5
      vertex 69.6263 38.3737 13.5
    endloop
  endfacet
  facet normal 0 0 1
    outer loop
      vertex 70.435 36.8266 13.5
      vertex 69.4002 38.1753 13.5
      vertex 70 36.5359 13.5
    endloop
  endfacet
  facet normal -0 0 1
    outer loop
      vertex 69.15 38.0081 13.5
      vertex 70 36.5359 13.5
      vertex 69.4002 38.1753 13.5
    endloop
  endfacet
  facet normal 0 0 1
    outer loop
      vertex 70 36.5359 13.5
      vertex 69.15 38.0081 13.5
      vertex 69.5307 36.3045 13.5
    endloop
  endfacet
  facet normal -0 0 1
    outer loop
      vertex 68.8802 37.8751 13.5
      vertex 69.5307 36.3045 13.5
      vertex 69.15 38.0081 13.5
    endloop
  endfacet
  facet normal 0 0 1
    outer loop
      vertex 69.5307 36.3045 13.5
      vertex 68.8802 37.8751 13.5
      vertex 69.0353 36.1363 13.5
    endloop
  endfacet
  facet normal -0 0 1
    outer loop
      vertex 68.5953 37.7784 13.5
      vertex 69.0353 36.1363 13.5
      vertex 68.8802 37.8751 13.5
    endloop
  endfacet
  facet normal 0 0 1
    outer loop
      vertex 68.5953 37.7784 13.5
      vertex 68.5221 36.0342 13.5
      vertex 69.0353 36.1363 13.5
    endloop
  endfacet
  facet normal -0 0 1
    outer loop
      vertex 68.3002 37.7197 13.5
      vertex 68.5221 36.0342 13.5
      vertex 68.5953 37.7784 13.5
    endloop
  endfacet
  facet normal -0 0 1
    outer loop
      vertex 68 37.7 13.5
      vertex 68.5221 36.0342 13.5
      vertex 68.3002 37.7197 13.5
    endloop
  endfacet
  facet normal 0 0 1
    outer loop
      vertex 68 37.7 13.5
      vertex 68 36 13.5
      vertex 68.5221 36.0342 13.5
    endloop
  endfacet
  facet normal 0 0 1
    outer loop
      vertex 67.6998 37.7197 13.5
      vertex 68 36 13.5
      vertex 68 37.7 13.5
    endloop
  endfacet
  facet normal 0 0 1
    outer loop
      vertex 67.6998 37.7197 13.5
      vertex 67.4779 36.0342 13.5
      vertex 68 36 13.5
    endloop
  endfacet
  facet normal 0 0 1
    outer loop
      vertex 67.4047 37.7784 13.5
      vertex 67.4779 36.0342 13.5
      vertex 67.6998 37.7197 13.5
    endloop
  endfacet
  facet normal 0 0 1
    outer loop
      vertex 66.9647 36.1363 13.5
      vertex 67.4047 37.7784 13.5
      vertex 67.1198 37.8751 13.5
    endloop
  endfacet
  facet normal 0 0 1
    outer loop
      vertex 67.4047 37.7784 13.5
      vertex 66.9647 36.1363 13.5
      vertex 67.4779 36.0342 13.5
    endloop
  endfacet
  facet normal 0 0 1
    outer loop
      vertex 66.4693 36.3045 13.5
      vertex 67.1198 37.8751 13.5
      vertex 66.85 38.0081 13.5
    endloop
  endfacet
  facet normal 0 0 1
    outer loop
      vertex 66 36.5359 13.5
      vertex 66.85 38.0081 13.5
      vertex 66.5998 38.1753 13.5
    endloop
  endfacet
  facet normal 0 0 1
    outer loop
      vertex 67.1198 37.8751 13.5
      vertex 66.4693 36.3045 13.5
      vertex 66.9647 36.1363 13.5
    endloop
  endfacet
  facet normal 0 0 1
    outer loop
      vertex 65.565 36.8266 13.5
      vertex 66.5998 38.1753 13.5
      vertex 66.3737 38.3737 13.5
    endloop
  endfacet
  facet normal 0 0 1
    outer loop
      vertex 65.1716 37.1716 13.5
      vertex 66.3737 38.3737 13.5
      vertex 66.1753 38.5998 13.5
    endloop
  endfacet
  facet normal 0 0 1
    outer loop
      vertex 64.8266 37.565 13.5
      vertex 66.1753 38.5998 13.5
      vertex 66.0081 38.85 13.5
    endloop
  endfacet
  facet normal 0 0 1
    outer loop
      vertex 66.85 38.0081 13.5
      vertex 66 36.5359 13.5
      vertex 66.4693 36.3045 13.5
    endloop
  endfacet
  facet normal 0 0 1
    outer loop
      vertex 64.5359 38 13.5
      vertex 66.0081 38.85 13.5
      vertex 65.8751 39.1198 13.5
    endloop
  endfacet
  facet normal 0 0 1
    outer loop
      vertex 64.3045 38.4693 13.5
      vertex 65.8751 39.1198 13.5
      vertex 65.7784 39.4047 13.5
    endloop
  endfacet
  facet normal 0 0 1
    outer loop
      vertex 64.1363 38.9647 13.5
      vertex 65.7784 39.4047 13.5
      vertex 65.7197 39.6998 13.5
    endloop
  endfacet
  facet normal 0 0 1
    outer loop
      vertex 66.5998 38.1753 13.5
      vertex 65.565 36.8266 13.5
      vertex 66 36.5359 13.5
    endloop
  endfacet
  facet normal 0 0 1
    outer loop
      vertex 64.0342 39.4779 13.5
      vertex 65.7197 39.6998 13.5
      vertex 65.7 40 13.5
    endloop
  endfacet
  facet normal -0 0 1
    outer loop
      vertex 64.3045 41.5307 13.5
      vertex 65.8751 40.8802 13.5
      vertex 64.5359 42 13.5
    endloop
  endfacet
  facet normal 0 0 1
    outer loop
      vertex 65.8751 40.8802 13.5
      vertex 64.3045 41.5307 13.5
      vertex 65.7784 40.5953 13.5
    endloop
  endfacet
  facet normal 0 0 1
    outer loop
      vertex 66.3737 38.3737 13.5
      vertex 65.1716 37.1716 13.5
      vertex 65.565 36.8266 13.5
    endloop
  endfacet
  facet normal -0 0 1
    outer loop
      vertex 64.1363 41.0353 13.5
      vertex 65.7784 40.5953 13.5
      vertex 64.3045 41.5307 13.5
    endloop
  endfacet
  facet normal 0 0 1
    outer loop
      vertex 66.1753 38.5998 13.5
      vertex 64.8266 37.565 13.5
      vertex 65.1716 37.1716 13.5
    endloop
  endfacet
  facet normal 0 0 1
    outer loop
      vertex 65.7784 40.5953 13.5
      vertex 64.1363 41.0353 13.5
      vertex 65.7197 40.3002 13.5
    endloop
  endfacet
  facet normal 0 0 1
    outer loop
      vertex 66.0081 38.85 13.5
      vertex 64.5359 38 13.5
      vertex 64.8266 37.565 13.5
    endloop
  endfacet
  facet normal -0 0 1
    outer loop
      vertex 64.0342 40.5221 13.5
      vertex 65.7197 40.3002 13.5
      vertex 64.1363 41.0353 13.5
    endloop
  endfacet
  facet normal 0 0 1
    outer loop
      vertex 65.8751 39.1198 13.5
      vertex 64.3045 38.4693 13.5
      vertex 64.5359 38 13.5
    endloop
  endfacet
  facet normal 0 0 1
    outer loop
      vertex 65.7197 40.3002 13.5
      vertex 64.0342 40.5221 13.5
      vertex 65.7 40 13.5
    endloop
  endfacet
  facet normal 0 0 1
    outer loop
      vertex 65.7784 39.4047 13.5
      vertex 64.1363 38.9647 13.5
      vertex 64.3045 38.4693 13.5
    endloop
  endfacet
  facet normal 0 0 1
    outer loop
      vertex 64 40 13.5
      vertex 65.7 40 13.5
      vertex 64.0342 40.5221 13.5
    endloop
  endfacet
  facet normal 0 0 1
    outer loop
      vertex 65.7197 39.6998 13.5
      vertex 64.0342 39.4779 13.5
      vertex 64.1363 38.9647 13.5
    endloop
  endfacet
  facet normal 0 0 1
    outer loop
      vertex 65.7 40 13.5
      vertex 64 40 13.5
      vertex 64.0342 39.4779 13.5
    endloop
  endfacet
  facet normal -0.0653646 0.997861 0
    outer loop
      vertex 68 44 12
      vertex 67.4779 43.9658 13.5
      vertex 68 44 13.5
    endloop
  endfacet
  facet normal -0.0653646 0.997861 0
    outer loop
      vertex 67.4779 43.9658 13.5
      vertex 68 44 12
      vertex 67.4779 43.9658 12
    endloop
  endfacet
  facet normal 0.94691 -0.321498 0
    outer loop
      vertex 71.6955 38.4693 13.5
      vertex 71.8637 38.9647 12
      vertex 71.8637 38.9647 13.5
    endloop
  endfacet
  facet normal 0.94691 -0.321498 0
    outer loop
      vertex 71.8637 38.9647 12
      vertex 71.6955 38.4693 13.5
      vertex 71.6955 38.4693 12
    endloop
  endfacet
  facet normal 0.555626 -0.831432 0
    outer loop
      vertex 70 36.5359 12
      vertex 70.435 36.8266 13.5
      vertex 70 36.5359 13.5
    endloop
  endfacet
  facet normal 0.555626 -0.831432 0
    outer loop
      vertex 70.435 36.8266 13.5
      vertex 70 36.5359 12
      vertex 70.435 36.8266 12
    endloop
  endfacet
  facet normal -0.659343 -0.751842 0
    outer loop
      vertex 65.1716 37.1716 12
      vertex 65.565 36.8266 13.5
      vertex 65.1716 37.1716 13.5
    endloop
  endfacet
  facet normal -0.659343 -0.751842 -0
    outer loop
      vertex 65.565 36.8266 13.5
      vertex 65.1716 37.1716 12
      vertex 65.565 36.8266 12
    endloop
  endfacet
  facet normal -0.997861 -0.0653646 0
    outer loop
      vertex 64.0342 39.4779 12
      vertex 64 40 13.5
      vertex 64 40 12
    endloop
  endfacet
  facet normal -0.997861 -0.0653646 0
    outer loop
      vertex 64 40 13.5
      vertex 64.0342 39.4779 12
      vertex 64.0342 39.4779 13.5
    endloop
  endfacet
  facet normal 0.94691 0.321498 0
    outer loop
      vertex 71.8637 41.0353 13.5
      vertex 71.6955 41.5307 12
      vertex 71.6955 41.5307 13.5
    endloop
  endfacet
  facet normal 0.94691 0.321498 0
    outer loop
      vertex 71.6955 41.5307 12
      vertex 71.8637 41.0353 13.5
      vertex 71.8637 41.0353 12
    endloop
  endfacet
  facet normal 0.980779 0.195124 0
    outer loop
      vertex 71.9658 40.5221 13.5
      vertex 71.8637 41.0353 12
      vertex 71.8637 41.0353 13.5
    endloop
  endfacet
  facet normal 0.980779 0.195124 0
    outer loop
      vertex 71.8637 41.0353 12
      vertex 71.9658 40.5221 13.5
      vertex 71.9658 40.5221 12
    endloop
  endfacet
  facet normal 0.751842 0.659343 0
    outer loop
      vertex 71.1734 42.435 13.5
      vertex 70.8284 42.8284 12
      vertex 70.8284 42.8284 13.5
    endloop
  endfacet
  facet normal 0.751842 0.659343 0
    outer loop
      vertex 70.8284 42.8284 12
      vertex 71.1734 42.435 13.5
      vertex 71.1734 42.435 12
    endloop
  endfacet
  facet normal 0.321498 0.94691 -0
    outer loop
      vertex 69.5307 43.6955 12
      vertex 69.0353 43.8637 13.5
      vertex 69.5307 43.6955 13.5
    endloop
  endfacet
  facet normal 0.321498 0.94691 0
    outer loop
      vertex 69.0353 43.8637 13.5
      vertex 69.5307 43.6955 12
      vertex 69.0353 43.8637 12
    endloop
  endfacet
  facet normal 0.195124 0.980779 -0
    outer loop
      vertex 69.0353 43.8637 12
      vertex 68.5221 43.9658 13.5
      vertex 69.0353 43.8637 13.5
    endloop
  endfacet
  facet normal 0.195124 0.980779 0
    outer loop
      vertex 68.5221 43.9658 13.5
      vertex 69.0353 43.8637 12
      vertex 68.5221 43.9658 12
    endloop
  endfacet
  facet normal -0.831432 0.555626 0
    outer loop
      vertex 64.5359 42 12
      vertex 64.8266 42.435 13.5
      vertex 64.8266 42.435 12
    endloop
  endfacet
  facet normal -0.831432 0.555626 0
    outer loop
      vertex 64.8266 42.435 13.5
      vertex 64.5359 42 12
      vertex 64.5359 42 13.5
    endloop
  endfacet
  facet normal -0.94691 0.321498 0
    outer loop
      vertex 64.1363 41.0353 12
      vertex 64.3045 41.5307 13.5
      vertex 64.3045 41.5307 12
    endloop
  endfacet
  facet normal -0.94691 0.321498 0
    outer loop
      vertex 64.3045 41.5307 13.5
      vertex 64.1363 41.0353 12
      vertex 64.1363 41.0353 13.5
    endloop
  endfacet
  facet normal -0.980779 0.195124 0
    outer loop
      vertex 64.0342 40.5221 12
      vertex 64.1363 41.0353 13.5
      vertex 64.1363 41.0353 12
    endloop
  endfacet
  facet normal -0.980779 0.195124 0
    outer loop
      vertex 64.1363 41.0353 13.5
      vertex 64.0342 40.5221 12
      vertex 64.0342 40.5221 13.5
    endloop
  endfacet
  facet normal -0.442238 0.896898 0
    outer loop
      vertex 66.4693 43.6955 12
      vertex 66 43.4641 13.5
      vertex 66.4693 43.6955 13.5
    endloop
  endfacet
  facet normal -0.442238 0.896898 0
    outer loop
      vertex 66 43.4641 13.5
      vertex 66.4693 43.6955 12
      vertex 66 43.4641 12
    endloop
  endfacet
  facet normal -0.555626 0.831432 0
    outer loop
      vertex 66 43.4641 12
      vertex 65.565 43.1734 13.5
      vertex 66 43.4641 13.5
    endloop
  endfacet
  facet normal -0.555626 0.831432 0
    outer loop
      vertex 65.565 43.1734 13.5
      vertex 66 43.4641 12
      vertex 65.565 43.1734 12
    endloop
  endfacet
  facet normal -0.195124 0.980779 0
    outer loop
      vertex 67.4779 43.9658 12
      vertex 66.9647 43.8637 13.5
      vertex 67.4779 43.9658 13.5
    endloop
  endfacet
  facet normal -0.195124 0.980779 0
    outer loop
      vertex 66.9647 43.8637 13.5
      vertex 67.4779 43.9658 12
      vertex 66.9647 43.8637 12
    endloop
  endfacet
  facet normal 0.997861 -0.0653646 0
    outer loop
      vertex 71.9658 39.4779 13.5
      vertex 72 40 12
      vertex 72 40 13.5
    endloop
  endfacet
  facet normal 0.997861 -0.0653646 0
    outer loop
      vertex 72 40 12
      vertex 71.9658 39.4779 13.5
      vertex 71.9658 39.4779 12
    endloop
  endfacet
  facet normal 0.0653646 -0.997861 0
    outer loop
      vertex 68 36 12
      vertex 68.5221 36.0342 13.5
      vertex 68 36 13.5
    endloop
  endfacet
  facet normal 0.0653646 -0.997861 0
    outer loop
      vertex 68.5221 36.0342 13.5
      vertex 68 36 12
      vertex 68.5221 36.0342 12
    endloop
  endfacet
  facet normal 0.321498 -0.94691 0
    outer loop
      vertex 69.0353 36.1363 12
      vertex 69.5307 36.3045 13.5
      vertex 69.0353 36.1363 13.5
    endloop
  endfacet
  facet normal 0.321498 -0.94691 0
    outer loop
      vertex 69.5307 36.3045 13.5
      vertex 69.0353 36.1363 12
      vertex 69.5307 36.3045 12
    endloop
  endfacet
  facet normal 0.659343 -0.751842 0
    outer loop
      vertex 70.435 36.8266 12
      vertex 70.8284 37.1716 13.5
      vertex 70.435 36.8266 13.5
    endloop
  endfacet
  facet normal 0.659343 -0.751842 0
    outer loop
      vertex 70.8284 37.1716 13.5
      vertex 70.435 36.8266 12
      vertex 70.8284 37.1716 12
    endloop
  endfacet
  facet normal 0.831432 -0.555626 0
    outer loop
      vertex 71.1734 37.565 13.5
      vertex 71.4641 38 12
      vertex 71.4641 38 13.5
    endloop
  endfacet
  facet normal 0.831432 -0.555626 0
    outer loop
      vertex 71.4641 38 12
      vertex 71.1734 37.565 13.5
      vertex 71.1734 37.565 12
    endloop
  endfacet
  facet normal -0.555626 -0.831432 0
    outer loop
      vertex 65.565 36.8266 12
      vertex 66 36.5359 13.5
      vertex 65.565 36.8266 13.5
    endloop
  endfacet
  facet normal -0.555626 -0.831432 -0
    outer loop
      vertex 66 36.5359 13.5
      vertex 65.565 36.8266 12
      vertex 66 36.5359 12
    endloop
  endfacet
  facet normal -0.321498 -0.94691 0
    outer loop
      vertex 66.4693 36.3045 12
      vertex 66.9647 36.1363 13.5
      vertex 66.4693 36.3045 13.5
    endloop
  endfacet
  facet normal -0.321498 -0.94691 -0
    outer loop
      vertex 66.9647 36.1363 13.5
      vertex 66.4693 36.3045 12
      vertex 66.9647 36.1363 12
    endloop
  endfacet
  facet normal -0.0653646 -0.997861 0
    outer loop
      vertex 67.4779 36.0342 12
      vertex 68 36 13.5
      vertex 67.4779 36.0342 13.5
    endloop
  endfacet
  facet normal -0.0653646 -0.997861 -0
    outer loop
      vertex 68 36 13.5
      vertex 67.4779 36.0342 12
      vertex 68 36 12
    endloop
  endfacet
  facet normal -0.896898 -0.442238 0
    outer loop
      vertex 64.5359 38 12
      vertex 64.3045 38.4693 13.5
      vertex 64.3045 38.4693 12
    endloop
  endfacet
  facet normal -0.896898 -0.442238 0
    outer loop
      vertex 64.3045 38.4693 13.5
      vertex 64.5359 38 12
      vertex 64.5359 38 13.5
    endloop
  endfacet
  facet normal -0.980779 -0.195124 0
    outer loop
      vertex 64.1363 38.9647 12
      vertex 64.0342 39.4779 13.5
      vertex 64.0342 39.4779 12
    endloop
  endfacet
  facet normal -0.980779 -0.195124 0
    outer loop
      vertex 64.0342 39.4779 13.5
      vertex 64.1363 38.9647 12
      vertex 64.1363 38.9647 13.5
    endloop
  endfacet
  facet normal 0.195124 -0.980779 0
    outer loop
      vertex 68.5221 36.0342 12
      vertex 69.0353 36.1363 13.5
      vertex 68.5221 36.0342 13.5
    endloop
  endfacet
  facet normal 0.195124 -0.980779 0
    outer loop
      vertex 69.0353 36.1363 13.5
      vertex 68.5221 36.0342 12
      vertex 69.0353 36.1363 12
    endloop
  endfacet
  facet normal 0.442238 -0.896898 0
    outer loop
      vertex 69.5307 36.3045 12
      vertex 70 36.5359 13.5
      vertex 69.5307 36.3045 13.5
    endloop
  endfacet
  facet normal 0.442238 -0.896898 0
    outer loop
      vertex 70 36.5359 13.5
      vertex 69.5307 36.3045 12
      vertex 70 36.5359 12
    endloop
  endfacet
  facet normal 0.751842 -0.659343 0
    outer loop
      vertex 70.8284 37.1716 13.5
      vertex 71.1734 37.565 12
      vertex 71.1734 37.565 13.5
    endloop
  endfacet
  facet normal 0.751842 -0.659343 0
    outer loop
      vertex 71.1734 37.565 12
      vertex 70.8284 37.1716 13.5
      vertex 70.8284 37.1716 12
    endloop
  endfacet
  facet normal 0.980779 -0.195124 0
    outer loop
      vertex 71.8637 38.9647 13.5
      vertex 71.9658 39.4779 12
      vertex 71.9658 39.4779 13.5
    endloop
  endfacet
  facet normal 0.980779 -0.195124 0
    outer loop
      vertex 71.9658 39.4779 12
      vertex 71.8637 38.9647 13.5
      vertex 71.8637 38.9647 12
    endloop
  endfacet
  facet normal 0.896898 -0.442238 0
    outer loop
      vertex 71.4641 38 13.5
      vertex 71.6955 38.4693 12
      vertex 71.6955 38.4693 13.5
    endloop
  endfacet
  facet normal 0.896898 -0.442238 0
    outer loop
      vertex 71.6955 38.4693 12
      vertex 71.4641 38 13.5
      vertex 71.4641 38 12
    endloop
  endfacet
  facet normal -0.442238 -0.896898 0
    outer loop
      vertex 66 36.5359 12
      vertex 66.4693 36.3045 13.5
      vertex 66 36.5359 13.5
    endloop
  endfacet
  facet normal -0.442238 -0.896898 -0
    outer loop
      vertex 66.4693 36.3045 13.5
      vertex 66 36.5359 12
      vertex 66.4693 36.3045 12
    endloop
  endfacet
  facet normal -0.195124 -0.980779 0
    outer loop
      vertex 66.9647 36.1363 12
      vertex 67.4779 36.0342 13.5
      vertex 66.9647 36.1363 13.5
    endloop
  endfacet
  facet normal -0.195124 -0.980779 -0
    outer loop
      vertex 67.4779 36.0342 13.5
      vertex 66.9647 36.1363 12
      vertex 67.4779 36.0342 12
    endloop
  endfacet
  facet normal -0.831432 -0.555626 0
    outer loop
      vertex 64.8266 37.565 12
      vertex 64.5359 38 13.5
      vertex 64.5359 38 12
    endloop
  endfacet
  facet normal -0.831432 -0.555626 0
    outer loop
      vertex 64.5359 38 13.5
      vertex 64.8266 37.565 12
      vertex 64.8266 37.565 13.5
    endloop
  endfacet
  facet normal 0.997854 -0.0654821 0
    outer loop
      vertex 65.7 40 13.5
      vertex 65.7197 40.3002 11.98
      vertex 65.7197 40.3002 13.5
    endloop
  endfacet
  facet normal 0.997854 -0.0654821 0
    outer loop
      vertex 65.7197 40.3002 11.98
      vertex 65.7 40 13.5
      vertex 65.7 40 11.98
    endloop
  endfacet
  facet normal 0.0654821 -0.997854 0
    outer loop
      vertex 67.6998 42.2803 11.98
      vertex 68 42.3 13.5
      vertex 67.6998 42.2803 13.5
    endloop
  endfacet
  facet normal 0.0654821 -0.997854 0
    outer loop
      vertex 68 42.3 13.5
      vertex 67.6998 42.2803 11.98
      vertex 68 42.3 11.98
    endloop
  endfacet
  facet normal -0.0654821 0.997854 0
    outer loop
      vertex 68.3002 37.7197 11.98
      vertex 68 37.7 13.5
      vertex 68.3002 37.7197 13.5
    endloop
  endfacet
  facet normal -0.0654821 0.997854 0
    outer loop
      vertex 68 37.7 13.5
      vertex 68.3002 37.7197 11.98
      vertex 68 37.7 11.98
    endloop
  endfacet
  facet normal 0.751649 -0.659563 0
    outer loop
      vertex 66.1753 41.4002 13.5
      vertex 66.3737 41.6263 11.98
      vertex 66.3737 41.6263 13.5
    endloop
  endfacet
  facet normal 0.751649 -0.659563 0
    outer loop
      vertex 66.3737 41.6263 11.98
      vertex 66.1753 41.4002 13.5
      vertex 66.1753 41.4002 11.98
    endloop
  endfacet
  facet normal 0.442153 -0.89694 0
    outer loop
      vertex 66.85 41.9919 11.98
      vertex 67.1198 42.1249 13.5
      vertex 66.85 41.9919 13.5
    endloop
  endfacet
  facet normal 0.442153 -0.89694 0
    outer loop
      vertex 67.1198 42.1249 13.5
      vertex 66.85 41.9919 11.98
      vertex 67.1198 42.1249 11.98
    endloop
  endfacet
  facet normal 0.89694 -0.442153 0
    outer loop
      vertex 65.8751 40.8802 13.5
      vertex 66.0081 41.15 11.98
      vertex 66.0081 41.15 13.5
    endloop
  endfacet
  facet normal 0.89694 -0.442153 0
    outer loop
      vertex 66.0081 41.15 11.98
      vertex 65.8751 40.8802 13.5
      vertex 65.8751 40.8802 11.98
    endloop
  endfacet
  facet normal 0.831436 -0.55562 0
    outer loop
      vertex 66.0081 41.15 13.5
      vertex 66.1753 41.4002 11.98
      vertex 66.1753 41.4002 13.5
    endloop
  endfacet
  facet normal 0.831436 -0.55562 0
    outer loop
      vertex 66.1753 41.4002 11.98
      vertex 66.0081 41.15 13.5
      vertex 66.0081 41.15 11.98
    endloop
  endfacet
  facet normal 0.55562 -0.831436 0
    outer loop
      vertex 66.5998 41.8247 11.98
      vertex 66.85 41.9919 13.5
      vertex 66.5998 41.8247 13.5
    endloop
  endfacet
  facet normal 0.55562 -0.831436 0
    outer loop
      vertex 66.85 41.9919 13.5
      vertex 66.5998 41.8247 11.98
      vertex 66.85 41.9919 11.98
    endloop
  endfacet
  facet normal 0.321408 -0.946941 0
    outer loop
      vertex 67.1198 42.1249 11.98
      vertex 67.4047 42.2216 13.5
      vertex 67.1198 42.1249 13.5
    endloop
  endfacet
  facet normal 0.321408 -0.946941 0
    outer loop
      vertex 67.4047 42.2216 13.5
      vertex 67.1198 42.1249 11.98
      vertex 67.4047 42.2216 11.98
    endloop
  endfacet
  facet normal -0.195093 0.980785 0
    outer loop
      vertex 68.5953 37.7784 11.98
      vertex 68.3002 37.7197 13.5
      vertex 68.5953 37.7784 13.5
    endloop
  endfacet
  facet normal -0.195093 0.980785 0
    outer loop
      vertex 68.3002 37.7197 13.5
      vertex 68.5953 37.7784 11.98
      vertex 68.3002 37.7197 11.98
    endloop
  endfacet
  facet normal 0.980785 -0.195093 0
    outer loop
      vertex 65.7197 40.3002 13.5
      vertex 65.7784 40.5953 11.98
      vertex 65.7784 40.5953 13.5
    endloop
  endfacet
  facet normal 0.980785 -0.195093 0
    outer loop
      vertex 65.7784 40.5953 11.98
      vertex 65.7197 40.3002 13.5
      vertex 65.7197 40.3002 11.98
    endloop
  endfacet
  facet normal 0.195093 -0.980785 0
    outer loop
      vertex 67.4047 42.2216 11.98
      vertex 67.6998 42.2803 13.5
      vertex 67.4047 42.2216 13.5
    endloop
  endfacet
  facet normal 0.195093 -0.980785 0
    outer loop
      vertex 67.6998 42.2803 13.5
      vertex 67.4047 42.2216 11.98
      vertex 67.6998 42.2803 11.98
    endloop
  endfacet
  facet normal -0.946941 0.321408 0
    outer loop
      vertex 70.1249 39.1198 11.98
      vertex 70.2216 39.4047 13.5
      vertex 70.2216 39.4047 11.98
    endloop
  endfacet
  facet normal -0.946941 0.321408 0
    outer loop
      vertex 70.2216 39.4047 13.5
      vertex 70.1249 39.1198 11.98
      vertex 70.1249 39.1198 13.5
    endloop
  endfacet
  facet normal -0.980785 0.195093 0
    outer loop
      vertex 70.2216 39.4047 11.98
      vertex 70.2803 39.6998 13.5
      vertex 70.2803 39.6998 11.98
    endloop
  endfacet
  facet normal -0.980785 0.195093 0
    outer loop
      vertex 70.2803 39.6998 13.5
      vertex 70.2216 39.4047 11.98
      vertex 70.2216 39.4047 13.5
    endloop
  endfacet
  facet normal 0.997854 0.0654821 0
    outer loop
      vertex 65.7197 39.6998 13.5
      vertex 65.7 40 11.98
      vertex 65.7 40 13.5
    endloop
  endfacet
  facet normal 0.997854 0.0654821 0
    outer loop
      vertex 65.7 40 11.98
      vertex 65.7197 39.6998 13.5
      vertex 65.7197 39.6998 11.98
    endloop
  endfacet
  facet normal -0.55562 0.831436 0
    outer loop
      vertex 69.4002 38.1753 11.98
      vertex 69.15 38.0081 13.5
      vertex 69.4002 38.1753 13.5
    endloop
  endfacet
  facet normal -0.55562 0.831436 0
    outer loop
      vertex 69.15 38.0081 13.5
      vertex 69.4002 38.1753 11.98
      vertex 69.15 38.0081 11.98
    endloop
  endfacet
  facet normal -0.442153 0.89694 0
    outer loop
      vertex 69.15 38.0081 11.98
      vertex 68.8802 37.8751 13.5
      vertex 69.15 38.0081 13.5
    endloop
  endfacet
  facet normal -0.442153 0.89694 0
    outer loop
      vertex 68.8802 37.8751 13.5
      vertex 69.15 38.0081 11.98
      vertex 68.8802 37.8751 11.98
    endloop
  endfacet
  facet normal 0.946941 -0.321408 0
    outer loop
      vertex 65.7784 40.5953 13.5
      vertex 65.8751 40.8802 11.98
      vertex 65.8751 40.8802 13.5
    endloop
  endfacet
  facet normal 0.946941 -0.321408 0
    outer loop
      vertex 65.8751 40.8802 11.98
      vertex 65.7784 40.5953 13.5
      vertex 65.7784 40.5953 11.98
    endloop
  endfacet
  facet normal 0.659563 -0.751649 0
    outer loop
      vertex 66.3737 41.6263 11.98
      vertex 66.5998 41.8247 13.5
      vertex 66.3737 41.6263 13.5
    endloop
  endfacet
  facet normal 0.659563 -0.751649 0
    outer loop
      vertex 66.5998 41.8247 13.5
      vertex 66.3737 41.6263 11.98
      vertex 66.5998 41.8247 11.98
    endloop
  endfacet
  facet normal -0.997854 0.0654821 0
    outer loop
      vertex 70.2803 39.6998 11.98
      vertex 70.3 40 13.5
      vertex 70.3 40 11.98
    endloop
  endfacet
  facet normal -0.997854 0.0654821 0
    outer loop
      vertex 70.3 40 13.5
      vertex 70.2803 39.6998 11.98
      vertex 70.2803 39.6998 13.5
    endloop
  endfacet
  facet normal 0.321408 0.946941 -0
    outer loop
      vertex 67.4047 37.7784 11.98
      vertex 67.1198 37.8751 13.5
      vertex 67.4047 37.7784 13.5
    endloop
  endfacet
  facet normal 0.321408 0.946941 0
    outer loop
      vertex 67.1198 37.8751 13.5
      vertex 67.4047 37.7784 11.98
      vertex 67.1198 37.8751 11.98
    endloop
  endfacet
  facet normal 0.751649 0.659563 0
    outer loop
      vertex 66.3737 38.3737 13.5
      vertex 66.1753 38.5998 11.98
      vertex 66.1753 38.5998 13.5
    endloop
  endfacet
  facet normal 0.751649 0.659563 0
    outer loop
      vertex 66.1753 38.5998 11.98
      vertex 66.3737 38.3737 13.5
      vertex 66.3737 38.3737 11.98
    endloop
  endfacet
  facet normal 0.980785 0.195093 0
    outer loop
      vertex 65.7784 39.4047 13.5
      vertex 65.7197 39.6998 11.98
      vertex 65.7197 39.6998 13.5
    endloop
  endfacet
  facet normal 0.980785 0.195093 0
    outer loop
      vertex 65.7197 39.6998 11.98
      vertex 65.7784 39.4047 13.5
      vertex 65.7784 39.4047 11.98
    endloop
  endfacet
  facet normal 0.946941 0.321408 0
    outer loop
      vertex 65.8751 39.1198 13.5
      vertex 65.7784 39.4047 11.98
      vertex 65.7784 39.4047 13.5
    endloop
  endfacet
  facet normal 0.946941 0.321408 0
    outer loop
      vertex 65.7784 39.4047 11.98
      vertex 65.8751 39.1198 13.5
      vertex 65.8751 39.1198 11.98
    endloop
  endfacet
  facet normal -0.659563 0.751649 0
    outer loop
      vertex 69.6263 38.3737 11.98
      vertex 69.4002 38.1753 13.5
      vertex 69.6263 38.3737 13.5
    endloop
  endfacet
  facet normal -0.659563 0.751649 0
    outer loop
      vertex 69.4002 38.1753 13.5
      vertex 69.6263 38.3737 11.98
      vertex 69.4002 38.1753 11.98
    endloop
  endfacet
  facet normal -0.321408 0.946941 0
    outer loop
      vertex 68.8802 37.8751 11.98
      vertex 68.5953 37.7784 13.5
      vertex 68.8802 37.8751 13.5
    endloop
  endfacet
  facet normal -0.321408 0.946941 0
    outer loop
      vertex 68.5953 37.7784 13.5
      vertex 68.8802 37.8751 11.98
      vertex 68.5953 37.7784 11.98
    endloop
  endfacet
  facet normal -0.89694 0.442153 0
    outer loop
      vertex 69.9919 38.85 11.98
      vertex 70.1249 39.1198 13.5
      vertex 70.1249 39.1198 11.98
    endloop
  endfacet
  facet normal -0.89694 0.442153 0
    outer loop
      vertex 70.1249 39.1198 13.5
      vertex 69.9919 38.85 11.98
      vertex 69.9919 38.85 13.5
    endloop
  endfacet
  facet normal -0.831436 0.55562 0
    outer loop
      vertex 69.8247 38.5998 11.98
      vertex 69.9919 38.85 13.5
      vertex 69.9919 38.85 11.98
    endloop
  endfacet
  facet normal -0.831436 0.55562 0
    outer loop
      vertex 69.9919 38.85 13.5
      vertex 69.8247 38.5998 11.98
      vertex 69.8247 38.5998 13.5
    endloop
  endfacet
  facet normal 0.0654821 0.997854 -0
    outer loop
      vertex 68 37.7 11.98
      vertex 67.6998 37.7197 13.5
      vertex 68 37.7 13.5
    endloop
  endfacet
  facet normal 0.0654821 0.997854 0
    outer loop
      vertex 67.6998 37.7197 13.5
      vertex 68 37.7 11.98
      vertex 67.6998 37.7197 11.98
    endloop
  endfacet
  facet normal 0.55562 0.831436 -0
    outer loop
      vertex 66.85 38.0081 11.98
      vertex 66.5998 38.1753 13.5
      vertex 66.85 38.0081 13.5
    endloop
  endfacet
  facet normal 0.55562 0.831436 0
    outer loop
      vertex 66.5998 38.1753 13.5
      vertex 66.85 38.0081 11.98
      vertex 66.5998 38.1753 11.98
    endloop
  endfacet
  facet normal 0.195093 0.980785 -0
    outer loop
      vertex 67.6998 37.7197 11.98
      vertex 67.4047 37.7784 13.5
      vertex 67.6998 37.7197 13.5
    endloop
  endfacet
  facet normal 0.195093 0.980785 0
    outer loop
      vertex 67.4047 37.7784 13.5
      vertex 67.6998 37.7197 11.98
      vertex 67.4047 37.7784 11.98
    endloop
  endfacet
  facet normal 0.659563 0.751649 -0
    outer loop
      vertex 66.5998 38.1753 11.98
      vertex 66.3737 38.3737 13.5
      vertex 66.5998 38.1753 13.5
    endloop
  endfacet
  facet normal 0.659563 0.751649 0
    outer loop
      vertex 66.3737 38.3737 13.5
      vertex 66.5998 38.1753 11.98
      vertex 66.3737 38.3737 11.98
    endloop
  endfacet
  facet normal 0.831436 0.55562 0
    outer loop
      vertex 66.1753 38.5998 13.5
      vertex 66.0081 38.85 11.98
      vertex 66.0081 38.85 13.5
    endloop
  endfacet
  facet normal 0.831436 0.55562 0
    outer loop
      vertex 66.0081 38.85 11.98
      vertex 66.1753 38.5998 13.5
      vertex 66.1753 38.5998 11.98
    endloop
  endfacet
  facet normal 0.89694 0.442153 0
    outer loop
      vertex 66.0081 38.85 13.5
      vertex 65.8751 39.1198 11.98
      vertex 65.8751 39.1198 13.5
    endloop
  endfacet
  facet normal 0.89694 0.442153 0
    outer loop
      vertex 65.8751 39.1198 11.98
      vertex 66.0081 38.85 13.5
      vertex 66.0081 38.85 11.98
    endloop
  endfacet
  facet normal -0.751649 0.659563 0
    outer loop
      vertex 69.6263 38.3737 11.98
      vertex 69.8247 38.5998 13.5
      vertex 69.8247 38.5998 11.98
    endloop
  endfacet
  facet normal -0.751649 0.659563 0
    outer loop
      vertex 69.8247 38.5998 13.5
      vertex 69.6263 38.3737 11.98
      vertex 69.6263 38.3737 13.5
    endloop
  endfacet
  facet normal 0.442153 0.89694 -0
    outer loop
      vertex 67.1198 37.8751 11.98
      vertex 66.85 38.0081 13.5
      vertex 67.1198 37.8751 13.5
    endloop
  endfacet
  facet normal 0.442153 0.89694 0
    outer loop
      vertex 66.85 38.0081 13.5
      vertex 67.1198 37.8751 11.98
      vertex 66.85 38.0081 11.98
    endloop
  endfacet
endsolid OpenSCAD_Model
