solid OpenSCAD_Model
  facet normal 0.442401 -0.896817 0
    outer loop
      vertex 101.679 -70.4672 0
      vertex 102.5 -70.0622 2
      vertex 101.679 -70.4672 2
    endloop
  endfacet
  facet normal 0.442401 -0.896817 0
    outer loop
      vertex 102.5 -70.0622 2
      vertex 101.679 -70.4672 0
      vertex 102.5 -70.0622 0
    endloop
  endfacet
  facet normal 0.555733 -0.831361 0
    outer loop
      vertex 102.5 -70.0622 0
      vertex 103.261 -69.5535 2
      vertex 102.5 -70.0622 2
    endloop
  endfacet
  facet normal 0.555733 -0.831361 0
    outer loop
      vertex 103.261 -69.5535 2
      vertex 102.5 -70.0622 0
      vertex 103.261 -69.5535 0
    endloop
  endfacet
  facet normal 0.321433 -0.946932 0
    outer loop
      vertex 100.812 -70.7615 0
      vertex 101.679 -70.4672 2
      vertex 100.812 -70.7615 2
    endloop
  endfacet
  facet normal 0.321433 -0.946932 0
    outer loop
      vertex 101.679 -70.4672 2
      vertex 100.812 -70.7615 0
      vertex 101.679 -70.4672 0
    endloop
  endfacet
  facet normal 1 -0 0
    outer loop
      vertex 106 -64 2
      vertex 106 64 0
      vertex 106 64 2
    endloop
  endfacet
  facet normal 1 0 0
    outer loop
      vertex 106 64 0
      vertex 106 -64 2
      vertex 106 -64 0
    endloop
  endfacet
  facet normal 0 0 1
    outer loop
      vertex 95.8263 59.2801 2
      vertex 106 64 2
      vertex 105.94 64.9137 2
    endloop
  endfacet
  facet normal 0 0 1
    outer loop
      vertex 106 64 2
      vertex 97 -48.9 2
      vertex 106 -64 2
    endloop
  endfacet
  facet normal 0 0 1
    outer loop
      vertex 95.8263 59.2801 2
      vertex 105.94 64.9137 2
      vertex 105.761 65.8117 2
    endloop
  endfacet
  facet normal -0 0 1
    outer loop
      vertex 96.9743 -49.2916 2
      vertex 106 -64 2
      vertex 97 -48.9 2
    endloop
  endfacet
  facet normal 0 0 1
    outer loop
      vertex 95.8263 59.2801 2
      vertex 105.761 65.8117 2
      vertex 105.467 66.6788 2
    endloop
  endfacet
  facet normal -0 0 1
    outer loop
      vertex 96.8978 -49.6765 2
      vertex 106 -64 2
      vertex 96.9743 -49.2916 2
    endloop
  endfacet
  facet normal 0 0 1
    outer loop
      vertex 95.8263 59.2801 2
      vertex 105.467 66.6788 2
      vertex 105.062 67.5 2
    endloop
  endfacet
  facet normal -0 0 1
    outer loop
      vertex 96.7716 -50.048 2
      vertex 106 -64 2
      vertex 96.8978 -49.6765 2
    endloop
  endfacet
  facet normal 0 0 1
    outer loop
      vertex 95.8263 59.2801 2
      vertex 105.062 67.5 2
      vertex 104.553 68.2613 2
    endloop
  endfacet
  facet normal -0 0 1
    outer loop
      vertex 96.5981 -50.4 2
      vertex 106 -64 2
      vertex 96.7716 -50.048 2
    endloop
  endfacet
  facet normal 0 0 1
    outer loop
      vertex 95.8263 59.2801 2
      vertex 104.553 68.2613 2
      vertex 103.95 68.9498 2
    endloop
  endfacet
  facet normal -0 0 1
    outer loop
      vertex 96.3801 -50.7263 2
      vertex 106 -64 2
      vertex 96.5981 -50.4 2
    endloop
  endfacet
  facet normal 0 0 1
    outer loop
      vertex 95.8263 59.2801 2
      vertex 103.95 68.9498 2
      vertex 103.261 69.5535 2
    endloop
  endfacet
  facet normal -0 0 1
    outer loop
      vertex 96.1213 -51.0213 2
      vertex 106 -64 2
      vertex 96.3801 -50.7263 2
    endloop
  endfacet
  facet normal 0 0 1
    outer loop
      vertex 95.8263 59.2801 2
      vertex 103.261 69.5535 2
      vertex 102.5 70.0622 2
    endloop
  endfacet
  facet normal -0 0 1
    outer loop
      vertex 95.8263 -51.2801 2
      vertex 106 -64 2
      vertex 96.1213 -51.0213 2
    endloop
  endfacet
  facet normal 0 0 1
    outer loop
      vertex 95.8263 59.2801 2
      vertex 102.5 70.0622 2
      vertex 101.679 70.4672 2
    endloop
  endfacet
  facet normal -0 0 1
    outer loop
      vertex 95.5 -51.4981 2
      vertex 106 -64 2
      vertex 95.8263 -51.2801 2
    endloop
  endfacet
  facet normal 0 0 1
    outer loop
      vertex 95.8263 59.2801 2
      vertex 101.679 70.4672 2
      vertex 100.812 70.7615 2
    endloop
  endfacet
  facet normal -0 0 1
    outer loop
      vertex 95.1481 -51.6716 2
      vertex 106 -64 2
      vertex 95.5 -51.4981 2
    endloop
  endfacet
  facet normal 0 0 1
    outer loop
      vertex 95.8263 59.2801 2
      vertex 100.812 70.7615 2
      vertex 99.9137 70.9401 2
    endloop
  endfacet
  facet normal -0 0 1
    outer loop
      vertex 94.7765 -51.7978 2
      vertex 106 -64 2
      vertex 95.1481 -51.6716 2
    endloop
  endfacet
  facet normal 0 0 1
    outer loop
      vertex 95.5 59.4981 2
      vertex 99.9137 70.9401 2
      vertex 99 71 2
    endloop
  endfacet
  facet normal 0 -0 1
    outer loop
      vertex 99 -71 2
      vertex 106 -64 2
      vertex 94.7765 -51.7978 2
    endloop
  endfacet
  facet normal 0 0 1
    outer loop
      vertex 106 64 2
      vertex 97 56.9 2
      vertex 97 -48.9 2
    endloop
  endfacet
  facet normal 0 0 1
    outer loop
      vertex 106 64 2
      vertex 96.9743 57.2916 2
      vertex 97 56.9 2
    endloop
  endfacet
  facet normal 0 0 1
    outer loop
      vertex 106 64 2
      vertex 96.8978 57.6765 2
      vertex 96.9743 57.2916 2
    endloop
  endfacet
  facet normal 0 0 1
    outer loop
      vertex 106 64 2
      vertex 96.7716 58.048 2
      vertex 96.8978 57.6765 2
    endloop
  endfacet
  facet normal 0 0 1
    outer loop
      vertex 106 64 2
      vertex 96.5981 58.4 2
      vertex 96.7716 58.048 2
    endloop
  endfacet
  facet normal 0 0 1
    outer loop
      vertex 106 64 2
      vertex 96.3801 58.7263 2
      vertex 96.5981 58.4 2
    endloop
  endfacet
  facet normal 0 0 1
    outer loop
      vertex 106 64 2
      vertex 96.1213 59.0213 2
      vertex 96.3801 58.7263 2
    endloop
  endfacet
  facet normal 0 0 1
    outer loop
      vertex 106 64 2
      vertex 95.8263 59.2801 2
      vertex 96.1213 59.0213 2
    endloop
  endfacet
  facet normal 0 0 1
    outer loop
      vertex 99.9137 70.9401 2
      vertex 95.5 59.4981 2
      vertex 95.8263 59.2801 2
    endloop
  endfacet
  facet normal 0 0 1
    outer loop
      vertex 99 71 2
      vertex 95.1481 59.6716 2
      vertex 95.5 59.4981 2
    endloop
  endfacet
  facet normal 0 0 1
    outer loop
      vertex 99 71 2
      vertex 94.7765 59.7978 2
      vertex 95.1481 59.6716 2
    endloop
  endfacet
  facet normal 0 0 1
    outer loop
      vertex 99 71 2
      vertex 94.3916 59.8743 2
      vertex 94.7765 59.7978 2
    endloop
  endfacet
  facet normal 0 0 1
    outer loop
      vertex 99 71 2
      vertex 94 59.9 2
      vertex 94.3916 59.8743 2
    endloop
  endfacet
  facet normal 0 0 1
    outer loop
      vertex 99 71 2
      vertex -94 59.9 2
      vertex 94 59.9 2
    endloop
  endfacet
  facet normal 0 0 1
    outer loop
      vertex -96.9743 57.2916 2
      vertex -106 64 2
      vertex -97 56.9 2
    endloop
  endfacet
  facet normal 0 0 1
    outer loop
      vertex -96.8978 57.6765 2
      vertex -106 64 2
      vertex -96.9743 57.2916 2
    endloop
  endfacet
  facet normal 0 0 1
    outer loop
      vertex -96.7716 58.048 2
      vertex -106 64 2
      vertex -96.8978 57.6765 2
    endloop
  endfacet
  facet normal 0 0 1
    outer loop
      vertex -96.5981 58.4 2
      vertex -106 64 2
      vertex -96.7716 58.048 2
    endloop
  endfacet
  facet normal 0 0 1
    outer loop
      vertex -96.3801 58.7263 2
      vertex -106 64 2
      vertex -96.5981 58.4 2
    endloop
  endfacet
  facet normal 0 0 1
    outer loop
      vertex -96.1213 59.0213 2
      vertex -106 64 2
      vertex -96.3801 58.7263 2
    endloop
  endfacet
  facet normal 0 0 1
    outer loop
      vertex -95.8263 59.2801 2
      vertex -106 64 2
      vertex -96.1213 59.0213 2
    endloop
  endfacet
  facet normal -0 0 1
    outer loop
      vertex -106 64 2
      vertex -95.8263 59.2801 2
      vertex -99 71 2
    endloop
  endfacet
  facet normal 0 0 1
    outer loop
      vertex -95.5 59.4981 2
      vertex -99 71 2
      vertex -95.8263 59.2801 2
    endloop
  endfacet
  facet normal 0 0 1
    outer loop
      vertex -95.1481 59.6716 2
      vertex -99 71 2
      vertex -95.5 59.4981 2
    endloop
  endfacet
  facet normal 0 0 1
    outer loop
      vertex -94.7765 59.7978 2
      vertex -99 71 2
      vertex -95.1481 59.6716 2
    endloop
  endfacet
  facet normal 0 0 1
    outer loop
      vertex -94.3916 59.8743 2
      vertex -99 71 2
      vertex -94.7765 59.7978 2
    endloop
  endfacet
  facet normal 0 0 1
    outer loop
      vertex -94 59.9 2
      vertex -99 71 2
      vertex -94.3916 59.8743 2
    endloop
  endfacet
  facet normal -0 0 1
    outer loop
      vertex -99 71 2
      vertex -94 59.9 2
      vertex 99 71 2
    endloop
  endfacet
  facet normal 0 0 1
    outer loop
      vertex 106 -64 2
      vertex 99 -71 2
      vertex 105.94 -64.9137 2
    endloop
  endfacet
  facet normal 0 0 1
    outer loop
      vertex 105.94 -64.9137 2
      vertex 99 -71 2
      vertex 105.761 -65.8117 2
    endloop
  endfacet
  facet normal 0 0 1
    outer loop
      vertex 105.761 -65.8117 2
      vertex 99 -71 2
      vertex 105.467 -66.6788 2
    endloop
  endfacet
  facet normal 0 0 1
    outer loop
      vertex 105.467 -66.6788 2
      vertex 99 -71 2
      vertex 105.062 -67.5 2
    endloop
  endfacet
  facet normal 0 0 1
    outer loop
      vertex 105.062 -67.5 2
      vertex 99 -71 2
      vertex 104.553 -68.2613 2
    endloop
  endfacet
  facet normal 0 0 1
    outer loop
      vertex 104.553 -68.2613 2
      vertex 99 -71 2
      vertex 103.95 -68.9498 2
    endloop
  endfacet
  facet normal 0 0 1
    outer loop
      vertex 103.261 -69.5535 2
      vertex 99 -71 2
      vertex 102.5 -70.0622 2
    endloop
  endfacet
  facet normal 0 0 1
    outer loop
      vertex 102.5 -70.0622 2
      vertex 99 -71 2
      vertex 101.679 -70.4672 2
    endloop
  endfacet
  facet normal 0 0 1
    outer loop
      vertex 101.679 -70.4672 2
      vertex 99 -71 2
      vertex 100.812 -70.7615 2
    endloop
  endfacet
  facet normal 0 0 1
    outer loop
      vertex 100.812 -70.7615 2
      vertex 99 -71 2
      vertex 99.9137 -70.9401 2
    endloop
  endfacet
  facet normal 0 0 1
    outer loop
      vertex 103.95 -68.9498 2
      vertex 99 -71 2
      vertex 103.261 -69.5535 2
    endloop
  endfacet
  facet normal -0 0 1
    outer loop
      vertex 94.3916 -51.8743 2
      vertex 99 -71 2
      vertex 94.7765 -51.7978 2
    endloop
  endfacet
  facet normal -0 0 1
    outer loop
      vertex 94 -51.9 2
      vertex 99 -71 2
      vertex 94.3916 -51.8743 2
    endloop
  endfacet
  facet normal -0 0 1
    outer loop
      vertex -94 -51.9 2
      vertex 99 -71 2
      vertex 94 -51.9 2
    endloop
  endfacet
  facet normal 0 0 1
    outer loop
      vertex -99 -71 2
      vertex -94 -51.9 2
      vertex -94.3916 -51.8743 2
    endloop
  endfacet
  facet normal 0 0 1
    outer loop
      vertex -94 -51.9 2
      vertex -99 -71 2
      vertex 99 -71 2
    endloop
  endfacet
  facet normal 0 0 1
    outer loop
      vertex -94.7765 -51.7978 2
      vertex -99 -71 2
      vertex -94.3916 -51.8743 2
    endloop
  endfacet
  facet normal 0 0 1
    outer loop
      vertex -106 -64 2
      vertex -94.7765 -51.7978 2
      vertex -95.1481 -51.6716 2
    endloop
  endfacet
  facet normal 0 0 1
    outer loop
      vertex -106 -64 2
      vertex -95.1481 -51.6716 2
      vertex -95.5 -51.4981 2
    endloop
  endfacet
  facet normal 0 0 1
    outer loop
      vertex -106 -64 2
      vertex -95.5 -51.4981 2
      vertex -95.8263 -51.2801 2
    endloop
  endfacet
  facet normal 0 0 1
    outer loop
      vertex -106 -64 2
      vertex -95.8263 -51.2801 2
      vertex -96.1213 -51.0213 2
    endloop
  endfacet
  facet normal 0 0 1
    outer loop
      vertex -106 -64 2
      vertex -96.1213 -51.0213 2
      vertex -96.3801 -50.7263 2
    endloop
  endfacet
  facet normal 0 0 1
    outer loop
      vertex -106 -64 2
      vertex -96.3801 -50.7263 2
      vertex -96.5981 -50.4 2
    endloop
  endfacet
  facet normal 0 0 1
    outer loop
      vertex -106 -64 2
      vertex -96.5981 -50.4 2
      vertex -96.7716 -50.048 2
    endloop
  endfacet
  facet normal 0 0 1
    outer loop
      vertex -106 -64 2
      vertex -96.7716 -50.048 2
      vertex -96.8978 -49.6765 2
    endloop
  endfacet
  facet normal 0 0 1
    outer loop
      vertex -106 -64 2
      vertex -96.8978 -49.6765 2
      vertex -96.9743 -49.2916 2
    endloop
  endfacet
  facet normal 0 0 1
    outer loop
      vertex -106 -64 2
      vertex -96.9743 -49.2916 2
      vertex -97 -48.9 2
    endloop
  endfacet
  facet normal 0 0 1
    outer loop
      vertex -97 56.9 2
      vertex -106 64 2
      vertex -97 -48.9 2
    endloop
  endfacet
  facet normal 0 0 1
    outer loop
      vertex -106 64 2
      vertex -99 71 2
      vertex -99.9137 70.9401 2
    endloop
  endfacet
  facet normal 0 0 1
    outer loop
      vertex -106 -64 2
      vertex -97 -48.9 2
      vertex -106 64 2
    endloop
  endfacet
  facet normal 0 0 1
    outer loop
      vertex -106 64 2
      vertex -99.9137 70.9401 2
      vertex -100.812 70.7615 2
    endloop
  endfacet
  facet normal 0 0 1
    outer loop
      vertex -94.7765 -51.7978 2
      vertex -106 -64 2
      vertex -99 -71 2
    endloop
  endfacet
  facet normal 0 0 1
    outer loop
      vertex -106 64 2
      vertex -100.812 70.7615 2
      vertex -101.679 70.4672 2
    endloop
  endfacet
  facet normal 0 0 1
    outer loop
      vertex -99 -71 2
      vertex -106 -64 2
      vertex -99.9137 -70.9401 2
    endloop
  endfacet
  facet normal 0 0 1
    outer loop
      vertex -106 64 2
      vertex -101.679 70.4672 2
      vertex -102.5 70.0622 2
    endloop
  endfacet
  facet normal 0 0 1
    outer loop
      vertex -99.9137 -70.9401 2
      vertex -106 -64 2
      vertex -100.812 -70.7615 2
    endloop
  endfacet
  facet normal 0 0 1
    outer loop
      vertex -106 64 2
      vertex -102.5 70.0622 2
      vertex -103.261 69.5535 2
    endloop
  endfacet
  facet normal 0 0 1
    outer loop
      vertex -100.812 -70.7615 2
      vertex -106 -64 2
      vertex -101.679 -70.4672 2
    endloop
  endfacet
  facet normal 0 0 1
    outer loop
      vertex -106 64 2
      vertex -103.261 69.5535 2
      vertex -103.95 68.9498 2
    endloop
  endfacet
  facet normal 0 0 1
    outer loop
      vertex -101.679 -70.4672 2
      vertex -106 -64 2
      vertex -102.5 -70.0622 2
    endloop
  endfacet
  facet normal 0 0 1
    outer loop
      vertex -106 64 2
      vertex -103.95 68.9498 2
      vertex -104.553 68.2613 2
    endloop
  endfacet
  facet normal 0 0 1
    outer loop
      vertex -102.5 -70.0622 2
      vertex -106 -64 2
      vertex -103.261 -69.5535 2
    endloop
  endfacet
  facet normal 0 0 1
    outer loop
      vertex -106 64 2
      vertex -104.553 68.2613 2
      vertex -105.062 67.5 2
    endloop
  endfacet
  facet normal 0 0 1
    outer loop
      vertex -103.261 -69.5535 2
      vertex -106 -64 2
      vertex -103.95 -68.9498 2
    endloop
  endfacet
  facet normal 0 0 1
    outer loop
      vertex -106 64 2
      vertex -105.062 67.5 2
      vertex -105.467 66.6788 2
    endloop
  endfacet
  facet normal 0 0 1
    outer loop
      vertex -103.95 -68.9498 2
      vertex -106 -64 2
      vertex -104.553 -68.2613 2
    endloop
  endfacet
  facet normal 0 0 1
    outer loop
      vertex -106 64 2
      vertex -105.467 66.6788 2
      vertex -105.761 65.8117 2
    endloop
  endfacet
  facet normal 0 0 1
    outer loop
      vertex -104.553 -68.2613 2
      vertex -106 -64 2
      vertex -105.062 -67.5 2
    endloop
  endfacet
  facet normal 0 0 1
    outer loop
      vertex -106 64 2
      vertex -105.761 65.8117 2
      vertex -105.94 64.9137 2
    endloop
  endfacet
  facet normal 0 0 1
    outer loop
      vertex -105.062 -67.5 2
      vertex -106 -64 2
      vertex -105.467 -66.6788 2
    endloop
  endfacet
  facet normal 0 0 1
    outer loop
      vertex -105.467 -66.6788 2
      vertex -106 -64 2
      vertex -105.761 -65.8117 2
    endloop
  endfacet
  facet normal 0 0 1
    outer loop
      vertex -105.761 -65.8117 2
      vertex -106 -64 2
      vertex -105.94 -64.9137 2
    endloop
  endfacet
  facet normal -0.997851 -0.0655259 0
    outer loop
      vertex -105.94 -64.9137 0
      vertex -106 -64 2
      vertex -106 -64 0
    endloop
  endfacet
  facet normal -0.997851 -0.0655259 0
    outer loop
      vertex -106 -64 2
      vertex -105.94 -64.9137 0
      vertex -105.94 -64.9137 2
    endloop
  endfacet
  facet normal 0 1 -0
    outer loop
      vertex 99 71 0
      vertex -99 71 2
      vertex 99 71 2
    endloop
  endfacet
  facet normal 0 1 0
    outer loop
      vertex -99 71 2
      vertex 99 71 0
      vertex -99 71 0
    endloop
  endfacet
  facet normal 0.195003 -0.980803 0
    outer loop
      vertex 99.9137 -70.9401 0
      vertex 100.812 -70.7615 2
      vertex 99.9137 -70.9401 2
    endloop
  endfacet
  facet normal 0.195003 -0.980803 0
    outer loop
      vertex 100.812 -70.7615 2
      vertex 99.9137 -70.9401 0
      vertex 100.812 -70.7615 0
    endloop
  endfacet
  facet normal -0.555733 -0.831361 0
    outer loop
      vertex -103.261 -69.5535 0
      vertex -102.5 -70.0622 2
      vertex -103.261 -69.5535 2
    endloop
  endfacet
  facet normal -0.555733 -0.831361 -0
    outer loop
      vertex -102.5 -70.0622 2
      vertex -103.261 -69.5535 0
      vertex -102.5 -70.0622 0
    endloop
  endfacet
  facet normal -0.997851 0.0655259 0
    outer loop
      vertex -106 64 0
      vertex -105.94 64.9137 2
      vertex -105.94 64.9137 0
    endloop
  endfacet
  facet normal -0.997851 0.0655259 0
    outer loop
      vertex -105.94 64.9137 2
      vertex -106 64 0
      vertex -106 64 2
    endloop
  endfacet
  facet normal -1 0 0
    outer loop
      vertex -106 -64 0
      vertex -106 64 2
      vertex -106 64 0
    endloop
  endfacet
  facet normal -1 -0 0
    outer loop
      vertex -106 64 2
      vertex -106 -64 0
      vertex -106 -64 2
    endloop
  endfacet
  facet normal -0.89686 -0.442314 0
    outer loop
      vertex -105.062 -67.5 0
      vertex -105.467 -66.6788 2
      vertex -105.467 -66.6788 0
    endloop
  endfacet
  facet normal -0.89686 -0.442314 0
    outer loop
      vertex -105.467 -66.6788 2
      vertex -105.062 -67.5 0
      vertex -105.062 -67.5 2
    endloop
  endfacet
  facet normal -0.0654172 0.997858 0
    outer loop
      vertex -99 71 0
      vertex -99.9137 70.9401 2
      vertex -99 71 2
    endloop
  endfacet
  facet normal -0.0654172 0.997858 0
    outer loop
      vertex -99.9137 70.9401 2
      vertex -99 71 0
      vertex -99.9137 70.9401 0
    endloop
  endfacet
  facet normal 0.0654172 -0.997858 0
    outer loop
      vertex 99 -71 0
      vertex 99.9137 -70.9401 2
      vertex 99 -71 2
    endloop
  endfacet
  facet normal 0.0654172 -0.997858 0
    outer loop
      vertex 99.9137 -70.9401 2
      vertex 99 -71 0
      vertex 99.9137 -70.9401 0
    endloop
  endfacet
  facet normal -0.0654172 -0.997858 0
    outer loop
      vertex -99.9137 -70.9401 0
      vertex -99 -71 2
      vertex -99.9137 -70.9401 2
    endloop
  endfacet
  facet normal -0.0654172 -0.997858 -0
    outer loop
      vertex -99 -71 2
      vertex -99.9137 -70.9401 0
      vertex -99 -71 0
    endloop
  endfacet
  facet normal 0.659015 0.75213 -0
    outer loop
      vertex 103.95 68.9498 0
      vertex 103.261 69.5535 2
      vertex 103.95 68.9498 2
    endloop
  endfacet
  facet normal 0.659015 0.75213 0
    outer loop
      vertex 103.261 69.5535 2
      vertex 103.95 68.9498 0
      vertex 103.261 69.5535 0
    endloop
  endfacet
  facet normal 0.997851 -0.0655259 0
    outer loop
      vertex 105.94 -64.9137 2
      vertex 106 -64 0
      vertex 106 -64 2
    endloop
  endfacet
  facet normal 0.997851 -0.0655259 0
    outer loop
      vertex 106 -64 0
      vertex 105.94 -64.9137 2
      vertex 105.94 -64.9137 0
    endloop
  endfacet
  facet normal -0.83131 0.555808 0
    outer loop
      vertex -105.062 67.5 0
      vertex -104.553 68.2613 2
      vertex -104.553 68.2613 0
    endloop
  endfacet
  facet normal -0.83131 0.555808 0
    outer loop
      vertex -104.553 68.2613 2
      vertex -105.062 67.5 0
      vertex -105.062 67.5 2
    endloop
  endfacet
  facet normal 0 0 -1
    outer loop
      vertex 99 -71 0
      vertex 106 -64 0
      vertex 105.94 -64.9137 0
    endloop
  endfacet
  facet normal 0 0 -1
    outer loop
      vertex 106 -64 0
      vertex 97 -48.9 0
      vertex 106 64 0
    endloop
  endfacet
  facet normal 0 0 -1
    outer loop
      vertex 99 -71 0
      vertex 105.94 -64.9137 0
      vertex 105.761 -65.8117 0
    endloop
  endfacet
  facet normal 0 0 -1
    outer loop
      vertex 97 56.9 0
      vertex 106 64 0
      vertex 97 -48.9 0
    endloop
  endfacet
  facet normal 0 0 -1
    outer loop
      vertex 99 -71 0
      vertex 105.761 -65.8117 0
      vertex 105.467 -66.6788 0
    endloop
  endfacet
  facet normal 0 0 -1
    outer loop
      vertex 96.9743 57.2916 0
      vertex 106 64 0
      vertex 97 56.9 0
    endloop
  endfacet
  facet normal 0 0 -1
    outer loop
      vertex 99 -71 0
      vertex 105.467 -66.6788 0
      vertex 105.062 -67.5 0
    endloop
  endfacet
  facet normal 0 0 -1
    outer loop
      vertex 96.8978 57.6765 0
      vertex 106 64 0
      vertex 96.9743 57.2916 0
    endloop
  endfacet
  facet normal 0 0 -1
    outer loop
      vertex 99 -71 0
      vertex 105.062 -67.5 0
      vertex 104.553 -68.2613 0
    endloop
  endfacet
  facet normal 0 0 -1
    outer loop
      vertex 96.7716 58.048 0
      vertex 106 64 0
      vertex 96.8978 57.6765 0
    endloop
  endfacet
  facet normal 0 0 -1
    outer loop
      vertex 99 -71 0
      vertex 104.553 -68.2613 0
      vertex 103.95 -68.9498 0
    endloop
  endfacet
  facet normal 0 0 -1
    outer loop
      vertex 96.5981 58.4 0
      vertex 106 64 0
      vertex 96.7716 58.048 0
    endloop
  endfacet
  facet normal 0 0 -1
    outer loop
      vertex 99 -71 0
      vertex 103.95 -68.9498 0
      vertex 103.261 -69.5535 0
    endloop
  endfacet
  facet normal 0 0 -1
    outer loop
      vertex 96.3801 58.7263 0
      vertex 106 64 0
      vertex 96.5981 58.4 0
    endloop
  endfacet
  facet normal 0 0 -1
    outer loop
      vertex 99 -71 0
      vertex 103.261 -69.5535 0
      vertex 102.5 -70.0622 0
    endloop
  endfacet
  facet normal 0 0 -1
    outer loop
      vertex 96.1213 59.0213 0
      vertex 106 64 0
      vertex 96.3801 58.7263 0
    endloop
  endfacet
  facet normal 0 0 -1
    outer loop
      vertex 99 -71 0
      vertex 102.5 -70.0622 0
      vertex 101.679 -70.4672 0
    endloop
  endfacet
  facet normal 0 0 -1
    outer loop
      vertex 95.8263 59.2801 0
      vertex 106 64 0
      vertex 96.1213 59.0213 0
    endloop
  endfacet
  facet normal 0 0 -1
    outer loop
      vertex 99 -71 0
      vertex 101.679 -70.4672 0
      vertex 100.812 -70.7615 0
    endloop
  endfacet
  facet normal -0 0 -1
    outer loop
      vertex 106 64 0
      vertex 95.8263 59.2801 0
      vertex 105.94 64.9137 0
    endloop
  endfacet
  facet normal 0 0 -1
    outer loop
      vertex 99 -71 0
      vertex 100.812 -70.7615 0
      vertex 99.9137 -70.9401 0
    endloop
  endfacet
  facet normal -0 0 -1
    outer loop
      vertex 105.94 64.9137 0
      vertex 95.8263 59.2801 0
      vertex 105.761 65.8117 0
    endloop
  endfacet
  facet normal -0 0 -1
    outer loop
      vertex 106 -64 0
      vertex 99 -71 0
      vertex 94.7765 -51.7978 0
    endloop
  endfacet
  facet normal -0 0 -1
    outer loop
      vertex 105.761 65.8117 0
      vertex 95.8263 59.2801 0
      vertex 105.467 66.6788 0
    endloop
  endfacet
  facet normal -0 0 -1
    outer loop
      vertex 105.467 66.6788 0
      vertex 95.8263 59.2801 0
      vertex 105.062 67.5 0
    endloop
  endfacet
  facet normal 0 0 -1
    outer loop
      vertex 106 -64 0
      vertex 96.9743 -49.2916 0
      vertex 97 -48.9 0
    endloop
  endfacet
  facet normal 0 0 -1
    outer loop
      vertex 106 -64 0
      vertex 96.8978 -49.6765 0
      vertex 96.9743 -49.2916 0
    endloop
  endfacet
  facet normal 0 0 -1
    outer loop
      vertex 106 -64 0
      vertex 96.7716 -50.048 0
      vertex 96.8978 -49.6765 0
    endloop
  endfacet
  facet normal 0 0 -1
    outer loop
      vertex 106 -64 0
      vertex 96.5981 -50.4 0
      vertex 96.7716 -50.048 0
    endloop
  endfacet
  facet normal 0 0 -1
    outer loop
      vertex 106 -64 0
      vertex 96.3801 -50.7263 0
      vertex 96.5981 -50.4 0
    endloop
  endfacet
  facet normal 0 0 -1
    outer loop
      vertex 106 -64 0
      vertex 96.1213 -51.0213 0
      vertex 96.3801 -50.7263 0
    endloop
  endfacet
  facet normal 0 0 -1
    outer loop
      vertex 106 -64 0
      vertex 95.8263 -51.2801 0
      vertex 96.1213 -51.0213 0
    endloop
  endfacet
  facet normal 0 0 -1
    outer loop
      vertex 106 -64 0
      vertex 95.5 -51.4981 0
      vertex 95.8263 -51.2801 0
    endloop
  endfacet
  facet normal 0 0 -1
    outer loop
      vertex 106 -64 0
      vertex 95.1481 -51.6716 0
      vertex 95.5 -51.4981 0
    endloop
  endfacet
  facet normal 0 0 -1
    outer loop
      vertex 106 -64 0
      vertex 94.7765 -51.7978 0
      vertex 95.1481 -51.6716 0
    endloop
  endfacet
  facet normal 0 0 -1
    outer loop
      vertex 99 -71 0
      vertex 94.3916 -51.8743 0
      vertex 94.7765 -51.7978 0
    endloop
  endfacet
  facet normal 0 0 -1
    outer loop
      vertex 99 -71 0
      vertex 94 -51.9 0
      vertex 94.3916 -51.8743 0
    endloop
  endfacet
  facet normal 0 0 -1
    outer loop
      vertex 99 -71 0
      vertex -94 -51.9 0
      vertex 94 -51.9 0
    endloop
  endfacet
  facet normal 0 0 -1
    outer loop
      vertex -99 -71 0
      vertex -94 -51.9 0
      vertex 99 -71 0
    endloop
  endfacet
  facet normal -0 0 -1
    outer loop
      vertex -96.9743 -49.2916 0
      vertex -106 -64 0
      vertex -97 -48.9 0
    endloop
  endfacet
  facet normal -0 0 -1
    outer loop
      vertex -96.8978 -49.6765 0
      vertex -106 -64 0
      vertex -96.9743 -49.2916 0
    endloop
  endfacet
  facet normal -0 0 -1
    outer loop
      vertex -96.7716 -50.048 0
      vertex -106 -64 0
      vertex -96.8978 -49.6765 0
    endloop
  endfacet
  facet normal -0 0 -1
    outer loop
      vertex -96.5981 -50.4 0
      vertex -106 -64 0
      vertex -96.7716 -50.048 0
    endloop
  endfacet
  facet normal -0 0 -1
    outer loop
      vertex -96.3801 -50.7263 0
      vertex -106 -64 0
      vertex -96.5981 -50.4 0
    endloop
  endfacet
  facet normal -0 0 -1
    outer loop
      vertex -96.1213 -51.0213 0
      vertex -106 -64 0
      vertex -96.3801 -50.7263 0
    endloop
  endfacet
  facet normal -0 0 -1
    outer loop
      vertex -95.8263 -51.2801 0
      vertex -106 -64 0
      vertex -96.1213 -51.0213 0
    endloop
  endfacet
  facet normal -0 0 -1
    outer loop
      vertex -95.5 -51.4981 0
      vertex -106 -64 0
      vertex -95.8263 -51.2801 0
    endloop
  endfacet
  facet normal -0 0 -1
    outer loop
      vertex -95.1481 -51.6716 0
      vertex -106 -64 0
      vertex -95.5 -51.4981 0
    endloop
  endfacet
  facet normal -0 0 -1
    outer loop
      vertex -94.7765 -51.7978 0
      vertex -106 -64 0
      vertex -95.1481 -51.6716 0
    endloop
  endfacet
  facet normal 0 0 -1
    outer loop
      vertex -106 -64 0
      vertex -94.7765 -51.7978 0
      vertex -99 -71 0
    endloop
  endfacet
  facet normal -0 0 -1
    outer loop
      vertex -94.3916 -51.8743 0
      vertex -99 -71 0
      vertex -94.7765 -51.7978 0
    endloop
  endfacet
  facet normal -0 0 -1
    outer loop
      vertex -94 -51.9 0
      vertex -99 -71 0
      vertex -94.3916 -51.8743 0
    endloop
  endfacet
  facet normal -0 0 -1
    outer loop
      vertex 105.062 67.5 0
      vertex 95.8263 59.2801 0
      vertex 104.553 68.2613 0
    endloop
  endfacet
  facet normal -0 0 -1
    outer loop
      vertex 104.553 68.2613 0
      vertex 95.8263 59.2801 0
      vertex 103.95 68.9498 0
    endloop
  endfacet
  facet normal -0 0 -1
    outer loop
      vertex 103.95 68.9498 0
      vertex 95.8263 59.2801 0
      vertex 103.261 69.5535 0
    endloop
  endfacet
  facet normal -0 0 -1
    outer loop
      vertex 103.261 69.5535 0
      vertex 95.8263 59.2801 0
      vertex 102.5 70.0622 0
    endloop
  endfacet
  facet normal -0 0 -1
    outer loop
      vertex 102.5 70.0622 0
      vertex 95.8263 59.2801 0
      vertex 101.679 70.4672 0
    endloop
  endfacet
  facet normal -0 0 -1
    outer loop
      vertex 101.679 70.4672 0
      vertex 95.8263 59.2801 0
      vertex 100.812 70.7615 0
    endloop
  endfacet
  facet normal -0 0 -1
    outer loop
      vertex 100.812 70.7615 0
      vertex 95.8263 59.2801 0
      vertex 99.9137 70.9401 0
    endloop
  endfacet
  facet normal 0 0 -1
    outer loop
      vertex 95.5 59.4981 0
      vertex 99.9137 70.9401 0
      vertex 95.8263 59.2801 0
    endloop
  endfacet
  facet normal -0 0 -1
    outer loop
      vertex 99.9137 70.9401 0
      vertex 95.5 59.4981 0
      vertex 99 71 0
    endloop
  endfacet
  facet normal 0 0 -1
    outer loop
      vertex 95.1481 59.6716 0
      vertex 99 71 0
      vertex 95.5 59.4981 0
    endloop
  endfacet
  facet normal 0 0 -1
    outer loop
      vertex 94.7765 59.7978 0
      vertex 99 71 0
      vertex 95.1481 59.6716 0
    endloop
  endfacet
  facet normal 0 0 -1
    outer loop
      vertex 94.3916 59.8743 0
      vertex 99 71 0
      vertex 94.7765 59.7978 0
    endloop
  endfacet
  facet normal 0 0 -1
    outer loop
      vertex 94 59.9 0
      vertex 99 71 0
      vertex 94.3916 59.8743 0
    endloop
  endfacet
  facet normal 0 0 -1
    outer loop
      vertex -94 59.9 0
      vertex 99 71 0
      vertex 94 59.9 0
    endloop
  endfacet
  facet normal 0 0 -1
    outer loop
      vertex -94 59.9 0
      vertex -99 71 0
      vertex 99 71 0
    endloop
  endfacet
  facet normal 0 0 -1
    outer loop
      vertex -94.3916 59.8743 0
      vertex -99 71 0
      vertex -94 59.9 0
    endloop
  endfacet
  facet normal 0 0 -1
    outer loop
      vertex -94.7765 59.7978 0
      vertex -99 71 0
      vertex -94.3916 59.8743 0
    endloop
  endfacet
  facet normal 0 0 -1
    outer loop
      vertex -95.1481 59.6716 0
      vertex -99 71 0
      vertex -94.7765 59.7978 0
    endloop
  endfacet
  facet normal 0 0 -1
    outer loop
      vertex -95.5 59.4981 0
      vertex -99 71 0
      vertex -95.1481 59.6716 0
    endloop
  endfacet
  facet normal 0 0 -1
    outer loop
      vertex -99.9137 70.9401 0
      vertex -95.5 59.4981 0
      vertex -95.8263 59.2801 0
    endloop
  endfacet
  facet normal 0 0 -1
    outer loop
      vertex -106 64 0
      vertex -95.8263 59.2801 0
      vertex -96.1213 59.0213 0
    endloop
  endfacet
  facet normal 0 0 -1
    outer loop
      vertex -106 64 0
      vertex -96.1213 59.0213 0
      vertex -96.3801 58.7263 0
    endloop
  endfacet
  facet normal 0 0 -1
    outer loop
      vertex -106 64 0
      vertex -96.3801 58.7263 0
      vertex -96.5981 58.4 0
    endloop
  endfacet
  facet normal 0 0 -1
    outer loop
      vertex -106 64 0
      vertex -96.5981 58.4 0
      vertex -96.7716 58.048 0
    endloop
  endfacet
  facet normal 0 0 -1
    outer loop
      vertex -106 64 0
      vertex -96.7716 58.048 0
      vertex -96.8978 57.6765 0
    endloop
  endfacet
  facet normal 0 0 -1
    outer loop
      vertex -106 64 0
      vertex -96.8978 57.6765 0
      vertex -96.9743 57.2916 0
    endloop
  endfacet
  facet normal 0 0 -1
    outer loop
      vertex -106 64 0
      vertex -96.9743 57.2916 0
      vertex -97 56.9 0
    endloop
  endfacet
  facet normal 0 0 -1
    outer loop
      vertex -106 64 0
      vertex -97 -48.9 0
      vertex -106 -64 0
    endloop
  endfacet
  facet normal 0 0 -1
    outer loop
      vertex -106 -64 0
      vertex -99 -71 0
      vertex -99.9137 -70.9401 0
    endloop
  endfacet
  facet normal 0 0 -1
    outer loop
      vertex -97 -48.9 0
      vertex -106 64 0
      vertex -97 56.9 0
    endloop
  endfacet
  facet normal 0 0 -1
    outer loop
      vertex -106 -64 0
      vertex -99.9137 -70.9401 0
      vertex -100.812 -70.7615 0
    endloop
  endfacet
  facet normal 0 0 -1
    outer loop
      vertex -95.8263 59.2801 0
      vertex -106 64 0
      vertex -105.94 64.9137 0
    endloop
  endfacet
  facet normal 0 0 -1
    outer loop
      vertex -106 -64 0
      vertex -100.812 -70.7615 0
      vertex -101.679 -70.4672 0
    endloop
  endfacet
  facet normal 0 0 -1
    outer loop
      vertex -95.5 59.4981 0
      vertex -99.9137 70.9401 0
      vertex -99 71 0
    endloop
  endfacet
  facet normal 0 0 -1
    outer loop
      vertex -106 -64 0
      vertex -101.679 -70.4672 0
      vertex -102.5 -70.0622 0
    endloop
  endfacet
  facet normal 0 0 -1
    outer loop
      vertex -95.8263 59.2801 0
      vertex -100.812 70.7615 0
      vertex -99.9137 70.9401 0
    endloop
  endfacet
  facet normal 0 0 -1
    outer loop
      vertex -106 -64 0
      vertex -102.5 -70.0622 0
      vertex -103.261 -69.5535 0
    endloop
  endfacet
  facet normal 0 0 -1
    outer loop
      vertex -95.8263 59.2801 0
      vertex -101.679 70.4672 0
      vertex -100.812 70.7615 0
    endloop
  endfacet
  facet normal 0 0 -1
    outer loop
      vertex -106 -64 0
      vertex -103.261 -69.5535 0
      vertex -103.95 -68.9498 0
    endloop
  endfacet
  facet normal 0 0 -1
    outer loop
      vertex -95.8263 59.2801 0
      vertex -102.5 70.0622 0
      vertex -101.679 70.4672 0
    endloop
  endfacet
  facet normal 0 0 -1
    outer loop
      vertex -106 -64 0
      vertex -103.95 -68.9498 0
      vertex -104.553 -68.2613 0
    endloop
  endfacet
  facet normal 0 0 -1
    outer loop
      vertex -95.8263 59.2801 0
      vertex -103.261 69.5535 0
      vertex -102.5 70.0622 0
    endloop
  endfacet
  facet normal 0 0 -1
    outer loop
      vertex -106 -64 0
      vertex -104.553 -68.2613 0
      vertex -105.062 -67.5 0
    endloop
  endfacet
  facet normal 0 0 -1
    outer loop
      vertex -95.8263 59.2801 0
      vertex -103.95 68.9498 0
      vertex -103.261 69.5535 0
    endloop
  endfacet
  facet normal 0 0 -1
    outer loop
      vertex -106 -64 0
      vertex -105.062 -67.5 0
      vertex -105.467 -66.6788 0
    endloop
  endfacet
  facet normal 0 0 -1
    outer loop
      vertex -95.8263 59.2801 0
      vertex -104.553 68.2613 0
      vertex -103.95 68.9498 0
    endloop
  endfacet
  facet normal 0 0 -1
    outer loop
      vertex -106 -64 0
      vertex -105.467 -66.6788 0
      vertex -105.761 -65.8117 0
    endloop
  endfacet
  facet normal 0 0 -1
    outer loop
      vertex -95.8263 59.2801 0
      vertex -105.062 67.5 0
      vertex -104.553 68.2613 0
    endloop
  endfacet
  facet normal 0 0 -1
    outer loop
      vertex -106 -64 0
      vertex -105.761 -65.8117 0
      vertex -105.94 -64.9137 0
    endloop
  endfacet
  facet normal 0 0 -1
    outer loop
      vertex -95.8263 59.2801 0
      vertex -105.467 66.6788 0
      vertex -105.062 67.5 0
    endloop
  endfacet
  facet normal 0 0 -1
    outer loop
      vertex -95.8263 59.2801 0
      vertex -105.761 65.8117 0
      vertex -105.467 66.6788 0
    endloop
  endfacet
  facet normal 0 0 -1
    outer loop
      vertex -95.8263 59.2801 0
      vertex -105.94 64.9137 0
      vertex -105.761 65.8117 0
    endloop
  endfacet
  facet normal -0.752272 -0.658853 0
    outer loop
      vertex -103.95 -68.9498 0
      vertex -104.553 -68.2613 2
      vertex -104.553 -68.2613 0
    endloop
  endfacet
  facet normal -0.752272 -0.658853 0
    outer loop
      vertex -104.553 -68.2613 2
      vertex -103.95 -68.9498 0
      vertex -103.95 -68.9498 2
    endloop
  endfacet
  facet normal -0.321433 0.946932 0
    outer loop
      vertex -100.812 70.7615 0
      vertex -101.679 70.4672 2
      vertex -100.812 70.7615 2
    endloop
  endfacet
  facet normal -0.321433 0.946932 0
    outer loop
      vertex -101.679 70.4672 2
      vertex -100.812 70.7615 0
      vertex -101.679 70.4672 0
    endloop
  endfacet
  facet normal 0.0654172 0.997858 -0
    outer loop
      vertex 99.9137 70.9401 0
      vertex 99 71 2
      vertex 99.9137 70.9401 2
    endloop
  endfacet
  facet normal 0.0654172 0.997858 0
    outer loop
      vertex 99 71 2
      vertex 99.9137 70.9401 0
      vertex 99 71 0
    endloop
  endfacet
  facet normal -0.195003 0.980803 0
    outer loop
      vertex -99.9137 70.9401 0
      vertex -100.812 70.7615 2
      vertex -99.9137 70.9401 2
    endloop
  endfacet
  facet normal -0.195003 0.980803 0
    outer loop
      vertex -100.812 70.7615 2
      vertex -99.9137 70.9401 0
      vertex -100.812 70.7615 0
    endloop
  endfacet
  facet normal 0 -1 0
    outer loop
      vertex -99 -71 0
      vertex 99 -71 2
      vertex -99 -71 2
    endloop
  endfacet
  facet normal 0 -1 -0
    outer loop
      vertex 99 -71 2
      vertex -99 -71 0
      vertex 99 -71 0
    endloop
  endfacet
  facet normal -0.442401 -0.896817 0
    outer loop
      vertex -102.5 -70.0622 0
      vertex -101.679 -70.4672 2
      vertex -102.5 -70.0622 2
    endloop
  endfacet
  facet normal -0.442401 -0.896817 -0
    outer loop
      vertex -101.679 -70.4672 2
      vertex -102.5 -70.0622 0
      vertex -101.679 -70.4672 0
    endloop
  endfacet
  facet normal -0.980706 0.195486 0
    outer loop
      vertex -105.94 64.9137 0
      vertex -105.761 65.8117 2
      vertex -105.761 65.8117 0
    endloop
  endfacet
  facet normal -0.980706 0.195486 0
    outer loop
      vertex -105.761 65.8117 2
      vertex -105.94 64.9137 0
      vertex -105.94 64.9137 2
    endloop
  endfacet
  facet normal -0.947043 0.321106 0
    outer loop
      vertex -105.761 65.8117 0
      vertex -105.467 66.6788 2
      vertex -105.467 66.6788 0
    endloop
  endfacet
  facet normal -0.947043 0.321106 0
    outer loop
      vertex -105.467 66.6788 2
      vertex -105.761 65.8117 0
      vertex -105.761 65.8117 2
    endloop
  endfacet
  facet normal -0.89686 0.442314 0
    outer loop
      vertex -105.467 66.6788 0
      vertex -105.062 67.5 2
      vertex -105.062 67.5 0
    endloop
  endfacet
  facet normal -0.89686 0.442314 0
    outer loop
      vertex -105.062 67.5 2
      vertex -105.467 66.6788 0
      vertex -105.467 66.6788 2
    endloop
  endfacet
  facet normal -0.752272 0.658853 0
    outer loop
      vertex -104.553 68.2613 0
      vertex -103.95 68.9498 2
      vertex -103.95 68.9498 0
    endloop
  endfacet
  facet normal -0.752272 0.658853 0
    outer loop
      vertex -103.95 68.9498 2
      vertex -104.553 68.2613 0
      vertex -104.553 68.2613 2
    endloop
  endfacet
  facet normal -0.659015 0.75213 0
    outer loop
      vertex -103.261 69.5535 0
      vertex -103.95 68.9498 2
      vertex -103.261 69.5535 2
    endloop
  endfacet
  facet normal -0.659015 0.75213 0
    outer loop
      vertex -103.95 68.9498 2
      vertex -103.261 69.5535 0
      vertex -103.95 68.9498 0
    endloop
  endfacet
  facet normal -0.442401 0.896817 0
    outer loop
      vertex -101.679 70.4672 0
      vertex -102.5 70.0622 2
      vertex -101.679 70.4672 2
    endloop
  endfacet
  facet normal -0.442401 0.896817 0
    outer loop
      vertex -102.5 70.0622 2
      vertex -101.679 70.4672 0
      vertex -102.5 70.0622 0
    endloop
  endfacet
  facet normal -0.947043 -0.321106 0
    outer loop
      vertex -105.467 -66.6788 0
      vertex -105.761 -65.8117 2
      vertex -105.761 -65.8117 0
    endloop
  endfacet
  facet normal -0.947043 -0.321106 0
    outer loop
      vertex -105.761 -65.8117 2
      vertex -105.467 -66.6788 0
      vertex -105.467 -66.6788 2
    endloop
  endfacet
  facet normal -0.980706 -0.195486 0
    outer loop
      vertex -105.761 -65.8117 0
      vertex -105.94 -64.9137 2
      vertex -105.94 -64.9137 0
    endloop
  endfacet
  facet normal -0.980706 -0.195486 0
    outer loop
      vertex -105.94 -64.9137 2
      vertex -105.761 -65.8117 0
      vertex -105.761 -65.8117 2
    endloop
  endfacet
  facet normal -0.659015 -0.75213 0
    outer loop
      vertex -103.95 -68.9498 0
      vertex -103.261 -69.5535 2
      vertex -103.95 -68.9498 2
    endloop
  endfacet
  facet normal -0.659015 -0.75213 -0
    outer loop
      vertex -103.261 -69.5535 2
      vertex -103.95 -68.9498 0
      vertex -103.261 -69.5535 0
    endloop
  endfacet
  facet normal -0.321433 -0.946932 0
    outer loop
      vertex -101.679 -70.4672 0
      vertex -100.812 -70.7615 2
      vertex -101.679 -70.4672 2
    endloop
  endfacet
  facet normal -0.321433 -0.946932 -0
    outer loop
      vertex -100.812 -70.7615 2
      vertex -101.679 -70.4672 0
      vertex -100.812 -70.7615 0
    endloop
  endfacet
  facet normal 0.752272 0.658853 0
    outer loop
      vertex 104.553 68.2613 2
      vertex 103.95 68.9498 0
      vertex 103.95 68.9498 2
    endloop
  endfacet
  facet normal 0.752272 0.658853 0
    outer loop
      vertex 103.95 68.9498 0
      vertex 104.553 68.2613 2
      vertex 104.553 68.2613 0
    endloop
  endfacet
  facet normal 0.947043 0.321106 0
    outer loop
      vertex 105.761 65.8117 2
      vertex 105.467 66.6788 0
      vertex 105.467 66.6788 2
    endloop
  endfacet
  facet normal 0.947043 0.321106 0
    outer loop
      vertex 105.467 66.6788 0
      vertex 105.761 65.8117 2
      vertex 105.761 65.8117 0
    endloop
  endfacet
  facet normal 0.442401 0.896817 -0
    outer loop
      vertex 102.5 70.0622 0
      vertex 101.679 70.4672 2
      vertex 102.5 70.0622 2
    endloop
  endfacet
  facet normal 0.442401 0.896817 0
    outer loop
      vertex 101.679 70.4672 2
      vertex 102.5 70.0622 0
      vertex 101.679 70.4672 0
    endloop
  endfacet
  facet normal 0.89686 -0.442314 0
    outer loop
      vertex 105.062 -67.5 2
      vertex 105.467 -66.6788 0
      vertex 105.467 -66.6788 2
    endloop
  endfacet
  facet normal 0.89686 -0.442314 0
    outer loop
      vertex 105.467 -66.6788 0
      vertex 105.062 -67.5 2
      vertex 105.062 -67.5 0
    endloop
  endfacet
  facet normal -0.555733 0.831361 0
    outer loop
      vertex -102.5 70.0622 0
      vertex -103.261 69.5535 2
      vertex -102.5 70.0622 2
    endloop
  endfacet
  facet normal -0.555733 0.831361 0
    outer loop
      vertex -103.261 69.5535 2
      vertex -102.5 70.0622 0
      vertex -103.261 69.5535 0
    endloop
  endfacet
  facet normal -0.83131 -0.555808 0
    outer loop
      vertex -104.553 -68.2613 0
      vertex -105.062 -67.5 2
      vertex -105.062 -67.5 0
    endloop
  endfacet
  facet normal -0.83131 -0.555808 0
    outer loop
      vertex -105.062 -67.5 2
      vertex -104.553 -68.2613 0
      vertex -104.553 -68.2613 2
    endloop
  endfacet
  facet normal -0.195003 -0.980803 0
    outer loop
      vertex -100.812 -70.7615 0
      vertex -99.9137 -70.9401 2
      vertex -100.812 -70.7615 2
    endloop
  endfacet
  facet normal -0.195003 -0.980803 -0
    outer loop
      vertex -99.9137 -70.9401 2
      vertex -100.812 -70.7615 0
      vertex -99.9137 -70.9401 0
    endloop
  endfacet
  facet normal 0.555733 0.831361 -0
    outer loop
      vertex 103.261 69.5535 0
      vertex 102.5 70.0622 2
      vertex 103.261 69.5535 2
    endloop
  endfacet
  facet normal 0.555733 0.831361 0
    outer loop
      vertex 102.5 70.0622 2
      vertex 103.261 69.5535 0
      vertex 102.5 70.0622 0
    endloop
  endfacet
  facet normal 0.195003 0.980803 -0
    outer loop
      vertex 100.812 70.7615 0
      vertex 99.9137 70.9401 2
      vertex 100.812 70.7615 2
    endloop
  endfacet
  facet normal 0.195003 0.980803 0
    outer loop
      vertex 99.9137 70.9401 2
      vertex 100.812 70.7615 0
      vertex 99.9137 70.9401 0
    endloop
  endfacet
  facet normal 0.321433 0.946932 -0
    outer loop
      vertex 101.679 70.4672 0
      vertex 100.812 70.7615 2
      vertex 101.679 70.4672 2
    endloop
  endfacet
  facet normal 0.321433 0.946932 0
    outer loop
      vertex 100.812 70.7615 2
      vertex 101.679 70.4672 0
      vertex 100.812 70.7615 0
    endloop
  endfacet
  facet normal 0.980706 -0.195486 0
    outer loop
      vertex 105.761 -65.8117 2
      vertex 105.94 -64.9137 0
      vertex 105.94 -64.9137 2
    endloop
  endfacet
  facet normal 0.980706 -0.195486 0
    outer loop
      vertex 105.94 -64.9137 0
      vertex 105.761 -65.8117 2
      vertex 105.761 -65.8117 0
    endloop
  endfacet
  facet normal 0.947043 -0.321106 0
    outer loop
      vertex 105.467 -66.6788 2
      vertex 105.761 -65.8117 0
      vertex 105.761 -65.8117 2
    endloop
  endfacet
  facet normal 0.947043 -0.321106 0
    outer loop
      vertex 105.761 -65.8117 0
      vertex 105.467 -66.6788 2
      vertex 105.467 -66.6788 0
    endloop
  endfacet
  facet normal 0.83131 -0.555808 0
    outer loop
      vertex 104.553 -68.2613 2
      vertex 105.062 -67.5 0
      vertex 105.062 -67.5 2
    endloop
  endfacet
  facet normal 0.83131 -0.555808 0
    outer loop
      vertex 105.062 -67.5 0
      vertex 104.553 -68.2613 2
      vertex 104.553 -68.2613 0
    endloop
  endfacet
  facet normal 0.980706 0.195486 0
    outer loop
      vertex 105.94 64.9137 2
      vertex 105.761 65.8117 0
      vertex 105.761 65.8117 2
    endloop
  endfacet
  facet normal 0.980706 0.195486 0
    outer loop
      vertex 105.761 65.8117 0
      vertex 105.94 64.9137 2
      vertex 105.94 64.9137 0
    endloop
  endfacet
  facet normal 0.997851 0.0655259 0
    outer loop
      vertex 106 64 2
      vertex 105.94 64.9137 0
      vertex 105.94 64.9137 2
    endloop
  endfacet
  facet normal 0.997851 0.0655259 0
    outer loop
      vertex 105.94 64.9137 0
      vertex 106 64 2
      vertex 106 64 0
    endloop
  endfacet
  facet normal 0.89686 0.442314 0
    outer loop
      vertex 105.467 66.6788 2
      vertex 105.062 67.5 0
      vertex 105.062 67.5 2
    endloop
  endfacet
  facet normal 0.89686 0.442314 0
    outer loop
      vertex 105.062 67.5 0
      vertex 105.467 66.6788 2
      vertex 105.467 66.6788 0
    endloop
  endfacet
  facet normal 0.83131 0.555808 0
    outer loop
      vertex 105.062 67.5 2
      vertex 104.553 68.2613 0
      vertex 104.553 68.2613 2
    endloop
  endfacet
  facet normal 0.83131 0.555808 0
    outer loop
      vertex 104.553 68.2613 0
      vertex 105.062 67.5 2
      vertex 105.062 67.5 0
    endloop
  endfacet
  facet normal 0.752272 -0.658853 0
    outer loop
      vertex 103.95 -68.9498 2
      vertex 104.553 -68.2613 0
      vertex 104.553 -68.2613 2
    endloop
  endfacet
  facet normal 0.752272 -0.658853 0
    outer loop
      vertex 104.553 -68.2613 0
      vertex 103.95 -68.9498 2
      vertex 103.95 -68.9498 0
    endloop
  endfacet
  facet normal 0.659015 -0.75213 0
    outer loop
      vertex 103.261 -69.5535 0
      vertex 103.95 -68.9498 2
      vertex 103.261 -69.5535 2
    endloop
  endfacet
  facet normal 0.659015 -0.75213 0
    outer loop
      vertex 103.95 -68.9498 2
      vertex 103.261 -69.5535 0
      vertex 103.95 -68.9498 0
    endloop
  endfacet
  facet normal -0.321574 0.946885 0
    outer loop
      vertex 95.1481 -51.6716 0
      vertex 94.7765 -51.7978 2
      vertex 95.1481 -51.6716 2
    endloop
  endfacet
  facet normal -0.321574 0.946885 0
    outer loop
      vertex 94.7765 -51.7978 2
      vertex 95.1481 -51.6716 0
      vertex 94.7765 -51.7978 0
    endloop
  endfacet
  facet normal -0.0654873 0.997853 0
    outer loop
      vertex 94.3916 -51.8743 0
      vertex 94 -51.9 2
      vertex 94.3916 -51.8743 2
    endloop
  endfacet
  facet normal -0.0654873 0.997853 0
    outer loop
      vertex 94 -51.9 2
      vertex 94.3916 -51.8743 0
      vertex 94 -51.9 0
    endloop
  endfacet
  facet normal 0.19494 -0.980815 0
    outer loop
      vertex -94.7765 59.7978 0
      vertex -94.3916 59.8743 2
      vertex -94.7765 59.7978 2
    endloop
  endfacet
  facet normal 0.19494 -0.980815 0
    outer loop
      vertex -94.3916 59.8743 2
      vertex -94.7765 59.7978 0
      vertex -94.3916 59.8743 0
    endloop
  endfacet
  facet normal -0.19494 0.980815 0
    outer loop
      vertex 94.7765 -51.7978 0
      vertex 94.3916 -51.8743 2
      vertex 94.7765 -51.7978 2
    endloop
  endfacet
  facet normal -0.19494 0.980815 0
    outer loop
      vertex 94.3916 -51.8743 2
      vertex 94.7765 -51.7978 0
      vertex 94.3916 -51.8743 0
    endloop
  endfacet
  facet normal -0.555523 -0.831501 0
    outer loop
      vertex 95.5 59.4981 0
      vertex 95.8263 59.2801 2
      vertex 95.5 59.4981 2
    endloop
  endfacet
  facet normal -0.555523 -0.831501 -0
    outer loop
      vertex 95.8263 59.2801 2
      vertex 95.5 59.4981 0
      vertex 95.8263 59.2801 0
    endloop
  endfacet
  facet normal 0.555523 0.831501 -0
    outer loop
      vertex -95.5 -51.4981 0
      vertex -95.8263 -51.2801 2
      vertex -95.5 -51.4981 2
    endloop
  endfacet
  facet normal 0.555523 0.831501 0
    outer loop
      vertex -95.8263 -51.2801 2
      vertex -95.5 -51.4981 0
      vertex -95.8263 -51.2801 0
    endloop
  endfacet
  facet normal 0.0654873 0.997853 -0
    outer loop
      vertex -94 -51.9 0
      vertex -94.3916 -51.8743 2
      vertex -94 -51.9 2
    endloop
  endfacet
  facet normal 0.0654873 0.997853 0
    outer loop
      vertex -94.3916 -51.8743 2
      vertex -94 -51.9 0
      vertex -94.3916 -51.8743 0
    endloop
  endfacet
  facet normal 0.997853 -0.0654873 0
    outer loop
      vertex -97 56.9 2
      vertex -96.9743 57.2916 0
      vertex -96.9743 57.2916 2
    endloop
  endfacet
  facet normal 0.997853 -0.0654873 0
    outer loop
      vertex -96.9743 57.2916 0
      vertex -97 56.9 2
      vertex -97 56.9 0
    endloop
  endfacet
  facet normal 1 -0 0
    outer loop
      vertex -97 -48.9 2
      vertex -97 56.9 0
      vertex -97 56.9 2
    endloop
  endfacet
  facet normal 1 0 0
    outer loop
      vertex -97 56.9 0
      vertex -97 -48.9 2
      vertex -97 -48.9 0
    endloop
  endfacet
  facet normal 0 1 -0
    outer loop
      vertex 94 -51.9 0
      vertex -94 -51.9 2
      vertex 94 -51.9 2
    endloop
  endfacet
  facet normal 0 1 0
    outer loop
      vertex -94 -51.9 2
      vertex 94 -51.9 0
      vertex -94 -51.9 0
    endloop
  endfacet
  facet normal -0.0654873 -0.997853 0
    outer loop
      vertex 94 59.9 0
      vertex 94.3916 59.8743 2
      vertex 94 59.9 2
    endloop
  endfacet
  facet normal -0.0654873 -0.997853 -0
    outer loop
      vertex 94.3916 59.8743 2
      vertex 94 59.9 0
      vertex 94.3916 59.8743 0
    endloop
  endfacet
  facet normal 0 -1 0
    outer loop
      vertex -94 59.9 0
      vertex 94 59.9 2
      vertex -94 59.9 2
    endloop
  endfacet
  facet normal 0 -1 -0
    outer loop
      vertex 94 59.9 2
      vertex -94 59.9 0
      vertex 94 59.9 0
    endloop
  endfacet
  facet normal -1 0 0
    outer loop
      vertex 97 -48.9 0
      vertex 97 56.9 2
      vertex 97 56.9 0
    endloop
  endfacet
  facet normal -1 -0 0
    outer loop
      vertex 97 56.9 2
      vertex 97 -48.9 0
      vertex 97 -48.9 2
    endloop
  endfacet
  facet normal 0.751724 -0.659478 0
    outer loop
      vertex -96.3801 58.7263 2
      vertex -96.1213 59.0213 0
      vertex -96.1213 59.0213 2
    endloop
  endfacet
  facet normal 0.751724 -0.659478 0
    outer loop
      vertex -96.1213 59.0213 0
      vertex -96.3801 58.7263 2
      vertex -96.3801 58.7263 0
    endloop
  endfacet
  facet normal 0.442211 0.896911 -0
    outer loop
      vertex -95.1481 -51.6716 0
      vertex -95.5 -51.4981 2
      vertex -95.1481 -51.6716 2
    endloop
  endfacet
  facet normal 0.442211 0.896911 0
    outer loop
      vertex -95.5 -51.4981 2
      vertex -95.1481 -51.6716 0
      vertex -95.5 -51.4981 0
    endloop
  endfacet
  facet normal 0.19494 0.980815 -0
    outer loop
      vertex -94.3916 -51.8743 0
      vertex -94.7765 -51.7978 2
      vertex -94.3916 -51.8743 2
    endloop
  endfacet
  facet normal 0.19494 0.980815 0
    outer loop
      vertex -94.7765 -51.7978 2
      vertex -94.3916 -51.8743 0
      vertex -94.7765 -51.7978 0
    endloop
  endfacet
  facet normal -0.321574 -0.946885 0
    outer loop
      vertex 94.7765 59.7978 0
      vertex 95.1481 59.6716 2
      vertex 94.7765 59.7978 2
    endloop
  endfacet
  facet normal -0.321574 -0.946885 -0
    outer loop
      vertex 95.1481 59.6716 2
      vertex 94.7765 59.7978 0
      vertex 95.1481 59.6716 0
    endloop
  endfacet
  facet normal -0.442211 -0.896911 0
    outer loop
      vertex 95.1481 59.6716 0
      vertex 95.5 59.4981 2
      vertex 95.1481 59.6716 2
    endloop
  endfacet
  facet normal -0.442211 -0.896911 -0
    outer loop
      vertex 95.5 59.4981 2
      vertex 95.1481 59.6716 0
      vertex 95.5 59.4981 0
    endloop
  endfacet
  facet normal -0.19494 -0.980815 0
    outer loop
      vertex 94.3916 59.8743 0
      vertex 94.7765 59.7978 2
      vertex 94.3916 59.8743 2
    endloop
  endfacet
  facet normal -0.19494 -0.980815 -0
    outer loop
      vertex 94.7765 59.7978 2
      vertex 94.3916 59.8743 0
      vertex 94.7765 59.7978 0
    endloop
  endfacet
  facet normal 0.0654873 -0.997853 0
    outer loop
      vertex -94.3916 59.8743 0
      vertex -94 59.9 2
      vertex -94.3916 59.8743 2
    endloop
  endfacet
  facet normal 0.0654873 -0.997853 0
    outer loop
      vertex -94 59.9 2
      vertex -94.3916 59.8743 0
      vertex -94 59.9 0
    endloop
  endfacet
  facet normal -0.659478 0.751724 0
    outer loop
      vertex 96.1213 -51.0213 0
      vertex 95.8263 -51.2801 2
      vertex 96.1213 -51.0213 2
    endloop
  endfacet
  facet normal -0.659478 0.751724 0
    outer loop
      vertex 95.8263 -51.2801 2
      vertex 96.1213 -51.0213 0
      vertex 95.8263 -51.2801 0
    endloop
  endfacet
  facet normal 0.442211 -0.896911 0
    outer loop
      vertex -95.5 59.4981 0
      vertex -95.1481 59.6716 2
      vertex -95.5 59.4981 2
    endloop
  endfacet
  facet normal 0.442211 -0.896911 0
    outer loop
      vertex -95.1481 59.6716 2
      vertex -95.5 59.4981 0
      vertex -95.1481 59.6716 0
    endloop
  endfacet
  facet normal 0.321574 -0.946885 0
    outer loop
      vertex -95.1481 59.6716 0
      vertex -94.7765 59.7978 2
      vertex -95.1481 59.6716 2
    endloop
  endfacet
  facet normal 0.321574 -0.946885 0
    outer loop
      vertex -94.7765 59.7978 2
      vertex -95.1481 59.6716 0
      vertex -94.7765 59.7978 0
    endloop
  endfacet
  facet normal 0.946858 -0.321651 0
    outer loop
      vertex -96.8978 57.6765 2
      vertex -96.7716 58.048 0
      vertex -96.7716 58.048 2
    endloop
  endfacet
  facet normal 0.946858 -0.321651 0
    outer loop
      vertex -96.7716 58.048 0
      vertex -96.8978 57.6765 2
      vertex -96.8978 57.6765 0
    endloop
  endfacet
  facet normal 0.980815 -0.19494 0
    outer loop
      vertex -96.9743 57.2916 2
      vertex -96.8978 57.6765 0
      vertex -96.8978 57.6765 2
    endloop
  endfacet
  facet normal 0.980815 -0.19494 0
    outer loop
      vertex -96.8978 57.6765 0
      vertex -96.9743 57.2916 2
      vertex -96.9743 57.2916 0
    endloop
  endfacet
  facet normal 0.831501 -0.555523 0
    outer loop
      vertex -96.5981 58.4 2
      vertex -96.3801 58.7263 0
      vertex -96.3801 58.7263 2
    endloop
  endfacet
  facet normal 0.831501 -0.555523 0
    outer loop
      vertex -96.3801 58.7263 0
      vertex -96.5981 58.4 2
      vertex -96.5981 58.4 0
    endloop
  endfacet
  facet normal 0.321574 0.946885 -0
    outer loop
      vertex -94.7765 -51.7978 0
      vertex -95.1481 -51.6716 2
      vertex -94.7765 -51.7978 2
    endloop
  endfacet
  facet normal 0.321574 0.946885 0
    outer loop
      vertex -95.1481 -51.6716 2
      vertex -94.7765 -51.7978 0
      vertex -95.1481 -51.6716 0
    endloop
  endfacet
  facet normal -0.896961 -0.44211 0
    outer loop
      vertex 96.7716 58.048 0
      vertex 96.5981 58.4 2
      vertex 96.5981 58.4 0
    endloop
  endfacet
  facet normal -0.896961 -0.44211 0
    outer loop
      vertex 96.5981 58.4 2
      vertex 96.7716 58.048 0
      vertex 96.7716 58.048 2
    endloop
  endfacet
  facet normal -0.896961 0.44211 0
    outer loop
      vertex 96.5981 -50.4 0
      vertex 96.7716 -50.048 2
      vertex 96.7716 -50.048 0
    endloop
  endfacet
  facet normal -0.896961 0.44211 0
    outer loop
      vertex 96.7716 -50.048 2
      vertex 96.5981 -50.4 0
      vertex 96.5981 -50.4 2
    endloop
  endfacet
  facet normal -0.980815 0.19494 0
    outer loop
      vertex 96.8978 -49.6765 0
      vertex 96.9743 -49.2916 2
      vertex 96.9743 -49.2916 0
    endloop
  endfacet
  facet normal -0.980815 0.19494 0
    outer loop
      vertex 96.9743 -49.2916 2
      vertex 96.8978 -49.6765 0
      vertex 96.8978 -49.6765 2
    endloop
  endfacet
  facet normal -0.751724 0.659478 0
    outer loop
      vertex 96.1213 -51.0213 0
      vertex 96.3801 -50.7263 2
      vertex 96.3801 -50.7263 0
    endloop
  endfacet
  facet normal -0.751724 0.659478 0
    outer loop
      vertex 96.3801 -50.7263 2
      vertex 96.1213 -51.0213 0
      vertex 96.1213 -51.0213 2
    endloop
  endfacet
  facet normal -0.442211 0.896911 0
    outer loop
      vertex 95.5 -51.4981 0
      vertex 95.1481 -51.6716 2
      vertex 95.5 -51.4981 2
    endloop
  endfacet
  facet normal -0.442211 0.896911 0
    outer loop
      vertex 95.1481 -51.6716 2
      vertex 95.5 -51.4981 0
      vertex 95.1481 -51.6716 0
    endloop
  endfacet
  facet normal 0.659478 -0.751724 0
    outer loop
      vertex -96.1213 59.0213 0
      vertex -95.8263 59.2801 2
      vertex -96.1213 59.0213 2
    endloop
  endfacet
  facet normal 0.659478 -0.751724 0
    outer loop
      vertex -95.8263 59.2801 2
      vertex -96.1213 59.0213 0
      vertex -95.8263 59.2801 0
    endloop
  endfacet
  facet normal 0.555523 -0.831501 0
    outer loop
      vertex -95.8263 59.2801 0
      vertex -95.5 59.4981 2
      vertex -95.8263 59.2801 2
    endloop
  endfacet
  facet normal 0.555523 -0.831501 0
    outer loop
      vertex -95.5 59.4981 2
      vertex -95.8263 59.2801 0
      vertex -95.5 59.4981 0
    endloop
  endfacet
  facet normal 0.896961 -0.44211 0
    outer loop
      vertex -96.7716 58.048 2
      vertex -96.5981 58.4 0
      vertex -96.5981 58.4 2
    endloop
  endfacet
  facet normal 0.896961 -0.44211 0
    outer loop
      vertex -96.5981 58.4 0
      vertex -96.7716 58.048 2
      vertex -96.7716 58.048 0
    endloop
  endfacet
  facet normal 0.997853 0.0654873 0
    outer loop
      vertex -96.9743 -49.2916 2
      vertex -97 -48.9 0
      vertex -97 -48.9 2
    endloop
  endfacet
  facet normal 0.997853 0.0654873 0
    outer loop
      vertex -97 -48.9 0
      vertex -96.9743 -49.2916 2
      vertex -96.9743 -49.2916 0
    endloop
  endfacet
  facet normal 0.946858 0.321651 0
    outer loop
      vertex -96.7716 -50.048 2
      vertex -96.8978 -49.6765 0
      vertex -96.8978 -49.6765 2
    endloop
  endfacet
  facet normal 0.946858 0.321651 0
    outer loop
      vertex -96.8978 -49.6765 0
      vertex -96.7716 -50.048 2
      vertex -96.7716 -50.048 0
    endloop
  endfacet
  facet normal 0.831501 0.555523 0
    outer loop
      vertex -96.3801 -50.7263 2
      vertex -96.5981 -50.4 0
      vertex -96.5981 -50.4 2
    endloop
  endfacet
  facet normal 0.831501 0.555523 0
    outer loop
      vertex -96.5981 -50.4 0
      vertex -96.3801 -50.7263 2
      vertex -96.3801 -50.7263 0
    endloop
  endfacet
  facet normal 0.659478 0.751724 -0
    outer loop
      vertex -95.8263 -51.2801 0
      vertex -96.1213 -51.0213 2
      vertex -95.8263 -51.2801 2
    endloop
  endfacet
  facet normal 0.659478 0.751724 0
    outer loop
      vertex -96.1213 -51.0213 2
      vertex -95.8263 -51.2801 0
      vertex -96.1213 -51.0213 0
    endloop
  endfacet
  facet normal -0.751724 -0.659478 0
    outer loop
      vertex 96.3801 58.7263 0
      vertex 96.1213 59.0213 2
      vertex 96.1213 59.0213 0
    endloop
  endfacet
  facet normal -0.751724 -0.659478 0
    outer loop
      vertex 96.1213 59.0213 2
      vertex 96.3801 58.7263 0
      vertex 96.3801 58.7263 2
    endloop
  endfacet
  facet normal -0.980815 -0.19494 0
    outer loop
      vertex 96.9743 57.2916 0
      vertex 96.8978 57.6765 2
      vertex 96.8978 57.6765 0
    endloop
  endfacet
  facet normal -0.980815 -0.19494 0
    outer loop
      vertex 96.8978 57.6765 2
      vertex 96.9743 57.2916 0
      vertex 96.9743 57.2916 2
    endloop
  endfacet
  facet normal -0.997853 -0.0654873 0
    outer loop
      vertex 97 56.9 0
      vertex 96.9743 57.2916 2
      vertex 96.9743 57.2916 0
    endloop
  endfacet
  facet normal -0.997853 -0.0654873 0
    outer loop
      vertex 96.9743 57.2916 2
      vertex 97 56.9 0
      vertex 97 56.9 2
    endloop
  endfacet
  facet normal -0.946858 -0.321651 0
    outer loop
      vertex 96.8978 57.6765 0
      vertex 96.7716 58.048 2
      vertex 96.7716 58.048 0
    endloop
  endfacet
  facet normal -0.946858 -0.321651 0
    outer loop
      vertex 96.7716 58.048 2
      vertex 96.8978 57.6765 0
      vertex 96.8978 57.6765 2
    endloop
  endfacet
  facet normal -0.831501 -0.555523 0
    outer loop
      vertex 96.5981 58.4 0
      vertex 96.3801 58.7263 2
      vertex 96.3801 58.7263 0
    endloop
  endfacet
  facet normal -0.831501 -0.555523 0
    outer loop
      vertex 96.3801 58.7263 2
      vertex 96.5981 58.4 0
      vertex 96.5981 58.4 2
    endloop
  endfacet
  facet normal -0.659478 -0.751724 0
    outer loop
      vertex 95.8263 59.2801 0
      vertex 96.1213 59.0213 2
      vertex 95.8263 59.2801 2
    endloop
  endfacet
  facet normal -0.659478 -0.751724 -0
    outer loop
      vertex 96.1213 59.0213 2
      vertex 95.8263 59.2801 0
      vertex 96.1213 59.0213 0
    endloop
  endfacet
  facet normal -0.946858 0.321651 0
    outer loop
      vertex 96.7716 -50.048 0
      vertex 96.8978 -49.6765 2
      vertex 96.8978 -49.6765 0
    endloop
  endfacet
  facet normal -0.946858 0.321651 0
    outer loop
      vertex 96.8978 -49.6765 2
      vertex 96.7716 -50.048 0
      vertex 96.7716 -50.048 2
    endloop
  endfacet
  facet normal -0.997853 0.0654873 0
    outer loop
      vertex 96.9743 -49.2916 0
      vertex 97 -48.9 2
      vertex 97 -48.9 0
    endloop
  endfacet
  facet normal -0.997853 0.0654873 0
    outer loop
      vertex 97 -48.9 2
      vertex 96.9743 -49.2916 0
      vertex 96.9743 -49.2916 2
    endloop
  endfacet
  facet normal -0.831501 0.555523 0
    outer loop
      vertex 96.3801 -50.7263 0
      vertex 96.5981 -50.4 2
      vertex 96.5981 -50.4 0
    endloop
  endfacet
  facet normal -0.831501 0.555523 0
    outer loop
      vertex 96.5981 -50.4 2
      vertex 96.3801 -50.7263 0
      vertex 96.3801 -50.7263 2
    endloop
  endfacet
  facet normal -0.555523 0.831501 0
    outer loop
      vertex 95.8263 -51.2801 0
      vertex 95.5 -51.4981 2
      vertex 95.8263 -51.2801 2
    endloop
  endfacet
  facet normal -0.555523 0.831501 0
    outer loop
      vertex 95.5 -51.4981 2
      vertex 95.8263 -51.2801 0
      vertex 95.5 -51.4981 0
    endloop
  endfacet
  facet normal 0.980815 0.19494 0
    outer loop
      vertex -96.8978 -49.6765 2
      vertex -96.9743 -49.2916 0
      vertex -96.9743 -49.2916 2
    endloop
  endfacet
  facet normal 0.980815 0.19494 0
    outer loop
      vertex -96.9743 -49.2916 0
      vertex -96.8978 -49.6765 2
      vertex -96.8978 -49.6765 0
    endloop
  endfacet
  facet normal 0.896961 0.44211 0
    outer loop
      vertex -96.5981 -50.4 2
      vertex -96.7716 -50.048 0
      vertex -96.7716 -50.048 2
    endloop
  endfacet
  facet normal 0.896961 0.44211 0
    outer loop
      vertex -96.7716 -50.048 0
      vertex -96.5981 -50.4 2
      vertex -96.5981 -50.4 0
    endloop
  endfacet
  facet normal 0.751724 0.659478 0
    outer loop
      vertex -96.1213 -51.0213 2
      vertex -96.3801 -50.7263 0
      vertex -96.3801 -50.7263 2
    endloop
  endfacet
  facet normal 0.751724 0.659478 0
    outer loop
      vertex -96.3801 -50.7263 0
      vertex -96.1213 -51.0213 2
      vertex -96.1213 -51.0213 0
    endloop
  endfacet
  facet normal 0 0 -1
    outer loop
      vertex 84.6 -48.6 2
      vertex 85.4 -47.4 2
      vertex 85.3658 -47.9221 2
    endloop
  endfacet
  facet normal -0 0 -1
    outer loop
      vertex 85.4 -47.4 2
      vertex 84.6 -48.6 2
      vertex 85.4 47.4 2
    endloop
  endfacet
  facet normal 0 0 -1
    outer loop
      vertex 84.6 -48.6 2
      vertex 85.3658 -47.9221 2
      vertex 85.2637 -48.4353 2
    endloop
  endfacet
  facet normal 0 0 -1
    outer loop
      vertex 84.6 48.6 2
      vertex 85.4 47.4 2
      vertex 84.6 -48.6 2
    endloop
  endfacet
  facet normal 0 0 -1
    outer loop
      vertex 84.6 -48.6 2
      vertex 85.2637 -48.4353 2
      vertex 85.0955 -48.9307 2
    endloop
  endfacet
  facet normal 0 0 -1
    outer loop
      vertex 85.4 47.4 2
      vertex 84.6 48.6 2
      vertex 85.3658 47.9221 2
    endloop
  endfacet
  facet normal 0 0 -1
    outer loop
      vertex 84.5318 -49.1176 2
      vertex 85.0955 -48.9307 2
      vertex 84.8641 -49.4 2
    endloop
  endfacet
  facet normal 0 0 -1
    outer loop
      vertex 85.3658 47.9221 2
      vertex 84.6 48.6 2
      vertex 85.2637 48.4353 2
    endloop
  endfacet
  facet normal 0 0 -1
    outer loop
      vertex 85.2637 48.4353 2
      vertex 84.6 48.6 2
      vertex 85.0955 48.9307 2
    endloop
  endfacet
  facet normal 0 0 -1
    outer loop
      vertex 85.0955 -48.9307 2
      vertex 84.5829 -48.861 2
      vertex 84.6 -48.6 2
    endloop
  endfacet
  facet normal 0 0 -1
    outer loop
      vertex 84.4478 -49.3654 2
      vertex 84.8641 -49.4 2
      vertex 84.5734 -49.835 2
    endloop
  endfacet
  facet normal -0 0 -1
    outer loop
      vertex 85.0955 -48.9307 2
      vertex 84.5318 -49.1176 2
      vertex 84.5829 -48.861 2
    endloop
  endfacet
  facet normal 0 0 -1
    outer loop
      vertex 84.8641 -49.4 2
      vertex 84.4478 -49.3654 2
      vertex 84.5318 -49.1176 2
    endloop
  endfacet
  facet normal 0 0 -1
    outer loop
      vertex 84.5734 -49.835 2
      vertex 84.332 -49.6 2
      vertex 84.4478 -49.3654 2
    endloop
  endfacet
  facet normal 0 0 -1
    outer loop
      vertex 84.1867 -49.8175 2
      vertex 84.5734 -49.835 2
      vertex 84.2284 -50.2284 2
    endloop
  endfacet
  facet normal 0 0 -1
    outer loop
      vertex 84.5734 -49.835 2
      vertex 84.1867 -49.8175 2
      vertex 84.332 -49.6 2
    endloop
  endfacet
  facet normal 0 0 -1
    outer loop
      vertex 84.2284 -50.2284 2
      vertex 84.0142 -50.0142 2
      vertex 84.1867 -49.8175 2
    endloop
  endfacet
  facet normal 0 0 -1
    outer loop
      vertex 83.8175 -50.1867 2
      vertex 84.2284 -50.2284 2
      vertex 83.835 -50.5734 2
    endloop
  endfacet
  facet normal 0 0 -1
    outer loop
      vertex 84.2284 -50.2284 2
      vertex 83.8175 -50.1867 2
      vertex 84.0142 -50.0142 2
    endloop
  endfacet
  facet normal 0 0 -1
    outer loop
      vertex 83.835 -50.5734 2
      vertex 83.6 -50.332 2
      vertex 83.8175 -50.1867 2
    endloop
  endfacet
  facet normal 0 0 -1
    outer loop
      vertex 83.3654 -50.4478 2
      vertex 83.835 -50.5734 2
      vertex 83.4 -50.8641 2
    endloop
  endfacet
  facet normal 0 0 -1
    outer loop
      vertex 83.835 -50.5734 2
      vertex 83.3654 -50.4478 2
      vertex 83.6 -50.332 2
    endloop
  endfacet
  facet normal 0 0 -1
    outer loop
      vertex 83.4 -50.8641 2
      vertex 83.1176 -50.5318 2
      vertex 83.3654 -50.4478 2
    endloop
  endfacet
  facet normal 0 0 -1
    outer loop
      vertex 82.9307 -51.0955 2
      vertex 83.1176 -50.5318 2
      vertex 83.4 -50.8641 2
    endloop
  endfacet
  facet normal 0 0 -1
    outer loop
      vertex 82.9307 -51.0955 2
      vertex 82.861 -50.5829 2
      vertex 83.1176 -50.5318 2
    endloop
  endfacet
  facet normal 0 0 -1
    outer loop
      vertex 82.9307 -51.0955 2
      vertex 82.6 -50.6 2
      vertex 82.861 -50.5829 2
    endloop
  endfacet
  facet normal 0 0 -1
    outer loop
      vertex 82.4353 -51.2637 2
      vertex 82.6 -50.6 2
      vertex 82.9307 -51.0955 2
    endloop
  endfacet
  facet normal 0 0 -1
    outer loop
      vertex 81.9221 -51.3658 2
      vertex 82.6 -50.6 2
      vertex 82.4353 -51.2637 2
    endloop
  endfacet
  facet normal 0 0 -1
    outer loop
      vertex 81.4 -51.4 2
      vertex 82.6 -50.6 2
      vertex 81.9221 -51.3658 2
    endloop
  endfacet
  facet normal 0 0 -1
    outer loop
      vertex -81.4 -51.4 2
      vertex 82.6 -50.6 2
      vertex 81.4 -51.4 2
    endloop
  endfacet
  facet normal 0 0 -1
    outer loop
      vertex -82.6 -50.6 2
      vertex -81.4 -51.4 2
      vertex -81.9221 -51.3658 2
    endloop
  endfacet
  facet normal 0 0 -1
    outer loop
      vertex -82.6 -50.6 2
      vertex -81.9221 -51.3658 2
      vertex -82.4353 -51.2637 2
    endloop
  endfacet
  facet normal 0 0 -1
    outer loop
      vertex -81.4 -51.4 2
      vertex -82.6 -50.6 2
      vertex 82.6 -50.6 2
    endloop
  endfacet
  facet normal 0 0 -1
    outer loop
      vertex -82.9307 -51.0955 2
      vertex -82.6 -50.6 2
      vertex -82.4353 -51.2637 2
    endloop
  endfacet
  facet normal -0 0 -1
    outer loop
      vertex -82.6 -50.6 2
      vertex -82.9307 -51.0955 2
      vertex -82.861 -50.5829 2
    endloop
  endfacet
  facet normal 0 0 -1
    outer loop
      vertex -82.9307 -51.0955 2
      vertex -83.1176 -50.5318 2
      vertex -82.861 -50.5829 2
    endloop
  endfacet
  facet normal 0 0 -1
    outer loop
      vertex -83.4 -50.8641 2
      vertex -83.1176 -50.5318 2
      vertex -82.9307 -51.0955 2
    endloop
  endfacet
  facet normal -0 0 -1
    outer loop
      vertex -83.1176 -50.5318 2
      vertex -83.4 -50.8641 2
      vertex -83.3654 -50.4478 2
    endloop
  endfacet
  facet normal 0 0 -1
    outer loop
      vertex -83.835 -50.5734 2
      vertex -83.3654 -50.4478 2
      vertex -83.4 -50.8641 2
    endloop
  endfacet
  facet normal -0 0 -1
    outer loop
      vertex -83.3654 -50.4478 2
      vertex -83.835 -50.5734 2
      vertex -83.6 -50.332 2
    endloop
  endfacet
  facet normal -0 0 -1
    outer loop
      vertex -83.6 -50.332 2
      vertex -83.835 -50.5734 2
      vertex -83.8175 -50.1867 2
    endloop
  endfacet
  facet normal 0 0 -1
    outer loop
      vertex -84.2284 -50.2284 2
      vertex -83.8175 -50.1867 2
      vertex -83.835 -50.5734 2
    endloop
  endfacet
  facet normal -0 0 -1
    outer loop
      vertex -83.8175 -50.1867 2
      vertex -84.2284 -50.2284 2
      vertex -84.0142 -50.0142 2
    endloop
  endfacet
  facet normal -0 0 -1
    outer loop
      vertex -84.0142 -50.0142 2
      vertex -84.2284 -50.2284 2
      vertex -84.1867 -49.8175 2
    endloop
  endfacet
  facet normal 0 0 -1
    outer loop
      vertex -84.5734 -49.835 2
      vertex -84.1867 -49.8175 2
      vertex -84.2284 -50.2284 2
    endloop
  endfacet
  facet normal -0 0 -1
    outer loop
      vertex -84.1867 -49.8175 2
      vertex -84.5734 -49.835 2
      vertex -84.332 -49.6 2
    endloop
  endfacet
  facet normal -0 0 -1
    outer loop
      vertex -84.332 -49.6 2
      vertex -84.5734 -49.835 2
      vertex -84.4478 -49.3654 2
    endloop
  endfacet
  facet normal 0 0 -1
    outer loop
      vertex -84.8641 -49.4 2
      vertex -84.4478 -49.3654 2
      vertex -84.5734 -49.835 2
    endloop
  endfacet
  facet normal -0 0 -1
    outer loop
      vertex -84.4478 -49.3654 2
      vertex -84.8641 -49.4 2
      vertex -84.5318 -49.1176 2
    endloop
  endfacet
  facet normal 0 0 -1
    outer loop
      vertex -85.0955 -48.9307 2
      vertex -84.5318 -49.1176 2
      vertex -84.8641 -49.4 2
    endloop
  endfacet
  facet normal -0 0 -1
    outer loop
      vertex -84.5829 -48.861 2
      vertex -85.0955 -48.9307 2
      vertex -84.6 -48.6 2
    endloop
  endfacet
  facet normal 0 0 -1
    outer loop
      vertex -84.5318 -49.1176 2
      vertex -85.0955 -48.9307 2
      vertex -84.5829 -48.861 2
    endloop
  endfacet
  facet normal 0 0 -1
    outer loop
      vertex 84.5829 48.861 2
      vertex 85.0955 48.9307 2
      vertex 84.6 48.6 2
    endloop
  endfacet
  facet normal 0 0 -1
    outer loop
      vertex 84.5318 49.1176 2
      vertex 85.0955 48.9307 2
      vertex 84.5829 48.861 2
    endloop
  endfacet
  facet normal 0 0 -1
    outer loop
      vertex 85.0955 48.9307 2
      vertex 84.5318 49.1176 2
      vertex 84.8641 49.4 2
    endloop
  endfacet
  facet normal 0 0 -1
    outer loop
      vertex 84.4478 49.3654 2
      vertex 84.8641 49.4 2
      vertex 84.5318 49.1176 2
    endloop
  endfacet
  facet normal -0 0 -1
    outer loop
      vertex 84.8641 49.4 2
      vertex 84.4478 49.3654 2
      vertex 84.5734 49.835 2
    endloop
  endfacet
  facet normal 0 0 -1
    outer loop
      vertex 84.332 49.6 2
      vertex 84.5734 49.835 2
      vertex 84.4478 49.3654 2
    endloop
  endfacet
  facet normal 0 0 -1
    outer loop
      vertex 84.1867 49.8175 2
      vertex 84.5734 49.835 2
      vertex 84.332 49.6 2
    endloop
  endfacet
  facet normal -0 0 -1
    outer loop
      vertex 84.5734 49.835 2
      vertex 84.1867 49.8175 2
      vertex 84.2284 50.2284 2
    endloop
  endfacet
  facet normal 0 0 -1
    outer loop
      vertex 84.0142 50.0142 2
      vertex 84.2284 50.2284 2
      vertex 84.1867 49.8175 2
    endloop
  endfacet
  facet normal 0 0 -1
    outer loop
      vertex 83.8175 50.1867 2
      vertex 84.2284 50.2284 2
      vertex 84.0142 50.0142 2
    endloop
  endfacet
  facet normal -0 0 -1
    outer loop
      vertex 84.2284 50.2284 2
      vertex 83.8175 50.1867 2
      vertex 83.835 50.5734 2
    endloop
  endfacet
  facet normal 0 0 -1
    outer loop
      vertex 83.6 50.332 2
      vertex 83.835 50.5734 2
      vertex 83.8175 50.1867 2
    endloop
  endfacet
  facet normal 0 0 -1
    outer loop
      vertex 83.3654 50.4478 2
      vertex 83.835 50.5734 2
      vertex 83.6 50.332 2
    endloop
  endfacet
  facet normal -0 0 -1
    outer loop
      vertex 83.835 50.5734 2
      vertex 83.3654 50.4478 2
      vertex 83.4 50.8641 2
    endloop
  endfacet
  facet normal 0 0 -1
    outer loop
      vertex 83.1176 50.5318 2
      vertex 83.4 50.8641 2
      vertex 83.3654 50.4478 2
    endloop
  endfacet
  facet normal 0 0 -1
    outer loop
      vertex 83.1176 50.5318 2
      vertex 82.9307 51.0955 2
      vertex 83.4 50.8641 2
    endloop
  endfacet
  facet normal 0 0 -1
    outer loop
      vertex 82.861 50.5829 2
      vertex 82.9307 51.0955 2
      vertex 83.1176 50.5318 2
    endloop
  endfacet
  facet normal 0 0 -1
    outer loop
      vertex 82.6 50.6 2
      vertex 82.9307 51.0955 2
      vertex 82.861 50.5829 2
    endloop
  endfacet
  facet normal 0 0 -1
    outer loop
      vertex 82.6 50.6 2
      vertex 82.4353 51.2637 2
      vertex 82.9307 51.0955 2
    endloop
  endfacet
  facet normal 0 0 -1
    outer loop
      vertex 82.6 50.6 2
      vertex 81.9221 51.3658 2
      vertex 82.4353 51.2637 2
    endloop
  endfacet
  facet normal 0 0 -1
    outer loop
      vertex 82.6 50.6 2
      vertex 81.4 51.4 2
      vertex 81.9221 51.3658 2
    endloop
  endfacet
  facet normal 0 0 -1
    outer loop
      vertex 82.6 50.6 2
      vertex -81.4 51.4 2
      vertex 81.4 51.4 2
    endloop
  endfacet
  facet normal 0 0 -1
    outer loop
      vertex -82.6 50.6 2
      vertex -81.4 51.4 2
      vertex 82.6 50.6 2
    endloop
  endfacet
  facet normal 0 0 -1
    outer loop
      vertex -81.4 51.4 2
      vertex -82.6 50.6 2
      vertex -81.9221 51.3658 2
    endloop
  endfacet
  facet normal 0 0 -1
    outer loop
      vertex -81.9221 51.3658 2
      vertex -82.6 50.6 2
      vertex -82.4353 51.2637 2
    endloop
  endfacet
  facet normal 0 0 -1
    outer loop
      vertex -82.9307 51.0955 2
      vertex -82.6 50.6 2
      vertex -82.861 50.5829 2
    endloop
  endfacet
  facet normal 0 0 -1
    outer loop
      vertex -82.6 50.6 2
      vertex -82.9307 51.0955 2
      vertex -82.4353 51.2637 2
    endloop
  endfacet
  facet normal 0 0 -1
    outer loop
      vertex -83.1176 50.5318 2
      vertex -82.9307 51.0955 2
      vertex -82.861 50.5829 2
    endloop
  endfacet
  facet normal 0 0 -1
    outer loop
      vertex -83.4 50.8641 2
      vertex -83.1176 50.5318 2
      vertex -83.3654 50.4478 2
    endloop
  endfacet
  facet normal 0 0 -1
    outer loop
      vertex -83.1176 50.5318 2
      vertex -83.4 50.8641 2
      vertex -82.9307 51.0955 2
    endloop
  endfacet
  facet normal 0 0 -1
    outer loop
      vertex -83.835 50.5734 2
      vertex -83.3654 50.4478 2
      vertex -83.6 50.332 2
    endloop
  endfacet
  facet normal 0 0 -1
    outer loop
      vertex -83.835 50.5734 2
      vertex -83.6 50.332 2
      vertex -83.8175 50.1867 2
    endloop
  endfacet
  facet normal 0 0 -1
    outer loop
      vertex -83.3654 50.4478 2
      vertex -83.835 50.5734 2
      vertex -83.4 50.8641 2
    endloop
  endfacet
  facet normal 0 0 -1
    outer loop
      vertex -84.2284 50.2284 2
      vertex -83.8175 50.1867 2
      vertex -84.0142 50.0142 2
    endloop
  endfacet
  facet normal 0 0 -1
    outer loop
      vertex -84.2284 50.2284 2
      vertex -84.0142 50.0142 2
      vertex -84.1867 49.8175 2
    endloop
  endfacet
  facet normal 0 0 -1
    outer loop
      vertex -83.8175 50.1867 2
      vertex -84.2284 50.2284 2
      vertex -83.835 50.5734 2
    endloop
  endfacet
  facet normal 0 0 -1
    outer loop
      vertex -84.5734 49.835 2
      vertex -84.1867 49.8175 2
      vertex -84.332 49.6 2
    endloop
  endfacet
  facet normal 0 0 -1
    outer loop
      vertex -84.5734 49.835 2
      vertex -84.332 49.6 2
      vertex -84.4478 49.3654 2
    endloop
  endfacet
  facet normal 0 0 -1
    outer loop
      vertex -84.8641 49.4 2
      vertex -84.4478 49.3654 2
      vertex -84.5318 49.1176 2
    endloop
  endfacet
  facet normal 0 0 -1
    outer loop
      vertex -84.1867 49.8175 2
      vertex -84.5734 49.835 2
      vertex -84.2284 50.2284 2
    endloop
  endfacet
  facet normal 0 0 -1
    outer loop
      vertex -85.0955 48.9307 2
      vertex -84.5318 49.1176 2
      vertex -84.5829 48.861 2
    endloop
  endfacet
  facet normal 0 0 -1
    outer loop
      vertex -85.0955 48.9307 2
      vertex -84.5829 48.861 2
      vertex -84.6 48.6 2
    endloop
  endfacet
  facet normal 0 0 -1
    outer loop
      vertex -84.4478 49.3654 2
      vertex -84.8641 49.4 2
      vertex -84.5734 49.835 2
    endloop
  endfacet
  facet normal 0 0 -1
    outer loop
      vertex -84.6 -48.6 2
      vertex -85.4 -47.4 2
      vertex -84.6 48.6 2
    endloop
  endfacet
  facet normal 0 0 -1
    outer loop
      vertex -85.2637 -48.4353 2
      vertex -84.6 -48.6 2
      vertex -85.0955 -48.9307 2
    endloop
  endfacet
  facet normal 0 0 -1
    outer loop
      vertex -85.4 47.4 2
      vertex -84.6 48.6 2
      vertex -85.4 -47.4 2
    endloop
  endfacet
  facet normal 0 0 -1
    outer loop
      vertex -85.3658 -47.9221 2
      vertex -84.6 -48.6 2
      vertex -85.2637 -48.4353 2
    endloop
  endfacet
  facet normal 0 -0 -1
    outer loop
      vertex -85.3658 47.9221 2
      vertex -84.6 48.6 2
      vertex -85.4 47.4 2
    endloop
  endfacet
  facet normal 0 0 -1
    outer loop
      vertex -84.6 -48.6 2
      vertex -85.3658 -47.9221 2
      vertex -85.4 -47.4 2
    endloop
  endfacet
  facet normal -0 0 -1
    outer loop
      vertex -84.5318 49.1176 2
      vertex -85.0955 48.9307 2
      vertex -84.8641 49.4 2
    endloop
  endfacet
  facet normal -0 0 -1
    outer loop
      vertex -84.6 48.6 2
      vertex -85.2637 48.4353 2
      vertex -85.0955 48.9307 2
    endloop
  endfacet
  facet normal 0 0 -1
    outer loop
      vertex -84.6 48.6 2
      vertex -85.3658 47.9221 2
      vertex -85.2637 48.4353 2
    endloop
  endfacet
  facet normal 0 0 1
    outer loop
      vertex 84.6 48.6 2.4
      vertex 85.4 47.4 2.4
      vertex 85.3658 47.9221 2.4
    endloop
  endfacet
  facet normal 0 0 1
    outer loop
      vertex 85.4 47.4 2.4
      vertex 84.6 48.6 2.4
      vertex 85.4 -47.4 2.4
    endloop
  endfacet
  facet normal 0 0 1
    outer loop
      vertex 84.6 48.6 2.4
      vertex 85.3658 47.9221 2.4
      vertex 85.2637 48.4353 2.4
    endloop
  endfacet
  facet normal 0 0 1
    outer loop
      vertex 84.6 -48.6 2.4
      vertex 85.4 -47.4 2.4
      vertex 84.6 48.6 2.4
    endloop
  endfacet
  facet normal -0 0 1
    outer loop
      vertex 84.6 48.6 2.4
      vertex 85.2637 48.4353 2.4
      vertex 85.0955 48.9307 2.4
    endloop
  endfacet
  facet normal 0 0 1
    outer loop
      vertex 85.4 -47.4 2.4
      vertex 84.6 -48.6 2.4
      vertex 85.3658 -47.9221 2.4
    endloop
  endfacet
  facet normal -0 0 1
    outer loop
      vertex 84.5318 49.1176 2.4
      vertex 85.0955 48.9307 2.4
      vertex 84.8641 49.4 2.4
    endloop
  endfacet
  facet normal 0 0 1
    outer loop
      vertex 85.3658 -47.9221 2.4
      vertex 84.6 -48.6 2.4
      vertex 85.2637 -48.4353 2.4
    endloop
  endfacet
  facet normal 0 0 1
    outer loop
      vertex 85.2637 -48.4353 2.4
      vertex 84.6 -48.6 2.4
      vertex 85.0955 -48.9307 2.4
    endloop
  endfacet
  facet normal 0 0 1
    outer loop
      vertex 85.0955 48.9307 2.4
      vertex 84.5829 48.861 2.4
      vertex 84.6 48.6 2.4
    endloop
  endfacet
  facet normal 0 0 1
    outer loop
      vertex 84.4478 49.3654 2.4
      vertex 84.8641 49.4 2.4
      vertex 84.5734 49.835 2.4
    endloop
  endfacet
  facet normal 0 0 1
    outer loop
      vertex 85.0955 48.9307 2.4
      vertex 84.5318 49.1176 2.4
      vertex 84.5829 48.861 2.4
    endloop
  endfacet
  facet normal 0 0 1
    outer loop
      vertex 84.8641 49.4 2.4
      vertex 84.4478 49.3654 2.4
      vertex 84.5318 49.1176 2.4
    endloop
  endfacet
  facet normal 0 0 1
    outer loop
      vertex 84.5734 49.835 2.4
      vertex 84.332 49.6 2.4
      vertex 84.4478 49.3654 2.4
    endloop
  endfacet
  facet normal 0 0 1
    outer loop
      vertex 84.1867 49.8175 2.4
      vertex 84.5734 49.835 2.4
      vertex 84.2284 50.2284 2.4
    endloop
  endfacet
  facet normal 0 0 1
    outer loop
      vertex 84.5734 49.835 2.4
      vertex 84.1867 49.8175 2.4
      vertex 84.332 49.6 2.4
    endloop
  endfacet
  facet normal 0 0 1
    outer loop
      vertex 84.2284 50.2284 2.4
      vertex 84.0142 50.0142 2.4
      vertex 84.1867 49.8175 2.4
    endloop
  endfacet
  facet normal 0 0 1
    outer loop
      vertex 83.8175 50.1867 2.4
      vertex 84.2284 50.2284 2.4
      vertex 83.835 50.5734 2.4
    endloop
  endfacet
  facet normal 0 0 1
    outer loop
      vertex 84.2284 50.2284 2.4
      vertex 83.8175 50.1867 2.4
      vertex 84.0142 50.0142 2.4
    endloop
  endfacet
  facet normal 0 0 1
    outer loop
      vertex 83.835 50.5734 2.4
      vertex 83.6 50.332 2.4
      vertex 83.8175 50.1867 2.4
    endloop
  endfacet
  facet normal 0 0 1
    outer loop
      vertex 83.3654 50.4478 2.4
      vertex 83.835 50.5734 2.4
      vertex 83.4 50.8641 2.4
    endloop
  endfacet
  facet normal 0 0 1
    outer loop
      vertex 83.835 50.5734 2.4
      vertex 83.3654 50.4478 2.4
      vertex 83.6 50.332 2.4
    endloop
  endfacet
  facet normal 0 0 1
    outer loop
      vertex 83.4 50.8641 2.4
      vertex 83.1176 50.5318 2.4
      vertex 83.3654 50.4478 2.4
    endloop
  endfacet
  facet normal 0 0 1
    outer loop
      vertex 82.9307 51.0955 2.4
      vertex 83.1176 50.5318 2.4
      vertex 83.4 50.8641 2.4
    endloop
  endfacet
  facet normal 0 0 1
    outer loop
      vertex 82.9307 51.0955 2.4
      vertex 82.861 50.5829 2.4
      vertex 83.1176 50.5318 2.4
    endloop
  endfacet
  facet normal 0 0 1
    outer loop
      vertex 82.9307 51.0955 2.4
      vertex 82.6 50.6 2.4
      vertex 82.861 50.5829 2.4
    endloop
  endfacet
  facet normal 0 0 1
    outer loop
      vertex 82.4353 51.2637 2.4
      vertex 82.6 50.6 2.4
      vertex 82.9307 51.0955 2.4
    endloop
  endfacet
  facet normal 0 0 1
    outer loop
      vertex 81.9221 51.3658 2.4
      vertex 82.6 50.6 2.4
      vertex 82.4353 51.2637 2.4
    endloop
  endfacet
  facet normal 0 0 1
    outer loop
      vertex 81.4 51.4 2.4
      vertex 82.6 50.6 2.4
      vertex 81.9221 51.3658 2.4
    endloop
  endfacet
  facet normal -0 0 1
    outer loop
      vertex -81.4 51.4 2.4
      vertex 82.6 50.6 2.4
      vertex 81.4 51.4 2.4
    endloop
  endfacet
  facet normal 0 0 1
    outer loop
      vertex -82.6 50.6 2.4
      vertex -81.4 51.4 2.4
      vertex -81.9221 51.3658 2.4
    endloop
  endfacet
  facet normal 0 0 1
    outer loop
      vertex -82.6 50.6 2.4
      vertex -81.9221 51.3658 2.4
      vertex -82.4353 51.2637 2.4
    endloop
  endfacet
  facet normal 0 0 1
    outer loop
      vertex -81.4 51.4 2.4
      vertex -82.6 50.6 2.4
      vertex 82.6 50.6 2.4
    endloop
  endfacet
  facet normal -0 0 1
    outer loop
      vertex -82.9307 51.0955 2.4
      vertex -82.6 50.6 2.4
      vertex -82.4353 51.2637 2.4
    endloop
  endfacet
  facet normal 0 0 1
    outer loop
      vertex -82.6 50.6 2.4
      vertex -82.9307 51.0955 2.4
      vertex -82.861 50.5829 2.4
    endloop
  endfacet
  facet normal 0 0 1
    outer loop
      vertex -82.9307 51.0955 2.4
      vertex -83.1176 50.5318 2.4
      vertex -82.861 50.5829 2.4
    endloop
  endfacet
  facet normal -0 0 1
    outer loop
      vertex -83.4 50.8641 2.4
      vertex -83.1176 50.5318 2.4
      vertex -82.9307 51.0955 2.4
    endloop
  endfacet
  facet normal 0 0 1
    outer loop
      vertex -83.1176 50.5318 2.4
      vertex -83.4 50.8641 2.4
      vertex -83.3654 50.4478 2.4
    endloop
  endfacet
  facet normal -0 0 1
    outer loop
      vertex -83.835 50.5734 2.4
      vertex -83.3654 50.4478 2.4
      vertex -83.4 50.8641 2.4
    endloop
  endfacet
  facet normal 0 0 1
    outer loop
      vertex -83.3654 50.4478 2.4
      vertex -83.835 50.5734 2.4
      vertex -83.6 50.332 2.4
    endloop
  endfacet
  facet normal 0 0 1
    outer loop
      vertex -83.6 50.332 2.4
      vertex -83.835 50.5734 2.4
      vertex -83.8175 50.1867 2.4
    endloop
  endfacet
  facet normal -0 0 1
    outer loop
      vertex -84.2284 50.2284 2.4
      vertex -83.8175 50.1867 2.4
      vertex -83.835 50.5734 2.4
    endloop
  endfacet
  facet normal 0 0 1
    outer loop
      vertex -83.8175 50.1867 2.4
      vertex -84.2284 50.2284 2.4
      vertex -84.0142 50.0142 2.4
    endloop
  endfacet
  facet normal 0 0 1
    outer loop
      vertex -84.0142 50.0142 2.4
      vertex -84.2284 50.2284 2.4
      vertex -84.1867 49.8175 2.4
    endloop
  endfacet
  facet normal -0 0 1
    outer loop
      vertex -84.5734 49.835 2.4
      vertex -84.1867 49.8175 2.4
      vertex -84.2284 50.2284 2.4
    endloop
  endfacet
  facet normal 0 0 1
    outer loop
      vertex -84.1867 49.8175 2.4
      vertex -84.5734 49.835 2.4
      vertex -84.332 49.6 2.4
    endloop
  endfacet
  facet normal 0 0 1
    outer loop
      vertex -84.332 49.6 2.4
      vertex -84.5734 49.835 2.4
      vertex -84.4478 49.3654 2.4
    endloop
  endfacet
  facet normal -0 0 1
    outer loop
      vertex -84.8641 49.4 2.4
      vertex -84.4478 49.3654 2.4
      vertex -84.5734 49.835 2.4
    endloop
  endfacet
  facet normal 0 0 1
    outer loop
      vertex -84.4478 49.3654 2.4
      vertex -84.8641 49.4 2.4
      vertex -84.5318 49.1176 2.4
    endloop
  endfacet
  facet normal 0 0 1
    outer loop
      vertex -85.0955 48.9307 2.4
      vertex -84.5318 49.1176 2.4
      vertex -84.8641 49.4 2.4
    endloop
  endfacet
  facet normal 0 0 1
    outer loop
      vertex -84.5829 48.861 2.4
      vertex -85.0955 48.9307 2.4
      vertex -84.6 48.6 2.4
    endloop
  endfacet
  facet normal 0 0 1
    outer loop
      vertex -84.5318 49.1176 2.4
      vertex -85.0955 48.9307 2.4
      vertex -84.5829 48.861 2.4
    endloop
  endfacet
  facet normal -0 0 1
    outer loop
      vertex 84.5829 -48.861 2.4
      vertex 85.0955 -48.9307 2.4
      vertex 84.6 -48.6 2.4
    endloop
  endfacet
  facet normal 0 0 1
    outer loop
      vertex 84.5318 -49.1176 2.4
      vertex 85.0955 -48.9307 2.4
      vertex 84.5829 -48.861 2.4
    endloop
  endfacet
  facet normal 0 0 1
    outer loop
      vertex 85.0955 -48.9307 2.4
      vertex 84.5318 -49.1176 2.4
      vertex 84.8641 -49.4 2.4
    endloop
  endfacet
  facet normal -0 0 1
    outer loop
      vertex 84.4478 -49.3654 2.4
      vertex 84.8641 -49.4 2.4
      vertex 84.5318 -49.1176 2.4
    endloop
  endfacet
  facet normal 0 0 1
    outer loop
      vertex 84.8641 -49.4 2.4
      vertex 84.4478 -49.3654 2.4
      vertex 84.5734 -49.835 2.4
    endloop
  endfacet
  facet normal -0 0 1
    outer loop
      vertex 84.332 -49.6 2.4
      vertex 84.5734 -49.835 2.4
      vertex 84.4478 -49.3654 2.4
    endloop
  endfacet
  facet normal -0 0 1
    outer loop
      vertex 84.1867 -49.8175 2.4
      vertex 84.5734 -49.835 2.4
      vertex 84.332 -49.6 2.4
    endloop
  endfacet
  facet normal 0 0 1
    outer loop
      vertex 84.5734 -49.835 2.4
      vertex 84.1867 -49.8175 2.4
      vertex 84.2284 -50.2284 2.4
    endloop
  endfacet
  facet normal -0 0 1
    outer loop
      vertex 84.0142 -50.0142 2.4
      vertex 84.2284 -50.2284 2.4
      vertex 84.1867 -49.8175 2.4
    endloop
  endfacet
  facet normal -0 0 1
    outer loop
      vertex 83.8175 -50.1867 2.4
      vertex 84.2284 -50.2284 2.4
      vertex 84.0142 -50.0142 2.4
    endloop
  endfacet
  facet normal 0 0 1
    outer loop
      vertex 84.2284 -50.2284 2.4
      vertex 83.8175 -50.1867 2.4
      vertex 83.835 -50.5734 2.4
    endloop
  endfacet
  facet normal -0 0 1
    outer loop
      vertex 83.6 -50.332 2.4
      vertex 83.835 -50.5734 2.4
      vertex 83.8175 -50.1867 2.4
    endloop
  endfacet
  facet normal -0 0 1
    outer loop
      vertex 83.3654 -50.4478 2.4
      vertex 83.835 -50.5734 2.4
      vertex 83.6 -50.332 2.4
    endloop
  endfacet
  facet normal 0 0 1
    outer loop
      vertex 83.835 -50.5734 2.4
      vertex 83.3654 -50.4478 2.4
      vertex 83.4 -50.8641 2.4
    endloop
  endfacet
  facet normal -0 0 1
    outer loop
      vertex 83.1176 -50.5318 2.4
      vertex 83.4 -50.8641 2.4
      vertex 83.3654 -50.4478 2.4
    endloop
  endfacet
  facet normal 0 0 1
    outer loop
      vertex 83.1176 -50.5318 2.4
      vertex 82.9307 -51.0955 2.4
      vertex 83.4 -50.8641 2.4
    endloop
  endfacet
  facet normal -0 0 1
    outer loop
      vertex 82.861 -50.5829 2.4
      vertex 82.9307 -51.0955 2.4
      vertex 83.1176 -50.5318 2.4
    endloop
  endfacet
  facet normal -0 0 1
    outer loop
      vertex 82.6 -50.6 2.4
      vertex 82.9307 -51.0955 2.4
      vertex 82.861 -50.5829 2.4
    endloop
  endfacet
  facet normal 0 0 1
    outer loop
      vertex 82.6 -50.6 2.4
      vertex 82.4353 -51.2637 2.4
      vertex 82.9307 -51.0955 2.4
    endloop
  endfacet
  facet normal 0 0 1
    outer loop
      vertex 82.6 -50.6 2.4
      vertex 81.9221 -51.3658 2.4
      vertex 82.4353 -51.2637 2.4
    endloop
  endfacet
  facet normal 0 0 1
    outer loop
      vertex 82.6 -50.6 2.4
      vertex 81.4 -51.4 2.4
      vertex 81.9221 -51.3658 2.4
    endloop
  endfacet
  facet normal 0 0 1
    outer loop
      vertex 82.6 -50.6 2.4
      vertex -81.4 -51.4 2.4
      vertex 81.4 -51.4 2.4
    endloop
  endfacet
  facet normal -0 0 1
    outer loop
      vertex -82.6 -50.6 2.4
      vertex -81.4 -51.4 2.4
      vertex 82.6 -50.6 2.4
    endloop
  endfacet
  facet normal 0 0 1
    outer loop
      vertex -81.4 -51.4 2.4
      vertex -82.6 -50.6 2.4
      vertex -81.9221 -51.3658 2.4
    endloop
  endfacet
  facet normal 0 0 1
    outer loop
      vertex -81.9221 -51.3658 2.4
      vertex -82.6 -50.6 2.4
      vertex -82.4353 -51.2637 2.4
    endloop
  endfacet
  facet normal 0 0 1
    outer loop
      vertex -82.9307 -51.0955 2.4
      vertex -82.6 -50.6 2.4
      vertex -82.861 -50.5829 2.4
    endloop
  endfacet
  facet normal 0 0 1
    outer loop
      vertex -82.6 -50.6 2.4
      vertex -82.9307 -51.0955 2.4
      vertex -82.4353 -51.2637 2.4
    endloop
  endfacet
  facet normal 0 0 1
    outer loop
      vertex -83.1176 -50.5318 2.4
      vertex -82.9307 -51.0955 2.4
      vertex -82.861 -50.5829 2.4
    endloop
  endfacet
  facet normal 0 0 1
    outer loop
      vertex -83.4 -50.8641 2.4
      vertex -83.1176 -50.5318 2.4
      vertex -83.3654 -50.4478 2.4
    endloop
  endfacet
  facet normal 0 0 1
    outer loop
      vertex -83.1176 -50.5318 2.4
      vertex -83.4 -50.8641 2.4
      vertex -82.9307 -51.0955 2.4
    endloop
  endfacet
  facet normal 0 0 1
    outer loop
      vertex -83.835 -50.5734 2.4
      vertex -83.3654 -50.4478 2.4
      vertex -83.6 -50.332 2.4
    endloop
  endfacet
  facet normal 0 0 1
    outer loop
      vertex -83.835 -50.5734 2.4
      vertex -83.6 -50.332 2.4
      vertex -83.8175 -50.1867 2.4
    endloop
  endfacet
  facet normal 0 0 1
    outer loop
      vertex -83.3654 -50.4478 2.4
      vertex -83.835 -50.5734 2.4
      vertex -83.4 -50.8641 2.4
    endloop
  endfacet
  facet normal 0 0 1
    outer loop
      vertex -84.2284 -50.2284 2.4
      vertex -83.8175 -50.1867 2.4
      vertex -84.0142 -50.0142 2.4
    endloop
  endfacet
  facet normal 0 0 1
    outer loop
      vertex -84.2284 -50.2284 2.4
      vertex -84.0142 -50.0142 2.4
      vertex -84.1867 -49.8175 2.4
    endloop
  endfacet
  facet normal 0 0 1
    outer loop
      vertex -83.8175 -50.1867 2.4
      vertex -84.2284 -50.2284 2.4
      vertex -83.835 -50.5734 2.4
    endloop
  endfacet
  facet normal 0 0 1
    outer loop
      vertex -84.5734 -49.835 2.4
      vertex -84.1867 -49.8175 2.4
      vertex -84.332 -49.6 2.4
    endloop
  endfacet
  facet normal 0 0 1
    outer loop
      vertex -84.5734 -49.835 2.4
      vertex -84.332 -49.6 2.4
      vertex -84.4478 -49.3654 2.4
    endloop
  endfacet
  facet normal 0 0 1
    outer loop
      vertex -84.8641 -49.4 2.4
      vertex -84.4478 -49.3654 2.4
      vertex -84.5318 -49.1176 2.4
    endloop
  endfacet
  facet normal 0 0 1
    outer loop
      vertex -84.1867 -49.8175 2.4
      vertex -84.5734 -49.835 2.4
      vertex -84.2284 -50.2284 2.4
    endloop
  endfacet
  facet normal -0 0 1
    outer loop
      vertex -85.0955 -48.9307 2.4
      vertex -84.5318 -49.1176 2.4
      vertex -84.5829 -48.861 2.4
    endloop
  endfacet
  facet normal 0 0 1
    outer loop
      vertex -85.0955 -48.9307 2.4
      vertex -84.5829 -48.861 2.4
      vertex -84.6 -48.6 2.4
    endloop
  endfacet
  facet normal 0 0 1
    outer loop
      vertex -84.4478 -49.3654 2.4
      vertex -84.8641 -49.4 2.4
      vertex -84.5734 -49.835 2.4
    endloop
  endfacet
  facet normal 0 0 1
    outer loop
      vertex -84.6 48.6 2.4
      vertex -85.4 47.4 2.4
      vertex -84.6 -48.6 2.4
    endloop
  endfacet
  facet normal 0 0 1
    outer loop
      vertex -85.2637 48.4353 2.4
      vertex -84.6 48.6 2.4
      vertex -85.0955 48.9307 2.4
    endloop
  endfacet
  facet normal -0 0 1
    outer loop
      vertex -85.4 -47.4 2.4
      vertex -84.6 -48.6 2.4
      vertex -85.4 47.4 2.4
    endloop
  endfacet
  facet normal 0 0 1
    outer loop
      vertex -85.3658 47.9221 2.4
      vertex -84.6 48.6 2.4
      vertex -85.2637 48.4353 2.4
    endloop
  endfacet
  facet normal -0 -0 1
    outer loop
      vertex -85.3658 -47.9221 2.4
      vertex -84.6 -48.6 2.4
      vertex -85.4 -47.4 2.4
    endloop
  endfacet
  facet normal 0 0 1
    outer loop
      vertex -84.6 48.6 2.4
      vertex -85.3658 47.9221 2.4
      vertex -85.4 47.4 2.4
    endloop
  endfacet
  facet normal 0 0 1
    outer loop
      vertex -84.5318 -49.1176 2.4
      vertex -85.0955 -48.9307 2.4
      vertex -84.8641 -49.4 2.4
    endloop
  endfacet
  facet normal 0 0 1
    outer loop
      vertex -84.6 -48.6 2.4
      vertex -85.2637 -48.4353 2.4
      vertex -85.0955 -48.9307 2.4
    endloop
  endfacet
  facet normal 0 0 1
    outer loop
      vertex -84.6 -48.6 2.4
      vertex -85.3658 -47.9221 2.4
      vertex -85.2637 -48.4353 2.4
    endloop
  endfacet
  facet normal 0.195124 -0.980779 0
    outer loop
      vertex 81.9221 -51.3658 2
      vertex 82.4353 -51.2637 2.4
      vertex 81.9221 -51.3658 2.4
    endloop
  endfacet
  facet normal 0.195124 -0.980779 0
    outer loop
      vertex 82.4353 -51.2637 2.4
      vertex 81.9221 -51.3658 2
      vertex 82.4353 -51.2637 2
    endloop
  endfacet
  facet normal 0.321498 -0.94691 0
    outer loop
      vertex 82.4353 -51.2637 2
      vertex 82.9307 -51.0955 2.4
      vertex 82.4353 -51.2637 2.4
    endloop
  endfacet
  facet normal 0.321498 -0.94691 0
    outer loop
      vertex 82.9307 -51.0955 2.4
      vertex 82.4353 -51.2637 2
      vertex 82.9307 -51.0955 2
    endloop
  endfacet
  facet normal 0.442238 -0.896898 0
    outer loop
      vertex 82.9307 -51.0955 2
      vertex 83.4 -50.8641 2.4
      vertex 82.9307 -51.0955 2.4
    endloop
  endfacet
  facet normal 0.442238 -0.896898 0
    outer loop
      vertex 83.4 -50.8641 2.4
      vertex 82.9307 -51.0955 2
      vertex 83.4 -50.8641 2
    endloop
  endfacet
  facet normal 0.555626 -0.831432 0
    outer loop
      vertex 83.4 -50.8641 2
      vertex 83.835 -50.5734 2.4
      vertex 83.4 -50.8641 2.4
    endloop
  endfacet
  facet normal 0.555626 -0.831432 0
    outer loop
      vertex 83.835 -50.5734 2.4
      vertex 83.4 -50.8641 2
      vertex 83.835 -50.5734 2
    endloop
  endfacet
  facet normal 0.659343 -0.751842 0
    outer loop
      vertex 83.835 -50.5734 2
      vertex 84.2284 -50.2284 2.4
      vertex 83.835 -50.5734 2.4
    endloop
  endfacet
  facet normal 0.659343 -0.751842 0
    outer loop
      vertex 84.2284 -50.2284 2.4
      vertex 83.835 -50.5734 2
      vertex 84.2284 -50.2284 2
    endloop
  endfacet
  facet normal 0.751842 -0.659343 0
    outer loop
      vertex 84.2284 -50.2284 2.4
      vertex 84.5734 -49.835 2
      vertex 84.5734 -49.835 2.4
    endloop
  endfacet
  facet normal 0.751842 -0.659343 0
    outer loop
      vertex 84.5734 -49.835 2
      vertex 84.2284 -50.2284 2.4
      vertex 84.2284 -50.2284 2
    endloop
  endfacet
  facet normal 0.831432 -0.555626 0
    outer loop
      vertex 84.5734 -49.835 2.4
      vertex 84.8641 -49.4 2
      vertex 84.8641 -49.4 2.4
    endloop
  endfacet
  facet normal 0.831432 -0.555626 0
    outer loop
      vertex 84.8641 -49.4 2
      vertex 84.5734 -49.835 2.4
      vertex 84.5734 -49.835 2
    endloop
  endfacet
  facet normal 0.896898 -0.442238 0
    outer loop
      vertex 84.8641 -49.4 2.4
      vertex 85.0955 -48.9307 2
      vertex 85.0955 -48.9307 2.4
    endloop
  endfacet
  facet normal 0.896898 -0.442238 0
    outer loop
      vertex 85.0955 -48.9307 2
      vertex 84.8641 -49.4 2.4
      vertex 84.8641 -49.4 2
    endloop
  endfacet
  facet normal 0.94691 -0.321498 0
    outer loop
      vertex 85.0955 -48.9307 2.4
      vertex 85.2637 -48.4353 2
      vertex 85.2637 -48.4353 2.4
    endloop
  endfacet
  facet normal 0.94691 -0.321498 0
    outer loop
      vertex 85.2637 -48.4353 2
      vertex 85.0955 -48.9307 2.4
      vertex 85.0955 -48.9307 2
    endloop
  endfacet
  facet normal 0.980779 -0.195124 0
    outer loop
      vertex 85.2637 -48.4353 2.4
      vertex 85.3658 -47.9221 2
      vertex 85.3658 -47.9221 2.4
    endloop
  endfacet
  facet normal 0.980779 -0.195124 0
    outer loop
      vertex 85.3658 -47.9221 2
      vertex 85.2637 -48.4353 2.4
      vertex 85.2637 -48.4353 2
    endloop
  endfacet
  facet normal 0.997861 -0.0653646 0
    outer loop
      vertex 85.3658 -47.9221 2.4
      vertex 85.4 -47.4 2
      vertex 85.4 -47.4 2.4
    endloop
  endfacet
  facet normal 0.997861 -0.0653646 0
    outer loop
      vertex 85.4 -47.4 2
      vertex 85.3658 -47.9221 2.4
      vertex 85.3658 -47.9221 2
    endloop
  endfacet
  facet normal 1 -0 0
    outer loop
      vertex 85.4 -47.4 2.4
      vertex 85.4 47.4 2
      vertex 85.4 47.4 2.4
    endloop
  endfacet
  facet normal 1 0 0
    outer loop
      vertex 85.4 47.4 2
      vertex 85.4 -47.4 2.4
      vertex 85.4 -47.4 2
    endloop
  endfacet
  facet normal 0.997861 0.0653646 0
    outer loop
      vertex 85.4 47.4 2.4
      vertex 85.3658 47.9221 2
      vertex 85.3658 47.9221 2.4
    endloop
  endfacet
  facet normal 0.997861 0.0653646 0
    outer loop
      vertex 85.3658 47.9221 2
      vertex 85.4 47.4 2.4
      vertex 85.4 47.4 2
    endloop
  endfacet
  facet normal 0.980779 0.195124 0
    outer loop
      vertex 85.3658 47.9221 2.4
      vertex 85.2637 48.4353 2
      vertex 85.2637 48.4353 2.4
    endloop
  endfacet
  facet normal 0.980779 0.195124 0
    outer loop
      vertex 85.2637 48.4353 2
      vertex 85.3658 47.9221 2.4
      vertex 85.3658 47.9221 2
    endloop
  endfacet
  facet normal 0.94691 0.321498 0
    outer loop
      vertex 85.2637 48.4353 2.4
      vertex 85.0955 48.9307 2
      vertex 85.0955 48.9307 2.4
    endloop
  endfacet
  facet normal 0.94691 0.321498 0
    outer loop
      vertex 85.0955 48.9307 2
      vertex 85.2637 48.4353 2.4
      vertex 85.2637 48.4353 2
    endloop
  endfacet
  facet normal 0.896898 0.442238 0
    outer loop
      vertex 85.0955 48.9307 2.4
      vertex 84.8641 49.4 2
      vertex 84.8641 49.4 2.4
    endloop
  endfacet
  facet normal 0.896898 0.442238 0
    outer loop
      vertex 84.8641 49.4 2
      vertex 85.0955 48.9307 2.4
      vertex 85.0955 48.9307 2
    endloop
  endfacet
  facet normal 0.831432 0.555626 0
    outer loop
      vertex 84.8641 49.4 2.4
      vertex 84.5734 49.835 2
      vertex 84.5734 49.835 2.4
    endloop
  endfacet
  facet normal 0.831432 0.555626 0
    outer loop
      vertex 84.5734 49.835 2
      vertex 84.8641 49.4 2.4
      vertex 84.8641 49.4 2
    endloop
  endfacet
  facet normal 0.751842 0.659343 0
    outer loop
      vertex 84.5734 49.835 2.4
      vertex 84.2284 50.2284 2
      vertex 84.2284 50.2284 2.4
    endloop
  endfacet
  facet normal 0.751842 0.659343 0
    outer loop
      vertex 84.2284 50.2284 2
      vertex 84.5734 49.835 2.4
      vertex 84.5734 49.835 2
    endloop
  endfacet
  facet normal 0.659343 0.751842 -0
    outer loop
      vertex 84.2284 50.2284 2
      vertex 83.835 50.5734 2.4
      vertex 84.2284 50.2284 2.4
    endloop
  endfacet
  facet normal 0.659343 0.751842 0
    outer loop
      vertex 83.835 50.5734 2.4
      vertex 84.2284 50.2284 2
      vertex 83.835 50.5734 2
    endloop
  endfacet
  facet normal 0.555626 0.831432 -0
    outer loop
      vertex 83.835 50.5734 2
      vertex 83.4 50.8641 2.4
      vertex 83.835 50.5734 2.4
    endloop
  endfacet
  facet normal 0.555626 0.831432 0
    outer loop
      vertex 83.4 50.8641 2.4
      vertex 83.835 50.5734 2
      vertex 83.4 50.8641 2
    endloop
  endfacet
  facet normal 0.442238 0.896898 -0
    outer loop
      vertex 83.4 50.8641 2
      vertex 82.9307 51.0955 2.4
      vertex 83.4 50.8641 2.4
    endloop
  endfacet
  facet normal 0.442238 0.896898 0
    outer loop
      vertex 82.9307 51.0955 2.4
      vertex 83.4 50.8641 2
      vertex 82.9307 51.0955 2
    endloop
  endfacet
  facet normal 0.321498 0.94691 -0
    outer loop
      vertex 82.9307 51.0955 2
      vertex 82.4353 51.2637 2.4
      vertex 82.9307 51.0955 2.4
    endloop
  endfacet
  facet normal 0.321498 0.94691 0
    outer loop
      vertex 82.4353 51.2637 2.4
      vertex 82.9307 51.0955 2
      vertex 82.4353 51.2637 2
    endloop
  endfacet
  facet normal 0.195124 0.980779 -0
    outer loop
      vertex 82.4353 51.2637 2
      vertex 81.9221 51.3658 2.4
      vertex 82.4353 51.2637 2.4
    endloop
  endfacet
  facet normal 0.195124 0.980779 0
    outer loop
      vertex 81.9221 51.3658 2.4
      vertex 82.4353 51.2637 2
      vertex 81.9221 51.3658 2
    endloop
  endfacet
  facet normal 0.0653646 0.997861 -0
    outer loop
      vertex 81.9221 51.3658 2
      vertex 81.4 51.4 2.4
      vertex 81.9221 51.3658 2.4
    endloop
  endfacet
  facet normal 0.0653646 0.997861 0
    outer loop
      vertex 81.4 51.4 2.4
      vertex 81.9221 51.3658 2
      vertex 81.4 51.4 2
    endloop
  endfacet
  facet normal 0 1 -0
    outer loop
      vertex 81.4 51.4 2
      vertex -81.4 51.4 2.4
      vertex 81.4 51.4 2.4
    endloop
  endfacet
  facet normal 0 1 0
    outer loop
      vertex -81.4 51.4 2.4
      vertex 81.4 51.4 2
      vertex -81.4 51.4 2
    endloop
  endfacet
  facet normal -0.0653646 0.997861 0
    outer loop
      vertex -81.4 51.4 2
      vertex -81.9221 51.3658 2.4
      vertex -81.4 51.4 2.4
    endloop
  endfacet
  facet normal -0.0653646 0.997861 0
    outer loop
      vertex -81.9221 51.3658 2.4
      vertex -81.4 51.4 2
      vertex -81.9221 51.3658 2
    endloop
  endfacet
  facet normal -0.195124 0.980779 0
    outer loop
      vertex -81.9221 51.3658 2
      vertex -82.4353 51.2637 2.4
      vertex -81.9221 51.3658 2.4
    endloop
  endfacet
  facet normal -0.195124 0.980779 0
    outer loop
      vertex -82.4353 51.2637 2.4
      vertex -81.9221 51.3658 2
      vertex -82.4353 51.2637 2
    endloop
  endfacet
  facet normal -0.321498 0.94691 0
    outer loop
      vertex -82.4353 51.2637 2
      vertex -82.9307 51.0955 2.4
      vertex -82.4353 51.2637 2.4
    endloop
  endfacet
  facet normal -0.321498 0.94691 0
    outer loop
      vertex -82.9307 51.0955 2.4
      vertex -82.4353 51.2637 2
      vertex -82.9307 51.0955 2
    endloop
  endfacet
  facet normal -0.442238 0.896898 0
    outer loop
      vertex -82.9307 51.0955 2
      vertex -83.4 50.8641 2.4
      vertex -82.9307 51.0955 2.4
    endloop
  endfacet
  facet normal -0.442238 0.896898 0
    outer loop
      vertex -83.4 50.8641 2.4
      vertex -82.9307 51.0955 2
      vertex -83.4 50.8641 2
    endloop
  endfacet
  facet normal -0.555626 0.831432 0
    outer loop
      vertex -83.4 50.8641 2
      vertex -83.835 50.5734 2.4
      vertex -83.4 50.8641 2.4
    endloop
  endfacet
  facet normal -0.555626 0.831432 0
    outer loop
      vertex -83.835 50.5734 2.4
      vertex -83.4 50.8641 2
      vertex -83.835 50.5734 2
    endloop
  endfacet
  facet normal -0.659343 0.751842 0
    outer loop
      vertex -83.835 50.5734 2
      vertex -84.2284 50.2284 2.4
      vertex -83.835 50.5734 2.4
    endloop
  endfacet
  facet normal -0.659343 0.751842 0
    outer loop
      vertex -84.2284 50.2284 2.4
      vertex -83.835 50.5734 2
      vertex -84.2284 50.2284 2
    endloop
  endfacet
  facet normal -0.751842 0.659343 0
    outer loop
      vertex -84.5734 49.835 2
      vertex -84.2284 50.2284 2.4
      vertex -84.2284 50.2284 2
    endloop
  endfacet
  facet normal -0.751842 0.659343 0
    outer loop
      vertex -84.2284 50.2284 2.4
      vertex -84.5734 49.835 2
      vertex -84.5734 49.835 2.4
    endloop
  endfacet
  facet normal -0.831432 0.555626 0
    outer loop
      vertex -84.8641 49.4 2
      vertex -84.5734 49.835 2.4
      vertex -84.5734 49.835 2
    endloop
  endfacet
  facet normal -0.831432 0.555626 0
    outer loop
      vertex -84.5734 49.835 2.4
      vertex -84.8641 49.4 2
      vertex -84.8641 49.4 2.4
    endloop
  endfacet
  facet normal -0.896898 0.442238 0
    outer loop
      vertex -85.0955 48.9307 2
      vertex -84.8641 49.4 2.4
      vertex -84.8641 49.4 2
    endloop
  endfacet
  facet normal -0.896898 0.442238 0
    outer loop
      vertex -84.8641 49.4 2.4
      vertex -85.0955 48.9307 2
      vertex -85.0955 48.9307 2.4
    endloop
  endfacet
  facet normal -0.94691 0.321498 0
    outer loop
      vertex -85.2637 48.4353 2
      vertex -85.0955 48.9307 2.4
      vertex -85.0955 48.9307 2
    endloop
  endfacet
  facet normal -0.94691 0.321498 0
    outer loop
      vertex -85.0955 48.9307 2.4
      vertex -85.2637 48.4353 2
      vertex -85.2637 48.4353 2.4
    endloop
  endfacet
  facet normal -0.980779 0.195124 0
    outer loop
      vertex -85.3658 47.9221 2
      vertex -85.2637 48.4353 2.4
      vertex -85.2637 48.4353 2
    endloop
  endfacet
  facet normal -0.980779 0.195124 0
    outer loop
      vertex -85.2637 48.4353 2.4
      vertex -85.3658 47.9221 2
      vertex -85.3658 47.9221 2.4
    endloop
  endfacet
  facet normal -0.997861 0.0653646 0
    outer loop
      vertex -85.4 47.4 2
      vertex -85.3658 47.9221 2.4
      vertex -85.3658 47.9221 2
    endloop
  endfacet
  facet normal -0.997861 0.0653646 0
    outer loop
      vertex -85.3658 47.9221 2.4
      vertex -85.4 47.4 2
      vertex -85.4 47.4 2.4
    endloop
  endfacet
  facet normal -1 0 0
    outer loop
      vertex -85.4 -47.4 2
      vertex -85.4 47.4 2.4
      vertex -85.4 47.4 2
    endloop
  endfacet
  facet normal -1 -0 0
    outer loop
      vertex -85.4 47.4 2.4
      vertex -85.4 -47.4 2
      vertex -85.4 -47.4 2.4
    endloop
  endfacet
  facet normal -0.997861 -0.0653646 0
    outer loop
      vertex -85.3658 -47.9221 2
      vertex -85.4 -47.4 2.4
      vertex -85.4 -47.4 2
    endloop
  endfacet
  facet normal -0.997861 -0.0653646 0
    outer loop
      vertex -85.4 -47.4 2.4
      vertex -85.3658 -47.9221 2
      vertex -85.3658 -47.9221 2.4
    endloop
  endfacet
  facet normal -0.980779 -0.195124 0
    outer loop
      vertex -85.2637 -48.4353 2
      vertex -85.3658 -47.9221 2.4
      vertex -85.3658 -47.9221 2
    endloop
  endfacet
  facet normal -0.980779 -0.195124 0
    outer loop
      vertex -85.3658 -47.9221 2.4
      vertex -85.2637 -48.4353 2
      vertex -85.2637 -48.4353 2.4
    endloop
  endfacet
  facet normal -0.94691 -0.321498 0
    outer loop
      vertex -85.0955 -48.9307 2
      vertex -85.2637 -48.4353 2.4
      vertex -85.2637 -48.4353 2
    endloop
  endfacet
  facet normal -0.94691 -0.321498 0
    outer loop
      vertex -85.2637 -48.4353 2.4
      vertex -85.0955 -48.9307 2
      vertex -85.0955 -48.9307 2.4
    endloop
  endfacet
  facet normal -0.896898 -0.442238 0
    outer loop
      vertex -84.8641 -49.4 2
      vertex -85.0955 -48.9307 2.4
      vertex -85.0955 -48.9307 2
    endloop
  endfacet
  facet normal -0.896898 -0.442238 0
    outer loop
      vertex -85.0955 -48.9307 2.4
      vertex -84.8641 -49.4 2
      vertex -84.8641 -49.4 2.4
    endloop
  endfacet
  facet normal -0.831432 -0.555626 0
    outer loop
      vertex -84.5734 -49.835 2
      vertex -84.8641 -49.4 2.4
      vertex -84.8641 -49.4 2
    endloop
  endfacet
  facet normal -0.831432 -0.555626 0
    outer loop
      vertex -84.8641 -49.4 2.4
      vertex -84.5734 -49.835 2
      vertex -84.5734 -49.835 2.4
    endloop
  endfacet
  facet normal -0.751842 -0.659343 0
    outer loop
      vertex -84.2284 -50.2284 2
      vertex -84.5734 -49.835 2.4
      vertex -84.5734 -49.835 2
    endloop
  endfacet
  facet normal -0.751842 -0.659343 0
    outer loop
      vertex -84.5734 -49.835 2.4
      vertex -84.2284 -50.2284 2
      vertex -84.2284 -50.2284 2.4
    endloop
  endfacet
  facet normal -0.659343 -0.751842 0
    outer loop
      vertex -84.2284 -50.2284 2
      vertex -83.835 -50.5734 2.4
      vertex -84.2284 -50.2284 2.4
    endloop
  endfacet
  facet normal -0.659343 -0.751842 -0
    outer loop
      vertex -83.835 -50.5734 2.4
      vertex -84.2284 -50.2284 2
      vertex -83.835 -50.5734 2
    endloop
  endfacet
  facet normal -0.555626 -0.831432 0
    outer loop
      vertex -83.835 -50.5734 2
      vertex -83.4 -50.8641 2.4
      vertex -83.835 -50.5734 2.4
    endloop
  endfacet
  facet normal -0.555626 -0.831432 -0
    outer loop
      vertex -83.4 -50.8641 2.4
      vertex -83.835 -50.5734 2
      vertex -83.4 -50.8641 2
    endloop
  endfacet
  facet normal -0.442238 -0.896898 0
    outer loop
      vertex -83.4 -50.8641 2
      vertex -82.9307 -51.0955 2.4
      vertex -83.4 -50.8641 2.4
    endloop
  endfacet
  facet normal -0.442238 -0.896898 -0
    outer loop
      vertex -82.9307 -51.0955 2.4
      vertex -83.4 -50.8641 2
      vertex -82.9307 -51.0955 2
    endloop
  endfacet
  facet normal -0.321498 -0.94691 0
    outer loop
      vertex -82.9307 -51.0955 2
      vertex -82.4353 -51.2637 2.4
      vertex -82.9307 -51.0955 2.4
    endloop
  endfacet
  facet normal -0.321498 -0.94691 -0
    outer loop
      vertex -82.4353 -51.2637 2.4
      vertex -82.9307 -51.0955 2
      vertex -82.4353 -51.2637 2
    endloop
  endfacet
  facet normal -0.195124 -0.980779 0
    outer loop
      vertex -82.4353 -51.2637 2
      vertex -81.9221 -51.3658 2.4
      vertex -82.4353 -51.2637 2.4
    endloop
  endfacet
  facet normal -0.195124 -0.980779 -0
    outer loop
      vertex -81.9221 -51.3658 2.4
      vertex -82.4353 -51.2637 2
      vertex -81.9221 -51.3658 2
    endloop
  endfacet
  facet normal -0.0653646 -0.997861 0
    outer loop
      vertex -81.9221 -51.3658 2
      vertex -81.4 -51.4 2.4
      vertex -81.9221 -51.3658 2.4
    endloop
  endfacet
  facet normal -0.0653646 -0.997861 -0
    outer loop
      vertex -81.4 -51.4 2.4
      vertex -81.9221 -51.3658 2
      vertex -81.4 -51.4 2
    endloop
  endfacet
  facet normal 0 -1 0
    outer loop
      vertex -81.4 -51.4 2
      vertex 81.4 -51.4 2.4
      vertex -81.4 -51.4 2.4
    endloop
  endfacet
  facet normal 0 -1 -0
    outer loop
      vertex 81.4 -51.4 2.4
      vertex -81.4 -51.4 2
      vertex 81.4 -51.4 2
    endloop
  endfacet
  facet normal 0.0653646 -0.997861 0
    outer loop
      vertex 81.4 -51.4 2
      vertex 81.9221 -51.3658 2.4
      vertex 81.4 -51.4 2.4
    endloop
  endfacet
  facet normal 0.0653646 -0.997861 0
    outer loop
      vertex 81.9221 -51.3658 2.4
      vertex 81.4 -51.4 2
      vertex 81.9221 -51.3658 2
    endloop
  endfacet
  facet normal 0.0653771 0.997861 -0
    outer loop
      vertex -82.6 -50.6 2
      vertex -82.861 -50.5829 2.4
      vertex -82.6 -50.6 2.4
    endloop
  endfacet
  facet normal 0.0653771 0.997861 0
    outer loop
      vertex -82.861 -50.5829 2.4
      vertex -82.6 -50.6 2
      vertex -82.861 -50.5829 2
    endloop
  endfacet
  facet normal 0.195308 0.980742 -0
    outer loop
      vertex -82.861 -50.5829 2
      vertex -83.1176 -50.5318 2.4
      vertex -82.861 -50.5829 2.4
    endloop
  endfacet
  facet normal 0.195308 0.980742 0
    outer loop
      vertex -83.1176 -50.5318 2.4
      vertex -82.861 -50.5829 2
      vertex -83.1176 -50.5318 2
    endloop
  endfacet
  facet normal 0.321039 0.947066 -0
    outer loop
      vertex -83.1176 -50.5318 2
      vertex -83.3654 -50.4478 2.4
      vertex -83.1176 -50.5318 2.4
    endloop
  endfacet
  facet normal 0.321039 0.947066 0
    outer loop
      vertex -83.3654 -50.4478 2.4
      vertex -83.1176 -50.5318 2
      vertex -83.3654 -50.4478 2
    endloop
  endfacet
  facet normal 0.442621 0.896709 -0
    outer loop
      vertex -83.3654 -50.4478 2
      vertex -83.6 -50.332 2.4
      vertex -83.3654 -50.4478 2.4
    endloop
  endfacet
  facet normal 0.442621 0.896709 0
    outer loop
      vertex -83.6 -50.332 2.4
      vertex -83.3654 -50.4478 2
      vertex -83.6 -50.332 2
    endloop
  endfacet
  facet normal 0.555494 0.831521 -0
    outer loop
      vertex -83.6 -50.332 2
      vertex -83.8175 -50.1867 2.4
      vertex -83.6 -50.332 2.4
    endloop
  endfacet
  facet normal 0.555494 0.831521 0
    outer loop
      vertex -83.8175 -50.1867 2.4
      vertex -83.6 -50.332 2
      vertex -83.8175 -50.1867 2
    endloop
  endfacet
  facet normal 0.659343 0.751842 -0
    outer loop
      vertex -83.8175 -50.1867 2
      vertex -84.0142 -50.0142 2.4
      vertex -83.8175 -50.1867 2.4
    endloop
  endfacet
  facet normal 0.659343 0.751842 0
    outer loop
      vertex -84.0142 -50.0142 2.4
      vertex -83.8175 -50.1867 2
      vertex -84.0142 -50.0142 2
    endloop
  endfacet
  facet normal 0.751842 0.659343 0
    outer loop
      vertex -84.0142 -50.0142 2.4
      vertex -84.1867 -49.8175 2
      vertex -84.1867 -49.8175 2.4
    endloop
  endfacet
  facet normal 0.751842 0.659343 0
    outer loop
      vertex -84.1867 -49.8175 2
      vertex -84.0142 -50.0142 2.4
      vertex -84.0142 -50.0142 2
    endloop
  endfacet
  facet normal 0.831521 0.555494 0
    outer loop
      vertex -84.1867 -49.8175 2.4
      vertex -84.332 -49.6 2
      vertex -84.332 -49.6 2.4
    endloop
  endfacet
  facet normal 0.831521 0.555494 0
    outer loop
      vertex -84.332 -49.6 2
      vertex -84.1867 -49.8175 2.4
      vertex -84.1867 -49.8175 2
    endloop
  endfacet
  facet normal 0.896709 0.442621 0
    outer loop
      vertex -84.332 -49.6 2.4
      vertex -84.4478 -49.3654 2
      vertex -84.4478 -49.3654 2.4
    endloop
  endfacet
  facet normal 0.896709 0.442621 0
    outer loop
      vertex -84.4478 -49.3654 2
      vertex -84.332 -49.6 2.4
      vertex -84.332 -49.6 2
    endloop
  endfacet
  facet normal 0.947066 0.321039 0
    outer loop
      vertex -84.4478 -49.3654 2.4
      vertex -84.5318 -49.1176 2
      vertex -84.5318 -49.1176 2.4
    endloop
  endfacet
  facet normal 0.947066 0.321039 0
    outer loop
      vertex -84.5318 -49.1176 2
      vertex -84.4478 -49.3654 2.4
      vertex -84.4478 -49.3654 2
    endloop
  endfacet
  facet normal 0.980742 0.195308 0
    outer loop
      vertex -84.5318 -49.1176 2.4
      vertex -84.5829 -48.861 2
      vertex -84.5829 -48.861 2.4
    endloop
  endfacet
  facet normal 0.980742 0.195308 0
    outer loop
      vertex -84.5829 -48.861 2
      vertex -84.5318 -49.1176 2.4
      vertex -84.5318 -49.1176 2
    endloop
  endfacet
  facet normal 0.997861 0.0653771 0
    outer loop
      vertex -84.5829 -48.861 2.4
      vertex -84.6 -48.6 2
      vertex -84.6 -48.6 2.4
    endloop
  endfacet
  facet normal 0.997861 0.0653771 0
    outer loop
      vertex -84.6 -48.6 2
      vertex -84.5829 -48.861 2.4
      vertex -84.5829 -48.861 2
    endloop
  endfacet
  facet normal 1 -0 0
    outer loop
      vertex -84.6 -48.6 2.4
      vertex -84.6 48.6 2
      vertex -84.6 48.6 2.4
    endloop
  endfacet
  facet normal 1 0 0
    outer loop
      vertex -84.6 48.6 2
      vertex -84.6 -48.6 2.4
      vertex -84.6 -48.6 2
    endloop
  endfacet
  facet normal 0.997861 -0.0653771 0
    outer loop
      vertex -84.6 48.6 2.4
      vertex -84.5829 48.861 2
      vertex -84.5829 48.861 2.4
    endloop
  endfacet
  facet normal 0.997861 -0.0653771 0
    outer loop
      vertex -84.5829 48.861 2
      vertex -84.6 48.6 2.4
      vertex -84.6 48.6 2
    endloop
  endfacet
  facet normal 0.980742 -0.195308 0
    outer loop
      vertex -84.5829 48.861 2.4
      vertex -84.5318 49.1176 2
      vertex -84.5318 49.1176 2.4
    endloop
  endfacet
  facet normal 0.980742 -0.195308 0
    outer loop
      vertex -84.5318 49.1176 2
      vertex -84.5829 48.861 2.4
      vertex -84.5829 48.861 2
    endloop
  endfacet
  facet normal 0.947066 -0.321039 0
    outer loop
      vertex -84.5318 49.1176 2.4
      vertex -84.4478 49.3654 2
      vertex -84.4478 49.3654 2.4
    endloop
  endfacet
  facet normal 0.947066 -0.321039 0
    outer loop
      vertex -84.4478 49.3654 2
      vertex -84.5318 49.1176 2.4
      vertex -84.5318 49.1176 2
    endloop
  endfacet
  facet normal 0.896709 -0.442621 0
    outer loop
      vertex -84.4478 49.3654 2.4
      vertex -84.332 49.6 2
      vertex -84.332 49.6 2.4
    endloop
  endfacet
  facet normal 0.896709 -0.442621 0
    outer loop
      vertex -84.332 49.6 2
      vertex -84.4478 49.3654 2.4
      vertex -84.4478 49.3654 2
    endloop
  endfacet
  facet normal 0.831521 -0.555494 0
    outer loop
      vertex -84.332 49.6 2.4
      vertex -84.1867 49.8175 2
      vertex -84.1867 49.8175 2.4
    endloop
  endfacet
  facet normal 0.831521 -0.555494 0
    outer loop
      vertex -84.1867 49.8175 2
      vertex -84.332 49.6 2.4
      vertex -84.332 49.6 2
    endloop
  endfacet
  facet normal 0.751842 -0.659343 0
    outer loop
      vertex -84.1867 49.8175 2.4
      vertex -84.0142 50.0142 2
      vertex -84.0142 50.0142 2.4
    endloop
  endfacet
  facet normal 0.751842 -0.659343 0
    outer loop
      vertex -84.0142 50.0142 2
      vertex -84.1867 49.8175 2.4
      vertex -84.1867 49.8175 2
    endloop
  endfacet
  facet normal 0.659343 -0.751842 0
    outer loop
      vertex -84.0142 50.0142 2
      vertex -83.8175 50.1867 2.4
      vertex -84.0142 50.0142 2.4
    endloop
  endfacet
  facet normal 0.659343 -0.751842 0
    outer loop
      vertex -83.8175 50.1867 2.4
      vertex -84.0142 50.0142 2
      vertex -83.8175 50.1867 2
    endloop
  endfacet
  facet normal 0.555494 -0.831521 0
    outer loop
      vertex -83.8175 50.1867 2
      vertex -83.6 50.332 2.4
      vertex -83.8175 50.1867 2.4
    endloop
  endfacet
  facet normal 0.555494 -0.831521 0
    outer loop
      vertex -83.6 50.332 2.4
      vertex -83.8175 50.1867 2
      vertex -83.6 50.332 2
    endloop
  endfacet
  facet normal 0.442621 -0.896709 0
    outer loop
      vertex -83.6 50.332 2
      vertex -83.3654 50.4478 2.4
      vertex -83.6 50.332 2.4
    endloop
  endfacet
  facet normal 0.442621 -0.896709 0
    outer loop
      vertex -83.3654 50.4478 2.4
      vertex -83.6 50.332 2
      vertex -83.3654 50.4478 2
    endloop
  endfacet
  facet normal 0.321039 -0.947066 0
    outer loop
      vertex -83.3654 50.4478 2
      vertex -83.1176 50.5318 2.4
      vertex -83.3654 50.4478 2.4
    endloop
  endfacet
  facet normal 0.321039 -0.947066 0
    outer loop
      vertex -83.1176 50.5318 2.4
      vertex -83.3654 50.4478 2
      vertex -83.1176 50.5318 2
    endloop
  endfacet
  facet normal 0.195308 -0.980742 0
    outer loop
      vertex -83.1176 50.5318 2
      vertex -82.861 50.5829 2.4
      vertex -83.1176 50.5318 2.4
    endloop
  endfacet
  facet normal 0.195308 -0.980742 0
    outer loop
      vertex -82.861 50.5829 2.4
      vertex -83.1176 50.5318 2
      vertex -82.861 50.5829 2
    endloop
  endfacet
  facet normal 0.0653771 -0.997861 0
    outer loop
      vertex -82.861 50.5829 2
      vertex -82.6 50.6 2.4
      vertex -82.861 50.5829 2.4
    endloop
  endfacet
  facet normal 0.0653771 -0.997861 0
    outer loop
      vertex -82.6 50.6 2.4
      vertex -82.861 50.5829 2
      vertex -82.6 50.6 2
    endloop
  endfacet
  facet normal 0 -1 0
    outer loop
      vertex -82.6 50.6 2
      vertex 82.6 50.6 2.4
      vertex -82.6 50.6 2.4
    endloop
  endfacet
  facet normal 0 -1 -0
    outer loop
      vertex 82.6 50.6 2.4
      vertex -82.6 50.6 2
      vertex 82.6 50.6 2
    endloop
  endfacet
  facet normal -0.0653771 -0.997861 0
    outer loop
      vertex 82.6 50.6 2
      vertex 82.861 50.5829 2.4
      vertex 82.6 50.6 2.4
    endloop
  endfacet
  facet normal -0.0653771 -0.997861 -0
    outer loop
      vertex 82.861 50.5829 2.4
      vertex 82.6 50.6 2
      vertex 82.861 50.5829 2
    endloop
  endfacet
  facet normal -0.195308 -0.980742 0
    outer loop
      vertex 82.861 50.5829 2
      vertex 83.1176 50.5318 2.4
      vertex 82.861 50.5829 2.4
    endloop
  endfacet
  facet normal -0.195308 -0.980742 -0
    outer loop
      vertex 83.1176 50.5318 2.4
      vertex 82.861 50.5829 2
      vertex 83.1176 50.5318 2
    endloop
  endfacet
  facet normal -0.321039 -0.947066 0
    outer loop
      vertex 83.1176 50.5318 2
      vertex 83.3654 50.4478 2.4
      vertex 83.1176 50.5318 2.4
    endloop
  endfacet
  facet normal -0.321039 -0.947066 -0
    outer loop
      vertex 83.3654 50.4478 2.4
      vertex 83.1176 50.5318 2
      vertex 83.3654 50.4478 2
    endloop
  endfacet
  facet normal -0.442621 -0.896709 0
    outer loop
      vertex 83.3654 50.4478 2
      vertex 83.6 50.332 2.4
      vertex 83.3654 50.4478 2.4
    endloop
  endfacet
  facet normal -0.442621 -0.896709 -0
    outer loop
      vertex 83.6 50.332 2.4
      vertex 83.3654 50.4478 2
      vertex 83.6 50.332 2
    endloop
  endfacet
  facet normal -0.555494 -0.831521 0
    outer loop
      vertex 83.6 50.332 2
      vertex 83.8175 50.1867 2.4
      vertex 83.6 50.332 2.4
    endloop
  endfacet
  facet normal -0.555494 -0.831521 -0
    outer loop
      vertex 83.8175 50.1867 2.4
      vertex 83.6 50.332 2
      vertex 83.8175 50.1867 2
    endloop
  endfacet
  facet normal -0.659343 -0.751842 0
    outer loop
      vertex 83.8175 50.1867 2
      vertex 84.0142 50.0142 2.4
      vertex 83.8175 50.1867 2.4
    endloop
  endfacet
  facet normal -0.659343 -0.751842 -0
    outer loop
      vertex 84.0142 50.0142 2.4
      vertex 83.8175 50.1867 2
      vertex 84.0142 50.0142 2
    endloop
  endfacet
  facet normal -0.751842 -0.659343 0
    outer loop
      vertex 84.1867 49.8175 2
      vertex 84.0142 50.0142 2.4
      vertex 84.0142 50.0142 2
    endloop
  endfacet
  facet normal -0.751842 -0.659343 0
    outer loop
      vertex 84.0142 50.0142 2.4
      vertex 84.1867 49.8175 2
      vertex 84.1867 49.8175 2.4
    endloop
  endfacet
  facet normal -0.831521 -0.555494 0
    outer loop
      vertex 84.332 49.6 2
      vertex 84.1867 49.8175 2.4
      vertex 84.1867 49.8175 2
    endloop
  endfacet
  facet normal -0.831521 -0.555494 0
    outer loop
      vertex 84.1867 49.8175 2.4
      vertex 84.332 49.6 2
      vertex 84.332 49.6 2.4
    endloop
  endfacet
  facet normal -0.896709 -0.442621 0
    outer loop
      vertex 84.4478 49.3654 2
      vertex 84.332 49.6 2.4
      vertex 84.332 49.6 2
    endloop
  endfacet
  facet normal -0.896709 -0.442621 0
    outer loop
      vertex 84.332 49.6 2.4
      vertex 84.4478 49.3654 2
      vertex 84.4478 49.3654 2.4
    endloop
  endfacet
  facet normal -0.947066 -0.321039 0
    outer loop
      vertex 84.5318 49.1176 2
      vertex 84.4478 49.3654 2.4
      vertex 84.4478 49.3654 2
    endloop
  endfacet
  facet normal -0.947066 -0.321039 0
    outer loop
      vertex 84.4478 49.3654 2.4
      vertex 84.5318 49.1176 2
      vertex 84.5318 49.1176 2.4
    endloop
  endfacet
  facet normal -0.980742 -0.195308 0
    outer loop
      vertex 84.5829 48.861 2
      vertex 84.5318 49.1176 2.4
      vertex 84.5318 49.1176 2
    endloop
  endfacet
  facet normal -0.980742 -0.195308 0
    outer loop
      vertex 84.5318 49.1176 2.4
      vertex 84.5829 48.861 2
      vertex 84.5829 48.861 2.4
    endloop
  endfacet
  facet normal -0.997861 -0.0653771 0
    outer loop
      vertex 84.6 48.6 2
      vertex 84.5829 48.861 2.4
      vertex 84.5829 48.861 2
    endloop
  endfacet
  facet normal -0.997861 -0.0653771 0
    outer loop
      vertex 84.5829 48.861 2.4
      vertex 84.6 48.6 2
      vertex 84.6 48.6 2.4
    endloop
  endfacet
  facet normal -1 0 0
    outer loop
      vertex 84.6 -48.6 2
      vertex 84.6 48.6 2.4
      vertex 84.6 48.6 2
    endloop
  endfacet
  facet normal -1 -0 0
    outer loop
      vertex 84.6 48.6 2.4
      vertex 84.6 -48.6 2
      vertex 84.6 -48.6 2.4
    endloop
  endfacet
  facet normal -0.997861 0.0653771 0
    outer loop
      vertex 84.5829 -48.861 2
      vertex 84.6 -48.6 2.4
      vertex 84.6 -48.6 2
    endloop
  endfacet
  facet normal -0.997861 0.0653771 0
    outer loop
      vertex 84.6 -48.6 2.4
      vertex 84.5829 -48.861 2
      vertex 84.5829 -48.861 2.4
    endloop
  endfacet
  facet normal -0.980742 0.195308 0
    outer loop
      vertex 84.5318 -49.1176 2
      vertex 84.5829 -48.861 2.4
      vertex 84.5829 -48.861 2
    endloop
  endfacet
  facet normal -0.980742 0.195308 0
    outer loop
      vertex 84.5829 -48.861 2.4
      vertex 84.5318 -49.1176 2
      vertex 84.5318 -49.1176 2.4
    endloop
  endfacet
  facet normal -0.947066 0.321039 0
    outer loop
      vertex 84.4478 -49.3654 2
      vertex 84.5318 -49.1176 2.4
      vertex 84.5318 -49.1176 2
    endloop
  endfacet
  facet normal -0.947066 0.321039 0
    outer loop
      vertex 84.5318 -49.1176 2.4
      vertex 84.4478 -49.3654 2
      vertex 84.4478 -49.3654 2.4
    endloop
  endfacet
  facet normal -0.896709 0.442621 0
    outer loop
      vertex 84.332 -49.6 2
      vertex 84.4478 -49.3654 2.4
      vertex 84.4478 -49.3654 2
    endloop
  endfacet
  facet normal -0.896709 0.442621 0
    outer loop
      vertex 84.4478 -49.3654 2.4
      vertex 84.332 -49.6 2
      vertex 84.332 -49.6 2.4
    endloop
  endfacet
  facet normal -0.831521 0.555494 0
    outer loop
      vertex 84.1867 -49.8175 2
      vertex 84.332 -49.6 2.4
      vertex 84.332 -49.6 2
    endloop
  endfacet
  facet normal -0.831521 0.555494 0
    outer loop
      vertex 84.332 -49.6 2.4
      vertex 84.1867 -49.8175 2
      vertex 84.1867 -49.8175 2.4
    endloop
  endfacet
  facet normal -0.751842 0.659343 0
    outer loop
      vertex 84.0142 -50.0142 2
      vertex 84.1867 -49.8175 2.4
      vertex 84.1867 -49.8175 2
    endloop
  endfacet
  facet normal -0.751842 0.659343 0
    outer loop
      vertex 84.1867 -49.8175 2.4
      vertex 84.0142 -50.0142 2
      vertex 84.0142 -50.0142 2.4
    endloop
  endfacet
  facet normal -0.659343 0.751842 0
    outer loop
      vertex 84.0142 -50.0142 2
      vertex 83.8175 -50.1867 2.4
      vertex 84.0142 -50.0142 2.4
    endloop
  endfacet
  facet normal -0.659343 0.751842 0
    outer loop
      vertex 83.8175 -50.1867 2.4
      vertex 84.0142 -50.0142 2
      vertex 83.8175 -50.1867 2
    endloop
  endfacet
  facet normal -0.555494 0.831521 0
    outer loop
      vertex 83.8175 -50.1867 2
      vertex 83.6 -50.332 2.4
      vertex 83.8175 -50.1867 2.4
    endloop
  endfacet
  facet normal -0.555494 0.831521 0
    outer loop
      vertex 83.6 -50.332 2.4
      vertex 83.8175 -50.1867 2
      vertex 83.6 -50.332 2
    endloop
  endfacet
  facet normal -0.442621 0.896709 0
    outer loop
      vertex 83.6 -50.332 2
      vertex 83.3654 -50.4478 2.4
      vertex 83.6 -50.332 2.4
    endloop
  endfacet
  facet normal -0.442621 0.896709 0
    outer loop
      vertex 83.3654 -50.4478 2.4
      vertex 83.6 -50.332 2
      vertex 83.3654 -50.4478 2
    endloop
  endfacet
  facet normal -0.321039 0.947066 0
    outer loop
      vertex 83.3654 -50.4478 2
      vertex 83.1176 -50.5318 2.4
      vertex 83.3654 -50.4478 2.4
    endloop
  endfacet
  facet normal -0.321039 0.947066 0
    outer loop
      vertex 83.1176 -50.5318 2.4
      vertex 83.3654 -50.4478 2
      vertex 83.1176 -50.5318 2
    endloop
  endfacet
  facet normal -0.195308 0.980742 0
    outer loop
      vertex 83.1176 -50.5318 2
      vertex 82.861 -50.5829 2.4
      vertex 83.1176 -50.5318 2.4
    endloop
  endfacet
  facet normal -0.195308 0.980742 0
    outer loop
      vertex 82.861 -50.5829 2.4
      vertex 83.1176 -50.5318 2
      vertex 82.861 -50.5829 2
    endloop
  endfacet
  facet normal -0.0653771 0.997861 0
    outer loop
      vertex 82.861 -50.5829 2
      vertex 82.6 -50.6 2.4
      vertex 82.861 -50.5829 2.4
    endloop
  endfacet
  facet normal -0.0653771 0.997861 0
    outer loop
      vertex 82.6 -50.6 2.4
      vertex 82.861 -50.5829 2
      vertex 82.6 -50.6 2
    endloop
  endfacet
  facet normal 0 1 -0
    outer loop
      vertex 82.6 -50.6 2
      vertex -82.6 -50.6 2.4
      vertex 82.6 -50.6 2.4
    endloop
  endfacet
  facet normal 0 1 0
    outer loop
      vertex -82.6 -50.6 2.4
      vertex 82.6 -50.6 2
      vertex -82.6 -50.6 2
    endloop
  endfacet
endsolid OpenSCAD_Model
