solid OpenSCAD_Model
  facet normal 0 0 -1
    outer loop
      vertex -63.8948 -38.9 0
      vertex 0 -47.26 0
      vertex -63.7864 -39.4453 0
    endloop
  endfacet
  facet normal 0 0 -1
    outer loop
      vertex 0 -47.26 0
      vertex -63.7864 39.4453 0
      vertex -63.75 40 0
    endloop
  endfacet
  facet normal 0 0 -1
    outer loop
      vertex -64.0735 -38.3736 0
      vertex 0 -47.26 0
      vertex -63.8948 -38.9 0
    endloop
  endfacet
  facet normal 0 0 -1
    outer loop
      vertex 0 -47.26 0
      vertex -63.8948 38.9 0
      vertex -63.7864 39.4453 0
    endloop
  endfacet
  facet normal 0 0 -1
    outer loop
      vertex -64.3194 -37.875 0
      vertex 0 -47.26 0
      vertex -64.0735 -38.3736 0
    endloop
  endfacet
  facet normal 0 0 -1
    outer loop
      vertex 0 -47.26 0
      vertex -64.0735 38.3736 0
      vertex -63.8948 38.9 0
    endloop
  endfacet
  facet normal 0 0 -1
    outer loop
      vertex -64.6283 -37.4128 0
      vertex 0 -47.26 0
      vertex -64.3194 -37.875 0
    endloop
  endfacet
  facet normal 0 0 -1
    outer loop
      vertex 0 -47.26 0
      vertex -64.3194 37.875 0
      vertex -64.0735 38.3736 0
    endloop
  endfacet
  facet normal 0 0 -1
    outer loop
      vertex -64.9948 -36.9948 0
      vertex 0 -47.26 0
      vertex -64.6283 -37.4128 0
    endloop
  endfacet
  facet normal 0 0 -1
    outer loop
      vertex 0 -47.26 0
      vertex -64.6283 37.4128 0
      vertex -64.3194 37.875 0
    endloop
  endfacet
  facet normal 0 0 -1
    outer loop
      vertex -64.9948 36.9948 0
      vertex 0 -47.26 0
      vertex -64.9948 -36.9948 0
    endloop
  endfacet
  facet normal 0 0 -1
    outer loop
      vertex 0 -47.26 0
      vertex -64.9948 36.9948 0
      vertex -64.6283 37.4128 0
    endloop
  endfacet
  facet normal 0 0 -1
    outer loop
      vertex -65.4128 -36.6283 0
      vertex -64.9948 36.9948 0
      vertex -64.9948 -36.9948 0
    endloop
  endfacet
  facet normal 0 0 -1
    outer loop
      vertex -65.4128 -36.6283 0
      vertex -65.4128 36.6283 0
      vertex -64.9948 36.9948 0
    endloop
  endfacet
  facet normal 0 0 -1
    outer loop
      vertex -65.875 -36.3194 0
      vertex -65.4128 36.6283 0
      vertex -65.4128 -36.6283 0
    endloop
  endfacet
  facet normal 0 0 -1
    outer loop
      vertex -65.875 -36.3194 0
      vertex -65.875 36.3194 0
      vertex -65.4128 36.6283 0
    endloop
  endfacet
  facet normal 0 0 -1
    outer loop
      vertex -66.3736 -36.0735 0
      vertex -65.875 36.3194 0
      vertex -65.875 -36.3194 0
    endloop
  endfacet
  facet normal 0 0 -1
    outer loop
      vertex -66.3736 -36.0735 0
      vertex -66.3736 36.0735 0
      vertex -65.875 36.3194 0
    endloop
  endfacet
  facet normal 0 0 -1
    outer loop
      vertex -66.9 -35.8948 0
      vertex -66.3736 36.0735 0
      vertex -66.3736 -36.0735 0
    endloop
  endfacet
  facet normal 0 0 -1
    outer loop
      vertex -66.9 -35.8948 0
      vertex -66.9 35.8948 0
      vertex -66.3736 36.0735 0
    endloop
  endfacet
  facet normal 0 0 -1
    outer loop
      vertex -67.4453 -35.7864 0
      vertex -66.9 35.8948 0
      vertex -66.9 -35.8948 0
    endloop
  endfacet
  facet normal 0 0 -1
    outer loop
      vertex -67.4453 -35.7864 0
      vertex -67.4453 35.7864 0
      vertex -66.9 35.8948 0
    endloop
  endfacet
  facet normal 0 0 -1
    outer loop
      vertex -68 -35.75 0
      vertex -67.4453 35.7864 0
      vertex -67.4453 -35.7864 0
    endloop
  endfacet
  facet normal 0 0 -1
    outer loop
      vertex -68 -35.75 0
      vertex -68 35.75 0
      vertex -67.4453 35.7864 0
    endloop
  endfacet
  facet normal 0 0 -1
    outer loop
      vertex -68.5547 -35.7864 0
      vertex -68 35.75 0
      vertex -68 -35.75 0
    endloop
  endfacet
  facet normal 0 0 -1
    outer loop
      vertex -68.5547 -35.7864 0
      vertex -68.5547 35.7864 0
      vertex -68 35.75 0
    endloop
  endfacet
  facet normal 0 0 -1
    outer loop
      vertex -69.1 -35.8948 0
      vertex -68.5547 35.7864 0
      vertex -68.5547 -35.7864 0
    endloop
  endfacet
  facet normal 0 0 -1
    outer loop
      vertex -69.1 -35.8948 0
      vertex -69.1 35.8948 0
      vertex -68.5547 35.7864 0
    endloop
  endfacet
  facet normal 0 0 -1
    outer loop
      vertex -69.6264 -36.0735 0
      vertex -69.1 35.8948 0
      vertex -69.1 -35.8948 0
    endloop
  endfacet
  facet normal 0 0 -1
    outer loop
      vertex -69.6264 -36.0735 0
      vertex -69.6264 36.0735 0
      vertex -69.1 35.8948 0
    endloop
  endfacet
  facet normal 0 0 -1
    outer loop
      vertex -70.125 -36.3194 0
      vertex -69.6264 36.0735 0
      vertex -69.6264 -36.0735 0
    endloop
  endfacet
  facet normal 0 0 -1
    outer loop
      vertex -70.125 -36.3194 0
      vertex -70.125 36.3194 0
      vertex -69.6264 36.0735 0
    endloop
  endfacet
  facet normal 0 0 -1
    outer loop
      vertex -70.5872 -36.6283 0
      vertex -70.125 36.3194 0
      vertex -70.125 -36.3194 0
    endloop
  endfacet
  facet normal 0 0 -1
    outer loop
      vertex -70.5872 -36.6283 0
      vertex -70.5872 36.6283 0
      vertex -70.125 36.3194 0
    endloop
  endfacet
  facet normal 0 0 -1
    outer loop
      vertex -71.0052 -36.9948 0
      vertex -70.5872 36.6283 0
      vertex -70.5872 -36.6283 0
    endloop
  endfacet
  facet normal 0 0 -1
    outer loop
      vertex -71.0052 -36.9948 0
      vertex -71.0052 36.9948 0
      vertex -70.5872 36.6283 0
    endloop
  endfacet
  facet normal 0 0 -1
    outer loop
      vertex -84 -46 0
      vertex -71.0052 -36.9948 0
      vertex -71.3717 -37.4128 0
    endloop
  endfacet
  facet normal -0 0 -1
    outer loop
      vertex -71.0052 -36.9948 0
      vertex -84 -46 0
      vertex -71.0052 36.9948 0
    endloop
  endfacet
  facet normal 0 0 -1
    outer loop
      vertex -84 -46 0
      vertex -71.3717 -37.4128 0
      vertex -71.6806 -37.875 0
    endloop
  endfacet
  facet normal 0 0 -1
    outer loop
      vertex -84 46 0
      vertex -71.0052 36.9948 0
      vertex -84 -46 0
    endloop
  endfacet
  facet normal 0 0 -1
    outer loop
      vertex -84 -46 0
      vertex -71.6806 -37.875 0
      vertex -71.9265 -38.3736 0
    endloop
  endfacet
  facet normal 0 0 -1
    outer loop
      vertex -71.0052 36.9948 0
      vertex -84 46 0
      vertex -71.3717 37.4128 0
    endloop
  endfacet
  facet normal 0 0 -1
    outer loop
      vertex -84 -46 0
      vertex -71.9265 -38.3736 0
      vertex -72.1052 -38.9 0
    endloop
  endfacet
  facet normal 0 0 -1
    outer loop
      vertex -71.3717 37.4128 0
      vertex -84 46 0
      vertex -71.6806 37.875 0
    endloop
  endfacet
  facet normal 0 0 -1
    outer loop
      vertex -84 -46 0
      vertex -72.1052 -38.9 0
      vertex -72.2136 -39.4453 0
    endloop
  endfacet
  facet normal 0 0 -1
    outer loop
      vertex -71.6806 37.875 0
      vertex -84 46 0
      vertex -71.9265 38.3736 0
    endloop
  endfacet
  facet normal 0 0 -1
    outer loop
      vertex -84 -46 0
      vertex -72.2136 -39.4453 0
      vertex -72.25 -40 0
    endloop
  endfacet
  facet normal 0 0 -1
    outer loop
      vertex -71.9265 38.3736 0
      vertex -84 46 0
      vertex -72.1052 38.9 0
    endloop
  endfacet
  facet normal 0 0 -1
    outer loop
      vertex -63.8948 -41.1 0
      vertex 0 -47.26 0
      vertex 0 -50 0
    endloop
  endfacet
  facet normal 0 0 -1
    outer loop
      vertex 0 -47.26 0
      vertex -63.7864 -40.5547 0
      vertex -63.75 -40 0
    endloop
  endfacet
  facet normal 0 0 -1
    outer loop
      vertex 0 -47.26 0
      vertex -63.8948 -41.1 0
      vertex -63.7864 -40.5547 0
    endloop
  endfacet
  facet normal 0 0 -1
    outer loop
      vertex 0 -50 0
      vertex -64.0735 -41.6264 0
      vertex -63.8948 -41.1 0
    endloop
  endfacet
  facet normal 0 0 -1
    outer loop
      vertex 0 -50 0
      vertex -64.3194 -42.125 0
      vertex -64.0735 -41.6264 0
    endloop
  endfacet
  facet normal 0 0 -1
    outer loop
      vertex 0 -50 0
      vertex -64.6283 -42.5872 0
      vertex -64.3194 -42.125 0
    endloop
  endfacet
  facet normal 0 0 -1
    outer loop
      vertex 0 -50 0
      vertex -64.9948 -43.0052 0
      vertex -64.6283 -42.5872 0
    endloop
  endfacet
  facet normal 0 0 -1
    outer loop
      vertex 0 -50 0
      vertex -65.4128 -43.3717 0
      vertex -64.9948 -43.0052 0
    endloop
  endfacet
  facet normal 0 0 -1
    outer loop
      vertex 0 -50 0
      vertex -65.875 -43.6806 0
      vertex -65.4128 -43.3717 0
    endloop
  endfacet
  facet normal 0 0 -1
    outer loop
      vertex 0 -50 0
      vertex -66.3736 -43.9265 0
      vertex -65.875 -43.6806 0
    endloop
  endfacet
  facet normal 0 0 -1
    outer loop
      vertex 0 -50 0
      vertex -66.9 -44.1052 0
      vertex -66.3736 -43.9265 0
    endloop
  endfacet
  facet normal 0 0 -1
    outer loop
      vertex -80 -50 0
      vertex -66.9 -44.1052 0
      vertex 0 -50 0
    endloop
  endfacet
  facet normal 0 0 -1
    outer loop
      vertex -66.9 -44.1052 0
      vertex -80 -50 0
      vertex -67.4453 -44.2136 0
    endloop
  endfacet
  facet normal 0 0 -1
    outer loop
      vertex -67.4453 -44.2136 0
      vertex -80 -50 0
      vertex -68 -44.25 0
    endloop
  endfacet
  facet normal -0 0 -1
    outer loop
      vertex -72.2136 -40.5547 0
      vertex -84 -46 0
      vertex -72.25 -40 0
    endloop
  endfacet
  facet normal -0 0 -1
    outer loop
      vertex -72.1052 -41.1 0
      vertex -84 -46 0
      vertex -72.2136 -40.5547 0
    endloop
  endfacet
  facet normal -0 0 -1
    outer loop
      vertex -71.9265 -41.6264 0
      vertex -84 -46 0
      vertex -72.1052 -41.1 0
    endloop
  endfacet
  facet normal 0 0 -1
    outer loop
      vertex -84 -46 0
      vertex -71.9265 -41.6264 0
      vertex -80 -50 0
    endloop
  endfacet
  facet normal -0 0 -1
    outer loop
      vertex -71.6806 -42.125 0
      vertex -80 -50 0
      vertex -71.9265 -41.6264 0
    endloop
  endfacet
  facet normal -0 0 -1
    outer loop
      vertex -71.3717 -42.5872 0
      vertex -80 -50 0
      vertex -71.6806 -42.125 0
    endloop
  endfacet
  facet normal -0 0 -1
    outer loop
      vertex -71.0052 -43.0052 0
      vertex -80 -50 0
      vertex -71.3717 -42.5872 0
    endloop
  endfacet
  facet normal -0 0 -1
    outer loop
      vertex -70.5872 -43.3717 0
      vertex -80 -50 0
      vertex -71.0052 -43.0052 0
    endloop
  endfacet
  facet normal -0 0 -1
    outer loop
      vertex -70.125 -43.6806 0
      vertex -80 -50 0
      vertex -70.5872 -43.3717 0
    endloop
  endfacet
  facet normal -0 0 -1
    outer loop
      vertex -69.6264 -43.9265 0
      vertex -80 -50 0
      vertex -70.125 -43.6806 0
    endloop
  endfacet
  facet normal -0 0 -1
    outer loop
      vertex -69.1 -44.1052 0
      vertex -80 -50 0
      vertex -69.6264 -43.9265 0
    endloop
  endfacet
  facet normal -0 0 -1
    outer loop
      vertex -68.5547 -44.2136 0
      vertex -80 -50 0
      vertex -69.1 -44.1052 0
    endloop
  endfacet
  facet normal -0 0 -1
    outer loop
      vertex -68 -44.25 0
      vertex -80 -50 0
      vertex -68.5547 -44.2136 0
    endloop
  endfacet
  facet normal 0 0 -1
    outer loop
      vertex 71.9265 -38.3736 0
      vertex 84 -46 0
      vertex 72.1052 -38.9 0
    endloop
  endfacet
  facet normal 0 0 -1
    outer loop
      vertex 84 46 0
      vertex 72.2136 39.4453 0
      vertex 72.25 40 0
    endloop
  endfacet
  facet normal 0 0 -1
    outer loop
      vertex 71.6806 -37.875 0
      vertex 84 -46 0
      vertex 71.9265 -38.3736 0
    endloop
  endfacet
  facet normal 0 0 -1
    outer loop
      vertex 84 46 0
      vertex 72.1052 38.9 0
      vertex 72.2136 39.4453 0
    endloop
  endfacet
  facet normal 0 0 -1
    outer loop
      vertex 71.3717 -37.4128 0
      vertex 84 -46 0
      vertex 71.6806 -37.875 0
    endloop
  endfacet
  facet normal 0 0 -1
    outer loop
      vertex 84 46 0
      vertex 71.9265 38.3736 0
      vertex 72.1052 38.9 0
    endloop
  endfacet
  facet normal 0 0 -1
    outer loop
      vertex 71.0052 -36.9948 0
      vertex 84 -46 0
      vertex 71.3717 -37.4128 0
    endloop
  endfacet
  facet normal 0 0 -1
    outer loop
      vertex 84 46 0
      vertex 71.6806 37.875 0
      vertex 71.9265 38.3736 0
    endloop
  endfacet
  facet normal 0 0 -1
    outer loop
      vertex 84 -46 0
      vertex 71.0052 -36.9948 0
      vertex 84 46 0
    endloop
  endfacet
  facet normal 0 0 -1
    outer loop
      vertex 84 46 0
      vertex 71.3717 37.4128 0
      vertex 71.6806 37.875 0
    endloop
  endfacet
  facet normal 0 0 -1
    outer loop
      vertex 71.0052 36.9948 0
      vertex 84 46 0
      vertex 71.0052 -36.9948 0
    endloop
  endfacet
  facet normal 0 0 -1
    outer loop
      vertex 84 46 0
      vertex 71.0052 36.9948 0
      vertex 71.3717 37.4128 0
    endloop
  endfacet
  facet normal 0 0 -1
    outer loop
      vertex 70.5872 -36.6283 0
      vertex 71.0052 36.9948 0
      vertex 71.0052 -36.9948 0
    endloop
  endfacet
  facet normal 0 0 -1
    outer loop
      vertex 70.5872 -36.6283 0
      vertex 70.5872 36.6283 0
      vertex 71.0052 36.9948 0
    endloop
  endfacet
  facet normal 0 0 -1
    outer loop
      vertex 70.125 -36.3194 0
      vertex 70.5872 36.6283 0
      vertex 70.5872 -36.6283 0
    endloop
  endfacet
  facet normal 0 0 -1
    outer loop
      vertex 70.125 -36.3194 0
      vertex 70.125 36.3194 0
      vertex 70.5872 36.6283 0
    endloop
  endfacet
  facet normal 0 0 -1
    outer loop
      vertex 69.6264 -36.0735 0
      vertex 70.125 36.3194 0
      vertex 70.125 -36.3194 0
    endloop
  endfacet
  facet normal 0 0 -1
    outer loop
      vertex 69.6264 -36.0735 0
      vertex 69.6264 36.0735 0
      vertex 70.125 36.3194 0
    endloop
  endfacet
  facet normal 0 0 -1
    outer loop
      vertex 69.1 -35.8948 0
      vertex 69.6264 36.0735 0
      vertex 69.6264 -36.0735 0
    endloop
  endfacet
  facet normal 0 0 -1
    outer loop
      vertex 69.1 -35.8948 0
      vertex 69.1 35.8948 0
      vertex 69.6264 36.0735 0
    endloop
  endfacet
  facet normal 0 0 -1
    outer loop
      vertex 68.5547 -35.7864 0
      vertex 69.1 35.8948 0
      vertex 69.1 -35.8948 0
    endloop
  endfacet
  facet normal 0 0 -1
    outer loop
      vertex 68.5547 -35.7864 0
      vertex 68.5547 35.7864 0
      vertex 69.1 35.8948 0
    endloop
  endfacet
  facet normal 0 0 -1
    outer loop
      vertex 68 -35.75 0
      vertex 68.5547 35.7864 0
      vertex 68.5547 -35.7864 0
    endloop
  endfacet
  facet normal 0 0 -1
    outer loop
      vertex 68 -35.75 0
      vertex 68 35.75 0
      vertex 68.5547 35.7864 0
    endloop
  endfacet
  facet normal 0 0 -1
    outer loop
      vertex 67.4453 -35.7864 0
      vertex 68 35.75 0
      vertex 68 -35.75 0
    endloop
  endfacet
  facet normal 0 0 -1
    outer loop
      vertex 67.4453 -35.7864 0
      vertex 67.4453 35.7864 0
      vertex 68 35.75 0
    endloop
  endfacet
  facet normal 0 0 -1
    outer loop
      vertex 66.9 -35.8948 0
      vertex 67.4453 35.7864 0
      vertex 67.4453 -35.7864 0
    endloop
  endfacet
  facet normal 0 0 -1
    outer loop
      vertex 66.9 -35.8948 0
      vertex 66.9 35.8948 0
      vertex 67.4453 35.7864 0
    endloop
  endfacet
  facet normal 0 0 -1
    outer loop
      vertex 66.3736 -36.0735 0
      vertex 66.9 35.8948 0
      vertex 66.9 -35.8948 0
    endloop
  endfacet
  facet normal 0 0 -1
    outer loop
      vertex 66.3736 -36.0735 0
      vertex 66.3736 36.0735 0
      vertex 66.9 35.8948 0
    endloop
  endfacet
  facet normal 0 0 -1
    outer loop
      vertex 65.875 -36.3194 0
      vertex 66.3736 36.0735 0
      vertex 66.3736 -36.0735 0
    endloop
  endfacet
  facet normal 0 0 -1
    outer loop
      vertex 65.875 -36.3194 0
      vertex 65.875 36.3194 0
      vertex 66.3736 36.0735 0
    endloop
  endfacet
  facet normal 0 0 -1
    outer loop
      vertex 65.4128 -36.6283 0
      vertex 65.875 36.3194 0
      vertex 65.875 -36.3194 0
    endloop
  endfacet
  facet normal 0 0 -1
    outer loop
      vertex 65.4128 -36.6283 0
      vertex 65.4128 36.6283 0
      vertex 65.875 36.3194 0
    endloop
  endfacet
  facet normal 0 0 -1
    outer loop
      vertex 64.9948 -36.9948 0
      vertex 65.4128 36.6283 0
      vertex 65.4128 -36.6283 0
    endloop
  endfacet
  facet normal 0 0 -1
    outer loop
      vertex 64.9948 -36.9948 0
      vertex 64.9948 36.9948 0
      vertex 65.4128 36.6283 0
    endloop
  endfacet
  facet normal 0 0 -1
    outer loop
      vertex 8 -47.26 0
      vertex 64.9948 -36.9948 0
      vertex 64.6283 -37.4128 0
    endloop
  endfacet
  facet normal -0 0 -1
    outer loop
      vertex 64.9948 -36.9948 0
      vertex 8 -47.26 0
      vertex 64.9948 36.9948 0
    endloop
  endfacet
  facet normal 0 0 -1
    outer loop
      vertex 8 -47.26 0
      vertex 64.6283 -37.4128 0
      vertex 64.3194 -37.875 0
    endloop
  endfacet
  facet normal -0 0 -1
    outer loop
      vertex 64.9948 36.9948 0
      vertex 8 -47.26 0
      vertex 64.6283 37.4128 0
    endloop
  endfacet
  facet normal 0 0 -1
    outer loop
      vertex 8 -47.26 0
      vertex 64.3194 -37.875 0
      vertex 64.0735 -38.3736 0
    endloop
  endfacet
  facet normal -0 0 -1
    outer loop
      vertex 64.6283 37.4128 0
      vertex 8 -47.26 0
      vertex 64.3194 37.875 0
    endloop
  endfacet
  facet normal 0 0 -1
    outer loop
      vertex 8 -47.26 0
      vertex 64.0735 -38.3736 0
      vertex 63.8948 -38.9 0
    endloop
  endfacet
  facet normal -0 0 -1
    outer loop
      vertex 64.3194 37.875 0
      vertex 8 -47.26 0
      vertex 64.0735 38.3736 0
    endloop
  endfacet
  facet normal 0 0 -1
    outer loop
      vertex 8 -47.26 0
      vertex 63.8948 -38.9 0
      vertex 63.7864 -39.4453 0
    endloop
  endfacet
  facet normal 0 0 -1
    outer loop
      vertex 0 -47.26 0
      vertex 64.0735 38.3736 0
      vertex 8 -47.26 0
    endloop
  endfacet
  facet normal 0 0 -1
    outer loop
      vertex 8 -47.26 0
      vertex 63.7864 -39.4453 0
      vertex 63.75 -40 0
    endloop
  endfacet
  facet normal -0 0 -1
    outer loop
      vertex 64.0735 38.3736 0
      vertex 0 -47.26 0
      vertex 63.8948 38.9 0
    endloop
  endfacet
  facet normal 0 0 -1
    outer loop
      vertex 80 -50 0
      vertex 84 -46 0
      vertex 83.9658 -46.5221 0
    endloop
  endfacet
  facet normal 0 0 -1
    outer loop
      vertex 72.2136 -39.4453 0
      vertex 84 -46 0
      vertex 72.25 -40 0
    endloop
  endfacet
  facet normal 0 0 -1
    outer loop
      vertex 80 -50 0
      vertex 83.9658 -46.5221 0
      vertex 83.8637 -47.0353 0
    endloop
  endfacet
  facet normal 0 0 -1
    outer loop
      vertex 72.1052 -38.9 0
      vertex 84 -46 0
      vertex 72.2136 -39.4453 0
    endloop
  endfacet
  facet normal 0 0 -1
    outer loop
      vertex 80 -50 0
      vertex 83.8637 -47.0353 0
      vertex 83.6955 -47.5307 0
    endloop
  endfacet
  facet normal 0 0 -1
    outer loop
      vertex 72.2136 40.5547 0
      vertex 84 46 0
      vertex 72.25 40 0
    endloop
  endfacet
  facet normal 0 0 -1
    outer loop
      vertex 80 -50 0
      vertex 83.6955 -47.5307 0
      vertex 83.4641 -48 0
    endloop
  endfacet
  facet normal 0 0 -1
    outer loop
      vertex 72.1052 41.1 0
      vertex 84 46 0
      vertex 72.2136 40.5547 0
    endloop
  endfacet
  facet normal 0 0 -1
    outer loop
      vertex 80 -50 0
      vertex 83.4641 -48 0
      vertex 83.1734 -48.435 0
    endloop
  endfacet
  facet normal 0 0 -1
    outer loop
      vertex 71.9265 41.6264 0
      vertex 84 46 0
      vertex 72.1052 41.1 0
    endloop
  endfacet
  facet normal 0 0 -1
    outer loop
      vertex 80 -50 0
      vertex 83.1734 -48.435 0
      vertex 82.8284 -48.8284 0
    endloop
  endfacet
  facet normal 0 -0 -1
    outer loop
      vertex 80 50 0
      vertex 84 46 0
      vertex 71.9265 41.6264 0
    endloop
  endfacet
  facet normal 0 0 -1
    outer loop
      vertex 80 -50 0
      vertex 82.8284 -48.8284 0
      vertex 82.435 -49.1734 0
    endloop
  endfacet
  facet normal 0 0 -1
    outer loop
      vertex 84 46 0
      vertex 80 50 0
      vertex 83.9658 46.5221 0
    endloop
  endfacet
  facet normal 0 0 -1
    outer loop
      vertex 80 -50 0
      vertex 82.435 -49.1734 0
      vertex 82 -49.4641 0
    endloop
  endfacet
  facet normal 0 0 -1
    outer loop
      vertex 83.8637 47.0353 0
      vertex 80 50 0
      vertex 83.6955 47.5307 0
    endloop
  endfacet
  facet normal 0 0 -1
    outer loop
      vertex 80 -50 0
      vertex 82 -49.4641 0
      vertex 81.5307 -49.6955 0
    endloop
  endfacet
  facet normal 0 0 -1
    outer loop
      vertex 83.6955 47.5307 0
      vertex 80 50 0
      vertex 83.4641 48 0
    endloop
  endfacet
  facet normal 0 0 -1
    outer loop
      vertex 80 -50 0
      vertex 81.5307 -49.6955 0
      vertex 81.0353 -49.8637 0
    endloop
  endfacet
  facet normal 0 0 -1
    outer loop
      vertex 83.4641 48 0
      vertex 80 50 0
      vertex 83.1734 48.435 0
    endloop
  endfacet
  facet normal 0 0 -1
    outer loop
      vertex 80 -50 0
      vertex 81.0353 -49.8637 0
      vertex 80.5221 -49.9658 0
    endloop
  endfacet
  facet normal 0 0 -1
    outer loop
      vertex 83.1734 48.435 0
      vertex 80 50 0
      vertex 82.8284 48.8284 0
    endloop
  endfacet
  facet normal -0 0 -1
    outer loop
      vertex 84 -46 0
      vertex 80 -50 0
      vertex 71.9265 -41.6264 0
    endloop
  endfacet
  facet normal 0 0 -1
    outer loop
      vertex 82.8284 48.8284 0
      vertex 80 50 0
      vertex 82.435 49.1734 0
    endloop
  endfacet
  facet normal 0 0 -1
    outer loop
      vertex 82.435 49.1734 0
      vertex 80 50 0
      vertex 82 49.4641 0
    endloop
  endfacet
  facet normal 0 0 -1
    outer loop
      vertex 84 -46 0
      vertex 72.2136 -40.5547 0
      vertex 72.25 -40 0
    endloop
  endfacet
  facet normal 0 0 -1
    outer loop
      vertex 84 -46 0
      vertex 72.1052 -41.1 0
      vertex 72.2136 -40.5547 0
    endloop
  endfacet
  facet normal 0 0 -1
    outer loop
      vertex 84 -46 0
      vertex 71.9265 -41.6264 0
      vertex 72.1052 -41.1 0
    endloop
  endfacet
  facet normal 0 0 -1
    outer loop
      vertex 80 -50 0
      vertex 71.6806 -42.125 0
      vertex 71.9265 -41.6264 0
    endloop
  endfacet
  facet normal 0 0 -1
    outer loop
      vertex 80 -50 0
      vertex 71.3717 -42.5872 0
      vertex 71.6806 -42.125 0
    endloop
  endfacet
  facet normal 0 0 -1
    outer loop
      vertex 80 -50 0
      vertex 71.0052 -43.0052 0
      vertex 71.3717 -42.5872 0
    endloop
  endfacet
  facet normal 0 0 -1
    outer loop
      vertex 80 -50 0
      vertex 70.5872 -43.3717 0
      vertex 71.0052 -43.0052 0
    endloop
  endfacet
  facet normal 0 0 -1
    outer loop
      vertex 80 -50 0
      vertex 70.125 -43.6806 0
      vertex 70.5872 -43.3717 0
    endloop
  endfacet
  facet normal 0 0 -1
    outer loop
      vertex 80 -50 0
      vertex 69.6264 -43.9265 0
      vertex 70.125 -43.6806 0
    endloop
  endfacet
  facet normal 0 0 -1
    outer loop
      vertex 80 -50 0
      vertex 69.1 -44.1052 0
      vertex 69.6264 -43.9265 0
    endloop
  endfacet
  facet normal 0 0 -1
    outer loop
      vertex 80 -50 0
      vertex 68.5547 -44.2136 0
      vertex 69.1 -44.1052 0
    endloop
  endfacet
  facet normal 0 0 -1
    outer loop
      vertex 80 -50 0
      vertex 68 -44.25 0
      vertex 68.5547 -44.2136 0
    endloop
  endfacet
  facet normal 0 0 -1
    outer loop
      vertex 80 -50 0
      vertex 67.4453 -44.2136 0
      vertex 68 -44.25 0
    endloop
  endfacet
  facet normal 0 0 -1
    outer loop
      vertex 80 -50 0
      vertex 66.9 -44.1052 0
      vertex 67.4453 -44.2136 0
    endloop
  endfacet
  facet normal 0 0 -1
    outer loop
      vertex 80 -50 0
      vertex 66.3736 -43.9265 0
      vertex 66.9 -44.1052 0
    endloop
  endfacet
  facet normal -0 0 -1
    outer loop
      vertex 63.7864 -40.5547 0
      vertex 8 -47.26 0
      vertex 63.75 -40 0
    endloop
  endfacet
  facet normal -0 0 -1
    outer loop
      vertex 63.8948 -41.1 0
      vertex 8 -47.26 0
      vertex 63.7864 -40.5547 0
    endloop
  endfacet
  facet normal 0 0 -1
    outer loop
      vertex 8 -47.26 0
      vertex 63.8948 -41.1 0
      vertex 8 -50 0
    endloop
  endfacet
  facet normal -0 0 -1
    outer loop
      vertex 64.0735 -41.6264 0
      vertex 8 -50 0
      vertex 63.8948 -41.1 0
    endloop
  endfacet
  facet normal -0 0 -1
    outer loop
      vertex 64.3194 -42.125 0
      vertex 8 -50 0
      vertex 64.0735 -41.6264 0
    endloop
  endfacet
  facet normal -0 0 -1
    outer loop
      vertex 64.6283 -42.5872 0
      vertex 8 -50 0
      vertex 64.3194 -42.125 0
    endloop
  endfacet
  facet normal -0 0 -1
    outer loop
      vertex 64.9948 -43.0052 0
      vertex 8 -50 0
      vertex 64.6283 -42.5872 0
    endloop
  endfacet
  facet normal -0 0 -1
    outer loop
      vertex 65.4128 -43.3717 0
      vertex 8 -50 0
      vertex 64.9948 -43.0052 0
    endloop
  endfacet
  facet normal -0 0 -1
    outer loop
      vertex 65.875 -43.6806 0
      vertex 8 -50 0
      vertex 65.4128 -43.3717 0
    endloop
  endfacet
  facet normal -0 0 -1
    outer loop
      vertex 66.3736 -43.9265 0
      vertex 8 -50 0
      vertex 65.875 -43.6806 0
    endloop
  endfacet
  facet normal 0 0 -1
    outer loop
      vertex 8 -50 0
      vertex 66.3736 -43.9265 0
      vertex 80 -50 0
    endloop
  endfacet
  facet normal 0 0 -1
    outer loop
      vertex 82 49.4641 0
      vertex 80 50 0
      vertex 81.5307 49.6955 0
    endloop
  endfacet
  facet normal 0 0 -1
    outer loop
      vertex 81.0353 49.8637 0
      vertex 80 50 0
      vertex 80.5221 49.9658 0
    endloop
  endfacet
  facet normal 0 0 -1
    outer loop
      vertex 81.5307 49.6955 0
      vertex 80 50 0
      vertex 81.0353 49.8637 0
    endloop
  endfacet
  facet normal 0 0 -1
    outer loop
      vertex 83.9658 46.5221 0
      vertex 80 50 0
      vertex 83.8637 47.0353 0
    endloop
  endfacet
  facet normal 0 0 -1
    outer loop
      vertex 71.6806 42.125 0
      vertex 80 50 0
      vertex 71.9265 41.6264 0
    endloop
  endfacet
  facet normal 0 0 -1
    outer loop
      vertex 71.3717 42.5872 0
      vertex 80 50 0
      vertex 71.6806 42.125 0
    endloop
  endfacet
  facet normal 0 0 -1
    outer loop
      vertex 71.0052 43.0052 0
      vertex 80 50 0
      vertex 71.3717 42.5872 0
    endloop
  endfacet
  facet normal 0 0 -1
    outer loop
      vertex 70.5872 43.3717 0
      vertex 80 50 0
      vertex 71.0052 43.0052 0
    endloop
  endfacet
  facet normal 0 0 -1
    outer loop
      vertex 70.125 43.6806 0
      vertex 80 50 0
      vertex 70.5872 43.3717 0
    endloop
  endfacet
  facet normal 0 0 -1
    outer loop
      vertex 69.6264 43.9265 0
      vertex 80 50 0
      vertex 70.125 43.6806 0
    endloop
  endfacet
  facet normal 0 0 -1
    outer loop
      vertex 69.1 44.1052 0
      vertex 80 50 0
      vertex 69.6264 43.9265 0
    endloop
  endfacet
  facet normal 0 0 -1
    outer loop
      vertex 68.5547 44.2136 0
      vertex 80 50 0
      vertex 69.1 44.1052 0
    endloop
  endfacet
  facet normal 0 0 -1
    outer loop
      vertex 68 44.25 0
      vertex 80 50 0
      vertex 68.5547 44.2136 0
    endloop
  endfacet
  facet normal 0 0 -1
    outer loop
      vertex 67.4453 44.2136 0
      vertex 80 50 0
      vertex 68 44.25 0
    endloop
  endfacet
  facet normal 0 0 -1
    outer loop
      vertex 66.9 44.1052 0
      vertex 80 50 0
      vertex 67.4453 44.2136 0
    endloop
  endfacet
  facet normal 0 0 -1
    outer loop
      vertex 66.3736 43.9265 0
      vertex 80 50 0
      vertex 66.9 44.1052 0
    endloop
  endfacet
  facet normal 0 0 -1
    outer loop
      vertex -63.75 40 0
      vertex 63.8948 38.9 0
      vertex 0 -47.26 0
    endloop
  endfacet
  facet normal 0 0 -1
    outer loop
      vertex 63.8948 38.9 0
      vertex -63.75 40 0
      vertex 63.7864 39.4453 0
    endloop
  endfacet
  facet normal 0 0 -1
    outer loop
      vertex 63.7864 39.4453 0
      vertex -63.75 40 0
      vertex 63.75 40 0
    endloop
  endfacet
  facet normal 0 0 -1
    outer loop
      vertex 63.75 40 0
      vertex -63.75 40 0
      vertex 63.7864 40.5547 0
    endloop
  endfacet
  facet normal 0 0 -1
    outer loop
      vertex -63.7864 40.5547 0
      vertex 63.7864 40.5547 0
      vertex -63.75 40 0
    endloop
  endfacet
  facet normal 0 0 -1
    outer loop
      vertex 63.7864 40.5547 0
      vertex -63.7864 40.5547 0
      vertex 63.8948 41.1 0
    endloop
  endfacet
  facet normal 0 0 -1
    outer loop
      vertex -63.8948 41.1 0
      vertex 63.8948 41.1 0
      vertex -63.7864 40.5547 0
    endloop
  endfacet
  facet normal 0 0 -1
    outer loop
      vertex -63.7864 -39.4453 0
      vertex 0 -47.26 0
      vertex -63.75 -40 0
    endloop
  endfacet
  facet normal 0 0 -1
    outer loop
      vertex 63.8948 41.1 0
      vertex -63.8948 41.1 0
      vertex 64.0735 41.6264 0
    endloop
  endfacet
  facet normal 0 0 -1
    outer loop
      vertex -64.0735 41.6264 0
      vertex 64.0735 41.6264 0
      vertex -63.8948 41.1 0
    endloop
  endfacet
  facet normal 0 0 -1
    outer loop
      vertex 64.0735 41.6264 0
      vertex -64.0735 41.6264 0
      vertex 64.3194 42.125 0
    endloop
  endfacet
  facet normal 0 0 -1
    outer loop
      vertex -64.3194 42.125 0
      vertex 64.3194 42.125 0
      vertex -64.0735 41.6264 0
    endloop
  endfacet
  facet normal 0 0 -1
    outer loop
      vertex 64.3194 42.125 0
      vertex -64.3194 42.125 0
      vertex 64.6283 42.5872 0
    endloop
  endfacet
  facet normal 0 0 -1
    outer loop
      vertex -64.6283 42.5872 0
      vertex 64.6283 42.5872 0
      vertex -64.3194 42.125 0
    endloop
  endfacet
  facet normal 0 0 -1
    outer loop
      vertex 64.6283 42.5872 0
      vertex -64.6283 42.5872 0
      vertex 64.9948 43.0052 0
    endloop
  endfacet
  facet normal 0 0 -1
    outer loop
      vertex -64.9948 43.0052 0
      vertex 64.9948 43.0052 0
      vertex -64.6283 42.5872 0
    endloop
  endfacet
  facet normal 0 0 -1
    outer loop
      vertex 64.9948 43.0052 0
      vertex -64.9948 43.0052 0
      vertex 65.4128 43.3717 0
    endloop
  endfacet
  facet normal 0 0 -1
    outer loop
      vertex -65.4128 43.3717 0
      vertex 65.4128 43.3717 0
      vertex -64.9948 43.0052 0
    endloop
  endfacet
  facet normal 0 0 -1
    outer loop
      vertex 65.4128 43.3717 0
      vertex -65.4128 43.3717 0
      vertex 65.875 43.6806 0
    endloop
  endfacet
  facet normal 0 0 -1
    outer loop
      vertex -65.875 43.6806 0
      vertex 65.875 43.6806 0
      vertex -65.4128 43.3717 0
    endloop
  endfacet
  facet normal 0 0 -1
    outer loop
      vertex 65.875 43.6806 0
      vertex -65.875 43.6806 0
      vertex 66.3736 43.9265 0
    endloop
  endfacet
  facet normal 0 0 -1
    outer loop
      vertex -66.3736 43.9265 0
      vertex 66.3736 43.9265 0
      vertex -65.875 43.6806 0
    endloop
  endfacet
  facet normal 0 0 -1
    outer loop
      vertex 66.3736 43.9265 0
      vertex -66.3736 43.9265 0
      vertex 80 50 0
    endloop
  endfacet
  facet normal 0 0 -1
    outer loop
      vertex -80 50 0
      vertex -66.3736 43.9265 0
      vertex -66.9 44.1052 0
    endloop
  endfacet
  facet normal 0 0 -1
    outer loop
      vertex -80 50 0
      vertex -66.9 44.1052 0
      vertex -67.4453 44.2136 0
    endloop
  endfacet
  facet normal 0 0 -1
    outer loop
      vertex -80 50 0
      vertex -67.4453 44.2136 0
      vertex -68 44.25 0
    endloop
  endfacet
  facet normal 0 0 -1
    outer loop
      vertex -72.1052 38.9 0
      vertex -84 46 0
      vertex -72.2136 39.4453 0
    endloop
  endfacet
  facet normal 0 0 -1
    outer loop
      vertex -66.3736 43.9265 0
      vertex -80 50 0
      vertex 80 50 0
    endloop
  endfacet
  facet normal 0 0 -1
    outer loop
      vertex -68.5547 44.2136 0
      vertex -80 50 0
      vertex -68 44.25 0
    endloop
  endfacet
  facet normal 0 0 -1
    outer loop
      vertex -69.1 44.1052 0
      vertex -80 50 0
      vertex -68.5547 44.2136 0
    endloop
  endfacet
  facet normal 0 0 -1
    outer loop
      vertex -69.6264 43.9265 0
      vertex -80 50 0
      vertex -69.1 44.1052 0
    endloop
  endfacet
  facet normal 0 0 -1
    outer loop
      vertex -70.125 43.6806 0
      vertex -80 50 0
      vertex -69.6264 43.9265 0
    endloop
  endfacet
  facet normal 0 0 -1
    outer loop
      vertex -70.5872 43.3717 0
      vertex -80 50 0
      vertex -70.125 43.6806 0
    endloop
  endfacet
  facet normal 0 0 -1
    outer loop
      vertex -71.0052 43.0052 0
      vertex -80 50 0
      vertex -70.5872 43.3717 0
    endloop
  endfacet
  facet normal 0 0 -1
    outer loop
      vertex -71.3717 42.5872 0
      vertex -80 50 0
      vertex -71.0052 43.0052 0
    endloop
  endfacet
  facet normal 0 0 -1
    outer loop
      vertex -71.6806 42.125 0
      vertex -80 50 0
      vertex -71.3717 42.5872 0
    endloop
  endfacet
  facet normal 0 0 -1
    outer loop
      vertex -71.9265 41.6264 0
      vertex -80 50 0
      vertex -71.6806 42.125 0
    endloop
  endfacet
  facet normal 0 0 -1
    outer loop
      vertex -84 46 0
      vertex -71.9265 41.6264 0
      vertex -72.1052 41.1 0
    endloop
  endfacet
  facet normal 0 0 -1
    outer loop
      vertex -84 46 0
      vertex -72.1052 41.1 0
      vertex -72.2136 40.5547 0
    endloop
  endfacet
  facet normal 0 0 -1
    outer loop
      vertex -72.2136 39.4453 0
      vertex -84 46 0
      vertex -72.25 40 0
    endloop
  endfacet
  facet normal 0 0 -1
    outer loop
      vertex -84 -46 0
      vertex -80 -50 0
      vertex -80.5221 -49.9658 0
    endloop
  endfacet
  facet normal 0 0 -1
    outer loop
      vertex -72.25 40 0
      vertex -84 46 0
      vertex -72.2136 40.5547 0
    endloop
  endfacet
  facet normal 0 0 -1
    outer loop
      vertex -84 -46 0
      vertex -80.5221 -49.9658 0
      vertex -81.0353 -49.8637 0
    endloop
  endfacet
  facet normal 0 0 -1
    outer loop
      vertex -71.9265 41.6264 0
      vertex -84 46 0
      vertex -80 50 0
    endloop
  endfacet
  facet normal 0 0 -1
    outer loop
      vertex -84 -46 0
      vertex -81.0353 -49.8637 0
      vertex -81.5307 -49.6955 0
    endloop
  endfacet
  facet normal 0 0 -1
    outer loop
      vertex -80 50 0
      vertex -84 46 0
      vertex -80.5221 49.9658 0
    endloop
  endfacet
  facet normal 0 0 -1
    outer loop
      vertex -84 -46 0
      vertex -81.5307 -49.6955 0
      vertex -82 -49.4641 0
    endloop
  endfacet
  facet normal 0 0 -1
    outer loop
      vertex -80.5221 49.9658 0
      vertex -84 46 0
      vertex -81.0353 49.8637 0
    endloop
  endfacet
  facet normal 0 0 -1
    outer loop
      vertex -84 -46 0
      vertex -82 -49.4641 0
      vertex -82.435 -49.1734 0
    endloop
  endfacet
  facet normal 0 0 -1
    outer loop
      vertex -81.0353 49.8637 0
      vertex -84 46 0
      vertex -81.5307 49.6955 0
    endloop
  endfacet
  facet normal 0 0 -1
    outer loop
      vertex -84 -46 0
      vertex -82.435 -49.1734 0
      vertex -82.8284 -48.8284 0
    endloop
  endfacet
  facet normal 0 0 -1
    outer loop
      vertex -81.5307 49.6955 0
      vertex -84 46 0
      vertex -82 49.4641 0
    endloop
  endfacet
  facet normal 0 0 -1
    outer loop
      vertex -84 -46 0
      vertex -82.8284 -48.8284 0
      vertex -83.1734 -48.435 0
    endloop
  endfacet
  facet normal 0 0 -1
    outer loop
      vertex -82 49.4641 0
      vertex -84 46 0
      vertex -82.435 49.1734 0
    endloop
  endfacet
  facet normal 0 0 -1
    outer loop
      vertex -84 -46 0
      vertex -83.1734 -48.435 0
      vertex -83.4641 -48 0
    endloop
  endfacet
  facet normal 0 0 -1
    outer loop
      vertex -82.435 49.1734 0
      vertex -84 46 0
      vertex -82.8284 48.8284 0
    endloop
  endfacet
  facet normal 0 0 -1
    outer loop
      vertex -84 -46 0
      vertex -83.4641 -48 0
      vertex -83.6955 -47.5307 0
    endloop
  endfacet
  facet normal 0 0 -1
    outer loop
      vertex -82.8284 48.8284 0
      vertex -84 46 0
      vertex -83.1734 48.435 0
    endloop
  endfacet
  facet normal 0 0 -1
    outer loop
      vertex -84 -46 0
      vertex -83.6955 -47.5307 0
      vertex -83.8637 -47.0353 0
    endloop
  endfacet
  facet normal 0 0 -1
    outer loop
      vertex -83.1734 48.435 0
      vertex -84 46 0
      vertex -83.4641 48 0
    endloop
  endfacet
  facet normal 0 0 -1
    outer loop
      vertex -84 -46 0
      vertex -83.8637 -47.0353 0
      vertex -83.9658 -46.5221 0
    endloop
  endfacet
  facet normal 0 0 -1
    outer loop
      vertex -83.4641 48 0
      vertex -84 46 0
      vertex -83.6955 47.5307 0
    endloop
  endfacet
  facet normal 0 0 -1
    outer loop
      vertex -83.6955 47.5307 0
      vertex -84 46 0
      vertex -83.8637 47.0353 0
    endloop
  endfacet
  facet normal 0 0 -1
    outer loop
      vertex -83.8637 47.0353 0
      vertex -84 46 0
      vertex -83.9658 46.5221 0
    endloop
  endfacet
  facet normal 0 0 1
    outer loop
      vertex 81.3 46 38
      vertex 84 46 38
      vertex 83.9658 46.5221 38
    endloop
  endfacet
  facet normal 0 0 1
    outer loop
      vertex 84 46 38
      vertex 81.3 46 38
      vertex 84 -46 38
    endloop
  endfacet
  facet normal 0 0 1
    outer loop
      vertex 81.2889 46.1697 38
      vertex 83.9658 46.5221 38
      vertex 83.8637 47.0353 38
    endloop
  endfacet
  facet normal 0 0 1
    outer loop
      vertex 81.3 -46 38
      vertex 84 -46 38
      vertex 81.3 46 38
    endloop
  endfacet
  facet normal 0 0 1
    outer loop
      vertex 81.2557 46.3365 38
      vertex 83.8637 47.0353 38
      vertex 83.6955 47.5307 38
    endloop
  endfacet
  facet normal 0 0 1
    outer loop
      vertex 84 -46 38
      vertex 81.3 -46 38
      vertex 83.9658 -46.5221 38
    endloop
  endfacet
  facet normal 0 0 1
    outer loop
      vertex 81.201 46.4975 38
      vertex 83.6955 47.5307 38
      vertex 83.4641 48 38
    endloop
  endfacet
  facet normal -0 0 1
    outer loop
      vertex 81.2889 -46.1697 38
      vertex 83.9658 -46.5221 38
      vertex 81.3 -46 38
    endloop
  endfacet
  facet normal 0 0 1
    outer loop
      vertex 81.1258 46.65 38
      vertex 83.4641 48 38
      vertex 83.1734 48.435 38
    endloop
  endfacet
  facet normal 0 0 1
    outer loop
      vertex 83.9658 -46.5221 38
      vertex 81.2889 -46.1697 38
      vertex 83.8637 -47.0353 38
    endloop
  endfacet
  facet normal 0 0 1
    outer loop
      vertex 81.0313 46.7914 38
      vertex 83.1734 48.435 38
      vertex 82.8284 48.8284 38
    endloop
  endfacet
  facet normal -0 0 1
    outer loop
      vertex 81.2557 -46.3365 38
      vertex 83.8637 -47.0353 38
      vertex 81.2889 -46.1697 38
    endloop
  endfacet
  facet normal 0 0 1
    outer loop
      vertex 80.9192 46.9192 38
      vertex 82.8284 48.8284 38
      vertex 82.435 49.1734 38
    endloop
  endfacet
  facet normal 0 0 1
    outer loop
      vertex 83.8637 -47.0353 38
      vertex 81.2557 -46.3365 38
      vertex 83.6955 -47.5307 38
    endloop
  endfacet
  facet normal 0 0 1
    outer loop
      vertex 80.7914 47.0313 38
      vertex 82.435 49.1734 38
      vertex 82 49.4641 38
    endloop
  endfacet
  facet normal -0 0 1
    outer loop
      vertex 81.201 -46.4975 38
      vertex 83.6955 -47.5307 38
      vertex 81.2557 -46.3365 38
    endloop
  endfacet
  facet normal 0 0 1
    outer loop
      vertex 80.65 47.1258 38
      vertex 82 49.4641 38
      vertex 81.5307 49.6955 38
    endloop
  endfacet
  facet normal 0 0 1
    outer loop
      vertex 83.6955 -47.5307 38
      vertex 81.201 -46.4975 38
      vertex 83.4641 -48 38
    endloop
  endfacet
  facet normal -0 0 1
    outer loop
      vertex 81.1258 -46.65 38
      vertex 83.4641 -48 38
      vertex 81.201 -46.4975 38
    endloop
  endfacet
  facet normal 0 0 1
    outer loop
      vertex 83.9658 46.5221 38
      vertex 81.2889 46.1697 38
      vertex 81.3 46 38
    endloop
  endfacet
  facet normal 0 0 1
    outer loop
      vertex 83.8637 47.0353 38
      vertex 81.2557 46.3365 38
      vertex 81.2889 46.1697 38
    endloop
  endfacet
  facet normal 0 0 1
    outer loop
      vertex 83.6955 47.5307 38
      vertex 81.201 46.4975 38
      vertex 81.2557 46.3365 38
    endloop
  endfacet
  facet normal 0 0 1
    outer loop
      vertex 83.4641 48 38
      vertex 81.1258 46.65 38
      vertex 81.201 46.4975 38
    endloop
  endfacet
  facet normal 0 0 1
    outer loop
      vertex 80.4975 47.201 38
      vertex 81.5307 49.6955 38
      vertex 81.0353 49.8637 38
    endloop
  endfacet
  facet normal 0 0 1
    outer loop
      vertex 83.1734 48.435 38
      vertex 81.0313 46.7914 38
      vertex 81.1258 46.65 38
    endloop
  endfacet
  facet normal 0 0 1
    outer loop
      vertex 82.8284 48.8284 38
      vertex 80.9192 46.9192 38
      vertex 81.0313 46.7914 38
    endloop
  endfacet
  facet normal 0 0 1
    outer loop
      vertex 82.435 49.1734 38
      vertex 80.7914 47.0313 38
      vertex 80.9192 46.9192 38
    endloop
  endfacet
  facet normal 0 0 1
    outer loop
      vertex 82 49.4641 38
      vertex 80.65 47.1258 38
      vertex 80.7914 47.0313 38
    endloop
  endfacet
  facet normal 0 0 1
    outer loop
      vertex 80.3365 47.2557 38
      vertex 81.0353 49.8637 38
      vertex 80.5221 49.9658 38
    endloop
  endfacet
  facet normal 0 0 1
    outer loop
      vertex 81.5307 49.6955 38
      vertex 80.4975 47.201 38
      vertex 80.65 47.1258 38
    endloop
  endfacet
  facet normal 0 0 1
    outer loop
      vertex 81.0353 49.8637 38
      vertex 80.3365 47.2557 38
      vertex 80.4975 47.201 38
    endloop
  endfacet
  facet normal 0 0 1
    outer loop
      vertex 80.5221 49.9658 38
      vertex 80.1697 47.2889 38
      vertex 80.3365 47.2557 38
    endloop
  endfacet
  facet normal 0 0 1
    outer loop
      vertex 80 50 38
      vertex 80.1697 47.2889 38
      vertex 80.5221 49.9658 38
    endloop
  endfacet
  facet normal 0 0 1
    outer loop
      vertex 80 50 38
      vertex 80 47.3 38
      vertex 80.1697 47.2889 38
    endloop
  endfacet
  facet normal 0 0 1
    outer loop
      vertex 80 50 38
      vertex -80 47.3 38
      vertex 80 47.3 38
    endloop
  endfacet
  facet normal -0 0 1
    outer loop
      vertex -80 50 38
      vertex -80 47.3 38
      vertex 80 50 38
    endloop
  endfacet
  facet normal 0 0 1
    outer loop
      vertex -80 50 38
      vertex -80.1697 47.2889 38
      vertex -80 47.3 38
    endloop
  endfacet
  facet normal -0 0 1
    outer loop
      vertex -80.5221 49.9658 38
      vertex -80.1697 47.2889 38
      vertex -80 50 38
    endloop
  endfacet
  facet normal 0 0 1
    outer loop
      vertex -80.1697 47.2889 38
      vertex -80.5221 49.9658 38
      vertex -80.3365 47.2557 38
    endloop
  endfacet
  facet normal -0 0 1
    outer loop
      vertex -81.0353 49.8637 38
      vertex -80.3365 47.2557 38
      vertex -80.5221 49.9658 38
    endloop
  endfacet
  facet normal 0 0 1
    outer loop
      vertex -80.3365 47.2557 38
      vertex -81.0353 49.8637 38
      vertex -80.4975 47.201 38
    endloop
  endfacet
  facet normal -0 0 1
    outer loop
      vertex -81.5307 49.6955 38
      vertex -80.4975 47.201 38
      vertex -81.0353 49.8637 38
    endloop
  endfacet
  facet normal 0 0 1
    outer loop
      vertex -80.4975 47.201 38
      vertex -81.5307 49.6955 38
      vertex -80.65 47.1258 38
    endloop
  endfacet
  facet normal -0 0 1
    outer loop
      vertex -82 49.4641 38
      vertex -80.65 47.1258 38
      vertex -81.5307 49.6955 38
    endloop
  endfacet
  facet normal 0 0 1
    outer loop
      vertex -80.65 47.1258 38
      vertex -82 49.4641 38
      vertex -80.7914 47.0313 38
    endloop
  endfacet
  facet normal -0 0 1
    outer loop
      vertex -82.435 49.1734 38
      vertex -80.7914 47.0313 38
      vertex -82 49.4641 38
    endloop
  endfacet
  facet normal 0 0 1
    outer loop
      vertex -80.7914 47.0313 38
      vertex -82.435 49.1734 38
      vertex -80.9192 46.9192 38
    endloop
  endfacet
  facet normal -0 0 1
    outer loop
      vertex -82.8284 48.8284 38
      vertex -80.9192 46.9192 38
      vertex -82.435 49.1734 38
    endloop
  endfacet
  facet normal 0 0 1
    outer loop
      vertex -80.9192 46.9192 38
      vertex -82.8284 48.8284 38
      vertex -81.0313 46.7914 38
    endloop
  endfacet
  facet normal -0 0 1
    outer loop
      vertex -83.4641 48 38
      vertex -81.1258 46.65 38
      vertex -83.1734 48.435 38
    endloop
  endfacet
  facet normal 0 0 1
    outer loop
      vertex -81.0313 46.7914 38
      vertex -83.1734 48.435 38
      vertex -81.1258 46.65 38
    endloop
  endfacet
  facet normal -0 0 1
    outer loop
      vertex -83.1734 48.435 38
      vertex -81.0313 46.7914 38
      vertex -82.8284 48.8284 38
    endloop
  endfacet
  facet normal 0 0 1
    outer loop
      vertex 83.4641 -48 38
      vertex 81.1258 -46.65 38
      vertex 83.1734 -48.435 38
    endloop
  endfacet
  facet normal -0 0 1
    outer loop
      vertex 81.0313 -46.7914 38
      vertex 83.1734 -48.435 38
      vertex 81.1258 -46.65 38
    endloop
  endfacet
  facet normal 0 0 1
    outer loop
      vertex 83.1734 -48.435 38
      vertex 81.0313 -46.7914 38
      vertex 82.8284 -48.8284 38
    endloop
  endfacet
  facet normal -0 0 1
    outer loop
      vertex 80.9192 -46.9192 38
      vertex 82.8284 -48.8284 38
      vertex 81.0313 -46.7914 38
    endloop
  endfacet
  facet normal 0 0 1
    outer loop
      vertex 82.8284 -48.8284 38
      vertex 80.9192 -46.9192 38
      vertex 82.435 -49.1734 38
    endloop
  endfacet
  facet normal -0 0 1
    outer loop
      vertex 80.7914 -47.0313 38
      vertex 82.435 -49.1734 38
      vertex 80.9192 -46.9192 38
    endloop
  endfacet
  facet normal 0 0 1
    outer loop
      vertex 82.435 -49.1734 38
      vertex 80.7914 -47.0313 38
      vertex 82 -49.4641 38
    endloop
  endfacet
  facet normal -0 0 1
    outer loop
      vertex 80.65 -47.1258 38
      vertex 82 -49.4641 38
      vertex 80.7914 -47.0313 38
    endloop
  endfacet
  facet normal 0 0 1
    outer loop
      vertex 82 -49.4641 38
      vertex 80.65 -47.1258 38
      vertex 81.5307 -49.6955 38
    endloop
  endfacet
  facet normal -0 0 1
    outer loop
      vertex 80.4975 -47.201 38
      vertex 81.5307 -49.6955 38
      vertex 80.65 -47.1258 38
    endloop
  endfacet
  facet normal 0 0 1
    outer loop
      vertex 81.5307 -49.6955 38
      vertex 80.4975 -47.201 38
      vertex 81.0353 -49.8637 38
    endloop
  endfacet
  facet normal -0 0 1
    outer loop
      vertex 80.3365 -47.2557 38
      vertex 81.0353 -49.8637 38
      vertex 80.4975 -47.201 38
    endloop
  endfacet
  facet normal 0 0 1
    outer loop
      vertex 81.0353 -49.8637 38
      vertex 80.3365 -47.2557 38
      vertex 80.5221 -49.9658 38
    endloop
  endfacet
  facet normal -0 0 1
    outer loop
      vertex 80.1697 -47.2889 38
      vertex 80.5221 -49.9658 38
      vertex 80.3365 -47.2557 38
    endloop
  endfacet
  facet normal 0 0 1
    outer loop
      vertex 80.1697 -47.2889 38
      vertex 80 -50 38
      vertex 80.5221 -49.9658 38
    endloop
  endfacet
  facet normal -0 0 1
    outer loop
      vertex 80 -47.3 38
      vertex 80 -50 38
      vertex 80.1697 -47.2889 38
    endloop
  endfacet
  facet normal -0 0 1
    outer loop
      vertex -80 -47.3 38
      vertex 80 -50 38
      vertex 80 -47.3 38
    endloop
  endfacet
  facet normal 0 0 1
    outer loop
      vertex -80 -47.3 38
      vertex -80 -50 38
      vertex 80 -50 38
    endloop
  endfacet
  facet normal 0 0 1
    outer loop
      vertex -80.1697 -47.2889 38
      vertex -80 -50 38
      vertex -80 -47.3 38
    endloop
  endfacet
  facet normal 0 0 1
    outer loop
      vertex -80.5221 -49.9658 38
      vertex -80.1697 -47.2889 38
      vertex -80.3365 -47.2557 38
    endloop
  endfacet
  facet normal 0 0 1
    outer loop
      vertex -81.0353 -49.8637 38
      vertex -80.3365 -47.2557 38
      vertex -80.4975 -47.201 38
    endloop
  endfacet
  facet normal 0 0 1
    outer loop
      vertex -80.1697 -47.2889 38
      vertex -80.5221 -49.9658 38
      vertex -80 -50 38
    endloop
  endfacet
  facet normal 0 0 1
    outer loop
      vertex -81.5307 -49.6955 38
      vertex -80.4975 -47.201 38
      vertex -80.65 -47.1258 38
    endloop
  endfacet
  facet normal 0 0 1
    outer loop
      vertex -82 -49.4641 38
      vertex -80.65 -47.1258 38
      vertex -80.7914 -47.0313 38
    endloop
  endfacet
  facet normal 0 0 1
    outer loop
      vertex -82.435 -49.1734 38
      vertex -80.7914 -47.0313 38
      vertex -80.9192 -46.9192 38
    endloop
  endfacet
  facet normal 0 0 1
    outer loop
      vertex -82.8284 -48.8284 38
      vertex -80.9192 -46.9192 38
      vertex -81.0313 -46.7914 38
    endloop
  endfacet
  facet normal 0 0 1
    outer loop
      vertex -80.3365 -47.2557 38
      vertex -81.0353 -49.8637 38
      vertex -80.5221 -49.9658 38
    endloop
  endfacet
  facet normal 0 0 1
    outer loop
      vertex -83.1734 -48.435 38
      vertex -81.0313 -46.7914 38
      vertex -81.1258 -46.65 38
    endloop
  endfacet
  facet normal 0 0 1
    outer loop
      vertex -83.4641 -48 38
      vertex -81.1258 -46.65 38
      vertex -81.201 -46.4975 38
    endloop
  endfacet
  facet normal 0 0 1
    outer loop
      vertex -83.6955 -47.5307 38
      vertex -81.201 -46.4975 38
      vertex -81.2557 -46.3365 38
    endloop
  endfacet
  facet normal 0 0 1
    outer loop
      vertex -83.8637 -47.0353 38
      vertex -81.2557 -46.3365 38
      vertex -81.2889 -46.1697 38
    endloop
  endfacet
  facet normal 0 0 1
    outer loop
      vertex -80.4975 -47.201 38
      vertex -81.5307 -49.6955 38
      vertex -81.0353 -49.8637 38
    endloop
  endfacet
  facet normal 0 0 1
    outer loop
      vertex -83.9658 -46.5221 38
      vertex -81.2889 -46.1697 38
      vertex -81.3 -46 38
    endloop
  endfacet
  facet normal 0 0 1
    outer loop
      vertex -81.3 46 38
      vertex -84 46 38
      vertex -81.3 -46 38
    endloop
  endfacet
  facet normal 0 0 1
    outer loop
      vertex -81.1258 46.65 38
      vertex -83.4641 48 38
      vertex -81.201 46.4975 38
    endloop
  endfacet
  facet normal 0 0 1
    outer loop
      vertex -84 -46 38
      vertex -81.3 -46 38
      vertex -84 46 38
    endloop
  endfacet
  facet normal -0 0 1
    outer loop
      vertex -83.6955 47.5307 38
      vertex -81.201 46.4975 38
      vertex -83.4641 48 38
    endloop
  endfacet
  facet normal 0 -0 1
    outer loop
      vertex -83.9658 -46.5221 38
      vertex -81.3 -46 38
      vertex -84 -46 38
    endloop
  endfacet
  facet normal 0 0 1
    outer loop
      vertex -81.201 46.4975 38
      vertex -83.6955 47.5307 38
      vertex -81.2557 46.3365 38
    endloop
  endfacet
  facet normal 0 0 1
    outer loop
      vertex -80.65 -47.1258 38
      vertex -82 -49.4641 38
      vertex -81.5307 -49.6955 38
    endloop
  endfacet
  facet normal -0 0 1
    outer loop
      vertex -83.8637 47.0353 38
      vertex -81.2557 46.3365 38
      vertex -83.6955 47.5307 38
    endloop
  endfacet
  facet normal 0 0 1
    outer loop
      vertex -80.7914 -47.0313 38
      vertex -82.435 -49.1734 38
      vertex -82 -49.4641 38
    endloop
  endfacet
  facet normal 0 0 1
    outer loop
      vertex -81.2557 46.3365 38
      vertex -83.8637 47.0353 38
      vertex -81.2889 46.1697 38
    endloop
  endfacet
  facet normal 0 0 1
    outer loop
      vertex -80.9192 -46.9192 38
      vertex -82.8284 -48.8284 38
      vertex -82.435 -49.1734 38
    endloop
  endfacet
  facet normal -0 0 1
    outer loop
      vertex -83.9658 46.5221 38
      vertex -81.2889 46.1697 38
      vertex -83.8637 47.0353 38
    endloop
  endfacet
  facet normal 0 0 1
    outer loop
      vertex -81.0313 -46.7914 38
      vertex -83.1734 -48.435 38
      vertex -82.8284 -48.8284 38
    endloop
  endfacet
  facet normal 0 0 1
    outer loop
      vertex -81.2889 46.1697 38
      vertex -83.9658 46.5221 38
      vertex -81.3 46 38
    endloop
  endfacet
  facet normal 0 0 1
    outer loop
      vertex -81.1258 -46.65 38
      vertex -83.4641 -48 38
      vertex -83.1734 -48.435 38
    endloop
  endfacet
  facet normal 0 0 1
    outer loop
      vertex -81.3 46 38
      vertex -83.9658 46.5221 38
      vertex -84 46 38
    endloop
  endfacet
  facet normal 0 0 1
    outer loop
      vertex -81.201 -46.4975 38
      vertex -83.6955 -47.5307 38
      vertex -83.4641 -48 38
    endloop
  endfacet
  facet normal 0 0 1
    outer loop
      vertex -81.2557 -46.3365 38
      vertex -83.8637 -47.0353 38
      vertex -83.6955 -47.5307 38
    endloop
  endfacet
  facet normal 0 0 1
    outer loop
      vertex -81.2889 -46.1697 38
      vertex -83.9658 -46.5221 38
      vertex -83.8637 -47.0353 38
    endloop
  endfacet
  facet normal 0.321498 -0.94691 0
    outer loop
      vertex 81.0353 -49.8637 0
      vertex 81.5307 -49.6955 38
      vertex 81.0353 -49.8637 38
    endloop
  endfacet
  facet normal 0.321498 -0.94691 0
    outer loop
      vertex 81.5307 -49.6955 38
      vertex 81.0353 -49.8637 0
      vertex 81.5307 -49.6955 0
    endloop
  endfacet
  facet normal 0.0653646 -0.997861 0
    outer loop
      vertex 80 -50 0
      vertex 80.5221 -49.9658 38
      vertex 80 -50 38
    endloop
  endfacet
  facet normal 0.0653646 -0.997861 0
    outer loop
      vertex 80.5221 -49.9658 38
      vertex 80 -50 0
      vertex 80.5221 -49.9658 0
    endloop
  endfacet
  facet normal -0.195124 0.980779 0
    outer loop
      vertex -80.5221 49.9658 0
      vertex -81.0353 49.8637 38
      vertex -80.5221 49.9658 38
    endloop
  endfacet
  facet normal -0.195124 0.980779 0
    outer loop
      vertex -81.0353 49.8637 38
      vertex -80.5221 49.9658 0
      vertex -81.0353 49.8637 0
    endloop
  endfacet
  facet normal 0.195124 -0.980779 0
    outer loop
      vertex 80.5221 -49.9658 0
      vertex 81.0353 -49.8637 38
      vertex 80.5221 -49.9658 38
    endloop
  endfacet
  facet normal 0.195124 -0.980779 0
    outer loop
      vertex 81.0353 -49.8637 38
      vertex 80.5221 -49.9658 0
      vertex 81.0353 -49.8637 0
    endloop
  endfacet
  facet normal 0.555626 0.831432 -0
    outer loop
      vertex 82.435 49.1734 0
      vertex 82 49.4641 38
      vertex 82.435 49.1734 38
    endloop
  endfacet
  facet normal 0.555626 0.831432 0
    outer loop
      vertex 82 49.4641 38
      vertex 82.435 49.1734 0
      vertex 82 49.4641 0
    endloop
  endfacet
  facet normal -0.0653646 -0.997861 0
    outer loop
      vertex -80.5221 -49.9658 0
      vertex -80 -50 38
      vertex -80.5221 -49.9658 38
    endloop
  endfacet
  facet normal -0.0653646 -0.997861 -0
    outer loop
      vertex -80 -50 38
      vertex -80.5221 -49.9658 0
      vertex -80 -50 0
    endloop
  endfacet
  facet normal -0.997861 0.0653646 0
    outer loop
      vertex -84 46 0
      vertex -83.9658 46.5221 38
      vertex -83.9658 46.5221 0
    endloop
  endfacet
  facet normal -0.997861 0.0653646 0
    outer loop
      vertex -83.9658 46.5221 38
      vertex -84 46 0
      vertex -84 46 38
    endloop
  endfacet
  facet normal -1 0 0
    outer loop
      vertex -84 -46 0
      vertex -84 46 38
      vertex -84 46 0
    endloop
  endfacet
  facet normal -1 -0 0
    outer loop
      vertex -84 46 38
      vertex -84 -46 0
      vertex -84 -46 38
    endloop
  endfacet
  facet normal 0 -1 0
    outer loop
      vertex -80 -50 38
      vertex 0 -50 6.98
      vertex 80 -50 38
    endloop
  endfacet
  facet normal 0 -1 0
    outer loop
      vertex -80 -50 0
      vertex 0 -50 6.98
      vertex -80 -50 38
    endloop
  endfacet
  facet normal 0 -1 -0
    outer loop
      vertex 0 -50 6.98
      vertex -80 -50 0
      vertex 0 -50 0
    endloop
  endfacet
  facet normal 0 -1 0
    outer loop
      vertex 8 -50 6.98
      vertex 80 -50 38
      vertex 0 -50 6.98
    endloop
  endfacet
  facet normal 0 -1 0
    outer loop
      vertex 80 -50 0
      vertex 8 -50 6.98
      vertex 8 -50 0
    endloop
  endfacet
  facet normal 0 -1 0
    outer loop
      vertex 8 -50 6.98
      vertex 80 -50 0
      vertex 80 -50 38
    endloop
  endfacet
  facet normal 0.0653646 0.997861 -0
    outer loop
      vertex 80.5221 49.9658 0
      vertex 80 50 38
      vertex 80.5221 49.9658 38
    endloop
  endfacet
  facet normal 0.0653646 0.997861 0
    outer loop
      vertex 80 50 38
      vertex 80.5221 49.9658 0
      vertex 80 50 0
    endloop
  endfacet
  facet normal 0 1 -0
    outer loop
      vertex 80 50 0
      vertex -80 50 38
      vertex 80 50 38
    endloop
  endfacet
  facet normal 0 1 0
    outer loop
      vertex -80 50 38
      vertex 80 50 0
      vertex -80 50 0
    endloop
  endfacet
  facet normal 1 -0 0
    outer loop
      vertex 84 -46 38
      vertex 84 46 0
      vertex 84 46 38
    endloop
  endfacet
  facet normal 1 0 0
    outer loop
      vertex 84 46 0
      vertex 84 -46 38
      vertex 84 -46 0
    endloop
  endfacet
  facet normal -0.751842 0.659343 0
    outer loop
      vertex -83.1734 48.435 0
      vertex -82.8284 48.8284 38
      vertex -82.8284 48.8284 0
    endloop
  endfacet
  facet normal -0.751842 0.659343 0
    outer loop
      vertex -82.8284 48.8284 38
      vertex -83.1734 48.435 0
      vertex -83.1734 48.435 38
    endloop
  endfacet
  facet normal -0.442238 -0.896898 0
    outer loop
      vertex -82 -49.4641 0
      vertex -81.5307 -49.6955 38
      vertex -82 -49.4641 38
    endloop
  endfacet
  facet normal -0.442238 -0.896898 -0
    outer loop
      vertex -81.5307 -49.6955 38
      vertex -82 -49.4641 0
      vertex -81.5307 -49.6955 0
    endloop
  endfacet
  facet normal -0.195124 -0.980779 0
    outer loop
      vertex -81.0353 -49.8637 0
      vertex -80.5221 -49.9658 38
      vertex -81.0353 -49.8637 38
    endloop
  endfacet
  facet normal -0.195124 -0.980779 -0
    outer loop
      vertex -80.5221 -49.9658 38
      vertex -81.0353 -49.8637 0
      vertex -80.5221 -49.9658 0
    endloop
  endfacet
  facet normal 0.321498 0.94691 -0
    outer loop
      vertex 81.5307 49.6955 0
      vertex 81.0353 49.8637 38
      vertex 81.5307 49.6955 38
    endloop
  endfacet
  facet normal 0.321498 0.94691 0
    outer loop
      vertex 81.0353 49.8637 38
      vertex 81.5307 49.6955 0
      vertex 81.0353 49.8637 0
    endloop
  endfacet
  facet normal 0.442238 0.896898 -0
    outer loop
      vertex 82 49.4641 0
      vertex 81.5307 49.6955 38
      vertex 82 49.4641 38
    endloop
  endfacet
  facet normal 0.442238 0.896898 0
    outer loop
      vertex 81.5307 49.6955 38
      vertex 82 49.4641 0
      vertex 81.5307 49.6955 0
    endloop
  endfacet
  facet normal 0.195124 0.980779 -0
    outer loop
      vertex 81.0353 49.8637 0
      vertex 80.5221 49.9658 38
      vertex 81.0353 49.8637 38
    endloop
  endfacet
  facet normal 0.195124 0.980779 0
    outer loop
      vertex 80.5221 49.9658 38
      vertex 81.0353 49.8637 0
      vertex 80.5221 49.9658 0
    endloop
  endfacet
  facet normal -0.0653646 0.997861 0
    outer loop
      vertex -80 50 0
      vertex -80.5221 49.9658 38
      vertex -80 50 38
    endloop
  endfacet
  facet normal -0.0653646 0.997861 0
    outer loop
      vertex -80.5221 49.9658 38
      vertex -80 50 0
      vertex -80.5221 49.9658 0
    endloop
  endfacet
  facet normal -0.555626 0.831432 0
    outer loop
      vertex -82 49.4641 0
      vertex -82.435 49.1734 38
      vertex -82 49.4641 38
    endloop
  endfacet
  facet normal -0.555626 0.831432 0
    outer loop
      vertex -82.435 49.1734 38
      vertex -82 49.4641 0
      vertex -82.435 49.1734 0
    endloop
  endfacet
  facet normal -0.659343 0.751842 0
    outer loop
      vertex -82.435 49.1734 0
      vertex -82.8284 48.8284 38
      vertex -82.435 49.1734 38
    endloop
  endfacet
  facet normal -0.659343 0.751842 0
    outer loop
      vertex -82.8284 48.8284 38
      vertex -82.435 49.1734 0
      vertex -82.8284 48.8284 0
    endloop
  endfacet
  facet normal -0.94691 0.321498 0
    outer loop
      vertex -83.8637 47.0353 0
      vertex -83.6955 47.5307 38
      vertex -83.6955 47.5307 0
    endloop
  endfacet
  facet normal -0.94691 0.321498 0
    outer loop
      vertex -83.6955 47.5307 38
      vertex -83.8637 47.0353 0
      vertex -83.8637 47.0353 38
    endloop
  endfacet
  facet normal -0.980779 0.195124 0
    outer loop
      vertex -83.9658 46.5221 0
      vertex -83.8637 47.0353 38
      vertex -83.8637 47.0353 0
    endloop
  endfacet
  facet normal -0.980779 0.195124 0
    outer loop
      vertex -83.8637 47.0353 38
      vertex -83.9658 46.5221 0
      vertex -83.9658 46.5221 38
    endloop
  endfacet
  facet normal -0.831432 0.555626 0
    outer loop
      vertex -83.4641 48 0
      vertex -83.1734 48.435 38
      vertex -83.1734 48.435 0
    endloop
  endfacet
  facet normal -0.831432 0.555626 0
    outer loop
      vertex -83.1734 48.435 38
      vertex -83.4641 48 0
      vertex -83.4641 48 38
    endloop
  endfacet
  facet normal -0.321498 -0.94691 0
    outer loop
      vertex -81.5307 -49.6955 0
      vertex -81.0353 -49.8637 38
      vertex -81.5307 -49.6955 38
    endloop
  endfacet
  facet normal -0.321498 -0.94691 -0
    outer loop
      vertex -81.0353 -49.8637 38
      vertex -81.5307 -49.6955 0
      vertex -81.0353 -49.8637 0
    endloop
  endfacet
  facet normal 0.896898 0.442238 0
    outer loop
      vertex 83.6955 47.5307 38
      vertex 83.4641 48 0
      vertex 83.4641 48 38
    endloop
  endfacet
  facet normal 0.896898 0.442238 0
    outer loop
      vertex 83.4641 48 0
      vertex 83.6955 47.5307 38
      vertex 83.6955 47.5307 0
    endloop
  endfacet
  facet normal 0.831432 -0.555626 0
    outer loop
      vertex 83.1734 -48.435 38
      vertex 83.4641 -48 0
      vertex 83.4641 -48 38
    endloop
  endfacet
  facet normal 0.831432 -0.555626 0
    outer loop
      vertex 83.4641 -48 0
      vertex 83.1734 -48.435 38
      vertex 83.1734 -48.435 0
    endloop
  endfacet
  facet normal 0.980779 -0.195124 0
    outer loop
      vertex 83.8637 -47.0353 38
      vertex 83.9658 -46.5221 0
      vertex 83.9658 -46.5221 38
    endloop
  endfacet
  facet normal 0.980779 -0.195124 0
    outer loop
      vertex 83.9658 -46.5221 0
      vertex 83.8637 -47.0353 38
      vertex 83.8637 -47.0353 0
    endloop
  endfacet
  facet normal 0.659343 -0.751842 0
    outer loop
      vertex 82.435 -49.1734 0
      vertex 82.8284 -48.8284 38
      vertex 82.435 -49.1734 38
    endloop
  endfacet
  facet normal 0.659343 -0.751842 0
    outer loop
      vertex 82.8284 -48.8284 38
      vertex 82.435 -49.1734 0
      vertex 82.8284 -48.8284 0
    endloop
  endfacet
  facet normal 0.442238 -0.896898 0
    outer loop
      vertex 81.5307 -49.6955 0
      vertex 82 -49.4641 38
      vertex 81.5307 -49.6955 38
    endloop
  endfacet
  facet normal 0.442238 -0.896898 0
    outer loop
      vertex 82 -49.4641 38
      vertex 81.5307 -49.6955 0
      vertex 82 -49.4641 0
    endloop
  endfacet
  facet normal -0.442238 0.896898 0
    outer loop
      vertex -81.5307 49.6955 0
      vertex -82 49.4641 38
      vertex -81.5307 49.6955 38
    endloop
  endfacet
  facet normal -0.442238 0.896898 0
    outer loop
      vertex -82 49.4641 38
      vertex -81.5307 49.6955 0
      vertex -82 49.4641 0
    endloop
  endfacet
  facet normal -0.321498 0.94691 0
    outer loop
      vertex -81.0353 49.8637 0
      vertex -81.5307 49.6955 38
      vertex -81.0353 49.8637 38
    endloop
  endfacet
  facet normal -0.321498 0.94691 0
    outer loop
      vertex -81.5307 49.6955 38
      vertex -81.0353 49.8637 0
      vertex -81.5307 49.6955 0
    endloop
  endfacet
  facet normal -0.896898 0.442238 0
    outer loop
      vertex -83.6955 47.5307 0
      vertex -83.4641 48 38
      vertex -83.4641 48 0
    endloop
  endfacet
  facet normal -0.896898 0.442238 0
    outer loop
      vertex -83.4641 48 38
      vertex -83.6955 47.5307 0
      vertex -83.6955 47.5307 38
    endloop
  endfacet
  facet normal -0.997861 -0.0653646 0
    outer loop
      vertex -83.9658 -46.5221 0
      vertex -84 -46 38
      vertex -84 -46 0
    endloop
  endfacet
  facet normal -0.997861 -0.0653646 0
    outer loop
      vertex -84 -46 38
      vertex -83.9658 -46.5221 0
      vertex -83.9658 -46.5221 38
    endloop
  endfacet
  facet normal -0.94691 -0.321498 0
    outer loop
      vertex -83.6955 -47.5307 0
      vertex -83.8637 -47.0353 38
      vertex -83.8637 -47.0353 0
    endloop
  endfacet
  facet normal -0.94691 -0.321498 0
    outer loop
      vertex -83.8637 -47.0353 38
      vertex -83.6955 -47.5307 0
      vertex -83.6955 -47.5307 38
    endloop
  endfacet
  facet normal -0.831432 -0.555626 0
    outer loop
      vertex -83.1734 -48.435 0
      vertex -83.4641 -48 38
      vertex -83.4641 -48 0
    endloop
  endfacet
  facet normal -0.831432 -0.555626 0
    outer loop
      vertex -83.4641 -48 38
      vertex -83.1734 -48.435 0
      vertex -83.1734 -48.435 38
    endloop
  endfacet
  facet normal -0.659343 -0.751842 0
    outer loop
      vertex -82.8284 -48.8284 0
      vertex -82.435 -49.1734 38
      vertex -82.8284 -48.8284 38
    endloop
  endfacet
  facet normal -0.659343 -0.751842 -0
    outer loop
      vertex -82.435 -49.1734 38
      vertex -82.8284 -48.8284 0
      vertex -82.435 -49.1734 0
    endloop
  endfacet
  facet normal 0.751842 0.659343 0
    outer loop
      vertex 83.1734 48.435 38
      vertex 82.8284 48.8284 0
      vertex 82.8284 48.8284 38
    endloop
  endfacet
  facet normal 0.751842 0.659343 0
    outer loop
      vertex 82.8284 48.8284 0
      vertex 83.1734 48.435 38
      vertex 83.1734 48.435 0
    endloop
  endfacet
  facet normal 0.980779 0.195124 0
    outer loop
      vertex 83.9658 46.5221 38
      vertex 83.8637 47.0353 0
      vertex 83.8637 47.0353 38
    endloop
  endfacet
  facet normal 0.980779 0.195124 0
    outer loop
      vertex 83.8637 47.0353 0
      vertex 83.9658 46.5221 38
      vertex 83.9658 46.5221 0
    endloop
  endfacet
  facet normal 0.997861 0.0653646 0
    outer loop
      vertex 84 46 38
      vertex 83.9658 46.5221 0
      vertex 83.9658 46.5221 38
    endloop
  endfacet
  facet normal 0.997861 0.0653646 0
    outer loop
      vertex 83.9658 46.5221 0
      vertex 84 46 38
      vertex 84 46 0
    endloop
  endfacet
  facet normal 0.94691 0.321498 0
    outer loop
      vertex 83.8637 47.0353 38
      vertex 83.6955 47.5307 0
      vertex 83.6955 47.5307 38
    endloop
  endfacet
  facet normal 0.94691 0.321498 0
    outer loop
      vertex 83.6955 47.5307 0
      vertex 83.8637 47.0353 38
      vertex 83.8637 47.0353 0
    endloop
  endfacet
  facet normal 0.831432 0.555626 0
    outer loop
      vertex 83.4641 48 38
      vertex 83.1734 48.435 0
      vertex 83.1734 48.435 38
    endloop
  endfacet
  facet normal 0.831432 0.555626 0
    outer loop
      vertex 83.1734 48.435 0
      vertex 83.4641 48 38
      vertex 83.4641 48 0
    endloop
  endfacet
  facet normal 0.659343 0.751842 -0
    outer loop
      vertex 82.8284 48.8284 0
      vertex 82.435 49.1734 38
      vertex 82.8284 48.8284 38
    endloop
  endfacet
  facet normal 0.659343 0.751842 0
    outer loop
      vertex 82.435 49.1734 38
      vertex 82.8284 48.8284 0
      vertex 82.435 49.1734 0
    endloop
  endfacet
  facet normal 0.896898 -0.442238 0
    outer loop
      vertex 83.4641 -48 38
      vertex 83.6955 -47.5307 0
      vertex 83.6955 -47.5307 38
    endloop
  endfacet
  facet normal 0.896898 -0.442238 0
    outer loop
      vertex 83.6955 -47.5307 0
      vertex 83.4641 -48 38
      vertex 83.4641 -48 0
    endloop
  endfacet
  facet normal 0.997861 -0.0653646 0
    outer loop
      vertex 83.9658 -46.5221 38
      vertex 84 -46 0
      vertex 84 -46 38
    endloop
  endfacet
  facet normal 0.997861 -0.0653646 0
    outer loop
      vertex 84 -46 0
      vertex 83.9658 -46.5221 38
      vertex 83.9658 -46.5221 0
    endloop
  endfacet
  facet normal 0.751842 -0.659343 0
    outer loop
      vertex 82.8284 -48.8284 38
      vertex 83.1734 -48.435 0
      vertex 83.1734 -48.435 38
    endloop
  endfacet
  facet normal 0.751842 -0.659343 0
    outer loop
      vertex 83.1734 -48.435 0
      vertex 82.8284 -48.8284 38
      vertex 82.8284 -48.8284 0
    endloop
  endfacet
  facet normal 0.555626 -0.831432 0
    outer loop
      vertex 82 -49.4641 0
      vertex 82.435 -49.1734 38
      vertex 82 -49.4641 38
    endloop
  endfacet
  facet normal 0.555626 -0.831432 0
    outer loop
      vertex 82.435 -49.1734 38
      vertex 82 -49.4641 0
      vertex 82.435 -49.1734 0
    endloop
  endfacet
  facet normal -0.980779 -0.195124 0
    outer loop
      vertex -83.8637 -47.0353 0
      vertex -83.9658 -46.5221 38
      vertex -83.9658 -46.5221 0
    endloop
  endfacet
  facet normal -0.980779 -0.195124 0
    outer loop
      vertex -83.9658 -46.5221 38
      vertex -83.8637 -47.0353 0
      vertex -83.8637 -47.0353 38
    endloop
  endfacet
  facet normal -0.896898 -0.442238 0
    outer loop
      vertex -83.4641 -48 0
      vertex -83.6955 -47.5307 38
      vertex -83.6955 -47.5307 0
    endloop
  endfacet
  facet normal -0.896898 -0.442238 0
    outer loop
      vertex -83.6955 -47.5307 38
      vertex -83.4641 -48 0
      vertex -83.4641 -48 38
    endloop
  endfacet
  facet normal -0.751842 -0.659343 0
    outer loop
      vertex -82.8284 -48.8284 0
      vertex -83.1734 -48.435 38
      vertex -83.1734 -48.435 0
    endloop
  endfacet
  facet normal -0.751842 -0.659343 0
    outer loop
      vertex -83.1734 -48.435 38
      vertex -82.8284 -48.8284 0
      vertex -82.8284 -48.8284 38
    endloop
  endfacet
  facet normal -0.555626 -0.831432 0
    outer loop
      vertex -82.435 -49.1734 0
      vertex -82 -49.4641 38
      vertex -82.435 -49.1734 38
    endloop
  endfacet
  facet normal -0.555626 -0.831432 -0
    outer loop
      vertex -82 -49.4641 38
      vertex -82.435 -49.1734 0
      vertex -82 -49.4641 0
    endloop
  endfacet
  facet normal 0.94691 -0.321498 0
    outer loop
      vertex 83.6955 -47.5307 38
      vertex 83.8637 -47.0353 0
      vertex 83.8637 -47.0353 38
    endloop
  endfacet
  facet normal 0.94691 -0.321498 0
    outer loop
      vertex 83.8637 -47.0353 0
      vertex 83.6955 -47.5307 38
      vertex 83.6955 -47.5307 0
    endloop
  endfacet
  facet normal -0.997872 -0.0652057 0
    outer loop
      vertex -66.3 -40 1.5
      vertex -66.3145 -39.7781 3
      vertex -66.3145 -39.7781 1.5
    endloop
  endfacet
  facet normal -0.997872 -0.0652057 0
    outer loop
      vertex -66.3145 -39.7781 3
      vertex -66.3 -40 1.5
      vertex -66.3 -40 3
    endloop
  endfacet
  facet normal 0.997872 -0.0652057 0
    outer loop
      vertex -69.7 -40 3
      vertex -69.6855 -39.7781 1.5
      vertex -69.6855 -39.7781 3
    endloop
  endfacet
  facet normal 0.997872 -0.0652057 0
    outer loop
      vertex -69.6855 -39.7781 1.5
      vertex -69.7 -40 3
      vertex -69.7 -40 1.5
    endloop
  endfacet
  facet normal -0.0652057 -0.997872 0
    outer loop
      vertex -68 -38.3 1.5
      vertex -67.7781 -38.3145 3
      vertex -68 -38.3 3
    endloop
  endfacet
  facet normal -0.0652057 -0.997872 -0
    outer loop
      vertex -67.7781 -38.3145 3
      vertex -68 -38.3 1.5
      vertex -67.7781 -38.3145 1.5
    endloop
  endfacet
  facet normal -0.659268 -0.751908 0
    outer loop
      vertex -66.9651 -38.6513 1.5
      vertex -66.7979 -38.7979 3
      vertex -66.9651 -38.6513 3
    endloop
  endfacet
  facet normal -0.659268 -0.751908 -0
    outer loop
      vertex -66.7979 -38.7979 3
      vertex -66.9651 -38.6513 1.5
      vertex -66.7979 -38.7979 1.5
    endloop
  endfacet
  facet normal 0.659268 -0.751908 0
    outer loop
      vertex -69.2021 -38.7979 1.5
      vertex -69.0349 -38.6513 3
      vertex -69.2021 -38.7979 3
    endloop
  endfacet
  facet normal 0.659268 -0.751908 0
    outer loop
      vertex -69.0349 -38.6513 3
      vertex -69.2021 -38.7979 1.5
      vertex -69.0349 -38.6513 1.5
    endloop
  endfacet
  facet normal 0.321484 -0.946915 0
    outer loop
      vertex -68.6506 -38.4294 1.5
      vertex -68.44 -38.3579 3
      vertex -68.6506 -38.4294 3
    endloop
  endfacet
  facet normal 0.321484 -0.946915 0
    outer loop
      vertex -68.44 -38.3579 3
      vertex -68.6506 -38.4294 1.5
      vertex -68.44 -38.3579 1.5
    endloop
  endfacet
  facet normal -0.896754 -0.44253 0
    outer loop
      vertex -66.4294 -39.3494 1.5
      vertex -66.5278 -39.15 3
      vertex -66.5278 -39.15 1.5
    endloop
  endfacet
  facet normal -0.896754 -0.44253 0
    outer loop
      vertex -66.5278 -39.15 3
      vertex -66.4294 -39.3494 1.5
      vertex -66.4294 -39.3494 3
    endloop
  endfacet
  facet normal -0.98077 -0.195165 0
    outer loop
      vertex -66.3145 -39.7781 1.5
      vertex -66.3579 -39.56 3
      vertex -66.3579 -39.56 1.5
    endloop
  endfacet
  facet normal -0.98077 -0.195165 0
    outer loop
      vertex -66.3579 -39.56 3
      vertex -66.3145 -39.7781 1.5
      vertex -66.3145 -39.7781 3
    endloop
  endfacet
  facet normal -0.831566 -0.555426 0
    outer loop
      vertex -66.5278 -39.15 1.5
      vertex -66.6513 -38.9651 3
      vertex -66.6513 -38.9651 1.5
    endloop
  endfacet
  facet normal -0.831566 -0.555426 0
    outer loop
      vertex -66.6513 -38.9651 3
      vertex -66.5278 -39.15 1.5
      vertex -66.5278 -39.15 3
    endloop
  endfacet
  facet normal -0.321484 -0.946915 0
    outer loop
      vertex -67.56 -38.3579 1.5
      vertex -67.3494 -38.4294 3
      vertex -67.56 -38.3579 3
    endloop
  endfacet
  facet normal -0.321484 -0.946915 -0
    outer loop
      vertex -67.3494 -38.4294 3
      vertex -67.56 -38.3579 1.5
      vertex -67.3494 -38.4294 1.5
    endloop
  endfacet
  facet normal -0.195165 -0.98077 0
    outer loop
      vertex -67.7781 -38.3145 1.5
      vertex -67.56 -38.3579 3
      vertex -67.7781 -38.3145 3
    endloop
  endfacet
  facet normal -0.195165 -0.98077 -0
    outer loop
      vertex -67.56 -38.3579 3
      vertex -67.7781 -38.3145 1.5
      vertex -67.56 -38.3579 1.5
    endloop
  endfacet
  facet normal -0.44253 -0.896754 0
    outer loop
      vertex -67.3494 -38.4294 1.5
      vertex -67.15 -38.5278 3
      vertex -67.3494 -38.4294 3
    endloop
  endfacet
  facet normal -0.44253 -0.896754 -0
    outer loop
      vertex -67.15 -38.5278 3
      vertex -67.3494 -38.4294 1.5
      vertex -67.15 -38.5278 1.5
    endloop
  endfacet
  facet normal 0.896754 -0.44253 0
    outer loop
      vertex -69.5706 -39.3494 3
      vertex -69.4722 -39.15 1.5
      vertex -69.4722 -39.15 3
    endloop
  endfacet
  facet normal 0.896754 -0.44253 0
    outer loop
      vertex -69.4722 -39.15 1.5
      vertex -69.5706 -39.3494 3
      vertex -69.5706 -39.3494 1.5
    endloop
  endfacet
  facet normal 0.751908 -0.659268 0
    outer loop
      vertex -69.3487 -38.9651 3
      vertex -69.2021 -38.7979 1.5
      vertex -69.2021 -38.7979 3
    endloop
  endfacet
  facet normal 0.751908 -0.659268 0
    outer loop
      vertex -69.2021 -38.7979 1.5
      vertex -69.3487 -38.9651 3
      vertex -69.3487 -38.9651 1.5
    endloop
  endfacet
  facet normal 0.946915 -0.321484 0
    outer loop
      vertex -69.6421 -39.56 3
      vertex -69.5706 -39.3494 1.5
      vertex -69.5706 -39.3494 3
    endloop
  endfacet
  facet normal 0.946915 -0.321484 0
    outer loop
      vertex -69.5706 -39.3494 1.5
      vertex -69.6421 -39.56 3
      vertex -69.6421 -39.56 1.5
    endloop
  endfacet
  facet normal 0.195165 -0.98077 0
    outer loop
      vertex -68.44 -38.3579 1.5
      vertex -68.2219 -38.3145 3
      vertex -68.44 -38.3579 3
    endloop
  endfacet
  facet normal 0.195165 -0.98077 0
    outer loop
      vertex -68.2219 -38.3145 3
      vertex -68.44 -38.3579 1.5
      vertex -68.2219 -38.3145 1.5
    endloop
  endfacet
  facet normal -0.98077 0.195165 0
    outer loop
      vertex -66.3579 -40.44 1.5
      vertex -66.3145 -40.2219 3
      vertex -66.3145 -40.2219 1.5
    endloop
  endfacet
  facet normal -0.98077 0.195165 0
    outer loop
      vertex -66.3145 -40.2219 3
      vertex -66.3579 -40.44 1.5
      vertex -66.3579 -40.44 3
    endloop
  endfacet
  facet normal 0.44253 0.896754 -0
    outer loop
      vertex -68.6506 -41.5706 1.5
      vertex -68.85 -41.4722 3
      vertex -68.6506 -41.5706 3
    endloop
  endfacet
  facet normal 0.44253 0.896754 0
    outer loop
      vertex -68.85 -41.4722 3
      vertex -68.6506 -41.5706 1.5
      vertex -68.85 -41.4722 1.5
    endloop
  endfacet
  facet normal 0.659268 0.751908 -0
    outer loop
      vertex -69.0349 -41.3487 1.5
      vertex -69.2021 -41.2021 3
      vertex -69.0349 -41.3487 3
    endloop
  endfacet
  facet normal 0.659268 0.751908 0
    outer loop
      vertex -69.2021 -41.2021 3
      vertex -69.0349 -41.3487 1.5
      vertex -69.2021 -41.2021 1.5
    endloop
  endfacet
  facet normal 0.321484 0.946915 -0
    outer loop
      vertex -68.44 -41.6421 1.5
      vertex -68.6506 -41.5706 3
      vertex -68.44 -41.6421 3
    endloop
  endfacet
  facet normal 0.321484 0.946915 0
    outer loop
      vertex -68.6506 -41.5706 3
      vertex -68.44 -41.6421 1.5
      vertex -68.6506 -41.5706 1.5
    endloop
  endfacet
  facet normal -0.946915 -0.321484 0
    outer loop
      vertex -66.3579 -39.56 1.5
      vertex -66.4294 -39.3494 3
      vertex -66.4294 -39.3494 1.5
    endloop
  endfacet
  facet normal -0.946915 -0.321484 0
    outer loop
      vertex -66.4294 -39.3494 3
      vertex -66.3579 -39.56 1.5
      vertex -66.3579 -39.56 3
    endloop
  endfacet
  facet normal -0.751908 -0.659268 0
    outer loop
      vertex -66.6513 -38.9651 1.5
      vertex -66.7979 -38.7979 3
      vertex -66.7979 -38.7979 1.5
    endloop
  endfacet
  facet normal -0.751908 -0.659268 0
    outer loop
      vertex -66.7979 -38.7979 3
      vertex -66.6513 -38.9651 1.5
      vertex -66.6513 -38.9651 3
    endloop
  endfacet
  facet normal -0.555426 -0.831566 0
    outer loop
      vertex -67.15 -38.5278 1.5
      vertex -66.9651 -38.6513 3
      vertex -67.15 -38.5278 3
    endloop
  endfacet
  facet normal -0.555426 -0.831566 -0
    outer loop
      vertex -66.9651 -38.6513 3
      vertex -67.15 -38.5278 1.5
      vertex -66.9651 -38.6513 1.5
    endloop
  endfacet
  facet normal 0.831566 -0.555426 0
    outer loop
      vertex -69.4722 -39.15 3
      vertex -69.3487 -38.9651 1.5
      vertex -69.3487 -38.9651 3
    endloop
  endfacet
  facet normal 0.831566 -0.555426 0
    outer loop
      vertex -69.3487 -38.9651 1.5
      vertex -69.4722 -39.15 3
      vertex -69.4722 -39.15 1.5
    endloop
  endfacet
  facet normal 0.98077 -0.195165 0
    outer loop
      vertex -69.6855 -39.7781 3
      vertex -69.6421 -39.56 1.5
      vertex -69.6421 -39.56 3
    endloop
  endfacet
  facet normal 0.98077 -0.195165 0
    outer loop
      vertex -69.6421 -39.56 1.5
      vertex -69.6855 -39.7781 3
      vertex -69.6855 -39.7781 1.5
    endloop
  endfacet
  facet normal 0.44253 -0.896754 0
    outer loop
      vertex -68.85 -38.5278 1.5
      vertex -68.6506 -38.4294 3
      vertex -68.85 -38.5278 3
    endloop
  endfacet
  facet normal 0.44253 -0.896754 0
    outer loop
      vertex -68.6506 -38.4294 3
      vertex -68.85 -38.5278 1.5
      vertex -68.6506 -38.4294 1.5
    endloop
  endfacet
  facet normal 0.555426 -0.831566 0
    outer loop
      vertex -69.0349 -38.6513 1.5
      vertex -68.85 -38.5278 3
      vertex -69.0349 -38.6513 3
    endloop
  endfacet
  facet normal 0.555426 -0.831566 0
    outer loop
      vertex -68.85 -38.5278 3
      vertex -69.0349 -38.6513 1.5
      vertex -68.85 -38.5278 1.5
    endloop
  endfacet
  facet normal 0.0652057 -0.997872 0
    outer loop
      vertex -68.2219 -38.3145 1.5
      vertex -68 -38.3 3
      vertex -68.2219 -38.3145 3
    endloop
  endfacet
  facet normal 0.0652057 -0.997872 0
    outer loop
      vertex -68 -38.3 3
      vertex -68.2219 -38.3145 1.5
      vertex -68 -38.3 1.5
    endloop
  endfacet
  facet normal -0.997872 0.0652057 0
    outer loop
      vertex -66.3145 -40.2219 1.5
      vertex -66.3 -40 3
      vertex -66.3 -40 1.5
    endloop
  endfacet
  facet normal -0.997872 0.0652057 0
    outer loop
      vertex -66.3 -40 3
      vertex -66.3145 -40.2219 1.5
      vertex -66.3145 -40.2219 3
    endloop
  endfacet
  facet normal -0.0652057 0.997872 0
    outer loop
      vertex -67.7781 -41.6855 1.5
      vertex -68 -41.7 3
      vertex -67.7781 -41.6855 3
    endloop
  endfacet
  facet normal -0.0652057 0.997872 0
    outer loop
      vertex -68 -41.7 3
      vertex -67.7781 -41.6855 1.5
      vertex -68 -41.7 1.5
    endloop
  endfacet
  facet normal -0.321484 0.946915 0
    outer loop
      vertex -67.3494 -41.5706 1.5
      vertex -67.56 -41.6421 3
      vertex -67.3494 -41.5706 3
    endloop
  endfacet
  facet normal -0.321484 0.946915 0
    outer loop
      vertex -67.56 -41.6421 3
      vertex -67.3494 -41.5706 1.5
      vertex -67.56 -41.6421 1.5
    endloop
  endfacet
  facet normal -0.659268 0.751908 0
    outer loop
      vertex -66.7979 -41.2021 1.5
      vertex -66.9651 -41.3487 3
      vertex -66.7979 -41.2021 3
    endloop
  endfacet
  facet normal -0.659268 0.751908 0
    outer loop
      vertex -66.9651 -41.3487 3
      vertex -66.7979 -41.2021 1.5
      vertex -66.9651 -41.3487 1.5
    endloop
  endfacet
  facet normal -0.44253 0.896754 0
    outer loop
      vertex -67.15 -41.4722 1.5
      vertex -67.3494 -41.5706 3
      vertex -67.15 -41.4722 3
    endloop
  endfacet
  facet normal -0.44253 0.896754 0
    outer loop
      vertex -67.3494 -41.5706 3
      vertex -67.15 -41.4722 1.5
      vertex -67.3494 -41.5706 1.5
    endloop
  endfacet
  facet normal -0.831566 0.555426 0
    outer loop
      vertex -66.6513 -41.0349 1.5
      vertex -66.5278 -40.85 3
      vertex -66.5278 -40.85 1.5
    endloop
  endfacet
  facet normal -0.831566 0.555426 0
    outer loop
      vertex -66.5278 -40.85 3
      vertex -66.6513 -41.0349 1.5
      vertex -66.6513 -41.0349 3
    endloop
  endfacet
  facet normal -0.946915 0.321484 0
    outer loop
      vertex -66.4294 -40.6506 1.5
      vertex -66.3579 -40.44 3
      vertex -66.3579 -40.44 1.5
    endloop
  endfacet
  facet normal -0.946915 0.321484 0
    outer loop
      vertex -66.3579 -40.44 3
      vertex -66.4294 -40.6506 1.5
      vertex -66.4294 -40.6506 3
    endloop
  endfacet
  facet normal 0.555426 0.831566 -0
    outer loop
      vertex -68.85 -41.4722 1.5
      vertex -69.0349 -41.3487 3
      vertex -68.85 -41.4722 3
    endloop
  endfacet
  facet normal 0.555426 0.831566 0
    outer loop
      vertex -69.0349 -41.3487 3
      vertex -68.85 -41.4722 1.5
      vertex -69.0349 -41.3487 1.5
    endloop
  endfacet
  facet normal 0.195165 0.98077 -0
    outer loop
      vertex -68.2219 -41.6855 1.5
      vertex -68.44 -41.6421 3
      vertex -68.2219 -41.6855 3
    endloop
  endfacet
  facet normal 0.195165 0.98077 0
    outer loop
      vertex -68.44 -41.6421 3
      vertex -68.2219 -41.6855 1.5
      vertex -68.44 -41.6421 1.5
    endloop
  endfacet
  facet normal 0.896754 0.44253 0
    outer loop
      vertex -69.4722 -40.85 3
      vertex -69.5706 -40.6506 1.5
      vertex -69.5706 -40.6506 3
    endloop
  endfacet
  facet normal 0.896754 0.44253 0
    outer loop
      vertex -69.5706 -40.6506 1.5
      vertex -69.4722 -40.85 3
      vertex -69.4722 -40.85 1.5
    endloop
  endfacet
  facet normal 0.751908 0.659268 0
    outer loop
      vertex -69.2021 -41.2021 3
      vertex -69.3487 -41.0349 1.5
      vertex -69.3487 -41.0349 3
    endloop
  endfacet
  facet normal 0.751908 0.659268 0
    outer loop
      vertex -69.3487 -41.0349 1.5
      vertex -69.2021 -41.2021 3
      vertex -69.2021 -41.2021 1.5
    endloop
  endfacet
  facet normal 0.946915 0.321484 0
    outer loop
      vertex -69.5706 -40.6506 3
      vertex -69.6421 -40.44 1.5
      vertex -69.6421 -40.44 3
    endloop
  endfacet
  facet normal 0.946915 0.321484 0
    outer loop
      vertex -69.6421 -40.44 1.5
      vertex -69.5706 -40.6506 3
      vertex -69.5706 -40.6506 1.5
    endloop
  endfacet
  facet normal 0.997872 0.0652057 0
    outer loop
      vertex -69.6855 -40.2219 3
      vertex -69.7 -40 1.5
      vertex -69.7 -40 3
    endloop
  endfacet
  facet normal 0.997872 0.0652057 0
    outer loop
      vertex -69.7 -40 1.5
      vertex -69.6855 -40.2219 3
      vertex -69.6855 -40.2219 1.5
    endloop
  endfacet
  facet normal -0.195165 0.98077 0
    outer loop
      vertex -67.56 -41.6421 1.5
      vertex -67.7781 -41.6855 3
      vertex -67.56 -41.6421 3
    endloop
  endfacet
  facet normal -0.195165 0.98077 0
    outer loop
      vertex -67.7781 -41.6855 3
      vertex -67.56 -41.6421 1.5
      vertex -67.7781 -41.6855 1.5
    endloop
  endfacet
  facet normal -0.751908 0.659268 0
    outer loop
      vertex -66.7979 -41.2021 1.5
      vertex -66.6513 -41.0349 3
      vertex -66.6513 -41.0349 1.5
    endloop
  endfacet
  facet normal -0.751908 0.659268 0
    outer loop
      vertex -66.6513 -41.0349 3
      vertex -66.7979 -41.2021 1.5
      vertex -66.7979 -41.2021 3
    endloop
  endfacet
  facet normal -0.555426 0.831566 0
    outer loop
      vertex -66.9651 -41.3487 1.5
      vertex -67.15 -41.4722 3
      vertex -66.9651 -41.3487 3
    endloop
  endfacet
  facet normal -0.555426 0.831566 0
    outer loop
      vertex -67.15 -41.4722 3
      vertex -66.9651 -41.3487 1.5
      vertex -67.15 -41.4722 1.5
    endloop
  endfacet
  facet normal -0.896754 0.44253 0
    outer loop
      vertex -66.5278 -40.85 1.5
      vertex -66.4294 -40.6506 3
      vertex -66.4294 -40.6506 1.5
    endloop
  endfacet
  facet normal -0.896754 0.44253 0
    outer loop
      vertex -66.4294 -40.6506 3
      vertex -66.5278 -40.85 1.5
      vertex -66.5278 -40.85 3
    endloop
  endfacet
  facet normal 0.0652057 0.997872 -0
    outer loop
      vertex -68 -41.7 1.5
      vertex -68.2219 -41.6855 3
      vertex -68 -41.7 3
    endloop
  endfacet
  facet normal 0.0652057 0.997872 0
    outer loop
      vertex -68.2219 -41.6855 3
      vertex -68 -41.7 1.5
      vertex -68.2219 -41.6855 1.5
    endloop
  endfacet
  facet normal 0.831566 0.555426 0
    outer loop
      vertex -69.3487 -41.0349 3
      vertex -69.4722 -40.85 1.5
      vertex -69.4722 -40.85 3
    endloop
  endfacet
  facet normal 0.831566 0.555426 0
    outer loop
      vertex -69.4722 -40.85 1.5
      vertex -69.3487 -41.0349 3
      vertex -69.3487 -41.0349 1.5
    endloop
  endfacet
  facet normal 0.98077 0.195165 0
    outer loop
      vertex -69.6421 -40.44 3
      vertex -69.6855 -40.2219 1.5
      vertex -69.6855 -40.2219 3
    endloop
  endfacet
  facet normal 0.98077 0.195165 0
    outer loop
      vertex -69.6855 -40.2219 1.5
      vertex -69.6421 -40.44 3
      vertex -69.6421 -40.44 1.5
    endloop
  endfacet
  facet normal -0.997872 -0.0652057 0
    outer loop
      vertex -66.3 40 1.5
      vertex -66.3145 40.2219 3
      vertex -66.3145 40.2219 1.5
    endloop
  endfacet
  facet normal -0.997872 -0.0652057 0
    outer loop
      vertex -66.3145 40.2219 3
      vertex -66.3 40 1.5
      vertex -66.3 40 3
    endloop
  endfacet
  facet normal 0.0652057 -0.997872 0
    outer loop
      vertex -68.2219 41.6855 1.5
      vertex -68 41.7 3
      vertex -68.2219 41.6855 3
    endloop
  endfacet
  facet normal 0.0652057 -0.997872 0
    outer loop
      vertex -68 41.7 3
      vertex -68.2219 41.6855 1.5
      vertex -68 41.7 1.5
    endloop
  endfacet
  facet normal -0.0652057 0.997872 0
    outer loop
      vertex -67.7781 38.3145 1.5
      vertex -68 38.3 3
      vertex -67.7781 38.3145 3
    endloop
  endfacet
  facet normal -0.0652057 0.997872 0
    outer loop
      vertex -68 38.3 3
      vertex -67.7781 38.3145 1.5
      vertex -68 38.3 1.5
    endloop
  endfacet
  facet normal -0.751908 0.659268 0
    outer loop
      vertex -66.7979 38.7979 1.5
      vertex -66.6513 38.9651 3
      vertex -66.6513 38.9651 1.5
    endloop
  endfacet
  facet normal -0.751908 0.659268 0
    outer loop
      vertex -66.6513 38.9651 3
      vertex -66.7979 38.7979 1.5
      vertex -66.7979 38.7979 3
    endloop
  endfacet
  facet normal -0.659268 -0.751908 0
    outer loop
      vertex -66.9651 41.3487 1.5
      vertex -66.7979 41.2021 3
      vertex -66.9651 41.3487 3
    endloop
  endfacet
  facet normal -0.659268 -0.751908 -0
    outer loop
      vertex -66.7979 41.2021 3
      vertex -66.9651 41.3487 1.5
      vertex -66.7979 41.2021 1.5
    endloop
  endfacet
  facet normal 0.751908 -0.659268 0
    outer loop
      vertex -69.3487 41.0349 3
      vertex -69.2021 41.2021 1.5
      vertex -69.2021 41.2021 3
    endloop
  endfacet
  facet normal 0.751908 -0.659268 0
    outer loop
      vertex -69.2021 41.2021 1.5
      vertex -69.3487 41.0349 3
      vertex -69.3487 41.0349 1.5
    endloop
  endfacet
  facet normal 0.44253 -0.896754 0
    outer loop
      vertex -68.85 41.4722 1.5
      vertex -68.6506 41.5706 3
      vertex -68.85 41.4722 3
    endloop
  endfacet
  facet normal 0.44253 -0.896754 0
    outer loop
      vertex -68.6506 41.5706 3
      vertex -68.85 41.4722 1.5
      vertex -68.6506 41.5706 1.5
    endloop
  endfacet
  facet normal -0.896754 -0.44253 0
    outer loop
      vertex -66.4294 40.6506 1.5
      vertex -66.5278 40.85 3
      vertex -66.5278 40.85 1.5
    endloop
  endfacet
  facet normal -0.896754 -0.44253 0
    outer loop
      vertex -66.5278 40.85 3
      vertex -66.4294 40.6506 1.5
      vertex -66.4294 40.6506 3
    endloop
  endfacet
  facet normal -0.98077 -0.195165 0
    outer loop
      vertex -66.3145 40.2219 1.5
      vertex -66.3579 40.44 3
      vertex -66.3579 40.44 1.5
    endloop
  endfacet
  facet normal -0.98077 -0.195165 0
    outer loop
      vertex -66.3579 40.44 3
      vertex -66.3145 40.2219 1.5
      vertex -66.3145 40.2219 3
    endloop
  endfacet
  facet normal -0.831566 -0.555426 0
    outer loop
      vertex -66.5278 40.85 1.5
      vertex -66.6513 41.0349 3
      vertex -66.6513 41.0349 1.5
    endloop
  endfacet
  facet normal -0.831566 -0.555426 0
    outer loop
      vertex -66.6513 41.0349 3
      vertex -66.5278 40.85 1.5
      vertex -66.5278 40.85 3
    endloop
  endfacet
  facet normal -0.321484 -0.946915 0
    outer loop
      vertex -67.56 41.6421 1.5
      vertex -67.3494 41.5706 3
      vertex -67.56 41.6421 3
    endloop
  endfacet
  facet normal -0.321484 -0.946915 -0
    outer loop
      vertex -67.3494 41.5706 3
      vertex -67.56 41.6421 1.5
      vertex -67.3494 41.5706 1.5
    endloop
  endfacet
  facet normal -0.44253 -0.896754 0
    outer loop
      vertex -67.3494 41.5706 1.5
      vertex -67.15 41.4722 3
      vertex -67.3494 41.5706 3
    endloop
  endfacet
  facet normal -0.44253 -0.896754 -0
    outer loop
      vertex -67.15 41.4722 3
      vertex -67.3494 41.5706 1.5
      vertex -67.15 41.4722 1.5
    endloop
  endfacet
  facet normal 0.946915 -0.321484 0
    outer loop
      vertex -69.6421 40.44 3
      vertex -69.5706 40.6506 1.5
      vertex -69.5706 40.6506 3
    endloop
  endfacet
  facet normal 0.946915 -0.321484 0
    outer loop
      vertex -69.5706 40.6506 1.5
      vertex -69.6421 40.44 3
      vertex -69.6421 40.44 1.5
    endloop
  endfacet
  facet normal 0.896754 -0.44253 0
    outer loop
      vertex -69.5706 40.6506 3
      vertex -69.4722 40.85 1.5
      vertex -69.4722 40.85 3
    endloop
  endfacet
  facet normal 0.896754 -0.44253 0
    outer loop
      vertex -69.4722 40.85 1.5
      vertex -69.5706 40.6506 3
      vertex -69.5706 40.6506 1.5
    endloop
  endfacet
  facet normal 0.555426 -0.831566 0
    outer loop
      vertex -69.0349 41.3487 1.5
      vertex -68.85 41.4722 3
      vertex -69.0349 41.3487 3
    endloop
  endfacet
  facet normal 0.555426 -0.831566 0
    outer loop
      vertex -68.85 41.4722 3
      vertex -69.0349 41.3487 1.5
      vertex -68.85 41.4722 1.5
    endloop
  endfacet
  facet normal 0.195165 -0.98077 0
    outer loop
      vertex -68.44 41.6421 1.5
      vertex -68.2219 41.6855 3
      vertex -68.44 41.6421 3
    endloop
  endfacet
  facet normal 0.195165 -0.98077 0
    outer loop
      vertex -68.2219 41.6855 3
      vertex -68.44 41.6421 1.5
      vertex -68.2219 41.6855 1.5
    endloop
  endfacet
  facet normal -0.946915 -0.321484 0
    outer loop
      vertex -66.3579 40.44 1.5
      vertex -66.4294 40.6506 3
      vertex -66.4294 40.6506 1.5
    endloop
  endfacet
  facet normal -0.946915 -0.321484 0
    outer loop
      vertex -66.4294 40.6506 3
      vertex -66.3579 40.44 1.5
      vertex -66.3579 40.44 3
    endloop
  endfacet
  facet normal -0.751908 -0.659268 0
    outer loop
      vertex -66.6513 41.0349 1.5
      vertex -66.7979 41.2021 3
      vertex -66.7979 41.2021 1.5
    endloop
  endfacet
  facet normal -0.751908 -0.659268 0
    outer loop
      vertex -66.7979 41.2021 3
      vertex -66.6513 41.0349 1.5
      vertex -66.6513 41.0349 3
    endloop
  endfacet
  facet normal -0.195165 -0.98077 0
    outer loop
      vertex -67.7781 41.6855 1.5
      vertex -67.56 41.6421 3
      vertex -67.7781 41.6855 3
    endloop
  endfacet
  facet normal -0.195165 -0.98077 -0
    outer loop
      vertex -67.56 41.6421 3
      vertex -67.7781 41.6855 1.5
      vertex -67.56 41.6421 1.5
    endloop
  endfacet
  facet normal -0.0652057 -0.997872 0
    outer loop
      vertex -68 41.7 1.5
      vertex -67.7781 41.6855 3
      vertex -68 41.7 3
    endloop
  endfacet
  facet normal -0.0652057 -0.997872 -0
    outer loop
      vertex -67.7781 41.6855 3
      vertex -68 41.7 1.5
      vertex -67.7781 41.6855 1.5
    endloop
  endfacet
  facet normal -0.555426 -0.831566 0
    outer loop
      vertex -67.15 41.4722 1.5
      vertex -66.9651 41.3487 3
      vertex -67.15 41.4722 3
    endloop
  endfacet
  facet normal -0.555426 -0.831566 -0
    outer loop
      vertex -66.9651 41.3487 3
      vertex -67.15 41.4722 1.5
      vertex -66.9651 41.3487 1.5
    endloop
  endfacet
  facet normal 0.831566 -0.555426 0
    outer loop
      vertex -69.4722 40.85 3
      vertex -69.3487 41.0349 1.5
      vertex -69.3487 41.0349 3
    endloop
  endfacet
  facet normal 0.831566 -0.555426 0
    outer loop
      vertex -69.3487 41.0349 1.5
      vertex -69.4722 40.85 3
      vertex -69.4722 40.85 1.5
    endloop
  endfacet
  facet normal 0.997872 -0.0652057 0
    outer loop
      vertex -69.7 40 3
      vertex -69.6855 40.2219 1.5
      vertex -69.6855 40.2219 3
    endloop
  endfacet
  facet normal 0.997872 -0.0652057 0
    outer loop
      vertex -69.6855 40.2219 1.5
      vertex -69.7 40 3
      vertex -69.7 40 1.5
    endloop
  endfacet
  facet normal 0.997872 0.0652057 0
    outer loop
      vertex -69.6855 39.7781 3
      vertex -69.7 40 1.5
      vertex -69.7 40 3
    endloop
  endfacet
  facet normal 0.997872 0.0652057 0
    outer loop
      vertex -69.7 40 1.5
      vertex -69.6855 39.7781 3
      vertex -69.6855 39.7781 1.5
    endloop
  endfacet
  facet normal -0.997872 0.0652057 0
    outer loop
      vertex -66.3145 39.7781 1.5
      vertex -66.3 40 3
      vertex -66.3 40 1.5
    endloop
  endfacet
  facet normal -0.997872 0.0652057 0
    outer loop
      vertex -66.3 40 3
      vertex -66.3145 39.7781 1.5
      vertex -66.3145 39.7781 3
    endloop
  endfacet
  facet normal -0.946915 0.321484 0
    outer loop
      vertex -66.4294 39.3494 1.5
      vertex -66.3579 39.56 3
      vertex -66.3579 39.56 1.5
    endloop
  endfacet
  facet normal -0.946915 0.321484 0
    outer loop
      vertex -66.3579 39.56 3
      vertex -66.4294 39.3494 1.5
      vertex -66.4294 39.3494 3
    endloop
  endfacet
  facet normal -0.98077 0.195165 0
    outer loop
      vertex -66.3579 39.56 1.5
      vertex -66.3145 39.7781 3
      vertex -66.3145 39.7781 1.5
    endloop
  endfacet
  facet normal -0.98077 0.195165 0
    outer loop
      vertex -66.3145 39.7781 3
      vertex -66.3579 39.56 1.5
      vertex -66.3579 39.56 3
    endloop
  endfacet
  facet normal 0.831566 0.555426 0
    outer loop
      vertex -69.3487 38.9651 3
      vertex -69.4722 39.15 1.5
      vertex -69.4722 39.15 3
    endloop
  endfacet
  facet normal 0.831566 0.555426 0
    outer loop
      vertex -69.4722 39.15 1.5
      vertex -69.3487 38.9651 3
      vertex -69.3487 38.9651 1.5
    endloop
  endfacet
  facet normal 0.98077 0.195165 0
    outer loop
      vertex -69.6421 39.56 3
      vertex -69.6855 39.7781 1.5
      vertex -69.6855 39.7781 3
    endloop
  endfacet
  facet normal 0.98077 0.195165 0
    outer loop
      vertex -69.6855 39.7781 1.5
      vertex -69.6421 39.56 3
      vertex -69.6421 39.56 1.5
    endloop
  endfacet
  facet normal -0.555426 0.831566 0
    outer loop
      vertex -66.9651 38.6513 1.5
      vertex -67.15 38.5278 3
      vertex -66.9651 38.6513 3
    endloop
  endfacet
  facet normal -0.555426 0.831566 0
    outer loop
      vertex -67.15 38.5278 3
      vertex -66.9651 38.6513 1.5
      vertex -67.15 38.5278 1.5
    endloop
  endfacet
  facet normal -0.44253 0.896754 0
    outer loop
      vertex -67.15 38.5278 1.5
      vertex -67.3494 38.4294 3
      vertex -67.15 38.5278 3
    endloop
  endfacet
  facet normal -0.44253 0.896754 0
    outer loop
      vertex -67.3494 38.4294 3
      vertex -67.15 38.5278 1.5
      vertex -67.3494 38.4294 1.5
    endloop
  endfacet
  facet normal 0.98077 -0.195165 0
    outer loop
      vertex -69.6855 40.2219 3
      vertex -69.6421 40.44 1.5
      vertex -69.6421 40.44 3
    endloop
  endfacet
  facet normal 0.98077 -0.195165 0
    outer loop
      vertex -69.6421 40.44 1.5
      vertex -69.6855 40.2219 3
      vertex -69.6855 40.2219 1.5
    endloop
  endfacet
  facet normal 0.659268 -0.751908 0
    outer loop
      vertex -69.2021 41.2021 1.5
      vertex -69.0349 41.3487 3
      vertex -69.2021 41.2021 3
    endloop
  endfacet
  facet normal 0.659268 -0.751908 0
    outer loop
      vertex -69.0349 41.3487 3
      vertex -69.2021 41.2021 1.5
      vertex -69.0349 41.3487 1.5
    endloop
  endfacet
  facet normal 0.321484 -0.946915 0
    outer loop
      vertex -68.6506 41.5706 1.5
      vertex -68.44 41.6421 3
      vertex -68.6506 41.5706 3
    endloop
  endfacet
  facet normal 0.321484 -0.946915 0
    outer loop
      vertex -68.44 41.6421 3
      vertex -68.6506 41.5706 1.5
      vertex -68.44 41.6421 1.5
    endloop
  endfacet
  facet normal 0.195165 0.98077 -0
    outer loop
      vertex -68.2219 38.3145 1.5
      vertex -68.44 38.3579 3
      vertex -68.2219 38.3145 3
    endloop
  endfacet
  facet normal 0.195165 0.98077 0
    outer loop
      vertex -68.44 38.3579 3
      vertex -68.2219 38.3145 1.5
      vertex -68.44 38.3579 1.5
    endloop
  endfacet
  facet normal 0.946915 0.321484 0
    outer loop
      vertex -69.5706 39.3494 3
      vertex -69.6421 39.56 1.5
      vertex -69.6421 39.56 3
    endloop
  endfacet
  facet normal 0.946915 0.321484 0
    outer loop
      vertex -69.6421 39.56 1.5
      vertex -69.5706 39.3494 3
      vertex -69.5706 39.3494 1.5
    endloop
  endfacet
  facet normal 0.896754 0.44253 0
    outer loop
      vertex -69.4722 39.15 3
      vertex -69.5706 39.3494 1.5
      vertex -69.5706 39.3494 3
    endloop
  endfacet
  facet normal 0.896754 0.44253 0
    outer loop
      vertex -69.5706 39.3494 1.5
      vertex -69.4722 39.15 3
      vertex -69.4722 39.15 1.5
    endloop
  endfacet
  facet normal -0.659268 0.751908 0
    outer loop
      vertex -66.7979 38.7979 1.5
      vertex -66.9651 38.6513 3
      vertex -66.7979 38.7979 3
    endloop
  endfacet
  facet normal -0.659268 0.751908 0
    outer loop
      vertex -66.9651 38.6513 3
      vertex -66.7979 38.7979 1.5
      vertex -66.9651 38.6513 1.5
    endloop
  endfacet
  facet normal -0.321484 0.946915 0
    outer loop
      vertex -67.3494 38.4294 1.5
      vertex -67.56 38.3579 3
      vertex -67.3494 38.4294 3
    endloop
  endfacet
  facet normal -0.321484 0.946915 0
    outer loop
      vertex -67.56 38.3579 3
      vertex -67.3494 38.4294 1.5
      vertex -67.56 38.3579 1.5
    endloop
  endfacet
  facet normal -0.195165 0.98077 0
    outer loop
      vertex -67.56 38.3579 1.5
      vertex -67.7781 38.3145 3
      vertex -67.56 38.3579 3
    endloop
  endfacet
  facet normal -0.195165 0.98077 0
    outer loop
      vertex -67.7781 38.3145 3
      vertex -67.56 38.3579 1.5
      vertex -67.7781 38.3145 1.5
    endloop
  endfacet
  facet normal -0.896754 0.44253 0
    outer loop
      vertex -66.5278 39.15 1.5
      vertex -66.4294 39.3494 3
      vertex -66.4294 39.3494 1.5
    endloop
  endfacet
  facet normal -0.896754 0.44253 0
    outer loop
      vertex -66.4294 39.3494 3
      vertex -66.5278 39.15 1.5
      vertex -66.5278 39.15 3
    endloop
  endfacet
  facet normal -0.831566 0.555426 0
    outer loop
      vertex -66.6513 38.9651 1.5
      vertex -66.5278 39.15 3
      vertex -66.5278 39.15 1.5
    endloop
  endfacet
  facet normal -0.831566 0.555426 0
    outer loop
      vertex -66.5278 39.15 3
      vertex -66.6513 38.9651 1.5
      vertex -66.6513 38.9651 3
    endloop
  endfacet
  facet normal 0.0652057 0.997872 -0
    outer loop
      vertex -68 38.3 1.5
      vertex -68.2219 38.3145 3
      vertex -68 38.3 3
    endloop
  endfacet
  facet normal 0.0652057 0.997872 0
    outer loop
      vertex -68.2219 38.3145 3
      vertex -68 38.3 1.5
      vertex -68.2219 38.3145 1.5
    endloop
  endfacet
  facet normal 0.44253 0.896754 -0
    outer loop
      vertex -68.6506 38.4294 1.5
      vertex -68.85 38.5278 3
      vertex -68.6506 38.4294 3
    endloop
  endfacet
  facet normal 0.44253 0.896754 0
    outer loop
      vertex -68.85 38.5278 3
      vertex -68.6506 38.4294 1.5
      vertex -68.85 38.5278 1.5
    endloop
  endfacet
  facet normal 0.321484 0.946915 -0
    outer loop
      vertex -68.44 38.3579 1.5
      vertex -68.6506 38.4294 3
      vertex -68.44 38.3579 3
    endloop
  endfacet
  facet normal 0.321484 0.946915 0
    outer loop
      vertex -68.6506 38.4294 3
      vertex -68.44 38.3579 1.5
      vertex -68.6506 38.4294 1.5
    endloop
  endfacet
  facet normal 0.555426 0.831566 -0
    outer loop
      vertex -68.85 38.5278 1.5
      vertex -69.0349 38.6513 3
      vertex -68.85 38.5278 3
    endloop
  endfacet
  facet normal 0.555426 0.831566 0
    outer loop
      vertex -69.0349 38.6513 3
      vertex -68.85 38.5278 1.5
      vertex -69.0349 38.6513 1.5
    endloop
  endfacet
  facet normal 0.659268 0.751908 -0
    outer loop
      vertex -69.0349 38.6513 1.5
      vertex -69.2021 38.7979 3
      vertex -69.0349 38.6513 3
    endloop
  endfacet
  facet normal 0.659268 0.751908 0
    outer loop
      vertex -69.2021 38.7979 3
      vertex -69.0349 38.6513 1.5
      vertex -69.2021 38.7979 1.5
    endloop
  endfacet
  facet normal 0.751908 0.659268 0
    outer loop
      vertex -69.2021 38.7979 3
      vertex -69.3487 38.9651 1.5
      vertex -69.3487 38.9651 3
    endloop
  endfacet
  facet normal 0.751908 0.659268 0
    outer loop
      vertex -69.3487 38.9651 1.5
      vertex -69.2021 38.7979 3
      vertex -69.2021 38.7979 1.5
    endloop
  endfacet
  facet normal -0.997872 -0.0652057 0
    outer loop
      vertex 69.7 -40 1.5
      vertex 69.6855 -39.7781 3
      vertex 69.6855 -39.7781 1.5
    endloop
  endfacet
  facet normal -0.997872 -0.0652057 0
    outer loop
      vertex 69.6855 -39.7781 3
      vertex 69.7 -40 1.5
      vertex 69.7 -40 3
    endloop
  endfacet
  facet normal 0.997872 -0.0652057 0
    outer loop
      vertex 66.3 -40 3
      vertex 66.3145 -39.7781 1.5
      vertex 66.3145 -39.7781 3
    endloop
  endfacet
  facet normal 0.997872 -0.0652057 0
    outer loop
      vertex 66.3145 -39.7781 1.5
      vertex 66.3 -40 3
      vertex 66.3 -40 1.5
    endloop
  endfacet
  facet normal -0.0652057 -0.997872 0
    outer loop
      vertex 68 -38.3 1.5
      vertex 68.2219 -38.3145 3
      vertex 68 -38.3 3
    endloop
  endfacet
  facet normal -0.0652057 -0.997872 -0
    outer loop
      vertex 68.2219 -38.3145 3
      vertex 68 -38.3 1.5
      vertex 68.2219 -38.3145 1.5
    endloop
  endfacet
  facet normal 0.0652057 0.997872 -0
    outer loop
      vertex 68 -41.7 1.5
      vertex 67.7781 -41.6855 3
      vertex 68 -41.7 3
    endloop
  endfacet
  facet normal 0.0652057 0.997872 0
    outer loop
      vertex 67.7781 -41.6855 3
      vertex 68 -41.7 1.5
      vertex 67.7781 -41.6855 1.5
    endloop
  endfacet
  facet normal -0.659268 -0.751908 0
    outer loop
      vertex 69.0349 -38.6513 1.5
      vertex 69.2021 -38.7979 3
      vertex 69.0349 -38.6513 3
    endloop
  endfacet
  facet normal -0.659268 -0.751908 -0
    outer loop
      vertex 69.2021 -38.7979 3
      vertex 69.0349 -38.6513 1.5
      vertex 69.2021 -38.7979 1.5
    endloop
  endfacet
  facet normal 0.659268 -0.751908 0
    outer loop
      vertex 66.7979 -38.7979 1.5
      vertex 66.9651 -38.6513 3
      vertex 66.7979 -38.7979 3
    endloop
  endfacet
  facet normal 0.659268 -0.751908 0
    outer loop
      vertex 66.9651 -38.6513 3
      vertex 66.7979 -38.7979 1.5
      vertex 66.9651 -38.6513 1.5
    endloop
  endfacet
  facet normal 0.321484 -0.946915 0
    outer loop
      vertex 67.3494 -38.4294 1.5
      vertex 67.56 -38.3579 3
      vertex 67.3494 -38.4294 3
    endloop
  endfacet
  facet normal 0.321484 -0.946915 0
    outer loop
      vertex 67.56 -38.3579 3
      vertex 67.3494 -38.4294 1.5
      vertex 67.56 -38.3579 1.5
    endloop
  endfacet
  facet normal -0.896754 -0.44253 0
    outer loop
      vertex 69.5706 -39.3494 1.5
      vertex 69.4722 -39.15 3
      vertex 69.4722 -39.15 1.5
    endloop
  endfacet
  facet normal -0.896754 -0.44253 0
    outer loop
      vertex 69.4722 -39.15 3
      vertex 69.5706 -39.3494 1.5
      vertex 69.5706 -39.3494 3
    endloop
  endfacet
  facet normal -0.98077 -0.195165 0
    outer loop
      vertex 69.6855 -39.7781 1.5
      vertex 69.6421 -39.56 3
      vertex 69.6421 -39.56 1.5
    endloop
  endfacet
  facet normal -0.98077 -0.195165 0
    outer loop
      vertex 69.6421 -39.56 3
      vertex 69.6855 -39.7781 1.5
      vertex 69.6855 -39.7781 3
    endloop
  endfacet
  facet normal -0.831566 -0.555426 0
    outer loop
      vertex 69.4722 -39.15 1.5
      vertex 69.3487 -38.9651 3
      vertex 69.3487 -38.9651 1.5
    endloop
  endfacet
  facet normal -0.831566 -0.555426 0
    outer loop
      vertex 69.3487 -38.9651 3
      vertex 69.4722 -39.15 1.5
      vertex 69.4722 -39.15 3
    endloop
  endfacet
  facet normal -0.321484 -0.946915 0
    outer loop
      vertex 68.44 -38.3579 1.5
      vertex 68.6506 -38.4294 3
      vertex 68.44 -38.3579 3
    endloop
  endfacet
  facet normal -0.321484 -0.946915 -0
    outer loop
      vertex 68.6506 -38.4294 3
      vertex 68.44 -38.3579 1.5
      vertex 68.6506 -38.4294 1.5
    endloop
  endfacet
  facet normal -0.195165 -0.98077 0
    outer loop
      vertex 68.2219 -38.3145 1.5
      vertex 68.44 -38.3579 3
      vertex 68.2219 -38.3145 3
    endloop
  endfacet
  facet normal -0.195165 -0.98077 -0
    outer loop
      vertex 68.44 -38.3579 3
      vertex 68.2219 -38.3145 1.5
      vertex 68.44 -38.3579 1.5
    endloop
  endfacet
  facet normal -0.44253 -0.896754 0
    outer loop
      vertex 68.6506 -38.4294 1.5
      vertex 68.85 -38.5278 3
      vertex 68.6506 -38.4294 3
    endloop
  endfacet
  facet normal -0.44253 -0.896754 -0
    outer loop
      vertex 68.85 -38.5278 3
      vertex 68.6506 -38.4294 1.5
      vertex 68.85 -38.5278 1.5
    endloop
  endfacet
  facet normal 0.831566 -0.555426 0
    outer loop
      vertex 66.5278 -39.15 3
      vertex 66.6513 -38.9651 1.5
      vertex 66.6513 -38.9651 3
    endloop
  endfacet
  facet normal 0.831566 -0.555426 0
    outer loop
      vertex 66.6513 -38.9651 1.5
      vertex 66.5278 -39.15 3
      vertex 66.5278 -39.15 1.5
    endloop
  endfacet
  facet normal 0.751908 -0.659268 0
    outer loop
      vertex 66.6513 -38.9651 3
      vertex 66.7979 -38.7979 1.5
      vertex 66.7979 -38.7979 3
    endloop
  endfacet
  facet normal 0.751908 -0.659268 0
    outer loop
      vertex 66.7979 -38.7979 1.5
      vertex 66.6513 -38.9651 3
      vertex 66.6513 -38.9651 1.5
    endloop
  endfacet
  facet normal 0.946915 -0.321484 0
    outer loop
      vertex 66.3579 -39.56 3
      vertex 66.4294 -39.3494 1.5
      vertex 66.4294 -39.3494 3
    endloop
  endfacet
  facet normal 0.946915 -0.321484 0
    outer loop
      vertex 66.4294 -39.3494 1.5
      vertex 66.3579 -39.56 3
      vertex 66.3579 -39.56 1.5
    endloop
  endfacet
  facet normal 0.555426 -0.831566 0
    outer loop
      vertex 66.9651 -38.6513 1.5
      vertex 67.15 -38.5278 3
      vertex 66.9651 -38.6513 3
    endloop
  endfacet
  facet normal 0.555426 -0.831566 0
    outer loop
      vertex 67.15 -38.5278 3
      vertex 66.9651 -38.6513 1.5
      vertex 67.15 -38.5278 1.5
    endloop
  endfacet
  facet normal 0.195165 -0.98077 0
    outer loop
      vertex 67.56 -38.3579 1.5
      vertex 67.7781 -38.3145 3
      vertex 67.56 -38.3579 3
    endloop
  endfacet
  facet normal 0.195165 -0.98077 0
    outer loop
      vertex 67.7781 -38.3145 3
      vertex 67.56 -38.3579 1.5
      vertex 67.7781 -38.3145 1.5
    endloop
  endfacet
  facet normal -0.751908 0.659268 0
    outer loop
      vertex 69.2021 -41.2021 1.5
      vertex 69.3487 -41.0349 3
      vertex 69.3487 -41.0349 1.5
    endloop
  endfacet
  facet normal -0.751908 0.659268 0
    outer loop
      vertex 69.3487 -41.0349 3
      vertex 69.2021 -41.2021 1.5
      vertex 69.2021 -41.2021 3
    endloop
  endfacet
  facet normal -0.98077 0.195165 0
    outer loop
      vertex 69.6421 -40.44 1.5
      vertex 69.6855 -40.2219 3
      vertex 69.6855 -40.2219 1.5
    endloop
  endfacet
  facet normal -0.98077 0.195165 0
    outer loop
      vertex 69.6855 -40.2219 3
      vertex 69.6421 -40.44 1.5
      vertex 69.6421 -40.44 3
    endloop
  endfacet
  facet normal 0.44253 0.896754 -0
    outer loop
      vertex 67.3494 -41.5706 1.5
      vertex 67.15 -41.4722 3
      vertex 67.3494 -41.5706 3
    endloop
  endfacet
  facet normal 0.44253 0.896754 0
    outer loop
      vertex 67.15 -41.4722 3
      vertex 67.3494 -41.5706 1.5
      vertex 67.15 -41.4722 1.5
    endloop
  endfacet
  facet normal 0.659268 0.751908 -0
    outer loop
      vertex 66.9651 -41.3487 1.5
      vertex 66.7979 -41.2021 3
      vertex 66.9651 -41.3487 3
    endloop
  endfacet
  facet normal 0.659268 0.751908 0
    outer loop
      vertex 66.7979 -41.2021 3
      vertex 66.9651 -41.3487 1.5
      vertex 66.7979 -41.2021 1.5
    endloop
  endfacet
  facet normal 0.321484 0.946915 -0
    outer loop
      vertex 67.56 -41.6421 1.5
      vertex 67.3494 -41.5706 3
      vertex 67.56 -41.6421 3
    endloop
  endfacet
  facet normal 0.321484 0.946915 0
    outer loop
      vertex 67.3494 -41.5706 3
      vertex 67.56 -41.6421 1.5
      vertex 67.3494 -41.5706 1.5
    endloop
  endfacet
  facet normal 0.751908 0.659268 0
    outer loop
      vertex 66.7979 -41.2021 3
      vertex 66.6513 -41.0349 1.5
      vertex 66.6513 -41.0349 3
    endloop
  endfacet
  facet normal 0.751908 0.659268 0
    outer loop
      vertex 66.6513 -41.0349 1.5
      vertex 66.7979 -41.2021 3
      vertex 66.7979 -41.2021 1.5
    endloop
  endfacet
  facet normal -0.946915 -0.321484 0
    outer loop
      vertex 69.6421 -39.56 1.5
      vertex 69.5706 -39.3494 3
      vertex 69.5706 -39.3494 1.5
    endloop
  endfacet
  facet normal -0.946915 -0.321484 0
    outer loop
      vertex 69.5706 -39.3494 3
      vertex 69.6421 -39.56 1.5
      vertex 69.6421 -39.56 3
    endloop
  endfacet
  facet normal -0.555426 -0.831566 0
    outer loop
      vertex 68.85 -38.5278 1.5
      vertex 69.0349 -38.6513 3
      vertex 68.85 -38.5278 3
    endloop
  endfacet
  facet normal -0.555426 -0.831566 -0
    outer loop
      vertex 69.0349 -38.6513 3
      vertex 68.85 -38.5278 1.5
      vertex 69.0349 -38.6513 1.5
    endloop
  endfacet
  facet normal 0.896754 -0.44253 0
    outer loop
      vertex 66.4294 -39.3494 3
      vertex 66.5278 -39.15 1.5
      vertex 66.5278 -39.15 3
    endloop
  endfacet
  facet normal 0.896754 -0.44253 0
    outer loop
      vertex 66.5278 -39.15 1.5
      vertex 66.4294 -39.3494 3
      vertex 66.4294 -39.3494 1.5
    endloop
  endfacet
  facet normal 0.98077 -0.195165 0
    outer loop
      vertex 66.3145 -39.7781 3
      vertex 66.3579 -39.56 1.5
      vertex 66.3579 -39.56 3
    endloop
  endfacet
  facet normal 0.98077 -0.195165 0
    outer loop
      vertex 66.3579 -39.56 1.5
      vertex 66.3145 -39.7781 3
      vertex 66.3145 -39.7781 1.5
    endloop
  endfacet
  facet normal 0.0652057 -0.997872 0
    outer loop
      vertex 67.7781 -38.3145 1.5
      vertex 68 -38.3 3
      vertex 67.7781 -38.3145 3
    endloop
  endfacet
  facet normal 0.0652057 -0.997872 0
    outer loop
      vertex 68 -38.3 3
      vertex 67.7781 -38.3145 1.5
      vertex 68 -38.3 1.5
    endloop
  endfacet
  facet normal -0.997872 0.0652057 0
    outer loop
      vertex 69.6855 -40.2219 1.5
      vertex 69.7 -40 3
      vertex 69.7 -40 1.5
    endloop
  endfacet
  facet normal -0.997872 0.0652057 0
    outer loop
      vertex 69.7 -40 3
      vertex 69.6855 -40.2219 1.5
      vertex 69.6855 -40.2219 3
    endloop
  endfacet
  facet normal -0.0652057 0.997872 0
    outer loop
      vertex 68.2219 -41.6855 1.5
      vertex 68 -41.7 3
      vertex 68.2219 -41.6855 3
    endloop
  endfacet
  facet normal -0.0652057 0.997872 0
    outer loop
      vertex 68 -41.7 3
      vertex 68.2219 -41.6855 1.5
      vertex 68 -41.7 1.5
    endloop
  endfacet
  facet normal -0.321484 0.946915 0
    outer loop
      vertex 68.6506 -41.5706 1.5
      vertex 68.44 -41.6421 3
      vertex 68.6506 -41.5706 3
    endloop
  endfacet
  facet normal -0.321484 0.946915 0
    outer loop
      vertex 68.44 -41.6421 3
      vertex 68.6506 -41.5706 1.5
      vertex 68.44 -41.6421 1.5
    endloop
  endfacet
  facet normal -0.44253 0.896754 0
    outer loop
      vertex 68.85 -41.4722 1.5
      vertex 68.6506 -41.5706 3
      vertex 68.85 -41.4722 3
    endloop
  endfacet
  facet normal -0.44253 0.896754 0
    outer loop
      vertex 68.6506 -41.5706 3
      vertex 68.85 -41.4722 1.5
      vertex 68.6506 -41.5706 1.5
    endloop
  endfacet
  facet normal -0.659268 0.751908 0
    outer loop
      vertex 69.2021 -41.2021 1.5
      vertex 69.0349 -41.3487 3
      vertex 69.2021 -41.2021 3
    endloop
  endfacet
  facet normal -0.659268 0.751908 0
    outer loop
      vertex 69.0349 -41.3487 3
      vertex 69.2021 -41.2021 1.5
      vertex 69.0349 -41.3487 1.5
    endloop
  endfacet
  facet normal -0.555426 0.831566 0
    outer loop
      vertex 69.0349 -41.3487 1.5
      vertex 68.85 -41.4722 3
      vertex 69.0349 -41.3487 3
    endloop
  endfacet
  facet normal -0.555426 0.831566 0
    outer loop
      vertex 68.85 -41.4722 3
      vertex 69.0349 -41.3487 1.5
      vertex 68.85 -41.4722 1.5
    endloop
  endfacet
  facet normal -0.946915 0.321484 0
    outer loop
      vertex 69.5706 -40.6506 1.5
      vertex 69.6421 -40.44 3
      vertex 69.6421 -40.44 1.5
    endloop
  endfacet
  facet normal -0.946915 0.321484 0
    outer loop
      vertex 69.6421 -40.44 3
      vertex 69.5706 -40.6506 1.5
      vertex 69.5706 -40.6506 3
    endloop
  endfacet
  facet normal -0.831566 0.555426 0
    outer loop
      vertex 69.3487 -41.0349 1.5
      vertex 69.4722 -40.85 3
      vertex 69.4722 -40.85 1.5
    endloop
  endfacet
  facet normal -0.831566 0.555426 0
    outer loop
      vertex 69.4722 -40.85 3
      vertex 69.3487 -41.0349 1.5
      vertex 69.3487 -41.0349 3
    endloop
  endfacet
  facet normal -0.896754 0.44253 0
    outer loop
      vertex 69.4722 -40.85 1.5
      vertex 69.5706 -40.6506 3
      vertex 69.5706 -40.6506 1.5
    endloop
  endfacet
  facet normal -0.896754 0.44253 0
    outer loop
      vertex 69.5706 -40.6506 3
      vertex 69.4722 -40.85 1.5
      vertex 69.4722 -40.85 3
    endloop
  endfacet
  facet normal 0.555426 0.831566 -0
    outer loop
      vertex 67.15 -41.4722 1.5
      vertex 66.9651 -41.3487 3
      vertex 67.15 -41.4722 3
    endloop
  endfacet
  facet normal 0.555426 0.831566 0
    outer loop
      vertex 66.9651 -41.3487 3
      vertex 67.15 -41.4722 1.5
      vertex 66.9651 -41.3487 1.5
    endloop
  endfacet
  facet normal 0.195165 0.98077 -0
    outer loop
      vertex 67.7781 -41.6855 1.5
      vertex 67.56 -41.6421 3
      vertex 67.7781 -41.6855 3
    endloop
  endfacet
  facet normal 0.195165 0.98077 0
    outer loop
      vertex 67.56 -41.6421 3
      vertex 67.7781 -41.6855 1.5
      vertex 67.56 -41.6421 1.5
    endloop
  endfacet
  facet normal 0.896754 0.44253 0
    outer loop
      vertex 66.5278 -40.85 3
      vertex 66.4294 -40.6506 1.5
      vertex 66.4294 -40.6506 3
    endloop
  endfacet
  facet normal 0.896754 0.44253 0
    outer loop
      vertex 66.4294 -40.6506 1.5
      vertex 66.5278 -40.85 3
      vertex 66.5278 -40.85 1.5
    endloop
  endfacet
  facet normal 0.946915 0.321484 0
    outer loop
      vertex 66.4294 -40.6506 3
      vertex 66.3579 -40.44 1.5
      vertex 66.3579 -40.44 3
    endloop
  endfacet
  facet normal 0.946915 0.321484 0
    outer loop
      vertex 66.3579 -40.44 1.5
      vertex 66.4294 -40.6506 3
      vertex 66.4294 -40.6506 1.5
    endloop
  endfacet
  facet normal 0.997872 0.0652057 0
    outer loop
      vertex 66.3145 -40.2219 3
      vertex 66.3 -40 1.5
      vertex 66.3 -40 3
    endloop
  endfacet
  facet normal 0.997872 0.0652057 0
    outer loop
      vertex 66.3 -40 1.5
      vertex 66.3145 -40.2219 3
      vertex 66.3145 -40.2219 1.5
    endloop
  endfacet
  facet normal -0.751908 -0.659268 0
    outer loop
      vertex 69.3487 -38.9651 1.5
      vertex 69.2021 -38.7979 3
      vertex 69.2021 -38.7979 1.5
    endloop
  endfacet
  facet normal -0.751908 -0.659268 0
    outer loop
      vertex 69.2021 -38.7979 3
      vertex 69.3487 -38.9651 1.5
      vertex 69.3487 -38.9651 3
    endloop
  endfacet
  facet normal 0.44253 -0.896754 0
    outer loop
      vertex 67.15 -38.5278 1.5
      vertex 67.3494 -38.4294 3
      vertex 67.15 -38.5278 3
    endloop
  endfacet
  facet normal 0.44253 -0.896754 0
    outer loop
      vertex 67.3494 -38.4294 3
      vertex 67.15 -38.5278 1.5
      vertex 67.3494 -38.4294 1.5
    endloop
  endfacet
  facet normal -0.195165 0.98077 0
    outer loop
      vertex 68.44 -41.6421 1.5
      vertex 68.2219 -41.6855 3
      vertex 68.44 -41.6421 3
    endloop
  endfacet
  facet normal -0.195165 0.98077 0
    outer loop
      vertex 68.2219 -41.6855 3
      vertex 68.44 -41.6421 1.5
      vertex 68.2219 -41.6855 1.5
    endloop
  endfacet
  facet normal 0.831566 0.555426 0
    outer loop
      vertex 66.6513 -41.0349 3
      vertex 66.5278 -40.85 1.5
      vertex 66.5278 -40.85 3
    endloop
  endfacet
  facet normal 0.831566 0.555426 0
    outer loop
      vertex 66.5278 -40.85 1.5
      vertex 66.6513 -41.0349 3
      vertex 66.6513 -41.0349 1.5
    endloop
  endfacet
  facet normal 0.98077 0.195165 0
    outer loop
      vertex 66.3579 -40.44 3
      vertex 66.3145 -40.2219 1.5
      vertex 66.3145 -40.2219 3
    endloop
  endfacet
  facet normal 0.98077 0.195165 0
    outer loop
      vertex 66.3145 -40.2219 1.5
      vertex 66.3579 -40.44 3
      vertex 66.3579 -40.44 1.5
    endloop
  endfacet
  facet normal -0.997872 -0.0652057 0
    outer loop
      vertex 69.7 40 1.5
      vertex 69.6855 40.2219 3
      vertex 69.6855 40.2219 1.5
    endloop
  endfacet
  facet normal -0.997872 -0.0652057 0
    outer loop
      vertex 69.6855 40.2219 3
      vertex 69.7 40 1.5
      vertex 69.7 40 3
    endloop
  endfacet
  facet normal 0.0652057 -0.997872 0
    outer loop
      vertex 67.7781 41.6855 1.5
      vertex 68 41.7 3
      vertex 67.7781 41.6855 3
    endloop
  endfacet
  facet normal 0.0652057 -0.997872 0
    outer loop
      vertex 68 41.7 3
      vertex 67.7781 41.6855 1.5
      vertex 68 41.7 1.5
    endloop
  endfacet
  facet normal -0.0652057 0.997872 0
    outer loop
      vertex 68.2219 38.3145 1.5
      vertex 68 38.3 3
      vertex 68.2219 38.3145 3
    endloop
  endfacet
  facet normal -0.0652057 0.997872 0
    outer loop
      vertex 68 38.3 3
      vertex 68.2219 38.3145 1.5
      vertex 68 38.3 1.5
    endloop
  endfacet
  facet normal -0.659268 -0.751908 0
    outer loop
      vertex 69.0349 41.3487 1.5
      vertex 69.2021 41.2021 3
      vertex 69.0349 41.3487 3
    endloop
  endfacet
  facet normal -0.659268 -0.751908 -0
    outer loop
      vertex 69.2021 41.2021 3
      vertex 69.0349 41.3487 1.5
      vertex 69.2021 41.2021 1.5
    endloop
  endfacet
  facet normal 0.751908 -0.659268 0
    outer loop
      vertex 66.6513 41.0349 3
      vertex 66.7979 41.2021 1.5
      vertex 66.7979 41.2021 3
    endloop
  endfacet
  facet normal 0.751908 -0.659268 0
    outer loop
      vertex 66.7979 41.2021 1.5
      vertex 66.6513 41.0349 3
      vertex 66.6513 41.0349 1.5
    endloop
  endfacet
  facet normal 0.44253 -0.896754 0
    outer loop
      vertex 67.15 41.4722 1.5
      vertex 67.3494 41.5706 3
      vertex 67.15 41.4722 3
    endloop
  endfacet
  facet normal 0.44253 -0.896754 0
    outer loop
      vertex 67.3494 41.5706 3
      vertex 67.15 41.4722 1.5
      vertex 67.3494 41.5706 1.5
    endloop
  endfacet
  facet normal -0.896754 -0.44253 0
    outer loop
      vertex 69.5706 40.6506 1.5
      vertex 69.4722 40.85 3
      vertex 69.4722 40.85 1.5
    endloop
  endfacet
  facet normal -0.896754 -0.44253 0
    outer loop
      vertex 69.4722 40.85 3
      vertex 69.5706 40.6506 1.5
      vertex 69.5706 40.6506 3
    endloop
  endfacet
  facet normal -0.98077 -0.195165 0
    outer loop
      vertex 69.6855 40.2219 1.5
      vertex 69.6421 40.44 3
      vertex 69.6421 40.44 1.5
    endloop
  endfacet
  facet normal -0.98077 -0.195165 0
    outer loop
      vertex 69.6421 40.44 3
      vertex 69.6855 40.2219 1.5
      vertex 69.6855 40.2219 3
    endloop
  endfacet
  facet normal -0.831566 -0.555426 0
    outer loop
      vertex 69.4722 40.85 1.5
      vertex 69.3487 41.0349 3
      vertex 69.3487 41.0349 1.5
    endloop
  endfacet
  facet normal -0.831566 -0.555426 0
    outer loop
      vertex 69.3487 41.0349 3
      vertex 69.4722 40.85 1.5
      vertex 69.4722 40.85 3
    endloop
  endfacet
  facet normal -0.321484 -0.946915 0
    outer loop
      vertex 68.44 41.6421 1.5
      vertex 68.6506 41.5706 3
      vertex 68.44 41.6421 3
    endloop
  endfacet
  facet normal -0.321484 -0.946915 -0
    outer loop
      vertex 68.6506 41.5706 3
      vertex 68.44 41.6421 1.5
      vertex 68.6506 41.5706 1.5
    endloop
  endfacet
  facet normal -0.44253 -0.896754 0
    outer loop
      vertex 68.6506 41.5706 1.5
      vertex 68.85 41.4722 3
      vertex 68.6506 41.5706 3
    endloop
  endfacet
  facet normal -0.44253 -0.896754 -0
    outer loop
      vertex 68.85 41.4722 3
      vertex 68.6506 41.5706 1.5
      vertex 68.85 41.4722 1.5
    endloop
  endfacet
  facet normal 0.946915 -0.321484 0
    outer loop
      vertex 66.3579 40.44 3
      vertex 66.4294 40.6506 1.5
      vertex 66.4294 40.6506 3
    endloop
  endfacet
  facet normal 0.946915 -0.321484 0
    outer loop
      vertex 66.4294 40.6506 1.5
      vertex 66.3579 40.44 3
      vertex 66.3579 40.44 1.5
    endloop
  endfacet
  facet normal 0.555426 -0.831566 0
    outer loop
      vertex 66.9651 41.3487 1.5
      vertex 67.15 41.4722 3
      vertex 66.9651 41.3487 3
    endloop
  endfacet
  facet normal 0.555426 -0.831566 0
    outer loop
      vertex 67.15 41.4722 3
      vertex 66.9651 41.3487 1.5
      vertex 67.15 41.4722 1.5
    endloop
  endfacet
  facet normal 0.195165 -0.98077 0
    outer loop
      vertex 67.56 41.6421 1.5
      vertex 67.7781 41.6855 3
      vertex 67.56 41.6421 3
    endloop
  endfacet
  facet normal 0.195165 -0.98077 0
    outer loop
      vertex 67.7781 41.6855 3
      vertex 67.56 41.6421 1.5
      vertex 67.7781 41.6855 1.5
    endloop
  endfacet
  facet normal -0.44253 0.896754 0
    outer loop
      vertex 68.85 38.5278 1.5
      vertex 68.6506 38.4294 3
      vertex 68.85 38.5278 3
    endloop
  endfacet
  facet normal -0.44253 0.896754 0
    outer loop
      vertex 68.6506 38.4294 3
      vertex 68.85 38.5278 1.5
      vertex 68.6506 38.4294 1.5
    endloop
  endfacet
  facet normal -0.946915 -0.321484 0
    outer loop
      vertex 69.6421 40.44 1.5
      vertex 69.5706 40.6506 3
      vertex 69.5706 40.6506 1.5
    endloop
  endfacet
  facet normal -0.946915 -0.321484 0
    outer loop
      vertex 69.5706 40.6506 3
      vertex 69.6421 40.44 1.5
      vertex 69.6421 40.44 3
    endloop
  endfacet
  facet normal -0.751908 -0.659268 0
    outer loop
      vertex 69.3487 41.0349 1.5
      vertex 69.2021 41.2021 3
      vertex 69.2021 41.2021 1.5
    endloop
  endfacet
  facet normal -0.751908 -0.659268 0
    outer loop
      vertex 69.2021 41.2021 3
      vertex 69.3487 41.0349 1.5
      vertex 69.3487 41.0349 3
    endloop
  endfacet
  facet normal -0.195165 -0.98077 0
    outer loop
      vertex 68.2219 41.6855 1.5
      vertex 68.44 41.6421 3
      vertex 68.2219 41.6855 3
    endloop
  endfacet
  facet normal -0.195165 -0.98077 -0
    outer loop
      vertex 68.44 41.6421 3
      vertex 68.2219 41.6855 1.5
      vertex 68.44 41.6421 1.5
    endloop
  endfacet
  facet normal -0.0652057 -0.997872 0
    outer loop
      vertex 68 41.7 1.5
      vertex 68.2219 41.6855 3
      vertex 68 41.7 3
    endloop
  endfacet
  facet normal -0.0652057 -0.997872 -0
    outer loop
      vertex 68.2219 41.6855 3
      vertex 68 41.7 1.5
      vertex 68.2219 41.6855 1.5
    endloop
  endfacet
  facet normal -0.555426 -0.831566 0
    outer loop
      vertex 68.85 41.4722 1.5
      vertex 69.0349 41.3487 3
      vertex 68.85 41.4722 3
    endloop
  endfacet
  facet normal -0.555426 -0.831566 -0
    outer loop
      vertex 69.0349 41.3487 3
      vertex 68.85 41.4722 1.5
      vertex 69.0349 41.3487 1.5
    endloop
  endfacet
  facet normal 0.896754 -0.44253 0
    outer loop
      vertex 66.4294 40.6506 3
      vertex 66.5278 40.85 1.5
      vertex 66.5278 40.85 3
    endloop
  endfacet
  facet normal 0.896754 -0.44253 0
    outer loop
      vertex 66.5278 40.85 1.5
      vertex 66.4294 40.6506 3
      vertex 66.4294 40.6506 1.5
    endloop
  endfacet
  facet normal 0.831566 -0.555426 0
    outer loop
      vertex 66.5278 40.85 3
      vertex 66.6513 41.0349 1.5
      vertex 66.6513 41.0349 3
    endloop
  endfacet
  facet normal 0.831566 -0.555426 0
    outer loop
      vertex 66.6513 41.0349 1.5
      vertex 66.5278 40.85 3
      vertex 66.5278 40.85 1.5
    endloop
  endfacet
  facet normal 0.98077 -0.195165 0
    outer loop
      vertex 66.3145 40.2219 3
      vertex 66.3579 40.44 1.5
      vertex 66.3579 40.44 3
    endloop
  endfacet
  facet normal 0.98077 -0.195165 0
    outer loop
      vertex 66.3579 40.44 1.5
      vertex 66.3145 40.2219 3
      vertex 66.3145 40.2219 1.5
    endloop
  endfacet
  facet normal 0.997872 -0.0652057 0
    outer loop
      vertex 66.3 40 3
      vertex 66.3145 40.2219 1.5
      vertex 66.3145 40.2219 3
    endloop
  endfacet
  facet normal 0.997872 -0.0652057 0
    outer loop
      vertex 66.3145 40.2219 1.5
      vertex 66.3 40 3
      vertex 66.3 40 1.5
    endloop
  endfacet
  facet normal 0.997872 0.0652057 0
    outer loop
      vertex 66.3145 39.7781 3
      vertex 66.3 40 1.5
      vertex 66.3 40 3
    endloop
  endfacet
  facet normal 0.997872 0.0652057 0
    outer loop
      vertex 66.3 40 1.5
      vertex 66.3145 39.7781 3
      vertex 66.3145 39.7781 1.5
    endloop
  endfacet
  facet normal 0.659268 -0.751908 0
    outer loop
      vertex 66.7979 41.2021 1.5
      vertex 66.9651 41.3487 3
      vertex 66.7979 41.2021 3
    endloop
  endfacet
  facet normal 0.659268 -0.751908 0
    outer loop
      vertex 66.9651 41.3487 3
      vertex 66.7979 41.2021 1.5
      vertex 66.9651 41.3487 1.5
    endloop
  endfacet
  facet normal 0.321484 -0.946915 0
    outer loop
      vertex 67.3494 41.5706 1.5
      vertex 67.56 41.6421 3
      vertex 67.3494 41.5706 3
    endloop
  endfacet
  facet normal 0.321484 -0.946915 0
    outer loop
      vertex 67.56 41.6421 3
      vertex 67.3494 41.5706 1.5
      vertex 67.56 41.6421 1.5
    endloop
  endfacet
  facet normal -0.997872 0.0652057 0
    outer loop
      vertex 69.6855 39.7781 1.5
      vertex 69.7 40 3
      vertex 69.7 40 1.5
    endloop
  endfacet
  facet normal -0.997872 0.0652057 0
    outer loop
      vertex 69.7 40 3
      vertex 69.6855 39.7781 1.5
      vertex 69.6855 39.7781 3
    endloop
  endfacet
  facet normal -0.946915 0.321484 0
    outer loop
      vertex 69.5706 39.3494 1.5
      vertex 69.6421 39.56 3
      vertex 69.6421 39.56 1.5
    endloop
  endfacet
  facet normal -0.946915 0.321484 0
    outer loop
      vertex 69.6421 39.56 3
      vertex 69.5706 39.3494 1.5
      vertex 69.5706 39.3494 3
    endloop
  endfacet
  facet normal -0.98077 0.195165 0
    outer loop
      vertex 69.6421 39.56 1.5
      vertex 69.6855 39.7781 3
      vertex 69.6855 39.7781 1.5
    endloop
  endfacet
  facet normal -0.98077 0.195165 0
    outer loop
      vertex 69.6855 39.7781 3
      vertex 69.6421 39.56 1.5
      vertex 69.6421 39.56 3
    endloop
  endfacet
  facet normal 0.555426 0.831566 -0
    outer loop
      vertex 67.15 38.5278 1.5
      vertex 66.9651 38.6513 3
      vertex 67.15 38.5278 3
    endloop
  endfacet
  facet normal 0.555426 0.831566 0
    outer loop
      vertex 66.9651 38.6513 3
      vertex 67.15 38.5278 1.5
      vertex 66.9651 38.6513 1.5
    endloop
  endfacet
  facet normal 0.831566 0.555426 0
    outer loop
      vertex 66.6513 38.9651 3
      vertex 66.5278 39.15 1.5
      vertex 66.5278 39.15 3
    endloop
  endfacet
  facet normal 0.831566 0.555426 0
    outer loop
      vertex 66.5278 39.15 1.5
      vertex 66.6513 38.9651 3
      vertex 66.6513 38.9651 1.5
    endloop
  endfacet
  facet normal 0.751908 0.659268 0
    outer loop
      vertex 66.7979 38.7979 3
      vertex 66.6513 38.9651 1.5
      vertex 66.6513 38.9651 3
    endloop
  endfacet
  facet normal 0.751908 0.659268 0
    outer loop
      vertex 66.6513 38.9651 1.5
      vertex 66.7979 38.7979 3
      vertex 66.7979 38.7979 1.5
    endloop
  endfacet
  facet normal -0.555426 0.831566 0
    outer loop
      vertex 69.0349 38.6513 1.5
      vertex 68.85 38.5278 3
      vertex 69.0349 38.6513 3
    endloop
  endfacet
  facet normal -0.555426 0.831566 0
    outer loop
      vertex 68.85 38.5278 3
      vertex 69.0349 38.6513 1.5
      vertex 68.85 38.5278 1.5
    endloop
  endfacet
  facet normal -0.831566 0.555426 0
    outer loop
      vertex 69.3487 38.9651 1.5
      vertex 69.4722 39.15 3
      vertex 69.4722 39.15 1.5
    endloop
  endfacet
  facet normal -0.831566 0.555426 0
    outer loop
      vertex 69.4722 39.15 3
      vertex 69.3487 38.9651 1.5
      vertex 69.3487 38.9651 3
    endloop
  endfacet
  facet normal 0.195165 0.98077 -0
    outer loop
      vertex 67.7781 38.3145 1.5
      vertex 67.56 38.3579 3
      vertex 67.7781 38.3145 3
    endloop
  endfacet
  facet normal 0.195165 0.98077 0
    outer loop
      vertex 67.56 38.3579 3
      vertex 67.7781 38.3145 1.5
      vertex 67.56 38.3579 1.5
    endloop
  endfacet
  facet normal 0.659268 0.751908 -0
    outer loop
      vertex 66.9651 38.6513 1.5
      vertex 66.7979 38.7979 3
      vertex 66.9651 38.6513 3
    endloop
  endfacet
  facet normal 0.659268 0.751908 0
    outer loop
      vertex 66.7979 38.7979 3
      vertex 66.9651 38.6513 1.5
      vertex 66.7979 38.7979 1.5
    endloop
  endfacet
  facet normal 0.946915 0.321484 0
    outer loop
      vertex 66.4294 39.3494 3
      vertex 66.3579 39.56 1.5
      vertex 66.3579 39.56 3
    endloop
  endfacet
  facet normal 0.946915 0.321484 0
    outer loop
      vertex 66.3579 39.56 1.5
      vertex 66.4294 39.3494 3
      vertex 66.4294 39.3494 1.5
    endloop
  endfacet
  facet normal 0.98077 0.195165 0
    outer loop
      vertex 66.3579 39.56 3
      vertex 66.3145 39.7781 1.5
      vertex 66.3145 39.7781 3
    endloop
  endfacet
  facet normal 0.98077 0.195165 0
    outer loop
      vertex 66.3145 39.7781 1.5
      vertex 66.3579 39.56 3
      vertex 66.3579 39.56 1.5
    endloop
  endfacet
  facet normal 0.896754 0.44253 0
    outer loop
      vertex 66.5278 39.15 3
      vertex 66.4294 39.3494 1.5
      vertex 66.4294 39.3494 3
    endloop
  endfacet
  facet normal 0.896754 0.44253 0
    outer loop
      vertex 66.4294 39.3494 1.5
      vertex 66.5278 39.15 3
      vertex 66.5278 39.15 1.5
    endloop
  endfacet
  facet normal -0.659268 0.751908 0
    outer loop
      vertex 69.2021 38.7979 1.5
      vertex 69.0349 38.6513 3
      vertex 69.2021 38.7979 3
    endloop
  endfacet
  facet normal -0.659268 0.751908 0
    outer loop
      vertex 69.0349 38.6513 3
      vertex 69.2021 38.7979 1.5
      vertex 69.0349 38.6513 1.5
    endloop
  endfacet
  facet normal -0.321484 0.946915 0
    outer loop
      vertex 68.6506 38.4294 1.5
      vertex 68.44 38.3579 3
      vertex 68.6506 38.4294 3
    endloop
  endfacet
  facet normal -0.321484 0.946915 0
    outer loop
      vertex 68.44 38.3579 3
      vertex 68.6506 38.4294 1.5
      vertex 68.44 38.3579 1.5
    endloop
  endfacet
  facet normal -0.195165 0.98077 0
    outer loop
      vertex 68.44 38.3579 1.5
      vertex 68.2219 38.3145 3
      vertex 68.44 38.3579 3
    endloop
  endfacet
  facet normal -0.195165 0.98077 0
    outer loop
      vertex 68.2219 38.3145 3
      vertex 68.44 38.3579 1.5
      vertex 68.2219 38.3145 1.5
    endloop
  endfacet
  facet normal -0.896754 0.44253 0
    outer loop
      vertex 69.4722 39.15 1.5
      vertex 69.5706 39.3494 3
      vertex 69.5706 39.3494 1.5
    endloop
  endfacet
  facet normal -0.896754 0.44253 0
    outer loop
      vertex 69.5706 39.3494 3
      vertex 69.4722 39.15 1.5
      vertex 69.4722 39.15 3
    endloop
  endfacet
  facet normal 0.0652057 0.997872 -0
    outer loop
      vertex 68 38.3 1.5
      vertex 67.7781 38.3145 3
      vertex 68 38.3 3
    endloop
  endfacet
  facet normal 0.0652057 0.997872 0
    outer loop
      vertex 67.7781 38.3145 3
      vertex 68 38.3 1.5
      vertex 67.7781 38.3145 1.5
    endloop
  endfacet
  facet normal 0.321484 0.946915 -0
    outer loop
      vertex 67.56 38.3579 1.5
      vertex 67.3494 38.4294 3
      vertex 67.56 38.3579 3
    endloop
  endfacet
  facet normal 0.321484 0.946915 0
    outer loop
      vertex 67.3494 38.4294 3
      vertex 67.56 38.3579 1.5
      vertex 67.3494 38.4294 1.5
    endloop
  endfacet
  facet normal -0.751908 0.659268 0
    outer loop
      vertex 69.2021 38.7979 1.5
      vertex 69.3487 38.9651 3
      vertex 69.3487 38.9651 1.5
    endloop
  endfacet
  facet normal -0.751908 0.659268 0
    outer loop
      vertex 69.3487 38.9651 3
      vertex 69.2021 38.7979 1.5
      vertex 69.2021 38.7979 3
    endloop
  endfacet
  facet normal 0.44253 0.896754 -0
    outer loop
      vertex 67.3494 38.4294 1.5
      vertex 67.15 38.5278 3
      vertex 67.3494 38.4294 3
    endloop
  endfacet
  facet normal 0.44253 0.896754 0
    outer loop
      vertex 67.15 38.5278 3
      vertex 67.3494 38.4294 1.5
      vertex 67.15 38.5278 1.5
    endloop
  endfacet
  facet normal -0.997854 -0.0654802 0
    outer loop
      vertex -63.75 -40 0
      vertex -63.7864 -39.4453 1.5
      vertex -63.7864 -39.4453 0
    endloop
  endfacet
  facet normal -0.997854 -0.0654802 0
    outer loop
      vertex -63.7864 -39.4453 1.5
      vertex -63.75 -40 0
      vertex -63.75 -40 1.5
    endloop
  endfacet
  facet normal 0.997854 -0.0654802 0
    outer loop
      vertex -72.25 -40 1.5
      vertex -72.2136 -39.4453 0
      vertex -72.2136 -39.4453 1.5
    endloop
  endfacet
  facet normal 0.997854 -0.0654802 0
    outer loop
      vertex -72.2136 -39.4453 0
      vertex -72.25 -40 1.5
      vertex -72.25 -40 0
    endloop
  endfacet
  facet normal 0.0654802 -0.997854 0
    outer loop
      vertex -68.5547 -35.7864 0
      vertex -68 -35.75 1.5
      vertex -68.5547 -35.7864 1.5
    endloop
  endfacet
  facet normal 0.0654802 -0.997854 0
    outer loop
      vertex -68 -35.75 1.5
      vertex -68.5547 -35.7864 0
      vertex -68 -35.75 0
    endloop
  endfacet
  facet normal 0.0654802 0.997854 -0
    outer loop
      vertex -68 -44.25 0
      vertex -68.5547 -44.2136 1.5
      vertex -68 -44.25 1.5
    endloop
  endfacet
  facet normal 0.0654802 0.997854 0
    outer loop
      vertex -68.5547 -44.2136 1.5
      vertex -68 -44.25 0
      vertex -68.5547 -44.2136 0
    endloop
  endfacet
  facet normal 0.751908 0.659268 0
    outer loop
      vertex -71.0052 -43.0052 1.5
      vertex -71.3717 -42.5872 0
      vertex -71.3717 -42.5872 1.5
    endloop
  endfacet
  facet normal 0.751908 0.659268 0
    outer loop
      vertex -71.3717 -42.5872 0
      vertex -71.0052 -43.0052 1.5
      vertex -71.0052 -43.0052 0
    endloop
  endfacet
  facet normal -0.659268 -0.751908 0
    outer loop
      vertex -65.4128 -36.6283 0
      vertex -64.9948 -36.9948 1.5
      vertex -65.4128 -36.6283 1.5
    endloop
  endfacet
  facet normal -0.659268 -0.751908 -0
    outer loop
      vertex -64.9948 -36.9948 1.5
      vertex -65.4128 -36.6283 0
      vertex -64.9948 -36.9948 0
    endloop
  endfacet
  facet normal 0.659268 -0.751908 0
    outer loop
      vertex -71.0052 -36.9948 0
      vertex -70.5872 -36.6283 1.5
      vertex -71.0052 -36.9948 1.5
    endloop
  endfacet
  facet normal 0.659268 -0.751908 0
    outer loop
      vertex -70.5872 -36.6283 1.5
      vertex -71.0052 -36.9948 0
      vertex -70.5872 -36.6283 0
    endloop
  endfacet
  facet normal 0.442314 -0.89686 0
    outer loop
      vertex -70.125 -36.3194 0
      vertex -69.6264 -36.0735 1.5
      vertex -70.125 -36.3194 1.5
    endloop
  endfacet
  facet normal 0.442314 -0.89686 0
    outer loop
      vertex -69.6264 -36.0735 1.5
      vertex -70.125 -36.3194 0
      vertex -69.6264 -36.0735 0
    endloop
  endfacet
  facet normal -0.89686 -0.442314 0
    outer loop
      vertex -64.0735 -38.3736 0
      vertex -64.3194 -37.875 1.5
      vertex -64.3194 -37.875 0
    endloop
  endfacet
  facet normal -0.89686 -0.442314 0
    outer loop
      vertex -64.3194 -37.875 1.5
      vertex -64.0735 -38.3736 0
      vertex -64.0735 -38.3736 1.5
    endloop
  endfacet
  facet normal -0.321458 -0.946924 0
    outer loop
      vertex -66.9 -35.8948 0
      vertex -66.3736 -36.0735 1.5
      vertex -66.9 -35.8948 1.5
    endloop
  endfacet
  facet normal -0.321458 -0.946924 -0
    outer loop
      vertex -66.3736 -36.0735 1.5
      vertex -66.9 -35.8948 0
      vertex -66.3736 -36.0735 0
    endloop
  endfacet
  facet normal -0.194975 -0.980808 0
    outer loop
      vertex -67.4453 -35.7864 0
      vertex -66.9 -35.8948 1.5
      vertex -67.4453 -35.7864 1.5
    endloop
  endfacet
  facet normal -0.194975 -0.980808 -0
    outer loop
      vertex -66.9 -35.8948 1.5
      vertex -67.4453 -35.7864 0
      vertex -66.9 -35.8948 0
    endloop
  endfacet
  facet normal -0.555655 -0.831413 0
    outer loop
      vertex -65.875 -36.3194 0
      vertex -65.4128 -36.6283 1.5
      vertex -65.875 -36.3194 1.5
    endloop
  endfacet
  facet normal -0.555655 -0.831413 -0
    outer loop
      vertex -65.4128 -36.6283 1.5
      vertex -65.875 -36.3194 0
      vertex -65.4128 -36.6283 0
    endloop
  endfacet
  facet normal 0.89686 -0.442314 0
    outer loop
      vertex -71.9265 -38.3736 1.5
      vertex -71.6806 -37.875 0
      vertex -71.6806 -37.875 1.5
    endloop
  endfacet
  facet normal 0.89686 -0.442314 0
    outer loop
      vertex -71.6806 -37.875 0
      vertex -71.9265 -38.3736 1.5
      vertex -71.9265 -38.3736 0
    endloop
  endfacet
  facet normal 0.946924 -0.321458 0
    outer loop
      vertex -72.1052 -38.9 1.5
      vertex -71.9265 -38.3736 0
      vertex -71.9265 -38.3736 1.5
    endloop
  endfacet
  facet normal 0.946924 -0.321458 0
    outer loop
      vertex -71.9265 -38.3736 0
      vertex -72.1052 -38.9 1.5
      vertex -72.1052 -38.9 0
    endloop
  endfacet
  facet normal 0.555655 -0.831413 0
    outer loop
      vertex -70.5872 -36.6283 0
      vertex -70.125 -36.3194 1.5
      vertex -70.5872 -36.6283 1.5
    endloop
  endfacet
  facet normal 0.555655 -0.831413 0
    outer loop
      vertex -70.125 -36.3194 1.5
      vertex -70.5872 -36.6283 0
      vertex -70.125 -36.3194 0
    endloop
  endfacet
  facet normal 0.194975 -0.980808 0
    outer loop
      vertex -69.1 -35.8948 0
      vertex -68.5547 -35.7864 1.5
      vertex -69.1 -35.8948 1.5
    endloop
  endfacet
  facet normal 0.194975 -0.980808 0
    outer loop
      vertex -68.5547 -35.7864 1.5
      vertex -69.1 -35.8948 0
      vertex -68.5547 -35.7864 0
    endloop
  endfacet
  facet normal -0.442314 0.89686 0
    outer loop
      vertex -65.875 -43.6806 0
      vertex -66.3736 -43.9265 1.5
      vertex -65.875 -43.6806 1.5
    endloop
  endfacet
  facet normal -0.442314 0.89686 0
    outer loop
      vertex -66.3736 -43.9265 1.5
      vertex -65.875 -43.6806 0
      vertex -66.3736 -43.9265 0
    endloop
  endfacet
  facet normal 0.321458 0.946924 -0
    outer loop
      vertex -69.1 -44.1052 0
      vertex -69.6264 -43.9265 1.5
      vertex -69.1 -44.1052 1.5
    endloop
  endfacet
  facet normal 0.321458 0.946924 0
    outer loop
      vertex -69.6264 -43.9265 1.5
      vertex -69.1 -44.1052 0
      vertex -69.6264 -43.9265 0
    endloop
  endfacet
  facet normal 0.89686 0.442314 0
    outer loop
      vertex -71.6806 -42.125 1.5
      vertex -71.9265 -41.6264 0
      vertex -71.9265 -41.6264 1.5
    endloop
  endfacet
  facet normal 0.89686 0.442314 0
    outer loop
      vertex -71.9265 -41.6264 0
      vertex -71.6806 -42.125 1.5
      vertex -71.6806 -42.125 0
    endloop
  endfacet
  facet normal -0.946924 -0.321458 0
    outer loop
      vertex -63.8948 -38.9 0
      vertex -64.0735 -38.3736 1.5
      vertex -64.0735 -38.3736 0
    endloop
  endfacet
  facet normal -0.946924 -0.321458 0
    outer loop
      vertex -64.0735 -38.3736 1.5
      vertex -63.8948 -38.9 0
      vertex -63.8948 -38.9 1.5
    endloop
  endfacet
  facet normal -0.980808 -0.194975 0
    outer loop
      vertex -63.7864 -39.4453 0
      vertex -63.8948 -38.9 1.5
      vertex -63.8948 -38.9 0
    endloop
  endfacet
  facet normal -0.980808 -0.194975 0
    outer loop
      vertex -63.8948 -38.9 1.5
      vertex -63.7864 -39.4453 0
      vertex -63.7864 -39.4453 1.5
    endloop
  endfacet
  facet normal -0.751908 -0.659268 0
    outer loop
      vertex -64.6283 -37.4128 0
      vertex -64.9948 -36.9948 1.5
      vertex -64.9948 -36.9948 0
    endloop
  endfacet
  facet normal -0.751908 -0.659268 0
    outer loop
      vertex -64.9948 -36.9948 1.5
      vertex -64.6283 -37.4128 0
      vertex -64.6283 -37.4128 1.5
    endloop
  endfacet
  facet normal -0.831413 -0.555655 0
    outer loop
      vertex -64.3194 -37.875 0
      vertex -64.6283 -37.4128 1.5
      vertex -64.6283 -37.4128 0
    endloop
  endfacet
  facet normal -0.831413 -0.555655 0
    outer loop
      vertex -64.6283 -37.4128 1.5
      vertex -64.3194 -37.875 0
      vertex -64.3194 -37.875 1.5
    endloop
  endfacet
  facet normal -0.0654802 -0.997854 0
    outer loop
      vertex -68 -35.75 0
      vertex -67.4453 -35.7864 1.5
      vertex -68 -35.75 1.5
    endloop
  endfacet
  facet normal -0.0654802 -0.997854 -0
    outer loop
      vertex -67.4453 -35.7864 1.5
      vertex -68 -35.75 0
      vertex -67.4453 -35.7864 0
    endloop
  endfacet
  facet normal -0.442314 -0.89686 0
    outer loop
      vertex -66.3736 -36.0735 0
      vertex -65.875 -36.3194 1.5
      vertex -66.3736 -36.0735 1.5
    endloop
  endfacet
  facet normal -0.442314 -0.89686 -0
    outer loop
      vertex -65.875 -36.3194 1.5
      vertex -66.3736 -36.0735 0
      vertex -65.875 -36.3194 0
    endloop
  endfacet
  facet normal 0.831413 -0.555655 0
    outer loop
      vertex -71.6806 -37.875 1.5
      vertex -71.3717 -37.4128 0
      vertex -71.3717 -37.4128 1.5
    endloop
  endfacet
  facet normal 0.831413 -0.555655 0
    outer loop
      vertex -71.3717 -37.4128 0
      vertex -71.6806 -37.875 1.5
      vertex -71.6806 -37.875 0
    endloop
  endfacet
  facet normal 0.751908 -0.659268 0
    outer loop
      vertex -71.3717 -37.4128 1.5
      vertex -71.0052 -36.9948 0
      vertex -71.0052 -36.9948 1.5
    endloop
  endfacet
  facet normal 0.751908 -0.659268 0
    outer loop
      vertex -71.0052 -36.9948 0
      vertex -71.3717 -37.4128 1.5
      vertex -71.3717 -37.4128 0
    endloop
  endfacet
  facet normal 0.980808 -0.194975 0
    outer loop
      vertex -72.2136 -39.4453 1.5
      vertex -72.1052 -38.9 0
      vertex -72.1052 -38.9 1.5
    endloop
  endfacet
  facet normal 0.980808 -0.194975 0
    outer loop
      vertex -72.1052 -38.9 0
      vertex -72.2136 -39.4453 1.5
      vertex -72.2136 -39.4453 0
    endloop
  endfacet
  facet normal 0 0 -1
    outer loop
      vertex -66.3 -40 1.5
      vertex -63.75 -40 1.5
      vertex -63.7864 -40.5547 1.5
    endloop
  endfacet
  facet normal 0 0 -1
    outer loop
      vertex -66.3145 -40.2219 1.5
      vertex -63.7864 -40.5547 1.5
      vertex -63.8948 -41.1 1.5
    endloop
  endfacet
  facet normal 0 0 -1
    outer loop
      vertex -63.75 -40 1.5
      vertex -66.3 -40 1.5
      vertex -63.7864 -39.4453 1.5
    endloop
  endfacet
  facet normal 0 0 -1
    outer loop
      vertex -66.3579 -40.44 1.5
      vertex -63.8948 -41.1 1.5
      vertex -64.0735 -41.6264 1.5
    endloop
  endfacet
  facet normal 0 0 -1
    outer loop
      vertex -66.3145 -39.7781 1.5
      vertex -63.7864 -39.4453 1.5
      vertex -66.3 -40 1.5
    endloop
  endfacet
  facet normal 0 0 -1
    outer loop
      vertex -66.4294 -40.6506 1.5
      vertex -64.0735 -41.6264 1.5
      vertex -64.3194 -42.125 1.5
    endloop
  endfacet
  facet normal -0 0 -1
    outer loop
      vertex -63.7864 -39.4453 1.5
      vertex -66.3145 -39.7781 1.5
      vertex -63.8948 -38.9 1.5
    endloop
  endfacet
  facet normal 0 0 -1
    outer loop
      vertex -66.5278 -40.85 1.5
      vertex -64.3194 -42.125 1.5
      vertex -64.6283 -42.5872 1.5
    endloop
  endfacet
  facet normal 0 0 -1
    outer loop
      vertex -66.3579 -39.56 1.5
      vertex -63.8948 -38.9 1.5
      vertex -66.3145 -39.7781 1.5
    endloop
  endfacet
  facet normal 0 0 -1
    outer loop
      vertex -66.6513 -41.0349 1.5
      vertex -64.6283 -42.5872 1.5
      vertex -64.9948 -43.0052 1.5
    endloop
  endfacet
  facet normal -0 0 -1
    outer loop
      vertex -63.8948 -38.9 1.5
      vertex -66.3579 -39.56 1.5
      vertex -64.0735 -38.3736 1.5
    endloop
  endfacet
  facet normal 0 0 -1
    outer loop
      vertex -66.7979 -41.2021 1.5
      vertex -64.9948 -43.0052 1.5
      vertex -65.4128 -43.3717 1.5
    endloop
  endfacet
  facet normal 0 0 -1
    outer loop
      vertex -66.4294 -39.3494 1.5
      vertex -64.0735 -38.3736 1.5
      vertex -66.3579 -39.56 1.5
    endloop
  endfacet
  facet normal 0 0 -1
    outer loop
      vertex -66.9651 -41.3487 1.5
      vertex -65.4128 -43.3717 1.5
      vertex -65.875 -43.6806 1.5
    endloop
  endfacet
  facet normal -0 0 -1
    outer loop
      vertex -64.0735 -38.3736 1.5
      vertex -66.4294 -39.3494 1.5
      vertex -64.3194 -37.875 1.5
    endloop
  endfacet
  facet normal 0 0 -1
    outer loop
      vertex -66.5278 -39.15 1.5
      vertex -64.3194 -37.875 1.5
      vertex -66.4294 -39.3494 1.5
    endloop
  endfacet
  facet normal 0 0 -1
    outer loop
      vertex -63.7864 -40.5547 1.5
      vertex -66.3145 -40.2219 1.5
      vertex -66.3 -40 1.5
    endloop
  endfacet
  facet normal 0 0 -1
    outer loop
      vertex -63.8948 -41.1 1.5
      vertex -66.3579 -40.44 1.5
      vertex -66.3145 -40.2219 1.5
    endloop
  endfacet
  facet normal 0 0 -1
    outer loop
      vertex -67.15 -41.4722 1.5
      vertex -65.875 -43.6806 1.5
      vertex -66.3736 -43.9265 1.5
    endloop
  endfacet
  facet normal 0 0 -1
    outer loop
      vertex -64.0735 -41.6264 1.5
      vertex -66.4294 -40.6506 1.5
      vertex -66.3579 -40.44 1.5
    endloop
  endfacet
  facet normal 0 0 -1
    outer loop
      vertex -64.3194 -42.125 1.5
      vertex -66.5278 -40.85 1.5
      vertex -66.4294 -40.6506 1.5
    endloop
  endfacet
  facet normal 0 0 -1
    outer loop
      vertex -64.6283 -42.5872 1.5
      vertex -66.6513 -41.0349 1.5
      vertex -66.5278 -40.85 1.5
    endloop
  endfacet
  facet normal 0 0 -1
    outer loop
      vertex -64.9948 -43.0052 1.5
      vertex -66.7979 -41.2021 1.5
      vertex -66.6513 -41.0349 1.5
    endloop
  endfacet
  facet normal 0 0 -1
    outer loop
      vertex -67.3494 -41.5706 1.5
      vertex -66.3736 -43.9265 1.5
      vertex -66.9 -44.1052 1.5
    endloop
  endfacet
  facet normal 0 0 -1
    outer loop
      vertex -65.4128 -43.3717 1.5
      vertex -66.9651 -41.3487 1.5
      vertex -66.7979 -41.2021 1.5
    endloop
  endfacet
  facet normal 0 0 -1
    outer loop
      vertex -65.875 -43.6806 1.5
      vertex -67.15 -41.4722 1.5
      vertex -66.9651 -41.3487 1.5
    endloop
  endfacet
  facet normal 0 0 -1
    outer loop
      vertex -66.3736 -43.9265 1.5
      vertex -67.3494 -41.5706 1.5
      vertex -67.15 -41.4722 1.5
    endloop
  endfacet
  facet normal 0 0 -1
    outer loop
      vertex -67.56 -41.6421 1.5
      vertex -66.9 -44.1052 1.5
      vertex -67.4453 -44.2136 1.5
    endloop
  endfacet
  facet normal 0 0 -1
    outer loop
      vertex -66.9 -44.1052 1.5
      vertex -67.56 -41.6421 1.5
      vertex -67.3494 -41.5706 1.5
    endloop
  endfacet
  facet normal 0 0 -1
    outer loop
      vertex -67.4453 -44.2136 1.5
      vertex -67.7781 -41.6855 1.5
      vertex -67.56 -41.6421 1.5
    endloop
  endfacet
  facet normal 0 0 -1
    outer loop
      vertex -68 -44.25 1.5
      vertex -67.7781 -41.6855 1.5
      vertex -67.4453 -44.2136 1.5
    endloop
  endfacet
  facet normal 0 0 -1
    outer loop
      vertex -68 -44.25 1.5
      vertex -68 -41.7 1.5
      vertex -67.7781 -41.6855 1.5
    endloop
  endfacet
  facet normal 0 0 -1
    outer loop
      vertex -68 -44.25 1.5
      vertex -68.2219 -41.6855 1.5
      vertex -68 -41.7 1.5
    endloop
  endfacet
  facet normal 0 0 -1
    outer loop
      vertex -68.5547 -44.2136 1.5
      vertex -68.2219 -41.6855 1.5
      vertex -68 -44.25 1.5
    endloop
  endfacet
  facet normal -0 0 -1
    outer loop
      vertex -68.2219 -41.6855 1.5
      vertex -68.5547 -44.2136 1.5
      vertex -68.44 -41.6421 1.5
    endloop
  endfacet
  facet normal 0 0 -1
    outer loop
      vertex -69.1 -44.1052 1.5
      vertex -68.44 -41.6421 1.5
      vertex -68.5547 -44.2136 1.5
    endloop
  endfacet
  facet normal -0 0 -1
    outer loop
      vertex -68.44 -41.6421 1.5
      vertex -69.1 -44.1052 1.5
      vertex -68.6506 -41.5706 1.5
    endloop
  endfacet
  facet normal 0 0 -1
    outer loop
      vertex -69.6264 -43.9265 1.5
      vertex -68.6506 -41.5706 1.5
      vertex -69.1 -44.1052 1.5
    endloop
  endfacet
  facet normal -0 0 -1
    outer loop
      vertex -68.6506 -41.5706 1.5
      vertex -69.6264 -43.9265 1.5
      vertex -68.85 -41.4722 1.5
    endloop
  endfacet
  facet normal 0 0 -1
    outer loop
      vertex -70.125 -43.6806 1.5
      vertex -68.85 -41.4722 1.5
      vertex -69.6264 -43.9265 1.5
    endloop
  endfacet
  facet normal -0 0 -1
    outer loop
      vertex -68.85 -41.4722 1.5
      vertex -70.125 -43.6806 1.5
      vertex -69.0349 -41.3487 1.5
    endloop
  endfacet
  facet normal 0 0 -1
    outer loop
      vertex -70.5872 -43.3717 1.5
      vertex -69.0349 -41.3487 1.5
      vertex -70.125 -43.6806 1.5
    endloop
  endfacet
  facet normal -0 0 -1
    outer loop
      vertex -69.0349 -41.3487 1.5
      vertex -70.5872 -43.3717 1.5
      vertex -69.2021 -41.2021 1.5
    endloop
  endfacet
  facet normal 0 0 -1
    outer loop
      vertex -71.0052 -43.0052 1.5
      vertex -69.2021 -41.2021 1.5
      vertex -70.5872 -43.3717 1.5
    endloop
  endfacet
  facet normal -0 0 -1
    outer loop
      vertex -69.2021 -41.2021 1.5
      vertex -71.0052 -43.0052 1.5
      vertex -69.3487 -41.0349 1.5
    endloop
  endfacet
  facet normal 0 0 -1
    outer loop
      vertex -71.3717 -42.5872 1.5
      vertex -69.3487 -41.0349 1.5
      vertex -71.0052 -43.0052 1.5
    endloop
  endfacet
  facet normal -0 0 -1
    outer loop
      vertex -69.3487 -41.0349 1.5
      vertex -71.3717 -42.5872 1.5
      vertex -69.4722 -40.85 1.5
    endloop
  endfacet
  facet normal 0 0 -1
    outer loop
      vertex -71.6806 -42.125 1.5
      vertex -69.4722 -40.85 1.5
      vertex -71.3717 -42.5872 1.5
    endloop
  endfacet
  facet normal -0 0 -1
    outer loop
      vertex -64.3194 -37.875 1.5
      vertex -66.5278 -39.15 1.5
      vertex -64.6283 -37.4128 1.5
    endloop
  endfacet
  facet normal 0 0 -1
    outer loop
      vertex -66.6513 -38.9651 1.5
      vertex -64.6283 -37.4128 1.5
      vertex -66.5278 -39.15 1.5
    endloop
  endfacet
  facet normal -0 0 -1
    outer loop
      vertex -64.6283 -37.4128 1.5
      vertex -66.6513 -38.9651 1.5
      vertex -64.9948 -36.9948 1.5
    endloop
  endfacet
  facet normal 0 0 -1
    outer loop
      vertex -66.7979 -38.7979 1.5
      vertex -64.9948 -36.9948 1.5
      vertex -66.6513 -38.9651 1.5
    endloop
  endfacet
  facet normal -0 0 -1
    outer loop
      vertex -64.9948 -36.9948 1.5
      vertex -66.7979 -38.7979 1.5
      vertex -65.4128 -36.6283 1.5
    endloop
  endfacet
  facet normal 0 0 -1
    outer loop
      vertex -66.9651 -38.6513 1.5
      vertex -65.4128 -36.6283 1.5
      vertex -66.7979 -38.7979 1.5
    endloop
  endfacet
  facet normal -0 0 -1
    outer loop
      vertex -65.4128 -36.6283 1.5
      vertex -66.9651 -38.6513 1.5
      vertex -65.875 -36.3194 1.5
    endloop
  endfacet
  facet normal 0 0 -1
    outer loop
      vertex -67.15 -38.5278 1.5
      vertex -65.875 -36.3194 1.5
      vertex -66.9651 -38.6513 1.5
    endloop
  endfacet
  facet normal -0 0 -1
    outer loop
      vertex -65.875 -36.3194 1.5
      vertex -67.15 -38.5278 1.5
      vertex -66.3736 -36.0735 1.5
    endloop
  endfacet
  facet normal 0 0 -1
    outer loop
      vertex -67.3494 -38.4294 1.5
      vertex -66.3736 -36.0735 1.5
      vertex -67.15 -38.5278 1.5
    endloop
  endfacet
  facet normal -0 0 -1
    outer loop
      vertex -66.3736 -36.0735 1.5
      vertex -67.3494 -38.4294 1.5
      vertex -66.9 -35.8948 1.5
    endloop
  endfacet
  facet normal 0 0 -1
    outer loop
      vertex -67.56 -38.3579 1.5
      vertex -66.9 -35.8948 1.5
      vertex -67.3494 -38.4294 1.5
    endloop
  endfacet
  facet normal -0 0 -1
    outer loop
      vertex -66.9 -35.8948 1.5
      vertex -67.56 -38.3579 1.5
      vertex -67.4453 -35.7864 1.5
    endloop
  endfacet
  facet normal 0 0 -1
    outer loop
      vertex -67.7781 -38.3145 1.5
      vertex -67.4453 -35.7864 1.5
      vertex -67.56 -38.3579 1.5
    endloop
  endfacet
  facet normal 0 0 -1
    outer loop
      vertex -68 -38.3 1.5
      vertex -67.4453 -35.7864 1.5
      vertex -67.7781 -38.3145 1.5
    endloop
  endfacet
  facet normal 0 0 -1
    outer loop
      vertex -68 -38.3 1.5
      vertex -68 -35.75 1.5
      vertex -67.4453 -35.7864 1.5
    endloop
  endfacet
  facet normal 0 0 -1
    outer loop
      vertex -68.2219 -38.3145 1.5
      vertex -68 -35.75 1.5
      vertex -68 -38.3 1.5
    endloop
  endfacet
  facet normal 0 0 -1
    outer loop
      vertex -68.5547 -35.7864 1.5
      vertex -68.2219 -38.3145 1.5
      vertex -68.44 -38.3579 1.5
    endloop
  endfacet
  facet normal 0 0 -1
    outer loop
      vertex -68.2219 -38.3145 1.5
      vertex -68.5547 -35.7864 1.5
      vertex -68 -35.75 1.5
    endloop
  endfacet
  facet normal 0 0 -1
    outer loop
      vertex -69.1 -35.8948 1.5
      vertex -68.44 -38.3579 1.5
      vertex -68.6506 -38.4294 1.5
    endloop
  endfacet
  facet normal 0 0 -1
    outer loop
      vertex -69.6264 -36.0735 1.5
      vertex -68.6506 -38.4294 1.5
      vertex -68.85 -38.5278 1.5
    endloop
  endfacet
  facet normal 0 0 -1
    outer loop
      vertex -70.125 -36.3194 1.5
      vertex -68.85 -38.5278 1.5
      vertex -69.0349 -38.6513 1.5
    endloop
  endfacet
  facet normal 0 0 -1
    outer loop
      vertex -68.44 -38.3579 1.5
      vertex -69.1 -35.8948 1.5
      vertex -68.5547 -35.7864 1.5
    endloop
  endfacet
  facet normal 0 0 -1
    outer loop
      vertex -70.5872 -36.6283 1.5
      vertex -69.0349 -38.6513 1.5
      vertex -69.2021 -38.7979 1.5
    endloop
  endfacet
  facet normal 0 0 -1
    outer loop
      vertex -71.0052 -36.9948 1.5
      vertex -69.2021 -38.7979 1.5
      vertex -69.3487 -38.9651 1.5
    endloop
  endfacet
  facet normal 0 0 -1
    outer loop
      vertex -71.3717 -37.4128 1.5
      vertex -69.3487 -38.9651 1.5
      vertex -69.4722 -39.15 1.5
    endloop
  endfacet
  facet normal 0 0 -1
    outer loop
      vertex -71.6806 -37.875 1.5
      vertex -69.4722 -39.15 1.5
      vertex -69.5706 -39.3494 1.5
    endloop
  endfacet
  facet normal 0 0 -1
    outer loop
      vertex -68.6506 -38.4294 1.5
      vertex -69.6264 -36.0735 1.5
      vertex -69.1 -35.8948 1.5
    endloop
  endfacet
  facet normal 0 0 -1
    outer loop
      vertex -71.9265 -38.3736 1.5
      vertex -69.5706 -39.3494 1.5
      vertex -69.6421 -39.56 1.5
    endloop
  endfacet
  facet normal 0 0 -1
    outer loop
      vertex -72.1052 -38.9 1.5
      vertex -69.6421 -39.56 1.5
      vertex -69.6855 -39.7781 1.5
    endloop
  endfacet
  facet normal 0 0 -1
    outer loop
      vertex -72.2136 -39.4453 1.5
      vertex -69.6855 -39.7781 1.5
      vertex -69.7 -40 1.5
    endloop
  endfacet
  facet normal -0 0 -1
    outer loop
      vertex -69.4722 -40.85 1.5
      vertex -71.6806 -42.125 1.5
      vertex -69.5706 -40.6506 1.5
    endloop
  endfacet
  facet normal 0 0 -1
    outer loop
      vertex -68.85 -38.5278 1.5
      vertex -70.125 -36.3194 1.5
      vertex -69.6264 -36.0735 1.5
    endloop
  endfacet
  facet normal 0 0 -1
    outer loop
      vertex -71.9265 -41.6264 1.5
      vertex -69.5706 -40.6506 1.5
      vertex -71.6806 -42.125 1.5
    endloop
  endfacet
  facet normal 0 0 -1
    outer loop
      vertex -69.0349 -38.6513 1.5
      vertex -70.5872 -36.6283 1.5
      vertex -70.125 -36.3194 1.5
    endloop
  endfacet
  facet normal -0 0 -1
    outer loop
      vertex -69.5706 -40.6506 1.5
      vertex -71.9265 -41.6264 1.5
      vertex -69.6421 -40.44 1.5
    endloop
  endfacet
  facet normal 0 0 -1
    outer loop
      vertex -69.2021 -38.7979 1.5
      vertex -71.0052 -36.9948 1.5
      vertex -70.5872 -36.6283 1.5
    endloop
  endfacet
  facet normal 0 0 -1
    outer loop
      vertex -72.1052 -41.1 1.5
      vertex -69.6421 -40.44 1.5
      vertex -71.9265 -41.6264 1.5
    endloop
  endfacet
  facet normal 0 0 -1
    outer loop
      vertex -69.3487 -38.9651 1.5
      vertex -71.3717 -37.4128 1.5
      vertex -71.0052 -36.9948 1.5
    endloop
  endfacet
  facet normal -0 0 -1
    outer loop
      vertex -69.6421 -40.44 1.5
      vertex -72.1052 -41.1 1.5
      vertex -69.6855 -40.2219 1.5
    endloop
  endfacet
  facet normal 0 0 -1
    outer loop
      vertex -69.4722 -39.15 1.5
      vertex -71.6806 -37.875 1.5
      vertex -71.3717 -37.4128 1.5
    endloop
  endfacet
  facet normal 0 0 -1
    outer loop
      vertex -72.2136 -40.5547 1.5
      vertex -69.6855 -40.2219 1.5
      vertex -72.1052 -41.1 1.5
    endloop
  endfacet
  facet normal 0 0 -1
    outer loop
      vertex -69.5706 -39.3494 1.5
      vertex -71.9265 -38.3736 1.5
      vertex -71.6806 -37.875 1.5
    endloop
  endfacet
  facet normal -0 0 -1
    outer loop
      vertex -69.6855 -40.2219 1.5
      vertex -72.2136 -40.5547 1.5
      vertex -69.7 -40 1.5
    endloop
  endfacet
  facet normal 0 0 -1
    outer loop
      vertex -69.6421 -39.56 1.5
      vertex -72.1052 -38.9 1.5
      vertex -71.9265 -38.3736 1.5
    endloop
  endfacet
  facet normal 0 0 -1
    outer loop
      vertex -72.25 -40 1.5
      vertex -69.7 -40 1.5
      vertex -72.2136 -40.5547 1.5
    endloop
  endfacet
  facet normal 0 0 -1
    outer loop
      vertex -69.6855 -39.7781 1.5
      vertex -72.2136 -39.4453 1.5
      vertex -72.1052 -38.9 1.5
    endloop
  endfacet
  facet normal 0 0 -1
    outer loop
      vertex -69.7 -40 1.5
      vertex -72.25 -40 1.5
      vertex -72.2136 -39.4453 1.5
    endloop
  endfacet
  facet normal 0.321458 -0.946924 0
    outer loop
      vertex -69.6264 -36.0735 0
      vertex -69.1 -35.8948 1.5
      vertex -69.6264 -36.0735 1.5
    endloop
  endfacet
  facet normal 0.321458 -0.946924 0
    outer loop
      vertex -69.1 -35.8948 1.5
      vertex -69.6264 -36.0735 0
      vertex -69.1 -35.8948 0
    endloop
  endfacet
  facet normal -0.0654802 0.997854 0
    outer loop
      vertex -67.4453 -44.2136 0
      vertex -68 -44.25 1.5
      vertex -67.4453 -44.2136 1.5
    endloop
  endfacet
  facet normal -0.0654802 0.997854 0
    outer loop
      vertex -68 -44.25 1.5
      vertex -67.4453 -44.2136 0
      vertex -68 -44.25 0
    endloop
  endfacet
  facet normal -0.321458 0.946924 0
    outer loop
      vertex -66.3736 -43.9265 0
      vertex -66.9 -44.1052 1.5
      vertex -66.3736 -43.9265 1.5
    endloop
  endfacet
  facet normal -0.321458 0.946924 0
    outer loop
      vertex -66.9 -44.1052 1.5
      vertex -66.3736 -43.9265 0
      vertex -66.9 -44.1052 0
    endloop
  endfacet
  facet normal -0.555655 0.831413 0
    outer loop
      vertex -65.4128 -43.3717 0
      vertex -65.875 -43.6806 1.5
      vertex -65.4128 -43.3717 1.5
    endloop
  endfacet
  facet normal -0.555655 0.831413 0
    outer loop
      vertex -65.875 -43.6806 1.5
      vertex -65.4128 -43.3717 0
      vertex -65.875 -43.6806 0
    endloop
  endfacet
  facet normal -0.751908 0.659268 0
    outer loop
      vertex -64.9948 -43.0052 0
      vertex -64.6283 -42.5872 1.5
      vertex -64.6283 -42.5872 0
    endloop
  endfacet
  facet normal -0.751908 0.659268 0
    outer loop
      vertex -64.6283 -42.5872 1.5
      vertex -64.9948 -43.0052 0
      vertex -64.9948 -43.0052 1.5
    endloop
  endfacet
  facet normal -0.89686 0.442314 0
    outer loop
      vertex -64.3194 -42.125 0
      vertex -64.0735 -41.6264 1.5
      vertex -64.0735 -41.6264 0
    endloop
  endfacet
  facet normal -0.89686 0.442314 0
    outer loop
      vertex -64.0735 -41.6264 1.5
      vertex -64.3194 -42.125 0
      vertex -64.3194 -42.125 1.5
    endloop
  endfacet
  facet normal -0.946924 0.321458 0
    outer loop
      vertex -64.0735 -41.6264 0
      vertex -63.8948 -41.1 1.5
      vertex -63.8948 -41.1 0
    endloop
  endfacet
  facet normal -0.946924 0.321458 0
    outer loop
      vertex -63.8948 -41.1 1.5
      vertex -64.0735 -41.6264 0
      vertex -64.0735 -41.6264 1.5
    endloop
  endfacet
  facet normal -0.997854 0.0654802 0
    outer loop
      vertex -63.7864 -40.5547 0
      vertex -63.75 -40 1.5
      vertex -63.75 -40 0
    endloop
  endfacet
  facet normal -0.997854 0.0654802 0
    outer loop
      vertex -63.75 -40 1.5
      vertex -63.7864 -40.5547 0
      vertex -63.7864 -40.5547 1.5
    endloop
  endfacet
  facet normal 0.659268 0.751908 -0
    outer loop
      vertex -70.5872 -43.3717 0
      vertex -71.0052 -43.0052 1.5
      vertex -70.5872 -43.3717 1.5
    endloop
  endfacet
  facet normal 0.659268 0.751908 0
    outer loop
      vertex -71.0052 -43.0052 1.5
      vertex -70.5872 -43.3717 0
      vertex -71.0052 -43.0052 0
    endloop
  endfacet
  facet normal 0.442314 0.89686 -0
    outer loop
      vertex -69.6264 -43.9265 0
      vertex -70.125 -43.6806 1.5
      vertex -69.6264 -43.9265 1.5
    endloop
  endfacet
  facet normal 0.442314 0.89686 0
    outer loop
      vertex -70.125 -43.6806 1.5
      vertex -69.6264 -43.9265 0
      vertex -70.125 -43.6806 0
    endloop
  endfacet
  facet normal 0.194975 0.980808 -0
    outer loop
      vertex -68.5547 -44.2136 0
      vertex -69.1 -44.1052 1.5
      vertex -68.5547 -44.2136 1.5
    endloop
  endfacet
  facet normal 0.194975 0.980808 0
    outer loop
      vertex -69.1 -44.1052 1.5
      vertex -68.5547 -44.2136 0
      vertex -69.1 -44.1052 0
    endloop
  endfacet
  facet normal 0.831413 0.555655 0
    outer loop
      vertex -71.3717 -42.5872 1.5
      vertex -71.6806 -42.125 0
      vertex -71.6806 -42.125 1.5
    endloop
  endfacet
  facet normal 0.831413 0.555655 0
    outer loop
      vertex -71.6806 -42.125 0
      vertex -71.3717 -42.5872 1.5
      vertex -71.3717 -42.5872 0
    endloop
  endfacet
  facet normal 0.946924 0.321458 0
    outer loop
      vertex -71.9265 -41.6264 1.5
      vertex -72.1052 -41.1 0
      vertex -72.1052 -41.1 1.5
    endloop
  endfacet
  facet normal 0.946924 0.321458 0
    outer loop
      vertex -72.1052 -41.1 0
      vertex -71.9265 -41.6264 1.5
      vertex -71.9265 -41.6264 0
    endloop
  endfacet
  facet normal 0.997854 0.0654802 0
    outer loop
      vertex -72.2136 -40.5547 1.5
      vertex -72.25 -40 0
      vertex -72.25 -40 1.5
    endloop
  endfacet
  facet normal 0.997854 0.0654802 0
    outer loop
      vertex -72.25 -40 0
      vertex -72.2136 -40.5547 1.5
      vertex -72.2136 -40.5547 0
    endloop
  endfacet
  facet normal -0.194975 0.980808 0
    outer loop
      vertex -66.9 -44.1052 0
      vertex -67.4453 -44.2136 1.5
      vertex -66.9 -44.1052 1.5
    endloop
  endfacet
  facet normal -0.194975 0.980808 0
    outer loop
      vertex -67.4453 -44.2136 1.5
      vertex -66.9 -44.1052 0
      vertex -67.4453 -44.2136 0
    endloop
  endfacet
  facet normal -0.659268 0.751908 0
    outer loop
      vertex -64.9948 -43.0052 0
      vertex -65.4128 -43.3717 1.5
      vertex -64.9948 -43.0052 1.5
    endloop
  endfacet
  facet normal -0.659268 0.751908 0
    outer loop
      vertex -65.4128 -43.3717 1.5
      vertex -64.9948 -43.0052 0
      vertex -65.4128 -43.3717 0
    endloop
  endfacet
  facet normal -0.831413 0.555655 0
    outer loop
      vertex -64.6283 -42.5872 0
      vertex -64.3194 -42.125 1.5
      vertex -64.3194 -42.125 0
    endloop
  endfacet
  facet normal -0.831413 0.555655 0
    outer loop
      vertex -64.3194 -42.125 1.5
      vertex -64.6283 -42.5872 0
      vertex -64.6283 -42.5872 1.5
    endloop
  endfacet
  facet normal -0.980808 0.194975 0
    outer loop
      vertex -63.8948 -41.1 0
      vertex -63.7864 -40.5547 1.5
      vertex -63.7864 -40.5547 0
    endloop
  endfacet
  facet normal -0.980808 0.194975 0
    outer loop
      vertex -63.7864 -40.5547 1.5
      vertex -63.8948 -41.1 0
      vertex -63.8948 -41.1 1.5
    endloop
  endfacet
  facet normal 0.555655 0.831413 -0
    outer loop
      vertex -70.125 -43.6806 0
      vertex -70.5872 -43.3717 1.5
      vertex -70.125 -43.6806 1.5
    endloop
  endfacet
  facet normal 0.555655 0.831413 0
    outer loop
      vertex -70.5872 -43.3717 1.5
      vertex -70.125 -43.6806 0
      vertex -70.5872 -43.3717 0
    endloop
  endfacet
  facet normal 0.980808 0.194975 0
    outer loop
      vertex -72.1052 -41.1 1.5
      vertex -72.2136 -40.5547 0
      vertex -72.2136 -40.5547 1.5
    endloop
  endfacet
  facet normal 0.980808 0.194975 0
    outer loop
      vertex -72.2136 -40.5547 0
      vertex -72.1052 -41.1 1.5
      vertex -72.1052 -41.1 0
    endloop
  endfacet
  facet normal -0.997854 -0.0654802 0
    outer loop
      vertex -63.75 40 0
      vertex -63.7864 40.5547 1.5
      vertex -63.7864 40.5547 0
    endloop
  endfacet
  facet normal -0.997854 -0.0654802 0
    outer loop
      vertex -63.7864 40.5547 1.5
      vertex -63.75 40 0
      vertex -63.75 40 1.5
    endloop
  endfacet
  facet normal 0.997854 -0.0654802 0
    outer loop
      vertex -72.25 40 1.5
      vertex -72.2136 40.5547 0
      vertex -72.2136 40.5547 1.5
    endloop
  endfacet
  facet normal 0.997854 -0.0654802 0
    outer loop
      vertex -72.2136 40.5547 0
      vertex -72.25 40 1.5
      vertex -72.25 40 0
    endloop
  endfacet
  facet normal -0.0654802 -0.997854 0
    outer loop
      vertex -68 44.25 0
      vertex -67.4453 44.2136 1.5
      vertex -68 44.25 1.5
    endloop
  endfacet
  facet normal -0.0654802 -0.997854 -0
    outer loop
      vertex -67.4453 44.2136 1.5
      vertex -68 44.25 0
      vertex -67.4453 44.2136 0
    endloop
  endfacet
  facet normal -0.0654802 0.997854 0
    outer loop
      vertex -67.4453 35.7864 0
      vertex -68 35.75 1.5
      vertex -67.4453 35.7864 1.5
    endloop
  endfacet
  facet normal -0.0654802 0.997854 0
    outer loop
      vertex -68 35.75 1.5
      vertex -67.4453 35.7864 0
      vertex -68 35.75 0
    endloop
  endfacet
  facet normal -0.751908 -0.659268 0
    outer loop
      vertex -64.6283 42.5872 0
      vertex -64.9948 43.0052 1.5
      vertex -64.9948 43.0052 0
    endloop
  endfacet
  facet normal -0.751908 -0.659268 0
    outer loop
      vertex -64.9948 43.0052 1.5
      vertex -64.6283 42.5872 0
      vertex -64.6283 42.5872 1.5
    endloop
  endfacet
  facet normal 0.659268 -0.751908 0
    outer loop
      vertex -71.0052 43.0052 0
      vertex -70.5872 43.3717 1.5
      vertex -71.0052 43.0052 1.5
    endloop
  endfacet
  facet normal 0.659268 -0.751908 0
    outer loop
      vertex -70.5872 43.3717 1.5
      vertex -71.0052 43.0052 0
      vertex -70.5872 43.3717 0
    endloop
  endfacet
  facet normal 0.321458 -0.946924 0
    outer loop
      vertex -69.6264 43.9265 0
      vertex -69.1 44.1052 1.5
      vertex -69.6264 43.9265 1.5
    endloop
  endfacet
  facet normal 0.321458 -0.946924 0
    outer loop
      vertex -69.1 44.1052 1.5
      vertex -69.6264 43.9265 0
      vertex -69.1 44.1052 0
    endloop
  endfacet
  facet normal -0.831413 0.555655 0
    outer loop
      vertex -64.6283 37.4128 0
      vertex -64.3194 37.875 1.5
      vertex -64.3194 37.875 0
    endloop
  endfacet
  facet normal -0.831413 0.555655 0
    outer loop
      vertex -64.3194 37.875 1.5
      vertex -64.6283 37.4128 0
      vertex -64.6283 37.4128 1.5
    endloop
  endfacet
  facet normal -0.89686 -0.442314 0
    outer loop
      vertex -64.0735 41.6264 0
      vertex -64.3194 42.125 1.5
      vertex -64.3194 42.125 0
    endloop
  endfacet
  facet normal -0.89686 -0.442314 0
    outer loop
      vertex -64.3194 42.125 1.5
      vertex -64.0735 41.6264 0
      vertex -64.0735 41.6264 1.5
    endloop
  endfacet
  facet normal -0.980808 -0.194975 0
    outer loop
      vertex -63.7864 40.5547 0
      vertex -63.8948 41.1 1.5
      vertex -63.8948 41.1 0
    endloop
  endfacet
  facet normal -0.980808 -0.194975 0
    outer loop
      vertex -63.8948 41.1 1.5
      vertex -63.7864 40.5547 0
      vertex -63.7864 40.5547 1.5
    endloop
  endfacet
  facet normal -0.831413 -0.555655 0
    outer loop
      vertex -64.3194 42.125 0
      vertex -64.6283 42.5872 1.5
      vertex -64.6283 42.5872 0
    endloop
  endfacet
  facet normal -0.831413 -0.555655 0
    outer loop
      vertex -64.6283 42.5872 1.5
      vertex -64.3194 42.125 0
      vertex -64.3194 42.125 1.5
    endloop
  endfacet
  facet normal -0.442314 -0.89686 0
    outer loop
      vertex -66.3736 43.9265 0
      vertex -65.875 43.6806 1.5
      vertex -66.3736 43.9265 1.5
    endloop
  endfacet
  facet normal -0.442314 -0.89686 -0
    outer loop
      vertex -65.875 43.6806 1.5
      vertex -66.3736 43.9265 0
      vertex -65.875 43.6806 0
    endloop
  endfacet
  facet normal -0.321458 -0.946924 0
    outer loop
      vertex -66.9 44.1052 0
      vertex -66.3736 43.9265 1.5
      vertex -66.9 44.1052 1.5
    endloop
  endfacet
  facet normal -0.321458 -0.946924 -0
    outer loop
      vertex -66.3736 43.9265 1.5
      vertex -66.9 44.1052 0
      vertex -66.3736 43.9265 0
    endloop
  endfacet
  facet normal -0.555655 -0.831413 0
    outer loop
      vertex -65.875 43.6806 0
      vertex -65.4128 43.3717 1.5
      vertex -65.875 43.6806 1.5
    endloop
  endfacet
  facet normal -0.555655 -0.831413 -0
    outer loop
      vertex -65.4128 43.3717 1.5
      vertex -65.875 43.6806 0
      vertex -65.4128 43.3717 0
    endloop
  endfacet
  facet normal 0.89686 -0.442314 0
    outer loop
      vertex -71.9265 41.6264 1.5
      vertex -71.6806 42.125 0
      vertex -71.6806 42.125 1.5
    endloop
  endfacet
  facet normal 0.89686 -0.442314 0
    outer loop
      vertex -71.6806 42.125 0
      vertex -71.9265 41.6264 1.5
      vertex -71.9265 41.6264 0
    endloop
  endfacet
  facet normal 0.946924 -0.321458 0
    outer loop
      vertex -72.1052 41.1 1.5
      vertex -71.9265 41.6264 0
      vertex -71.9265 41.6264 1.5
    endloop
  endfacet
  facet normal 0.946924 -0.321458 0
    outer loop
      vertex -71.9265 41.6264 0
      vertex -72.1052 41.1 1.5
      vertex -72.1052 41.1 0
    endloop
  endfacet
  facet normal 0.442314 -0.89686 0
    outer loop
      vertex -70.125 43.6806 0
      vertex -69.6264 43.9265 1.5
      vertex -70.125 43.6806 1.5
    endloop
  endfacet
  facet normal 0.442314 -0.89686 0
    outer loop
      vertex -69.6264 43.9265 1.5
      vertex -70.125 43.6806 0
      vertex -69.6264 43.9265 0
    endloop
  endfacet
  facet normal 0.194975 -0.980808 0
    outer loop
      vertex -69.1 44.1052 0
      vertex -68.5547 44.2136 1.5
      vertex -69.1 44.1052 1.5
    endloop
  endfacet
  facet normal 0.194975 -0.980808 0
    outer loop
      vertex -68.5547 44.2136 1.5
      vertex -69.1 44.1052 0
      vertex -68.5547 44.2136 0
    endloop
  endfacet
  facet normal -0.980808 0.194975 0
    outer loop
      vertex -63.8948 38.9 0
      vertex -63.7864 39.4453 1.5
      vertex -63.7864 39.4453 0
    endloop
  endfacet
  facet normal -0.980808 0.194975 0
    outer loop
      vertex -63.7864 39.4453 1.5
      vertex -63.8948 38.9 0
      vertex -63.8948 38.9 1.5
    endloop
  endfacet
  facet normal -0.194975 0.980808 0
    outer loop
      vertex -66.9 35.8948 0
      vertex -67.4453 35.7864 1.5
      vertex -66.9 35.8948 1.5
    endloop
  endfacet
  facet normal -0.194975 0.980808 0
    outer loop
      vertex -67.4453 35.7864 1.5
      vertex -66.9 35.8948 0
      vertex -67.4453 35.7864 0
    endloop
  endfacet
  facet normal -0.442314 0.89686 0
    outer loop
      vertex -65.875 36.3194 0
      vertex -66.3736 36.0735 1.5
      vertex -65.875 36.3194 1.5
    endloop
  endfacet
  facet normal -0.442314 0.89686 0
    outer loop
      vertex -66.3736 36.0735 1.5
      vertex -65.875 36.3194 0
      vertex -66.3736 36.0735 0
    endloop
  endfacet
  facet normal -0.946924 -0.321458 0
    outer loop
      vertex -63.8948 41.1 0
      vertex -64.0735 41.6264 1.5
      vertex -64.0735 41.6264 0
    endloop
  endfacet
  facet normal -0.946924 -0.321458 0
    outer loop
      vertex -64.0735 41.6264 1.5
      vertex -63.8948 41.1 0
      vertex -63.8948 41.1 1.5
    endloop
  endfacet
  facet normal -0.194975 -0.980808 0
    outer loop
      vertex -67.4453 44.2136 0
      vertex -66.9 44.1052 1.5
      vertex -67.4453 44.2136 1.5
    endloop
  endfacet
  facet normal -0.194975 -0.980808 -0
    outer loop
      vertex -66.9 44.1052 1.5
      vertex -67.4453 44.2136 0
      vertex -66.9 44.1052 0
    endloop
  endfacet
  facet normal -0.659268 -0.751908 0
    outer loop
      vertex -65.4128 43.3717 0
      vertex -64.9948 43.0052 1.5
      vertex -65.4128 43.3717 1.5
    endloop
  endfacet
  facet normal -0.659268 -0.751908 -0
    outer loop
      vertex -64.9948 43.0052 1.5
      vertex -65.4128 43.3717 0
      vertex -64.9948 43.0052 0
    endloop
  endfacet
  facet normal 0.831413 -0.555655 0
    outer loop
      vertex -71.6806 42.125 1.5
      vertex -71.3717 42.5872 0
      vertex -71.3717 42.5872 1.5
    endloop
  endfacet
  facet normal 0.831413 -0.555655 0
    outer loop
      vertex -71.3717 42.5872 0
      vertex -71.6806 42.125 1.5
      vertex -71.6806 42.125 0
    endloop
  endfacet
  facet normal 0.751908 -0.659268 0
    outer loop
      vertex -71.3717 42.5872 1.5
      vertex -71.0052 43.0052 0
      vertex -71.0052 43.0052 1.5
    endloop
  endfacet
  facet normal 0.751908 -0.659268 0
    outer loop
      vertex -71.0052 43.0052 0
      vertex -71.3717 42.5872 1.5
      vertex -71.3717 42.5872 0
    endloop
  endfacet
  facet normal 0.980808 -0.194975 0
    outer loop
      vertex -72.2136 40.5547 1.5
      vertex -72.1052 41.1 0
      vertex -72.1052 41.1 1.5
    endloop
  endfacet
  facet normal 0.980808 -0.194975 0
    outer loop
      vertex -72.1052 41.1 0
      vertex -72.2136 40.5547 1.5
      vertex -72.2136 40.5547 0
    endloop
  endfacet
  facet normal 0 0 -1
    outer loop
      vertex -66.3 40 1.5
      vertex -63.75 40 1.5
      vertex -63.7864 39.4453 1.5
    endloop
  endfacet
  facet normal 0 0 -1
    outer loop
      vertex -66.3145 39.7781 1.5
      vertex -63.7864 39.4453 1.5
      vertex -63.8948 38.9 1.5
    endloop
  endfacet
  facet normal 0 0 -1
    outer loop
      vertex -63.75 40 1.5
      vertex -66.3 40 1.5
      vertex -63.7864 40.5547 1.5
    endloop
  endfacet
  facet normal 0 0 -1
    outer loop
      vertex -66.3579 39.56 1.5
      vertex -63.8948 38.9 1.5
      vertex -64.0735 38.3736 1.5
    endloop
  endfacet
  facet normal 0 0 -1
    outer loop
      vertex -66.3145 40.2219 1.5
      vertex -63.7864 40.5547 1.5
      vertex -66.3 40 1.5
    endloop
  endfacet
  facet normal 0 0 -1
    outer loop
      vertex -66.4294 39.3494 1.5
      vertex -64.0735 38.3736 1.5
      vertex -64.3194 37.875 1.5
    endloop
  endfacet
  facet normal -0 0 -1
    outer loop
      vertex -63.7864 40.5547 1.5
      vertex -66.3145 40.2219 1.5
      vertex -63.8948 41.1 1.5
    endloop
  endfacet
  facet normal 0 0 -1
    outer loop
      vertex -66.5278 39.15 1.5
      vertex -64.3194 37.875 1.5
      vertex -64.6283 37.4128 1.5
    endloop
  endfacet
  facet normal 0 0 -1
    outer loop
      vertex -66.3579 40.44 1.5
      vertex -63.8948 41.1 1.5
      vertex -66.3145 40.2219 1.5
    endloop
  endfacet
  facet normal 0 0 -1
    outer loop
      vertex -66.6513 38.9651 1.5
      vertex -64.6283 37.4128 1.5
      vertex -64.9948 36.9948 1.5
    endloop
  endfacet
  facet normal -0 0 -1
    outer loop
      vertex -63.8948 41.1 1.5
      vertex -66.3579 40.44 1.5
      vertex -64.0735 41.6264 1.5
    endloop
  endfacet
  facet normal 0 0 -1
    outer loop
      vertex -66.7979 38.7979 1.5
      vertex -64.9948 36.9948 1.5
      vertex -65.4128 36.6283 1.5
    endloop
  endfacet
  facet normal 0 0 -1
    outer loop
      vertex -66.4294 40.6506 1.5
      vertex -64.0735 41.6264 1.5
      vertex -66.3579 40.44 1.5
    endloop
  endfacet
  facet normal 0 0 -1
    outer loop
      vertex -66.9651 38.6513 1.5
      vertex -65.4128 36.6283 1.5
      vertex -65.875 36.3194 1.5
    endloop
  endfacet
  facet normal -0 0 -1
    outer loop
      vertex -64.0735 41.6264 1.5
      vertex -66.4294 40.6506 1.5
      vertex -64.3194 42.125 1.5
    endloop
  endfacet
  facet normal 0 0 -1
    outer loop
      vertex -66.5278 40.85 1.5
      vertex -64.3194 42.125 1.5
      vertex -66.4294 40.6506 1.5
    endloop
  endfacet
  facet normal 0 0 -1
    outer loop
      vertex -63.7864 39.4453 1.5
      vertex -66.3145 39.7781 1.5
      vertex -66.3 40 1.5
    endloop
  endfacet
  facet normal 0 0 -1
    outer loop
      vertex -63.8948 38.9 1.5
      vertex -66.3579 39.56 1.5
      vertex -66.3145 39.7781 1.5
    endloop
  endfacet
  facet normal 0 0 -1
    outer loop
      vertex -67.15 38.5278 1.5
      vertex -65.875 36.3194 1.5
      vertex -66.3736 36.0735 1.5
    endloop
  endfacet
  facet normal 0 0 -1
    outer loop
      vertex -64.0735 38.3736 1.5
      vertex -66.4294 39.3494 1.5
      vertex -66.3579 39.56 1.5
    endloop
  endfacet
  facet normal 0 0 -1
    outer loop
      vertex -64.3194 37.875 1.5
      vertex -66.5278 39.15 1.5
      vertex -66.4294 39.3494 1.5
    endloop
  endfacet
  facet normal 0 0 -1
    outer loop
      vertex -64.6283 37.4128 1.5
      vertex -66.6513 38.9651 1.5
      vertex -66.5278 39.15 1.5
    endloop
  endfacet
  facet normal 0 0 -1
    outer loop
      vertex -64.9948 36.9948 1.5
      vertex -66.7979 38.7979 1.5
      vertex -66.6513 38.9651 1.5
    endloop
  endfacet
  facet normal 0 0 -1
    outer loop
      vertex -67.3494 38.4294 1.5
      vertex -66.3736 36.0735 1.5
      vertex -66.9 35.8948 1.5
    endloop
  endfacet
  facet normal 0 0 -1
    outer loop
      vertex -65.4128 36.6283 1.5
      vertex -66.9651 38.6513 1.5
      vertex -66.7979 38.7979 1.5
    endloop
  endfacet
  facet normal 0 0 -1
    outer loop
      vertex -65.875 36.3194 1.5
      vertex -67.15 38.5278 1.5
      vertex -66.9651 38.6513 1.5
    endloop
  endfacet
  facet normal 0 0 -1
    outer loop
      vertex -66.3736 36.0735 1.5
      vertex -67.3494 38.4294 1.5
      vertex -67.15 38.5278 1.5
    endloop
  endfacet
  facet normal 0 0 -1
    outer loop
      vertex -67.56 38.3579 1.5
      vertex -66.9 35.8948 1.5
      vertex -67.4453 35.7864 1.5
    endloop
  endfacet
  facet normal 0 0 -1
    outer loop
      vertex -66.9 35.8948 1.5
      vertex -67.56 38.3579 1.5
      vertex -67.3494 38.4294 1.5
    endloop
  endfacet
  facet normal 0 0 -1
    outer loop
      vertex -67.4453 35.7864 1.5
      vertex -67.7781 38.3145 1.5
      vertex -67.56 38.3579 1.5
    endloop
  endfacet
  facet normal 0 0 -1
    outer loop
      vertex -68 35.75 1.5
      vertex -67.7781 38.3145 1.5
      vertex -67.4453 35.7864 1.5
    endloop
  endfacet
  facet normal 0 0 -1
    outer loop
      vertex -68 35.75 1.5
      vertex -68 38.3 1.5
      vertex -67.7781 38.3145 1.5
    endloop
  endfacet
  facet normal 0 0 -1
    outer loop
      vertex -68 35.75 1.5
      vertex -68.2219 38.3145 1.5
      vertex -68 38.3 1.5
    endloop
  endfacet
  facet normal 0 0 -1
    outer loop
      vertex -68.5547 35.7864 1.5
      vertex -68.2219 38.3145 1.5
      vertex -68 35.75 1.5
    endloop
  endfacet
  facet normal -0 0 -1
    outer loop
      vertex -68.2219 38.3145 1.5
      vertex -68.5547 35.7864 1.5
      vertex -68.44 38.3579 1.5
    endloop
  endfacet
  facet normal 0 0 -1
    outer loop
      vertex -69.1 35.8948 1.5
      vertex -68.44 38.3579 1.5
      vertex -68.5547 35.7864 1.5
    endloop
  endfacet
  facet normal -0 0 -1
    outer loop
      vertex -68.44 38.3579 1.5
      vertex -69.1 35.8948 1.5
      vertex -68.6506 38.4294 1.5
    endloop
  endfacet
  facet normal 0 0 -1
    outer loop
      vertex -69.6264 36.0735 1.5
      vertex -68.6506 38.4294 1.5
      vertex -69.1 35.8948 1.5
    endloop
  endfacet
  facet normal -0 0 -1
    outer loop
      vertex -68.6506 38.4294 1.5
      vertex -69.6264 36.0735 1.5
      vertex -68.85 38.5278 1.5
    endloop
  endfacet
  facet normal 0 0 -1
    outer loop
      vertex -70.125 36.3194 1.5
      vertex -68.85 38.5278 1.5
      vertex -69.6264 36.0735 1.5
    endloop
  endfacet
  facet normal -0 0 -1
    outer loop
      vertex -68.85 38.5278 1.5
      vertex -70.125 36.3194 1.5
      vertex -69.0349 38.6513 1.5
    endloop
  endfacet
  facet normal 0 0 -1
    outer loop
      vertex -70.5872 36.6283 1.5
      vertex -69.0349 38.6513 1.5
      vertex -70.125 36.3194 1.5
    endloop
  endfacet
  facet normal -0 0 -1
    outer loop
      vertex -69.0349 38.6513 1.5
      vertex -70.5872 36.6283 1.5
      vertex -69.2021 38.7979 1.5
    endloop
  endfacet
  facet normal 0 0 -1
    outer loop
      vertex -71.0052 36.9948 1.5
      vertex -69.2021 38.7979 1.5
      vertex -70.5872 36.6283 1.5
    endloop
  endfacet
  facet normal -0 0 -1
    outer loop
      vertex -69.2021 38.7979 1.5
      vertex -71.0052 36.9948 1.5
      vertex -69.3487 38.9651 1.5
    endloop
  endfacet
  facet normal 0 0 -1
    outer loop
      vertex -71.3717 37.4128 1.5
      vertex -69.3487 38.9651 1.5
      vertex -71.0052 36.9948 1.5
    endloop
  endfacet
  facet normal -0 0 -1
    outer loop
      vertex -69.3487 38.9651 1.5
      vertex -71.3717 37.4128 1.5
      vertex -69.4722 39.15 1.5
    endloop
  endfacet
  facet normal 0 0 -1
    outer loop
      vertex -71.6806 37.875 1.5
      vertex -69.4722 39.15 1.5
      vertex -71.3717 37.4128 1.5
    endloop
  endfacet
  facet normal -0 0 -1
    outer loop
      vertex -64.3194 42.125 1.5
      vertex -66.5278 40.85 1.5
      vertex -64.6283 42.5872 1.5
    endloop
  endfacet
  facet normal 0 0 -1
    outer loop
      vertex -66.6513 41.0349 1.5
      vertex -64.6283 42.5872 1.5
      vertex -66.5278 40.85 1.5
    endloop
  endfacet
  facet normal -0 0 -1
    outer loop
      vertex -64.6283 42.5872 1.5
      vertex -66.6513 41.0349 1.5
      vertex -64.9948 43.0052 1.5
    endloop
  endfacet
  facet normal 0 0 -1
    outer loop
      vertex -66.7979 41.2021 1.5
      vertex -64.9948 43.0052 1.5
      vertex -66.6513 41.0349 1.5
    endloop
  endfacet
  facet normal -0 0 -1
    outer loop
      vertex -64.9948 43.0052 1.5
      vertex -66.7979 41.2021 1.5
      vertex -65.4128 43.3717 1.5
    endloop
  endfacet
  facet normal 0 0 -1
    outer loop
      vertex -66.9651 41.3487 1.5
      vertex -65.4128 43.3717 1.5
      vertex -66.7979 41.2021 1.5
    endloop
  endfacet
  facet normal -0 0 -1
    outer loop
      vertex -65.4128 43.3717 1.5
      vertex -66.9651 41.3487 1.5
      vertex -65.875 43.6806 1.5
    endloop
  endfacet
  facet normal 0 0 -1
    outer loop
      vertex -67.15 41.4722 1.5
      vertex -65.875 43.6806 1.5
      vertex -66.9651 41.3487 1.5
    endloop
  endfacet
  facet normal -0 0 -1
    outer loop
      vertex -65.875 43.6806 1.5
      vertex -67.15 41.4722 1.5
      vertex -66.3736 43.9265 1.5
    endloop
  endfacet
  facet normal 0 0 -1
    outer loop
      vertex -67.3494 41.5706 1.5
      vertex -66.3736 43.9265 1.5
      vertex -67.15 41.4722 1.5
    endloop
  endfacet
  facet normal -0 0 -1
    outer loop
      vertex -66.3736 43.9265 1.5
      vertex -67.3494 41.5706 1.5
      vertex -66.9 44.1052 1.5
    endloop
  endfacet
  facet normal 0 0 -1
    outer loop
      vertex -67.56 41.6421 1.5
      vertex -66.9 44.1052 1.5
      vertex -67.3494 41.5706 1.5
    endloop
  endfacet
  facet normal -0 0 -1
    outer loop
      vertex -66.9 44.1052 1.5
      vertex -67.56 41.6421 1.5
      vertex -67.4453 44.2136 1.5
    endloop
  endfacet
  facet normal 0 0 -1
    outer loop
      vertex -67.7781 41.6855 1.5
      vertex -67.4453 44.2136 1.5
      vertex -67.56 41.6421 1.5
    endloop
  endfacet
  facet normal 0 0 -1
    outer loop
      vertex -68 41.7 1.5
      vertex -67.4453 44.2136 1.5
      vertex -67.7781 41.6855 1.5
    endloop
  endfacet
  facet normal 0 0 -1
    outer loop
      vertex -68 41.7 1.5
      vertex -68 44.25 1.5
      vertex -67.4453 44.2136 1.5
    endloop
  endfacet
  facet normal 0 0 -1
    outer loop
      vertex -68.2219 41.6855 1.5
      vertex -68 44.25 1.5
      vertex -68 41.7 1.5
    endloop
  endfacet
  facet normal 0 0 -1
    outer loop
      vertex -68.5547 44.2136 1.5
      vertex -68.2219 41.6855 1.5
      vertex -68.44 41.6421 1.5
    endloop
  endfacet
  facet normal 0 0 -1
    outer loop
      vertex -68.2219 41.6855 1.5
      vertex -68.5547 44.2136 1.5
      vertex -68 44.25 1.5
    endloop
  endfacet
  facet normal 0 0 -1
    outer loop
      vertex -69.1 44.1052 1.5
      vertex -68.44 41.6421 1.5
      vertex -68.6506 41.5706 1.5
    endloop
  endfacet
  facet normal 0 0 -1
    outer loop
      vertex -69.6264 43.9265 1.5
      vertex -68.6506 41.5706 1.5
      vertex -68.85 41.4722 1.5
    endloop
  endfacet
  facet normal 0 0 -1
    outer loop
      vertex -70.125 43.6806 1.5
      vertex -68.85 41.4722 1.5
      vertex -69.0349 41.3487 1.5
    endloop
  endfacet
  facet normal 0 0 -1
    outer loop
      vertex -68.44 41.6421 1.5
      vertex -69.1 44.1052 1.5
      vertex -68.5547 44.2136 1.5
    endloop
  endfacet
  facet normal 0 0 -1
    outer loop
      vertex -70.5872 43.3717 1.5
      vertex -69.0349 41.3487 1.5
      vertex -69.2021 41.2021 1.5
    endloop
  endfacet
  facet normal 0 0 -1
    outer loop
      vertex -71.0052 43.0052 1.5
      vertex -69.2021 41.2021 1.5
      vertex -69.3487 41.0349 1.5
    endloop
  endfacet
  facet normal 0 0 -1
    outer loop
      vertex -71.3717 42.5872 1.5
      vertex -69.3487 41.0349 1.5
      vertex -69.4722 40.85 1.5
    endloop
  endfacet
  facet normal 0 0 -1
    outer loop
      vertex -71.6806 42.125 1.5
      vertex -69.4722 40.85 1.5
      vertex -69.5706 40.6506 1.5
    endloop
  endfacet
  facet normal 0 0 -1
    outer loop
      vertex -68.6506 41.5706 1.5
      vertex -69.6264 43.9265 1.5
      vertex -69.1 44.1052 1.5
    endloop
  endfacet
  facet normal 0 0 -1
    outer loop
      vertex -71.9265 41.6264 1.5
      vertex -69.5706 40.6506 1.5
      vertex -69.6421 40.44 1.5
    endloop
  endfacet
  facet normal 0 0 -1
    outer loop
      vertex -72.1052 41.1 1.5
      vertex -69.6421 40.44 1.5
      vertex -69.6855 40.2219 1.5
    endloop
  endfacet
  facet normal 0 0 -1
    outer loop
      vertex -72.2136 40.5547 1.5
      vertex -69.6855 40.2219 1.5
      vertex -69.7 40 1.5
    endloop
  endfacet
  facet normal -0 0 -1
    outer loop
      vertex -69.4722 39.15 1.5
      vertex -71.6806 37.875 1.5
      vertex -69.5706 39.3494 1.5
    endloop
  endfacet
  facet normal 0 0 -1
    outer loop
      vertex -68.85 41.4722 1.5
      vertex -70.125 43.6806 1.5
      vertex -69.6264 43.9265 1.5
    endloop
  endfacet
  facet normal 0 0 -1
    outer loop
      vertex -71.9265 38.3736 1.5
      vertex -69.5706 39.3494 1.5
      vertex -71.6806 37.875 1.5
    endloop
  endfacet
  facet normal 0 0 -1
    outer loop
      vertex -69.0349 41.3487 1.5
      vertex -70.5872 43.3717 1.5
      vertex -70.125 43.6806 1.5
    endloop
  endfacet
  facet normal -0 0 -1
    outer loop
      vertex -69.5706 39.3494 1.5
      vertex -71.9265 38.3736 1.5
      vertex -69.6421 39.56 1.5
    endloop
  endfacet
  facet normal 0 0 -1
    outer loop
      vertex -69.2021 41.2021 1.5
      vertex -71.0052 43.0052 1.5
      vertex -70.5872 43.3717 1.5
    endloop
  endfacet
  facet normal 0 0 -1
    outer loop
      vertex -72.1052 38.9 1.5
      vertex -69.6421 39.56 1.5
      vertex -71.9265 38.3736 1.5
    endloop
  endfacet
  facet normal 0 0 -1
    outer loop
      vertex -69.3487 41.0349 1.5
      vertex -71.3717 42.5872 1.5
      vertex -71.0052 43.0052 1.5
    endloop
  endfacet
  facet normal -0 0 -1
    outer loop
      vertex -69.6421 39.56 1.5
      vertex -72.1052 38.9 1.5
      vertex -69.6855 39.7781 1.5
    endloop
  endfacet
  facet normal 0 0 -1
    outer loop
      vertex -69.4722 40.85 1.5
      vertex -71.6806 42.125 1.5
      vertex -71.3717 42.5872 1.5
    endloop
  endfacet
  facet normal 0 0 -1
    outer loop
      vertex -72.2136 39.4453 1.5
      vertex -69.6855 39.7781 1.5
      vertex -72.1052 38.9 1.5
    endloop
  endfacet
  facet normal 0 0 -1
    outer loop
      vertex -69.5706 40.6506 1.5
      vertex -71.9265 41.6264 1.5
      vertex -71.6806 42.125 1.5
    endloop
  endfacet
  facet normal -0 0 -1
    outer loop
      vertex -69.6855 39.7781 1.5
      vertex -72.2136 39.4453 1.5
      vertex -69.7 40 1.5
    endloop
  endfacet
  facet normal 0 0 -1
    outer loop
      vertex -69.6421 40.44 1.5
      vertex -72.1052 41.1 1.5
      vertex -71.9265 41.6264 1.5
    endloop
  endfacet
  facet normal 0 0 -1
    outer loop
      vertex -72.25 40 1.5
      vertex -69.7 40 1.5
      vertex -72.2136 39.4453 1.5
    endloop
  endfacet
  facet normal 0 0 -1
    outer loop
      vertex -69.6855 40.2219 1.5
      vertex -72.2136 40.5547 1.5
      vertex -72.1052 41.1 1.5
    endloop
  endfacet
  facet normal 0 0 -1
    outer loop
      vertex -69.7 40 1.5
      vertex -72.25 40 1.5
      vertex -72.2136 40.5547 1.5
    endloop
  endfacet
  facet normal 0.555655 -0.831413 0
    outer loop
      vertex -70.5872 43.3717 0
      vertex -70.125 43.6806 1.5
      vertex -70.5872 43.3717 1.5
    endloop
  endfacet
  facet normal 0.555655 -0.831413 0
    outer loop
      vertex -70.125 43.6806 1.5
      vertex -70.5872 43.3717 0
      vertex -70.125 43.6806 0
    endloop
  endfacet
  facet normal 0.0654802 -0.997854 0
    outer loop
      vertex -68.5547 44.2136 0
      vertex -68 44.25 1.5
      vertex -68.5547 44.2136 1.5
    endloop
  endfacet
  facet normal 0.0654802 -0.997854 0
    outer loop
      vertex -68 44.25 1.5
      vertex -68.5547 44.2136 0
      vertex -68 44.25 0
    endloop
  endfacet
  facet normal -0.997854 0.0654802 0
    outer loop
      vertex -63.7864 39.4453 0
      vertex -63.75 40 1.5
      vertex -63.75 40 0
    endloop
  endfacet
  facet normal -0.997854 0.0654802 0
    outer loop
      vertex -63.75 40 1.5
      vertex -63.7864 39.4453 0
      vertex -63.7864 39.4453 1.5
    endloop
  endfacet
  facet normal -0.555655 0.831413 0
    outer loop
      vertex -65.4128 36.6283 0
      vertex -65.875 36.3194 1.5
      vertex -65.4128 36.6283 1.5
    endloop
  endfacet
  facet normal -0.555655 0.831413 0
    outer loop
      vertex -65.875 36.3194 1.5
      vertex -65.4128 36.6283 0
      vertex -65.875 36.3194 0
    endloop
  endfacet
  facet normal -0.751908 0.659268 0
    outer loop
      vertex -64.9948 36.9948 0
      vertex -64.6283 37.4128 1.5
      vertex -64.6283 37.4128 0
    endloop
  endfacet
  facet normal -0.751908 0.659268 0
    outer loop
      vertex -64.6283 37.4128 1.5
      vertex -64.9948 36.9948 0
      vertex -64.9948 36.9948 1.5
    endloop
  endfacet
  facet normal 0.659268 0.751908 -0
    outer loop
      vertex -70.5872 36.6283 0
      vertex -71.0052 36.9948 1.5
      vertex -70.5872 36.6283 1.5
    endloop
  endfacet
  facet normal 0.659268 0.751908 0
    outer loop
      vertex -71.0052 36.9948 1.5
      vertex -70.5872 36.6283 0
      vertex -71.0052 36.9948 0
    endloop
  endfacet
  facet normal 0.89686 0.442314 0
    outer loop
      vertex -71.6806 37.875 1.5
      vertex -71.9265 38.3736 0
      vertex -71.9265 38.3736 1.5
    endloop
  endfacet
  facet normal 0.89686 0.442314 0
    outer loop
      vertex -71.9265 38.3736 0
      vertex -71.6806 37.875 1.5
      vertex -71.6806 37.875 0
    endloop
  endfacet
  facet normal 0.831413 0.555655 0
    outer loop
      vertex -71.3717 37.4128 1.5
      vertex -71.6806 37.875 0
      vertex -71.6806 37.875 1.5
    endloop
  endfacet
  facet normal 0.831413 0.555655 0
    outer loop
      vertex -71.6806 37.875 0
      vertex -71.3717 37.4128 1.5
      vertex -71.3717 37.4128 0
    endloop
  endfacet
  facet normal -0.89686 0.442314 0
    outer loop
      vertex -64.3194 37.875 0
      vertex -64.0735 38.3736 1.5
      vertex -64.0735 38.3736 0
    endloop
  endfacet
  facet normal -0.89686 0.442314 0
    outer loop
      vertex -64.0735 38.3736 1.5
      vertex -64.3194 37.875 0
      vertex -64.3194 37.875 1.5
    endloop
  endfacet
  facet normal -0.946924 0.321458 0
    outer loop
      vertex -64.0735 38.3736 0
      vertex -63.8948 38.9 1.5
      vertex -63.8948 38.9 0
    endloop
  endfacet
  facet normal -0.946924 0.321458 0
    outer loop
      vertex -63.8948 38.9 1.5
      vertex -64.0735 38.3736 0
      vertex -64.0735 38.3736 1.5
    endloop
  endfacet
  facet normal 0.751908 0.659268 0
    outer loop
      vertex -71.0052 36.9948 1.5
      vertex -71.3717 37.4128 0
      vertex -71.3717 37.4128 1.5
    endloop
  endfacet
  facet normal 0.751908 0.659268 0
    outer loop
      vertex -71.3717 37.4128 0
      vertex -71.0052 36.9948 1.5
      vertex -71.0052 36.9948 0
    endloop
  endfacet
  facet normal 0.946924 0.321458 0
    outer loop
      vertex -71.9265 38.3736 1.5
      vertex -72.1052 38.9 0
      vertex -72.1052 38.9 1.5
    endloop
  endfacet
  facet normal 0.946924 0.321458 0
    outer loop
      vertex -72.1052 38.9 0
      vertex -71.9265 38.3736 1.5
      vertex -71.9265 38.3736 0
    endloop
  endfacet
  facet normal 0.997854 0.0654802 0
    outer loop
      vertex -72.2136 39.4453 1.5
      vertex -72.25 40 0
      vertex -72.25 40 1.5
    endloop
  endfacet
  facet normal 0.997854 0.0654802 0
    outer loop
      vertex -72.25 40 0
      vertex -72.2136 39.4453 1.5
      vertex -72.2136 39.4453 0
    endloop
  endfacet
  facet normal -0.321458 0.946924 0
    outer loop
      vertex -66.3736 36.0735 0
      vertex -66.9 35.8948 1.5
      vertex -66.3736 36.0735 1.5
    endloop
  endfacet
  facet normal -0.321458 0.946924 0
    outer loop
      vertex -66.9 35.8948 1.5
      vertex -66.3736 36.0735 0
      vertex -66.9 35.8948 0
    endloop
  endfacet
  facet normal -0.659268 0.751908 0
    outer loop
      vertex -64.9948 36.9948 0
      vertex -65.4128 36.6283 1.5
      vertex -64.9948 36.9948 1.5
    endloop
  endfacet
  facet normal -0.659268 0.751908 0
    outer loop
      vertex -65.4128 36.6283 1.5
      vertex -64.9948 36.9948 0
      vertex -65.4128 36.6283 0
    endloop
  endfacet
  facet normal 0.321458 0.946924 -0
    outer loop
      vertex -69.1 35.8948 0
      vertex -69.6264 36.0735 1.5
      vertex -69.1 35.8948 1.5
    endloop
  endfacet
  facet normal 0.321458 0.946924 0
    outer loop
      vertex -69.6264 36.0735 1.5
      vertex -69.1 35.8948 0
      vertex -69.6264 36.0735 0
    endloop
  endfacet
  facet normal 0.0654802 0.997854 -0
    outer loop
      vertex -68 35.75 0
      vertex -68.5547 35.7864 1.5
      vertex -68 35.75 1.5
    endloop
  endfacet
  facet normal 0.0654802 0.997854 0
    outer loop
      vertex -68.5547 35.7864 1.5
      vertex -68 35.75 0
      vertex -68.5547 35.7864 0
    endloop
  endfacet
  facet normal 0.442314 0.89686 -0
    outer loop
      vertex -69.6264 36.0735 0
      vertex -70.125 36.3194 1.5
      vertex -69.6264 36.0735 1.5
    endloop
  endfacet
  facet normal 0.442314 0.89686 0
    outer loop
      vertex -70.125 36.3194 1.5
      vertex -69.6264 36.0735 0
      vertex -70.125 36.3194 0
    endloop
  endfacet
  facet normal 0.980808 0.194975 0
    outer loop
      vertex -72.1052 38.9 1.5
      vertex -72.2136 39.4453 0
      vertex -72.2136 39.4453 1.5
    endloop
  endfacet
  facet normal 0.980808 0.194975 0
    outer loop
      vertex -72.2136 39.4453 0
      vertex -72.1052 38.9 1.5
      vertex -72.1052 38.9 0
    endloop
  endfacet
  facet normal 0.194975 0.980808 -0
    outer loop
      vertex -68.5547 35.7864 0
      vertex -69.1 35.8948 1.5
      vertex -68.5547 35.7864 1.5
    endloop
  endfacet
  facet normal 0.194975 0.980808 0
    outer loop
      vertex -69.1 35.8948 1.5
      vertex -68.5547 35.7864 0
      vertex -69.1 35.8948 0
    endloop
  endfacet
  facet normal 0.555655 0.831413 -0
    outer loop
      vertex -70.125 36.3194 0
      vertex -70.5872 36.6283 1.5
      vertex -70.125 36.3194 1.5
    endloop
  endfacet
  facet normal 0.555655 0.831413 0
    outer loop
      vertex -70.5872 36.6283 1.5
      vertex -70.125 36.3194 0
      vertex -70.5872 36.6283 0
    endloop
  endfacet
  facet normal -0.997854 -0.0654802 0
    outer loop
      vertex 72.25 -40 0
      vertex 72.2136 -39.4453 1.5
      vertex 72.2136 -39.4453 0
    endloop
  endfacet
  facet normal -0.997854 -0.0654802 0
    outer loop
      vertex 72.2136 -39.4453 1.5
      vertex 72.25 -40 0
      vertex 72.25 -40 1.5
    endloop
  endfacet
  facet normal 0.0654802 -0.997854 0
    outer loop
      vertex 67.4453 -35.7864 0
      vertex 68 -35.75 1.5
      vertex 67.4453 -35.7864 1.5
    endloop
  endfacet
  facet normal 0.0654802 -0.997854 0
    outer loop
      vertex 68 -35.75 1.5
      vertex 67.4453 -35.7864 0
      vertex 68 -35.75 0
    endloop
  endfacet
  facet normal -0.0654802 0.997854 0
    outer loop
      vertex 68.5547 -44.2136 0
      vertex 68 -44.25 1.5
      vertex 68.5547 -44.2136 1.5
    endloop
  endfacet
  facet normal -0.0654802 0.997854 0
    outer loop
      vertex 68 -44.25 1.5
      vertex 68.5547 -44.2136 0
      vertex 68 -44.25 0
    endloop
  endfacet
  facet normal -0.659268 -0.751908 0
    outer loop
      vertex 70.5872 -36.6283 0
      vertex 71.0052 -36.9948 1.5
      vertex 70.5872 -36.6283 1.5
    endloop
  endfacet
  facet normal -0.659268 -0.751908 -0
    outer loop
      vertex 71.0052 -36.9948 1.5
      vertex 70.5872 -36.6283 0
      vertex 71.0052 -36.9948 0
    endloop
  endfacet
  facet normal 0.751908 -0.659268 0
    outer loop
      vertex 64.6283 -37.4128 1.5
      vertex 64.9948 -36.9948 0
      vertex 64.9948 -36.9948 1.5
    endloop
  endfacet
  facet normal 0.751908 -0.659268 0
    outer loop
      vertex 64.9948 -36.9948 0
      vertex 64.6283 -37.4128 1.5
      vertex 64.6283 -37.4128 0
    endloop
  endfacet
  facet normal 0.442314 -0.89686 0
    outer loop
      vertex 65.875 -36.3194 0
      vertex 66.3736 -36.0735 1.5
      vertex 65.875 -36.3194 1.5
    endloop
  endfacet
  facet normal 0.442314 -0.89686 0
    outer loop
      vertex 66.3736 -36.0735 1.5
      vertex 65.875 -36.3194 0
      vertex 66.3736 -36.0735 0
    endloop
  endfacet
  facet normal -0.831413 0.555655 0
    outer loop
      vertex 71.3717 -42.5872 0
      vertex 71.6806 -42.125 1.5
      vertex 71.6806 -42.125 0
    endloop
  endfacet
  facet normal -0.831413 0.555655 0
    outer loop
      vertex 71.6806 -42.125 1.5
      vertex 71.3717 -42.5872 0
      vertex 71.3717 -42.5872 1.5
    endloop
  endfacet
  facet normal -0.89686 -0.442314 0
    outer loop
      vertex 71.9265 -38.3736 0
      vertex 71.6806 -37.875 1.5
      vertex 71.6806 -37.875 0
    endloop
  endfacet
  facet normal -0.89686 -0.442314 0
    outer loop
      vertex 71.6806 -37.875 1.5
      vertex 71.9265 -38.3736 0
      vertex 71.9265 -38.3736 1.5
    endloop
  endfacet
  facet normal -0.321458 -0.946924 0
    outer loop
      vertex 69.1 -35.8948 0
      vertex 69.6264 -36.0735 1.5
      vertex 69.1 -35.8948 1.5
    endloop
  endfacet
  facet normal -0.321458 -0.946924 -0
    outer loop
      vertex 69.6264 -36.0735 1.5
      vertex 69.1 -35.8948 0
      vertex 69.6264 -36.0735 0
    endloop
  endfacet
  facet normal -0.194975 -0.980808 0
    outer loop
      vertex 68.5547 -35.7864 0
      vertex 69.1 -35.8948 1.5
      vertex 68.5547 -35.7864 1.5
    endloop
  endfacet
  facet normal -0.194975 -0.980808 -0
    outer loop
      vertex 69.1 -35.8948 1.5
      vertex 68.5547 -35.7864 0
      vertex 69.1 -35.8948 0
    endloop
  endfacet
  facet normal -0.555655 -0.831413 0
    outer loop
      vertex 70.125 -36.3194 0
      vertex 70.5872 -36.6283 1.5
      vertex 70.125 -36.3194 1.5
    endloop
  endfacet
  facet normal -0.555655 -0.831413 -0
    outer loop
      vertex 70.5872 -36.6283 1.5
      vertex 70.125 -36.3194 0
      vertex 70.5872 -36.6283 0
    endloop
  endfacet
  facet normal 0.89686 -0.442314 0
    outer loop
      vertex 64.0735 -38.3736 1.5
      vertex 64.3194 -37.875 0
      vertex 64.3194 -37.875 1.5
    endloop
  endfacet
  facet normal 0.89686 -0.442314 0
    outer loop
      vertex 64.3194 -37.875 0
      vertex 64.0735 -38.3736 1.5
      vertex 64.0735 -38.3736 0
    endloop
  endfacet
  facet normal 0.831413 -0.555655 0
    outer loop
      vertex 64.3194 -37.875 1.5
      vertex 64.6283 -37.4128 0
      vertex 64.6283 -37.4128 1.5
    endloop
  endfacet
  facet normal 0.831413 -0.555655 0
    outer loop
      vertex 64.6283 -37.4128 0
      vertex 64.3194 -37.875 1.5
      vertex 64.3194 -37.875 0
    endloop
  endfacet
  facet normal 0.980808 -0.194975 0
    outer loop
      vertex 63.7864 -39.4453 1.5
      vertex 63.8948 -38.9 0
      vertex 63.8948 -38.9 1.5
    endloop
  endfacet
  facet normal 0.980808 -0.194975 0
    outer loop
      vertex 63.8948 -38.9 0
      vertex 63.7864 -39.4453 1.5
      vertex 63.7864 -39.4453 0
    endloop
  endfacet
  facet normal 0.659268 -0.751908 0
    outer loop
      vertex 64.9948 -36.9948 0
      vertex 65.4128 -36.6283 1.5
      vertex 64.9948 -36.9948 1.5
    endloop
  endfacet
  facet normal 0.659268 -0.751908 0
    outer loop
      vertex 65.4128 -36.6283 1.5
      vertex 64.9948 -36.9948 0
      vertex 65.4128 -36.6283 0
    endloop
  endfacet
  facet normal 0.321458 -0.946924 0
    outer loop
      vertex 66.3736 -36.0735 0
      vertex 66.9 -35.8948 1.5
      vertex 66.3736 -36.0735 1.5
    endloop
  endfacet
  facet normal 0.321458 -0.946924 0
    outer loop
      vertex 66.9 -35.8948 1.5
      vertex 66.3736 -36.0735 0
      vertex 66.9 -35.8948 0
    endloop
  endfacet
  facet normal -0.946924 -0.321458 0
    outer loop
      vertex 72.1052 -38.9 0
      vertex 71.9265 -38.3736 1.5
      vertex 71.9265 -38.3736 0
    endloop
  endfacet
  facet normal -0.946924 -0.321458 0
    outer loop
      vertex 71.9265 -38.3736 1.5
      vertex 72.1052 -38.9 0
      vertex 72.1052 -38.9 1.5
    endloop
  endfacet
  facet normal -0.980808 -0.194975 0
    outer loop
      vertex 72.2136 -39.4453 0
      vertex 72.1052 -38.9 1.5
      vertex 72.1052 -38.9 0
    endloop
  endfacet
  facet normal -0.980808 -0.194975 0
    outer loop
      vertex 72.1052 -38.9 1.5
      vertex 72.2136 -39.4453 0
      vertex 72.2136 -39.4453 1.5
    endloop
  endfacet
  facet normal -0.751908 -0.659268 0
    outer loop
      vertex 71.3717 -37.4128 0
      vertex 71.0052 -36.9948 1.5
      vertex 71.0052 -36.9948 0
    endloop
  endfacet
  facet normal -0.751908 -0.659268 0
    outer loop
      vertex 71.0052 -36.9948 1.5
      vertex 71.3717 -37.4128 0
      vertex 71.3717 -37.4128 1.5
    endloop
  endfacet
  facet normal -0.831413 -0.555655 0
    outer loop
      vertex 71.6806 -37.875 0
      vertex 71.3717 -37.4128 1.5
      vertex 71.3717 -37.4128 0
    endloop
  endfacet
  facet normal -0.831413 -0.555655 0
    outer loop
      vertex 71.3717 -37.4128 1.5
      vertex 71.6806 -37.875 0
      vertex 71.6806 -37.875 1.5
    endloop
  endfacet
  facet normal -0.0654802 -0.997854 0
    outer loop
      vertex 68 -35.75 0
      vertex 68.5547 -35.7864 1.5
      vertex 68 -35.75 1.5
    endloop
  endfacet
  facet normal -0.0654802 -0.997854 -0
    outer loop
      vertex 68.5547 -35.7864 1.5
      vertex 68 -35.75 0
      vertex 68.5547 -35.7864 0
    endloop
  endfacet
  facet normal 0.946924 -0.321458 0
    outer loop
      vertex 63.8948 -38.9 1.5
      vertex 64.0735 -38.3736 0
      vertex 64.0735 -38.3736 1.5
    endloop
  endfacet
  facet normal 0.946924 -0.321458 0
    outer loop
      vertex 64.0735 -38.3736 0
      vertex 63.8948 -38.9 1.5
      vertex 63.8948 -38.9 0
    endloop
  endfacet
  facet normal 0.997854 -0.0654802 0
    outer loop
      vertex 63.75 -40 1.5
      vertex 63.7864 -39.4453 0
      vertex 63.7864 -39.4453 1.5
    endloop
  endfacet
  facet normal 0.997854 -0.0654802 0
    outer loop
      vertex 63.7864 -39.4453 0
      vertex 63.75 -40 1.5
      vertex 63.75 -40 0
    endloop
  endfacet
  facet normal 0 0 -1
    outer loop
      vertex 69.7 -40 1.5
      vertex 72.25 -40 1.5
      vertex 72.2136 -40.5547 1.5
    endloop
  endfacet
  facet normal 0 0 -1
    outer loop
      vertex 69.6855 -40.2219 1.5
      vertex 72.2136 -40.5547 1.5
      vertex 72.1052 -41.1 1.5
    endloop
  endfacet
  facet normal 0 0 -1
    outer loop
      vertex 72.25 -40 1.5
      vertex 69.7 -40 1.5
      vertex 72.2136 -39.4453 1.5
    endloop
  endfacet
  facet normal 0 0 -1
    outer loop
      vertex 69.6421 -40.44 1.5
      vertex 72.1052 -41.1 1.5
      vertex 71.9265 -41.6264 1.5
    endloop
  endfacet
  facet normal 0 0 -1
    outer loop
      vertex 69.6855 -39.7781 1.5
      vertex 72.2136 -39.4453 1.5
      vertex 69.7 -40 1.5
    endloop
  endfacet
  facet normal 0 0 -1
    outer loop
      vertex 69.5706 -40.6506 1.5
      vertex 71.9265 -41.6264 1.5
      vertex 71.6806 -42.125 1.5
    endloop
  endfacet
  facet normal -0 0 -1
    outer loop
      vertex 72.2136 -39.4453 1.5
      vertex 69.6855 -39.7781 1.5
      vertex 72.1052 -38.9 1.5
    endloop
  endfacet
  facet normal 0 0 -1
    outer loop
      vertex 69.4722 -40.85 1.5
      vertex 71.6806 -42.125 1.5
      vertex 71.3717 -42.5872 1.5
    endloop
  endfacet
  facet normal 0 0 -1
    outer loop
      vertex 69.6421 -39.56 1.5
      vertex 72.1052 -38.9 1.5
      vertex 69.6855 -39.7781 1.5
    endloop
  endfacet
  facet normal 0 0 -1
    outer loop
      vertex 69.3487 -41.0349 1.5
      vertex 71.3717 -42.5872 1.5
      vertex 71.0052 -43.0052 1.5
    endloop
  endfacet
  facet normal -0 0 -1
    outer loop
      vertex 72.1052 -38.9 1.5
      vertex 69.6421 -39.56 1.5
      vertex 71.9265 -38.3736 1.5
    endloop
  endfacet
  facet normal 0 0 -1
    outer loop
      vertex 69.2021 -41.2021 1.5
      vertex 71.0052 -43.0052 1.5
      vertex 70.5872 -43.3717 1.5
    endloop
  endfacet
  facet normal 0 0 -1
    outer loop
      vertex 69.5706 -39.3494 1.5
      vertex 71.9265 -38.3736 1.5
      vertex 69.6421 -39.56 1.5
    endloop
  endfacet
  facet normal 0 0 -1
    outer loop
      vertex 69.0349 -41.3487 1.5
      vertex 70.5872 -43.3717 1.5
      vertex 70.125 -43.6806 1.5
    endloop
  endfacet
  facet normal -0 0 -1
    outer loop
      vertex 71.9265 -38.3736 1.5
      vertex 69.5706 -39.3494 1.5
      vertex 71.6806 -37.875 1.5
    endloop
  endfacet
  facet normal 0 0 -1
    outer loop
      vertex 69.4722 -39.15 1.5
      vertex 71.6806 -37.875 1.5
      vertex 69.5706 -39.3494 1.5
    endloop
  endfacet
  facet normal 0 0 -1
    outer loop
      vertex 72.2136 -40.5547 1.5
      vertex 69.6855 -40.2219 1.5
      vertex 69.7 -40 1.5
    endloop
  endfacet
  facet normal 0 0 -1
    outer loop
      vertex 72.1052 -41.1 1.5
      vertex 69.6421 -40.44 1.5
      vertex 69.6855 -40.2219 1.5
    endloop
  endfacet
  facet normal 0 0 -1
    outer loop
      vertex 68.85 -41.4722 1.5
      vertex 70.125 -43.6806 1.5
      vertex 69.6264 -43.9265 1.5
    endloop
  endfacet
  facet normal 0 0 -1
    outer loop
      vertex 71.9265 -41.6264 1.5
      vertex 69.5706 -40.6506 1.5
      vertex 69.6421 -40.44 1.5
    endloop
  endfacet
  facet normal 0 0 -1
    outer loop
      vertex 71.6806 -42.125 1.5
      vertex 69.4722 -40.85 1.5
      vertex 69.5706 -40.6506 1.5
    endloop
  endfacet
  facet normal 0 0 -1
    outer loop
      vertex 71.3717 -42.5872 1.5
      vertex 69.3487 -41.0349 1.5
      vertex 69.4722 -40.85 1.5
    endloop
  endfacet
  facet normal 0 0 -1
    outer loop
      vertex 71.0052 -43.0052 1.5
      vertex 69.2021 -41.2021 1.5
      vertex 69.3487 -41.0349 1.5
    endloop
  endfacet
  facet normal 0 0 -1
    outer loop
      vertex 68.6506 -41.5706 1.5
      vertex 69.6264 -43.9265 1.5
      vertex 69.1 -44.1052 1.5
    endloop
  endfacet
  facet normal 0 0 -1
    outer loop
      vertex 70.5872 -43.3717 1.5
      vertex 69.0349 -41.3487 1.5
      vertex 69.2021 -41.2021 1.5
    endloop
  endfacet
  facet normal 0 0 -1
    outer loop
      vertex 70.125 -43.6806 1.5
      vertex 68.85 -41.4722 1.5
      vertex 69.0349 -41.3487 1.5
    endloop
  endfacet
  facet normal 0 0 -1
    outer loop
      vertex 69.6264 -43.9265 1.5
      vertex 68.6506 -41.5706 1.5
      vertex 68.85 -41.4722 1.5
    endloop
  endfacet
  facet normal 0 0 -1
    outer loop
      vertex 68.44 -41.6421 1.5
      vertex 69.1 -44.1052 1.5
      vertex 68.5547 -44.2136 1.5
    endloop
  endfacet
  facet normal 0 0 -1
    outer loop
      vertex 69.1 -44.1052 1.5
      vertex 68.44 -41.6421 1.5
      vertex 68.6506 -41.5706 1.5
    endloop
  endfacet
  facet normal 0 0 -1
    outer loop
      vertex 68.5547 -44.2136 1.5
      vertex 68.2219 -41.6855 1.5
      vertex 68.44 -41.6421 1.5
    endloop
  endfacet
  facet normal 0 0 -1
    outer loop
      vertex 68 -44.25 1.5
      vertex 68.2219 -41.6855 1.5
      vertex 68.5547 -44.2136 1.5
    endloop
  endfacet
  facet normal 0 0 -1
    outer loop
      vertex 68 -44.25 1.5
      vertex 68 -41.7 1.5
      vertex 68.2219 -41.6855 1.5
    endloop
  endfacet
  facet normal 0 0 -1
    outer loop
      vertex 68 -44.25 1.5
      vertex 67.7781 -41.6855 1.5
      vertex 68 -41.7 1.5
    endloop
  endfacet
  facet normal 0 0 -1
    outer loop
      vertex 67.4453 -44.2136 1.5
      vertex 67.7781 -41.6855 1.5
      vertex 68 -44.25 1.5
    endloop
  endfacet
  facet normal -0 0 -1
    outer loop
      vertex 67.7781 -41.6855 1.5
      vertex 67.4453 -44.2136 1.5
      vertex 67.56 -41.6421 1.5
    endloop
  endfacet
  facet normal 0 0 -1
    outer loop
      vertex 66.9 -44.1052 1.5
      vertex 67.56 -41.6421 1.5
      vertex 67.4453 -44.2136 1.5
    endloop
  endfacet
  facet normal -0 0 -1
    outer loop
      vertex 67.56 -41.6421 1.5
      vertex 66.9 -44.1052 1.5
      vertex 67.3494 -41.5706 1.5
    endloop
  endfacet
  facet normal 0 0 -1
    outer loop
      vertex 66.3736 -43.9265 1.5
      vertex 67.3494 -41.5706 1.5
      vertex 66.9 -44.1052 1.5
    endloop
  endfacet
  facet normal -0 0 -1
    outer loop
      vertex 67.3494 -41.5706 1.5
      vertex 66.3736 -43.9265 1.5
      vertex 67.15 -41.4722 1.5
    endloop
  endfacet
  facet normal 0 0 -1
    outer loop
      vertex 65.875 -43.6806 1.5
      vertex 67.15 -41.4722 1.5
      vertex 66.3736 -43.9265 1.5
    endloop
  endfacet
  facet normal -0 0 -1
    outer loop
      vertex 67.15 -41.4722 1.5
      vertex 65.875 -43.6806 1.5
      vertex 66.9651 -41.3487 1.5
    endloop
  endfacet
  facet normal 0 0 -1
    outer loop
      vertex 65.4128 -43.3717 1.5
      vertex 66.9651 -41.3487 1.5
      vertex 65.875 -43.6806 1.5
    endloop
  endfacet
  facet normal -0 0 -1
    outer loop
      vertex 66.9651 -41.3487 1.5
      vertex 65.4128 -43.3717 1.5
      vertex 66.7979 -41.2021 1.5
    endloop
  endfacet
  facet normal 0 0 -1
    outer loop
      vertex 64.9948 -43.0052 1.5
      vertex 66.7979 -41.2021 1.5
      vertex 65.4128 -43.3717 1.5
    endloop
  endfacet
  facet normal -0 0 -1
    outer loop
      vertex 66.7979 -41.2021 1.5
      vertex 64.9948 -43.0052 1.5
      vertex 66.6513 -41.0349 1.5
    endloop
  endfacet
  facet normal 0 0 -1
    outer loop
      vertex 64.6283 -42.5872 1.5
      vertex 66.6513 -41.0349 1.5
      vertex 64.9948 -43.0052 1.5
    endloop
  endfacet
  facet normal -0 0 -1
    outer loop
      vertex 66.6513 -41.0349 1.5
      vertex 64.6283 -42.5872 1.5
      vertex 66.5278 -40.85 1.5
    endloop
  endfacet
  facet normal 0 0 -1
    outer loop
      vertex 64.3194 -42.125 1.5
      vertex 66.5278 -40.85 1.5
      vertex 64.6283 -42.5872 1.5
    endloop
  endfacet
  facet normal -0 0 -1
    outer loop
      vertex 71.6806 -37.875 1.5
      vertex 69.4722 -39.15 1.5
      vertex 71.3717 -37.4128 1.5
    endloop
  endfacet
  facet normal 0 0 -1
    outer loop
      vertex 69.3487 -38.9651 1.5
      vertex 71.3717 -37.4128 1.5
      vertex 69.4722 -39.15 1.5
    endloop
  endfacet
  facet normal -0 0 -1
    outer loop
      vertex 71.3717 -37.4128 1.5
      vertex 69.3487 -38.9651 1.5
      vertex 71.0052 -36.9948 1.5
    endloop
  endfacet
  facet normal 0 0 -1
    outer loop
      vertex 69.2021 -38.7979 1.5
      vertex 71.0052 -36.9948 1.5
      vertex 69.3487 -38.9651 1.5
    endloop
  endfacet
  facet normal -0 0 -1
    outer loop
      vertex 71.0052 -36.9948 1.5
      vertex 69.2021 -38.7979 1.5
      vertex 70.5872 -36.6283 1.5
    endloop
  endfacet
  facet normal 0 0 -1
    outer loop
      vertex 69.0349 -38.6513 1.5
      vertex 70.5872 -36.6283 1.5
      vertex 69.2021 -38.7979 1.5
    endloop
  endfacet
  facet normal -0 0 -1
    outer loop
      vertex 70.5872 -36.6283 1.5
      vertex 69.0349 -38.6513 1.5
      vertex 70.125 -36.3194 1.5
    endloop
  endfacet
  facet normal 0 0 -1
    outer loop
      vertex 68.85 -38.5278 1.5
      vertex 70.125 -36.3194 1.5
      vertex 69.0349 -38.6513 1.5
    endloop
  endfacet
  facet normal -0 0 -1
    outer loop
      vertex 70.125 -36.3194 1.5
      vertex 68.85 -38.5278 1.5
      vertex 69.6264 -36.0735 1.5
    endloop
  endfacet
  facet normal 0 0 -1
    outer loop
      vertex 68.6506 -38.4294 1.5
      vertex 69.6264 -36.0735 1.5
      vertex 68.85 -38.5278 1.5
    endloop
  endfacet
  facet normal -0 0 -1
    outer loop
      vertex 69.6264 -36.0735 1.5
      vertex 68.6506 -38.4294 1.5
      vertex 69.1 -35.8948 1.5
    endloop
  endfacet
  facet normal 0 0 -1
    outer loop
      vertex 68.44 -38.3579 1.5
      vertex 69.1 -35.8948 1.5
      vertex 68.6506 -38.4294 1.5
    endloop
  endfacet
  facet normal -0 0 -1
    outer loop
      vertex 69.1 -35.8948 1.5
      vertex 68.44 -38.3579 1.5
      vertex 68.5547 -35.7864 1.5
    endloop
  endfacet
  facet normal 0 0 -1
    outer loop
      vertex 68.2219 -38.3145 1.5
      vertex 68.5547 -35.7864 1.5
      vertex 68.44 -38.3579 1.5
    endloop
  endfacet
  facet normal 0 0 -1
    outer loop
      vertex 68 -38.3 1.5
      vertex 68.5547 -35.7864 1.5
      vertex 68.2219 -38.3145 1.5
    endloop
  endfacet
  facet normal 0 0 -1
    outer loop
      vertex 68 -38.3 1.5
      vertex 68 -35.75 1.5
      vertex 68.5547 -35.7864 1.5
    endloop
  endfacet
  facet normal 0 0 -1
    outer loop
      vertex 67.7781 -38.3145 1.5
      vertex 68 -35.75 1.5
      vertex 68 -38.3 1.5
    endloop
  endfacet
  facet normal 0 0 -1
    outer loop
      vertex 67.4453 -35.7864 1.5
      vertex 67.7781 -38.3145 1.5
      vertex 67.56 -38.3579 1.5
    endloop
  endfacet
  facet normal 0 0 -1
    outer loop
      vertex 67.7781 -38.3145 1.5
      vertex 67.4453 -35.7864 1.5
      vertex 68 -35.75 1.5
    endloop
  endfacet
  facet normal 0 0 -1
    outer loop
      vertex 66.9 -35.8948 1.5
      vertex 67.56 -38.3579 1.5
      vertex 67.3494 -38.4294 1.5
    endloop
  endfacet
  facet normal 0 0 -1
    outer loop
      vertex 66.3736 -36.0735 1.5
      vertex 67.3494 -38.4294 1.5
      vertex 67.15 -38.5278 1.5
    endloop
  endfacet
  facet normal 0 0 -1
    outer loop
      vertex 65.875 -36.3194 1.5
      vertex 67.15 -38.5278 1.5
      vertex 66.9651 -38.6513 1.5
    endloop
  endfacet
  facet normal 0 0 -1
    outer loop
      vertex 67.56 -38.3579 1.5
      vertex 66.9 -35.8948 1.5
      vertex 67.4453 -35.7864 1.5
    endloop
  endfacet
  facet normal 0 0 -1
    outer loop
      vertex 65.4128 -36.6283 1.5
      vertex 66.9651 -38.6513 1.5
      vertex 66.7979 -38.7979 1.5
    endloop
  endfacet
  facet normal 0 0 -1
    outer loop
      vertex 64.9948 -36.9948 1.5
      vertex 66.7979 -38.7979 1.5
      vertex 66.6513 -38.9651 1.5
    endloop
  endfacet
  facet normal 0 0 -1
    outer loop
      vertex 64.6283 -37.4128 1.5
      vertex 66.6513 -38.9651 1.5
      vertex 66.5278 -39.15 1.5
    endloop
  endfacet
  facet normal 0 0 -1
    outer loop
      vertex 64.3194 -37.875 1.5
      vertex 66.5278 -39.15 1.5
      vertex 66.4294 -39.3494 1.5
    endloop
  endfacet
  facet normal 0 0 -1
    outer loop
      vertex 67.3494 -38.4294 1.5
      vertex 66.3736 -36.0735 1.5
      vertex 66.9 -35.8948 1.5
    endloop
  endfacet
  facet normal 0 0 -1
    outer loop
      vertex 64.0735 -38.3736 1.5
      vertex 66.4294 -39.3494 1.5
      vertex 66.3579 -39.56 1.5
    endloop
  endfacet
  facet normal 0 0 -1
    outer loop
      vertex 63.8948 -38.9 1.5
      vertex 66.3579 -39.56 1.5
      vertex 66.3145 -39.7781 1.5
    endloop
  endfacet
  facet normal 0 0 -1
    outer loop
      vertex 63.7864 -39.4453 1.5
      vertex 66.3145 -39.7781 1.5
      vertex 66.3 -40 1.5
    endloop
  endfacet
  facet normal -0 0 -1
    outer loop
      vertex 66.5278 -40.85 1.5
      vertex 64.3194 -42.125 1.5
      vertex 66.4294 -40.6506 1.5
    endloop
  endfacet
  facet normal 0 0 -1
    outer loop
      vertex 67.15 -38.5278 1.5
      vertex 65.875 -36.3194 1.5
      vertex 66.3736 -36.0735 1.5
    endloop
  endfacet
  facet normal 0 0 -1
    outer loop
      vertex 64.0735 -41.6264 1.5
      vertex 66.4294 -40.6506 1.5
      vertex 64.3194 -42.125 1.5
    endloop
  endfacet
  facet normal 0 0 -1
    outer loop
      vertex 66.9651 -38.6513 1.5
      vertex 65.4128 -36.6283 1.5
      vertex 65.875 -36.3194 1.5
    endloop
  endfacet
  facet normal -0 0 -1
    outer loop
      vertex 66.4294 -40.6506 1.5
      vertex 64.0735 -41.6264 1.5
      vertex 66.3579 -40.44 1.5
    endloop
  endfacet
  facet normal 0 0 -1
    outer loop
      vertex 66.7979 -38.7979 1.5
      vertex 64.9948 -36.9948 1.5
      vertex 65.4128 -36.6283 1.5
    endloop
  endfacet
  facet normal 0 0 -1
    outer loop
      vertex 63.8948 -41.1 1.5
      vertex 66.3579 -40.44 1.5
      vertex 64.0735 -41.6264 1.5
    endloop
  endfacet
  facet normal 0 0 -1
    outer loop
      vertex 66.6513 -38.9651 1.5
      vertex 64.6283 -37.4128 1.5
      vertex 64.9948 -36.9948 1.5
    endloop
  endfacet
  facet normal -0 0 -1
    outer loop
      vertex 66.3579 -40.44 1.5
      vertex 63.8948 -41.1 1.5
      vertex 66.3145 -40.2219 1.5
    endloop
  endfacet
  facet normal 0 0 -1
    outer loop
      vertex 66.5278 -39.15 1.5
      vertex 64.3194 -37.875 1.5
      vertex 64.6283 -37.4128 1.5
    endloop
  endfacet
  facet normal 0 0 -1
    outer loop
      vertex 63.7864 -40.5547 1.5
      vertex 66.3145 -40.2219 1.5
      vertex 63.8948 -41.1 1.5
    endloop
  endfacet
  facet normal 0 0 -1
    outer loop
      vertex 66.4294 -39.3494 1.5
      vertex 64.0735 -38.3736 1.5
      vertex 64.3194 -37.875 1.5
    endloop
  endfacet
  facet normal -0 0 -1
    outer loop
      vertex 66.3145 -40.2219 1.5
      vertex 63.7864 -40.5547 1.5
      vertex 66.3 -40 1.5
    endloop
  endfacet
  facet normal 0 0 -1
    outer loop
      vertex 66.3579 -39.56 1.5
      vertex 63.8948 -38.9 1.5
      vertex 64.0735 -38.3736 1.5
    endloop
  endfacet
  facet normal 0 0 -1
    outer loop
      vertex 63.75 -40 1.5
      vertex 66.3 -40 1.5
      vertex 63.7864 -40.5547 1.5
    endloop
  endfacet
  facet normal 0 0 -1
    outer loop
      vertex 66.3145 -39.7781 1.5
      vertex 63.7864 -39.4453 1.5
      vertex 63.8948 -38.9 1.5
    endloop
  endfacet
  facet normal 0 0 -1
    outer loop
      vertex 66.3 -40 1.5
      vertex 63.75 -40 1.5
      vertex 63.7864 -39.4453 1.5
    endloop
  endfacet
  facet normal 0.194975 -0.980808 0
    outer loop
      vertex 66.9 -35.8948 0
      vertex 67.4453 -35.7864 1.5
      vertex 66.9 -35.8948 1.5
    endloop
  endfacet
  facet normal 0.194975 -0.980808 0
    outer loop
      vertex 67.4453 -35.7864 1.5
      vertex 66.9 -35.8948 0
      vertex 67.4453 -35.7864 0
    endloop
  endfacet
  facet normal -0.751908 0.659268 0
    outer loop
      vertex 71.0052 -43.0052 0
      vertex 71.3717 -42.5872 1.5
      vertex 71.3717 -42.5872 0
    endloop
  endfacet
  facet normal -0.751908 0.659268 0
    outer loop
      vertex 71.3717 -42.5872 1.5
      vertex 71.0052 -43.0052 0
      vertex 71.0052 -43.0052 1.5
    endloop
  endfacet
  facet normal -0.980808 0.194975 0
    outer loop
      vertex 72.1052 -41.1 0
      vertex 72.2136 -40.5547 1.5
      vertex 72.2136 -40.5547 0
    endloop
  endfacet
  facet normal -0.980808 0.194975 0
    outer loop
      vertex 72.2136 -40.5547 1.5
      vertex 72.1052 -41.1 0
      vertex 72.1052 -41.1 1.5
    endloop
  endfacet
  facet normal 0.321458 0.946924 -0
    outer loop
      vertex 66.9 -44.1052 0
      vertex 66.3736 -43.9265 1.5
      vertex 66.9 -44.1052 1.5
    endloop
  endfacet
  facet normal 0.321458 0.946924 0
    outer loop
      vertex 66.3736 -43.9265 1.5
      vertex 66.9 -44.1052 0
      vertex 66.3736 -43.9265 0
    endloop
  endfacet
  facet normal -0.442314 0.89686 0
    outer loop
      vertex 70.125 -43.6806 0
      vertex 69.6264 -43.9265 1.5
      vertex 70.125 -43.6806 1.5
    endloop
  endfacet
  facet normal -0.442314 0.89686 0
    outer loop
      vertex 69.6264 -43.9265 1.5
      vertex 70.125 -43.6806 0
      vertex 69.6264 -43.9265 0
    endloop
  endfacet
  facet normal -0.442314 -0.89686 0
    outer loop
      vertex 69.6264 -36.0735 0
      vertex 70.125 -36.3194 1.5
      vertex 69.6264 -36.0735 1.5
    endloop
  endfacet
  facet normal -0.442314 -0.89686 -0
    outer loop
      vertex 70.125 -36.3194 1.5
      vertex 69.6264 -36.0735 0
      vertex 70.125 -36.3194 0
    endloop
  endfacet
  facet normal 0.997854 0.0654802 0
    outer loop
      vertex 63.7864 -40.5547 1.5
      vertex 63.75 -40 0
      vertex 63.75 -40 1.5
    endloop
  endfacet
  facet normal 0.997854 0.0654802 0
    outer loop
      vertex 63.75 -40 0
      vertex 63.7864 -40.5547 1.5
      vertex 63.7864 -40.5547 0
    endloop
  endfacet
  facet normal 0.555655 -0.831413 0
    outer loop
      vertex 65.4128 -36.6283 0
      vertex 65.875 -36.3194 1.5
      vertex 65.4128 -36.6283 1.5
    endloop
  endfacet
  facet normal 0.555655 -0.831413 0
    outer loop
      vertex 65.875 -36.3194 1.5
      vertex 65.4128 -36.6283 0
      vertex 65.875 -36.3194 0
    endloop
  endfacet
  facet normal -0.555655 0.831413 0
    outer loop
      vertex 70.5872 -43.3717 0
      vertex 70.125 -43.6806 1.5
      vertex 70.5872 -43.3717 1.5
    endloop
  endfacet
  facet normal -0.555655 0.831413 0
    outer loop
      vertex 70.125 -43.6806 1.5
      vertex 70.5872 -43.3717 0
      vertex 70.125 -43.6806 0
    endloop
  endfacet
  facet normal -0.89686 0.442314 0
    outer loop
      vertex 71.6806 -42.125 0
      vertex 71.9265 -41.6264 1.5
      vertex 71.9265 -41.6264 0
    endloop
  endfacet
  facet normal -0.89686 0.442314 0
    outer loop
      vertex 71.9265 -41.6264 1.5
      vertex 71.6806 -42.125 0
      vertex 71.6806 -42.125 1.5
    endloop
  endfacet
  facet normal -0.997854 0.0654802 0
    outer loop
      vertex 72.2136 -40.5547 0
      vertex 72.25 -40 1.5
      vertex 72.25 -40 0
    endloop
  endfacet
  facet normal -0.997854 0.0654802 0
    outer loop
      vertex 72.25 -40 1.5
      vertex 72.2136 -40.5547 0
      vertex 72.2136 -40.5547 1.5
    endloop
  endfacet
  facet normal 0.659268 0.751908 -0
    outer loop
      vertex 65.4128 -43.3717 0
      vertex 64.9948 -43.0052 1.5
      vertex 65.4128 -43.3717 1.5
    endloop
  endfacet
  facet normal 0.659268 0.751908 0
    outer loop
      vertex 64.9948 -43.0052 1.5
      vertex 65.4128 -43.3717 0
      vertex 64.9948 -43.0052 0
    endloop
  endfacet
  facet normal 0.831413 0.555655 0
    outer loop
      vertex 64.6283 -42.5872 1.5
      vertex 64.3194 -42.125 0
      vertex 64.3194 -42.125 1.5
    endloop
  endfacet
  facet normal 0.831413 0.555655 0
    outer loop
      vertex 64.3194 -42.125 0
      vertex 64.6283 -42.5872 1.5
      vertex 64.6283 -42.5872 0
    endloop
  endfacet
  facet normal 0.980808 0.194975 0
    outer loop
      vertex 63.8948 -41.1 1.5
      vertex 63.7864 -40.5547 0
      vertex 63.7864 -40.5547 1.5
    endloop
  endfacet
  facet normal 0.980808 0.194975 0
    outer loop
      vertex 63.7864 -40.5547 0
      vertex 63.8948 -41.1 1.5
      vertex 63.8948 -41.1 0
    endloop
  endfacet
  facet normal 0.946924 0.321458 0
    outer loop
      vertex 64.0735 -41.6264 1.5
      vertex 63.8948 -41.1 0
      vertex 63.8948 -41.1 1.5
    endloop
  endfacet
  facet normal 0.946924 0.321458 0
    outer loop
      vertex 63.8948 -41.1 0
      vertex 64.0735 -41.6264 1.5
      vertex 64.0735 -41.6264 0
    endloop
  endfacet
  facet normal 0.89686 0.442314 0
    outer loop
      vertex 64.3194 -42.125 1.5
      vertex 64.0735 -41.6264 0
      vertex 64.0735 -41.6264 1.5
    endloop
  endfacet
  facet normal 0.89686 0.442314 0
    outer loop
      vertex 64.0735 -41.6264 0
      vertex 64.3194 -42.125 1.5
      vertex 64.3194 -42.125 0
    endloop
  endfacet
  facet normal -0.321458 0.946924 0
    outer loop
      vertex 69.6264 -43.9265 0
      vertex 69.1 -44.1052 1.5
      vertex 69.6264 -43.9265 1.5
    endloop
  endfacet
  facet normal -0.321458 0.946924 0
    outer loop
      vertex 69.1 -44.1052 1.5
      vertex 69.6264 -43.9265 0
      vertex 69.1 -44.1052 0
    endloop
  endfacet
  facet normal -0.194975 0.980808 0
    outer loop
      vertex 69.1 -44.1052 0
      vertex 68.5547 -44.2136 1.5
      vertex 69.1 -44.1052 1.5
    endloop
  endfacet
  facet normal -0.194975 0.980808 0
    outer loop
      vertex 68.5547 -44.2136 1.5
      vertex 69.1 -44.1052 0
      vertex 68.5547 -44.2136 0
    endloop
  endfacet
  facet normal -0.659268 0.751908 0
    outer loop
      vertex 71.0052 -43.0052 0
      vertex 70.5872 -43.3717 1.5
      vertex 71.0052 -43.0052 1.5
    endloop
  endfacet
  facet normal -0.659268 0.751908 0
    outer loop
      vertex 70.5872 -43.3717 1.5
      vertex 71.0052 -43.0052 0
      vertex 70.5872 -43.3717 0
    endloop
  endfacet
  facet normal -0.946924 0.321458 0
    outer loop
      vertex 71.9265 -41.6264 0
      vertex 72.1052 -41.1 1.5
      vertex 72.1052 -41.1 0
    endloop
  endfacet
  facet normal -0.946924 0.321458 0
    outer loop
      vertex 72.1052 -41.1 1.5
      vertex 71.9265 -41.6264 0
      vertex 71.9265 -41.6264 1.5
    endloop
  endfacet
  facet normal 0.442314 0.89686 -0
    outer loop
      vertex 66.3736 -43.9265 0
      vertex 65.875 -43.6806 1.5
      vertex 66.3736 -43.9265 1.5
    endloop
  endfacet
  facet normal 0.442314 0.89686 0
    outer loop
      vertex 65.875 -43.6806 1.5
      vertex 66.3736 -43.9265 0
      vertex 65.875 -43.6806 0
    endloop
  endfacet
  facet normal 0.194975 0.980808 -0
    outer loop
      vertex 67.4453 -44.2136 0
      vertex 66.9 -44.1052 1.5
      vertex 67.4453 -44.2136 1.5
    endloop
  endfacet
  facet normal 0.194975 0.980808 0
    outer loop
      vertex 66.9 -44.1052 1.5
      vertex 67.4453 -44.2136 0
      vertex 66.9 -44.1052 0
    endloop
  endfacet
  facet normal 0.751908 0.659268 0
    outer loop
      vertex 64.9948 -43.0052 1.5
      vertex 64.6283 -42.5872 0
      vertex 64.6283 -42.5872 1.5
    endloop
  endfacet
  facet normal 0.751908 0.659268 0
    outer loop
      vertex 64.6283 -42.5872 0
      vertex 64.9948 -43.0052 1.5
      vertex 64.9948 -43.0052 0
    endloop
  endfacet
  facet normal 0.555655 0.831413 -0
    outer loop
      vertex 65.875 -43.6806 0
      vertex 65.4128 -43.3717 1.5
      vertex 65.875 -43.6806 1.5
    endloop
  endfacet
  facet normal 0.555655 0.831413 0
    outer loop
      vertex 65.4128 -43.3717 1.5
      vertex 65.875 -43.6806 0
      vertex 65.4128 -43.3717 0
    endloop
  endfacet
  facet normal 0.0654802 0.997854 -0
    outer loop
      vertex 68 -44.25 0
      vertex 67.4453 -44.2136 1.5
      vertex 68 -44.25 1.5
    endloop
  endfacet
  facet normal 0.0654802 0.997854 0
    outer loop
      vertex 67.4453 -44.2136 1.5
      vertex 68 -44.25 0
      vertex 67.4453 -44.2136 0
    endloop
  endfacet
  facet normal -0.997854 -0.0654802 0
    outer loop
      vertex 72.25 40 0
      vertex 72.2136 40.5547 1.5
      vertex 72.2136 40.5547 0
    endloop
  endfacet
  facet normal -0.997854 -0.0654802 0
    outer loop
      vertex 72.2136 40.5547 1.5
      vertex 72.25 40 0
      vertex 72.25 40 1.5
    endloop
  endfacet
  facet normal 0.0654802 -0.997854 0
    outer loop
      vertex 67.4453 44.2136 0
      vertex 68 44.25 1.5
      vertex 67.4453 44.2136 1.5
    endloop
  endfacet
  facet normal 0.0654802 -0.997854 0
    outer loop
      vertex 68 44.25 1.5
      vertex 67.4453 44.2136 0
      vertex 68 44.25 0
    endloop
  endfacet
  facet normal -0.659268 -0.751908 0
    outer loop
      vertex 70.5872 43.3717 0
      vertex 71.0052 43.0052 1.5
      vertex 70.5872 43.3717 1.5
    endloop
  endfacet
  facet normal -0.659268 -0.751908 -0
    outer loop
      vertex 71.0052 43.0052 1.5
      vertex 70.5872 43.3717 0
      vertex 71.0052 43.0052 0
    endloop
  endfacet
  facet normal 0.751908 -0.659268 0
    outer loop
      vertex 64.6283 42.5872 1.5
      vertex 64.9948 43.0052 0
      vertex 64.9948 43.0052 1.5
    endloop
  endfacet
  facet normal 0.751908 -0.659268 0
    outer loop
      vertex 64.9948 43.0052 0
      vertex 64.6283 42.5872 1.5
      vertex 64.6283 42.5872 0
    endloop
  endfacet
  facet normal 0.442314 -0.89686 0
    outer loop
      vertex 65.875 43.6806 0
      vertex 66.3736 43.9265 1.5
      vertex 65.875 43.6806 1.5
    endloop
  endfacet
  facet normal 0.442314 -0.89686 0
    outer loop
      vertex 66.3736 43.9265 1.5
      vertex 65.875 43.6806 0
      vertex 66.3736 43.9265 0
    endloop
  endfacet
  facet normal -0.89686 -0.442314 0
    outer loop
      vertex 71.9265 41.6264 0
      vertex 71.6806 42.125 1.5
      vertex 71.6806 42.125 0
    endloop
  endfacet
  facet normal -0.89686 -0.442314 0
    outer loop
      vertex 71.6806 42.125 1.5
      vertex 71.9265 41.6264 0
      vertex 71.9265 41.6264 1.5
    endloop
  endfacet
  facet normal -0.980808 -0.194975 0
    outer loop
      vertex 72.2136 40.5547 0
      vertex 72.1052 41.1 1.5
      vertex 72.1052 41.1 0
    endloop
  endfacet
  facet normal -0.980808 -0.194975 0
    outer loop
      vertex 72.1052 41.1 1.5
      vertex 72.2136 40.5547 0
      vertex 72.2136 40.5547 1.5
    endloop
  endfacet
  facet normal -0.321458 -0.946924 0
    outer loop
      vertex 69.1 44.1052 0
      vertex 69.6264 43.9265 1.5
      vertex 69.1 44.1052 1.5
    endloop
  endfacet
  facet normal -0.321458 -0.946924 -0
    outer loop
      vertex 69.6264 43.9265 1.5
      vertex 69.1 44.1052 0
      vertex 69.6264 43.9265 0
    endloop
  endfacet
  facet normal -0.555655 -0.831413 0
    outer loop
      vertex 70.125 43.6806 0
      vertex 70.5872 43.3717 1.5
      vertex 70.125 43.6806 1.5
    endloop
  endfacet
  facet normal -0.555655 -0.831413 -0
    outer loop
      vertex 70.5872 43.3717 1.5
      vertex 70.125 43.6806 0
      vertex 70.5872 43.3717 0
    endloop
  endfacet
  facet normal 0.946924 -0.321458 0
    outer loop
      vertex 63.8948 41.1 1.5
      vertex 64.0735 41.6264 0
      vertex 64.0735 41.6264 1.5
    endloop
  endfacet
  facet normal 0.946924 -0.321458 0
    outer loop
      vertex 64.0735 41.6264 0
      vertex 63.8948 41.1 1.5
      vertex 63.8948 41.1 0
    endloop
  endfacet
  facet normal 0.831413 -0.555655 0
    outer loop
      vertex 64.3194 42.125 1.5
      vertex 64.6283 42.5872 0
      vertex 64.6283 42.5872 1.5
    endloop
  endfacet
  facet normal 0.831413 -0.555655 0
    outer loop
      vertex 64.6283 42.5872 0
      vertex 64.3194 42.125 1.5
      vertex 64.3194 42.125 0
    endloop
  endfacet
  facet normal 0.980808 -0.194975 0
    outer loop
      vertex 63.7864 40.5547 1.5
      vertex 63.8948 41.1 0
      vertex 63.8948 41.1 1.5
    endloop
  endfacet
  facet normal 0.980808 -0.194975 0
    outer loop
      vertex 63.8948 41.1 0
      vertex 63.7864 40.5547 1.5
      vertex 63.7864 40.5547 0
    endloop
  endfacet
  facet normal 0.321458 -0.946924 0
    outer loop
      vertex 66.3736 43.9265 0
      vertex 66.9 44.1052 1.5
      vertex 66.3736 43.9265 1.5
    endloop
  endfacet
  facet normal 0.321458 -0.946924 0
    outer loop
      vertex 66.9 44.1052 1.5
      vertex 66.3736 43.9265 0
      vertex 66.9 44.1052 0
    endloop
  endfacet
  facet normal -0.194975 0.980808 0
    outer loop
      vertex 69.1 35.8948 0
      vertex 68.5547 35.7864 1.5
      vertex 69.1 35.8948 1.5
    endloop
  endfacet
  facet normal -0.194975 0.980808 0
    outer loop
      vertex 68.5547 35.7864 1.5
      vertex 69.1 35.8948 0
      vertex 68.5547 35.7864 0
    endloop
  endfacet
  facet normal -0.831413 0.555655 0
    outer loop
      vertex 71.3717 37.4128 0
      vertex 71.6806 37.875 1.5
      vertex 71.6806 37.875 0
    endloop
  endfacet
  facet normal -0.831413 0.555655 0
    outer loop
      vertex 71.6806 37.875 1.5
      vertex 71.3717 37.4128 0
      vertex 71.3717 37.4128 1.5
    endloop
  endfacet
  facet normal -0.946924 0.321458 0
    outer loop
      vertex 71.9265 38.3736 0
      vertex 72.1052 38.9 1.5
      vertex 72.1052 38.9 0
    endloop
  endfacet
  facet normal -0.946924 0.321458 0
    outer loop
      vertex 72.1052 38.9 1.5
      vertex 71.9265 38.3736 0
      vertex 71.9265 38.3736 1.5
    endloop
  endfacet
  facet normal -0.980808 0.194975 0
    outer loop
      vertex 72.1052 38.9 0
      vertex 72.2136 39.4453 1.5
      vertex 72.2136 39.4453 0
    endloop
  endfacet
  facet normal -0.980808 0.194975 0
    outer loop
      vertex 72.2136 39.4453 1.5
      vertex 72.1052 38.9 0
      vertex 72.1052 38.9 1.5
    endloop
  endfacet
  facet normal 0.321458 0.946924 -0
    outer loop
      vertex 66.9 35.8948 0
      vertex 66.3736 36.0735 1.5
      vertex 66.9 35.8948 1.5
    endloop
  endfacet
  facet normal 0.321458 0.946924 0
    outer loop
      vertex 66.3736 36.0735 1.5
      vertex 66.9 35.8948 0
      vertex 66.3736 36.0735 0
    endloop
  endfacet
  facet normal 0.555655 0.831413 -0
    outer loop
      vertex 65.875 36.3194 0
      vertex 65.4128 36.6283 1.5
      vertex 65.875 36.3194 1.5
    endloop
  endfacet
  facet normal 0.555655 0.831413 0
    outer loop
      vertex 65.4128 36.6283 1.5
      vertex 65.875 36.3194 0
      vertex 65.4128 36.6283 0
    endloop
  endfacet
  facet normal 0.194975 0.980808 -0
    outer loop
      vertex 67.4453 35.7864 0
      vertex 66.9 35.8948 1.5
      vertex 67.4453 35.7864 1.5
    endloop
  endfacet
  facet normal 0.194975 0.980808 0
    outer loop
      vertex 66.9 35.8948 1.5
      vertex 67.4453 35.7864 0
      vertex 66.9 35.8948 0
    endloop
  endfacet
  facet normal -0.946924 -0.321458 0
    outer loop
      vertex 72.1052 41.1 0
      vertex 71.9265 41.6264 1.5
      vertex 71.9265 41.6264 0
    endloop
  endfacet
  facet normal -0.946924 -0.321458 0
    outer loop
      vertex 71.9265 41.6264 1.5
      vertex 72.1052 41.1 0
      vertex 72.1052 41.1 1.5
    endloop
  endfacet
  facet normal -0.751908 -0.659268 0
    outer loop
      vertex 71.3717 42.5872 0
      vertex 71.0052 43.0052 1.5
      vertex 71.0052 43.0052 0
    endloop
  endfacet
  facet normal -0.751908 -0.659268 0
    outer loop
      vertex 71.0052 43.0052 1.5
      vertex 71.3717 42.5872 0
      vertex 71.3717 42.5872 1.5
    endloop
  endfacet
  facet normal -0.831413 -0.555655 0
    outer loop
      vertex 71.6806 42.125 0
      vertex 71.3717 42.5872 1.5
      vertex 71.3717 42.5872 0
    endloop
  endfacet
  facet normal -0.831413 -0.555655 0
    outer loop
      vertex 71.3717 42.5872 1.5
      vertex 71.6806 42.125 0
      vertex 71.6806 42.125 1.5
    endloop
  endfacet
  facet normal -0.194975 -0.980808 0
    outer loop
      vertex 68.5547 44.2136 0
      vertex 69.1 44.1052 1.5
      vertex 68.5547 44.2136 1.5
    endloop
  endfacet
  facet normal -0.194975 -0.980808 -0
    outer loop
      vertex 69.1 44.1052 1.5
      vertex 68.5547 44.2136 0
      vertex 69.1 44.1052 0
    endloop
  endfacet
  facet normal -0.0654802 -0.997854 0
    outer loop
      vertex 68 44.25 0
      vertex 68.5547 44.2136 1.5
      vertex 68 44.25 1.5
    endloop
  endfacet
  facet normal -0.0654802 -0.997854 -0
    outer loop
      vertex 68.5547 44.2136 1.5
      vertex 68 44.25 0
      vertex 68.5547 44.2136 0
    endloop
  endfacet
  facet normal -0.442314 -0.89686 0
    outer loop
      vertex 69.6264 43.9265 0
      vertex 70.125 43.6806 1.5
      vertex 69.6264 43.9265 1.5
    endloop
  endfacet
  facet normal -0.442314 -0.89686 -0
    outer loop
      vertex 70.125 43.6806 1.5
      vertex 69.6264 43.9265 0
      vertex 70.125 43.6806 0
    endloop
  endfacet
  facet normal 0.89686 -0.442314 0
    outer loop
      vertex 64.0735 41.6264 1.5
      vertex 64.3194 42.125 0
      vertex 64.3194 42.125 1.5
    endloop
  endfacet
  facet normal 0.89686 -0.442314 0
    outer loop
      vertex 64.3194 42.125 0
      vertex 64.0735 41.6264 1.5
      vertex 64.0735 41.6264 0
    endloop
  endfacet
  facet normal 0.997854 -0.0654802 0
    outer loop
      vertex 63.75 40 1.5
      vertex 63.7864 40.5547 0
      vertex 63.7864 40.5547 1.5
    endloop
  endfacet
  facet normal 0.997854 -0.0654802 0
    outer loop
      vertex 63.7864 40.5547 0
      vertex 63.75 40 1.5
      vertex 63.75 40 0
    endloop
  endfacet
  facet normal 0 0 -1
    outer loop
      vertex 69.7 40 1.5
      vertex 72.25 40 1.5
      vertex 72.2136 39.4453 1.5
    endloop
  endfacet
  facet normal 0 0 -1
    outer loop
      vertex 69.6855 39.7781 1.5
      vertex 72.2136 39.4453 1.5
      vertex 72.1052 38.9 1.5
    endloop
  endfacet
  facet normal 0 0 -1
    outer loop
      vertex 72.25 40 1.5
      vertex 69.7 40 1.5
      vertex 72.2136 40.5547 1.5
    endloop
  endfacet
  facet normal 0 0 -1
    outer loop
      vertex 69.6421 39.56 1.5
      vertex 72.1052 38.9 1.5
      vertex 71.9265 38.3736 1.5
    endloop
  endfacet
  facet normal 0 0 -1
    outer loop
      vertex 69.6855 40.2219 1.5
      vertex 72.2136 40.5547 1.5
      vertex 69.7 40 1.5
    endloop
  endfacet
  facet normal 0 0 -1
    outer loop
      vertex 69.5706 39.3494 1.5
      vertex 71.9265 38.3736 1.5
      vertex 71.6806 37.875 1.5
    endloop
  endfacet
  facet normal -0 0 -1
    outer loop
      vertex 72.2136 40.5547 1.5
      vertex 69.6855 40.2219 1.5
      vertex 72.1052 41.1 1.5
    endloop
  endfacet
  facet normal 0 0 -1
    outer loop
      vertex 69.4722 39.15 1.5
      vertex 71.6806 37.875 1.5
      vertex 71.3717 37.4128 1.5
    endloop
  endfacet
  facet normal 0 0 -1
    outer loop
      vertex 69.6421 40.44 1.5
      vertex 72.1052 41.1 1.5
      vertex 69.6855 40.2219 1.5
    endloop
  endfacet
  facet normal 0 0 -1
    outer loop
      vertex 69.3487 38.9651 1.5
      vertex 71.3717 37.4128 1.5
      vertex 71.0052 36.9948 1.5
    endloop
  endfacet
  facet normal -0 0 -1
    outer loop
      vertex 72.1052 41.1 1.5
      vertex 69.6421 40.44 1.5
      vertex 71.9265 41.6264 1.5
    endloop
  endfacet
  facet normal 0 0 -1
    outer loop
      vertex 69.2021 38.7979 1.5
      vertex 71.0052 36.9948 1.5
      vertex 70.5872 36.6283 1.5
    endloop
  endfacet
  facet normal 0 0 -1
    outer loop
      vertex 69.5706 40.6506 1.5
      vertex 71.9265 41.6264 1.5
      vertex 69.6421 40.44 1.5
    endloop
  endfacet
  facet normal 0 0 -1
    outer loop
      vertex 69.0349 38.6513 1.5
      vertex 70.5872 36.6283 1.5
      vertex 70.125 36.3194 1.5
    endloop
  endfacet
  facet normal -0 0 -1
    outer loop
      vertex 71.9265 41.6264 1.5
      vertex 69.5706 40.6506 1.5
      vertex 71.6806 42.125 1.5
    endloop
  endfacet
  facet normal 0 0 -1
    outer loop
      vertex 69.4722 40.85 1.5
      vertex 71.6806 42.125 1.5
      vertex 69.5706 40.6506 1.5
    endloop
  endfacet
  facet normal 0 0 -1
    outer loop
      vertex 72.2136 39.4453 1.5
      vertex 69.6855 39.7781 1.5
      vertex 69.7 40 1.5
    endloop
  endfacet
  facet normal 0 0 -1
    outer loop
      vertex 72.1052 38.9 1.5
      vertex 69.6421 39.56 1.5
      vertex 69.6855 39.7781 1.5
    endloop
  endfacet
  facet normal 0 0 -1
    outer loop
      vertex 68.85 38.5278 1.5
      vertex 70.125 36.3194 1.5
      vertex 69.6264 36.0735 1.5
    endloop
  endfacet
  facet normal 0 0 -1
    outer loop
      vertex 71.9265 38.3736 1.5
      vertex 69.5706 39.3494 1.5
      vertex 69.6421 39.56 1.5
    endloop
  endfacet
  facet normal 0 0 -1
    outer loop
      vertex 71.6806 37.875 1.5
      vertex 69.4722 39.15 1.5
      vertex 69.5706 39.3494 1.5
    endloop
  endfacet
  facet normal 0 0 -1
    outer loop
      vertex 71.3717 37.4128 1.5
      vertex 69.3487 38.9651 1.5
      vertex 69.4722 39.15 1.5
    endloop
  endfacet
  facet normal 0 0 -1
    outer loop
      vertex 71.0052 36.9948 1.5
      vertex 69.2021 38.7979 1.5
      vertex 69.3487 38.9651 1.5
    endloop
  endfacet
  facet normal 0 0 -1
    outer loop
      vertex 68.6506 38.4294 1.5
      vertex 69.6264 36.0735 1.5
      vertex 69.1 35.8948 1.5
    endloop
  endfacet
  facet normal 0 0 -1
    outer loop
      vertex 70.5872 36.6283 1.5
      vertex 69.0349 38.6513 1.5
      vertex 69.2021 38.7979 1.5
    endloop
  endfacet
  facet normal 0 0 -1
    outer loop
      vertex 70.125 36.3194 1.5
      vertex 68.85 38.5278 1.5
      vertex 69.0349 38.6513 1.5
    endloop
  endfacet
  facet normal 0 0 -1
    outer loop
      vertex 69.6264 36.0735 1.5
      vertex 68.6506 38.4294 1.5
      vertex 68.85 38.5278 1.5
    endloop
  endfacet
  facet normal 0 0 -1
    outer loop
      vertex 68.44 38.3579 1.5
      vertex 69.1 35.8948 1.5
      vertex 68.5547 35.7864 1.5
    endloop
  endfacet
  facet normal 0 0 -1
    outer loop
      vertex 69.1 35.8948 1.5
      vertex 68.44 38.3579 1.5
      vertex 68.6506 38.4294 1.5
    endloop
  endfacet
  facet normal 0 0 -1
    outer loop
      vertex 68.5547 35.7864 1.5
      vertex 68.2219 38.3145 1.5
      vertex 68.44 38.3579 1.5
    endloop
  endfacet
  facet normal 0 0 -1
    outer loop
      vertex 68 35.75 1.5
      vertex 68.2219 38.3145 1.5
      vertex 68.5547 35.7864 1.5
    endloop
  endfacet
  facet normal 0 0 -1
    outer loop
      vertex 68 35.75 1.5
      vertex 68 38.3 1.5
      vertex 68.2219 38.3145 1.5
    endloop
  endfacet
  facet normal 0 0 -1
    outer loop
      vertex 68 35.75 1.5
      vertex 67.7781 38.3145 1.5
      vertex 68 38.3 1.5
    endloop
  endfacet
  facet normal 0 0 -1
    outer loop
      vertex 67.4453 35.7864 1.5
      vertex 67.7781 38.3145 1.5
      vertex 68 35.75 1.5
    endloop
  endfacet
  facet normal -0 0 -1
    outer loop
      vertex 67.7781 38.3145 1.5
      vertex 67.4453 35.7864 1.5
      vertex 67.56 38.3579 1.5
    endloop
  endfacet
  facet normal 0 0 -1
    outer loop
      vertex 66.9 35.8948 1.5
      vertex 67.56 38.3579 1.5
      vertex 67.4453 35.7864 1.5
    endloop
  endfacet
  facet normal -0 0 -1
    outer loop
      vertex 67.56 38.3579 1.5
      vertex 66.9 35.8948 1.5
      vertex 67.3494 38.4294 1.5
    endloop
  endfacet
  facet normal 0 0 -1
    outer loop
      vertex 66.3736 36.0735 1.5
      vertex 67.3494 38.4294 1.5
      vertex 66.9 35.8948 1.5
    endloop
  endfacet
  facet normal -0 0 -1
    outer loop
      vertex 67.3494 38.4294 1.5
      vertex 66.3736 36.0735 1.5
      vertex 67.15 38.5278 1.5
    endloop
  endfacet
  facet normal 0 0 -1
    outer loop
      vertex 65.875 36.3194 1.5
      vertex 67.15 38.5278 1.5
      vertex 66.3736 36.0735 1.5
    endloop
  endfacet
  facet normal -0 0 -1
    outer loop
      vertex 67.15 38.5278 1.5
      vertex 65.875 36.3194 1.5
      vertex 66.9651 38.6513 1.5
    endloop
  endfacet
  facet normal 0 0 -1
    outer loop
      vertex 65.4128 36.6283 1.5
      vertex 66.9651 38.6513 1.5
      vertex 65.875 36.3194 1.5
    endloop
  endfacet
  facet normal -0 0 -1
    outer loop
      vertex 66.9651 38.6513 1.5
      vertex 65.4128 36.6283 1.5
      vertex 66.7979 38.7979 1.5
    endloop
  endfacet
  facet normal 0 0 -1
    outer loop
      vertex 64.9948 36.9948 1.5
      vertex 66.7979 38.7979 1.5
      vertex 65.4128 36.6283 1.5
    endloop
  endfacet
  facet normal -0 0 -1
    outer loop
      vertex 66.7979 38.7979 1.5
      vertex 64.9948 36.9948 1.5
      vertex 66.6513 38.9651 1.5
    endloop
  endfacet
  facet normal 0 0 -1
    outer loop
      vertex 64.6283 37.4128 1.5
      vertex 66.6513 38.9651 1.5
      vertex 64.9948 36.9948 1.5
    endloop
  endfacet
  facet normal -0 0 -1
    outer loop
      vertex 66.6513 38.9651 1.5
      vertex 64.6283 37.4128 1.5
      vertex 66.5278 39.15 1.5
    endloop
  endfacet
  facet normal 0 0 -1
    outer loop
      vertex 64.3194 37.875 1.5
      vertex 66.5278 39.15 1.5
      vertex 64.6283 37.4128 1.5
    endloop
  endfacet
  facet normal -0 0 -1
    outer loop
      vertex 71.6806 42.125 1.5
      vertex 69.4722 40.85 1.5
      vertex 71.3717 42.5872 1.5
    endloop
  endfacet
  facet normal 0 0 -1
    outer loop
      vertex 69.3487 41.0349 1.5
      vertex 71.3717 42.5872 1.5
      vertex 69.4722 40.85 1.5
    endloop
  endfacet
  facet normal -0 0 -1
    outer loop
      vertex 71.3717 42.5872 1.5
      vertex 69.3487 41.0349 1.5
      vertex 71.0052 43.0052 1.5
    endloop
  endfacet
  facet normal 0 0 -1
    outer loop
      vertex 69.2021 41.2021 1.5
      vertex 71.0052 43.0052 1.5
      vertex 69.3487 41.0349 1.5
    endloop
  endfacet
  facet normal -0 0 -1
    outer loop
      vertex 71.0052 43.0052 1.5
      vertex 69.2021 41.2021 1.5
      vertex 70.5872 43.3717 1.5
    endloop
  endfacet
  facet normal 0 0 -1
    outer loop
      vertex 69.0349 41.3487 1.5
      vertex 70.5872 43.3717 1.5
      vertex 69.2021 41.2021 1.5
    endloop
  endfacet
  facet normal -0 0 -1
    outer loop
      vertex 70.5872 43.3717 1.5
      vertex 69.0349 41.3487 1.5
      vertex 70.125 43.6806 1.5
    endloop
  endfacet
  facet normal 0 0 -1
    outer loop
      vertex 68.85 41.4722 1.5
      vertex 70.125 43.6806 1.5
      vertex 69.0349 41.3487 1.5
    endloop
  endfacet
  facet normal -0 0 -1
    outer loop
      vertex 70.125 43.6806 1.5
      vertex 68.85 41.4722 1.5
      vertex 69.6264 43.9265 1.5
    endloop
  endfacet
  facet normal 0 0 -1
    outer loop
      vertex 68.6506 41.5706 1.5
      vertex 69.6264 43.9265 1.5
      vertex 68.85 41.4722 1.5
    endloop
  endfacet
  facet normal -0 0 -1
    outer loop
      vertex 69.6264 43.9265 1.5
      vertex 68.6506 41.5706 1.5
      vertex 69.1 44.1052 1.5
    endloop
  endfacet
  facet normal 0 0 -1
    outer loop
      vertex 68.44 41.6421 1.5
      vertex 69.1 44.1052 1.5
      vertex 68.6506 41.5706 1.5
    endloop
  endfacet
  facet normal -0 0 -1
    outer loop
      vertex 69.1 44.1052 1.5
      vertex 68.44 41.6421 1.5
      vertex 68.5547 44.2136 1.5
    endloop
  endfacet
  facet normal 0 0 -1
    outer loop
      vertex 68.2219 41.6855 1.5
      vertex 68.5547 44.2136 1.5
      vertex 68.44 41.6421 1.5
    endloop
  endfacet
  facet normal 0 0 -1
    outer loop
      vertex 68 41.7 1.5
      vertex 68.5547 44.2136 1.5
      vertex 68.2219 41.6855 1.5
    endloop
  endfacet
  facet normal 0 0 -1
    outer loop
      vertex 68 41.7 1.5
      vertex 68 44.25 1.5
      vertex 68.5547 44.2136 1.5
    endloop
  endfacet
  facet normal 0 0 -1
    outer loop
      vertex 67.7781 41.6855 1.5
      vertex 68 44.25 1.5
      vertex 68 41.7 1.5
    endloop
  endfacet
  facet normal 0 0 -1
    outer loop
      vertex 67.4453 44.2136 1.5
      vertex 67.7781 41.6855 1.5
      vertex 67.56 41.6421 1.5
    endloop
  endfacet
  facet normal 0 0 -1
    outer loop
      vertex 67.7781 41.6855 1.5
      vertex 67.4453 44.2136 1.5
      vertex 68 44.25 1.5
    endloop
  endfacet
  facet normal 0 0 -1
    outer loop
      vertex 66.9 44.1052 1.5
      vertex 67.56 41.6421 1.5
      vertex 67.3494 41.5706 1.5
    endloop
  endfacet
  facet normal 0 0 -1
    outer loop
      vertex 66.3736 43.9265 1.5
      vertex 67.3494 41.5706 1.5
      vertex 67.15 41.4722 1.5
    endloop
  endfacet
  facet normal 0 0 -1
    outer loop
      vertex 65.875 43.6806 1.5
      vertex 67.15 41.4722 1.5
      vertex 66.9651 41.3487 1.5
    endloop
  endfacet
  facet normal 0 0 -1
    outer loop
      vertex 67.56 41.6421 1.5
      vertex 66.9 44.1052 1.5
      vertex 67.4453 44.2136 1.5
    endloop
  endfacet
  facet normal 0 0 -1
    outer loop
      vertex 65.4128 43.3717 1.5
      vertex 66.9651 41.3487 1.5
      vertex 66.7979 41.2021 1.5
    endloop
  endfacet
  facet normal 0 0 -1
    outer loop
      vertex 64.9948 43.0052 1.5
      vertex 66.7979 41.2021 1.5
      vertex 66.6513 41.0349 1.5
    endloop
  endfacet
  facet normal 0 0 -1
    outer loop
      vertex 64.6283 42.5872 1.5
      vertex 66.6513 41.0349 1.5
      vertex 66.5278 40.85 1.5
    endloop
  endfacet
  facet normal 0 0 -1
    outer loop
      vertex 64.3194 42.125 1.5
      vertex 66.5278 40.85 1.5
      vertex 66.4294 40.6506 1.5
    endloop
  endfacet
  facet normal 0 0 -1
    outer loop
      vertex 67.3494 41.5706 1.5
      vertex 66.3736 43.9265 1.5
      vertex 66.9 44.1052 1.5
    endloop
  endfacet
  facet normal 0 0 -1
    outer loop
      vertex 64.0735 41.6264 1.5
      vertex 66.4294 40.6506 1.5
      vertex 66.3579 40.44 1.5
    endloop
  endfacet
  facet normal 0 0 -1
    outer loop
      vertex 63.8948 41.1 1.5
      vertex 66.3579 40.44 1.5
      vertex 66.3145 40.2219 1.5
    endloop
  endfacet
  facet normal 0 0 -1
    outer loop
      vertex 63.7864 40.5547 1.5
      vertex 66.3145 40.2219 1.5
      vertex 66.3 40 1.5
    endloop
  endfacet
  facet normal -0 0 -1
    outer loop
      vertex 66.5278 39.15 1.5
      vertex 64.3194 37.875 1.5
      vertex 66.4294 39.3494 1.5
    endloop
  endfacet
  facet normal 0 0 -1
    outer loop
      vertex 67.15 41.4722 1.5
      vertex 65.875 43.6806 1.5
      vertex 66.3736 43.9265 1.5
    endloop
  endfacet
  facet normal 0 0 -1
    outer loop
      vertex 64.0735 38.3736 1.5
      vertex 66.4294 39.3494 1.5
      vertex 64.3194 37.875 1.5
    endloop
  endfacet
  facet normal 0 0 -1
    outer loop
      vertex 66.9651 41.3487 1.5
      vertex 65.4128 43.3717 1.5
      vertex 65.875 43.6806 1.5
    endloop
  endfacet
  facet normal -0 0 -1
    outer loop
      vertex 66.4294 39.3494 1.5
      vertex 64.0735 38.3736 1.5
      vertex 66.3579 39.56 1.5
    endloop
  endfacet
  facet normal 0 0 -1
    outer loop
      vertex 66.7979 41.2021 1.5
      vertex 64.9948 43.0052 1.5
      vertex 65.4128 43.3717 1.5
    endloop
  endfacet
  facet normal 0 0 -1
    outer loop
      vertex 63.8948 38.9 1.5
      vertex 66.3579 39.56 1.5
      vertex 64.0735 38.3736 1.5
    endloop
  endfacet
  facet normal 0 0 -1
    outer loop
      vertex 66.6513 41.0349 1.5
      vertex 64.6283 42.5872 1.5
      vertex 64.9948 43.0052 1.5
    endloop
  endfacet
  facet normal -0 0 -1
    outer loop
      vertex 66.3579 39.56 1.5
      vertex 63.8948 38.9 1.5
      vertex 66.3145 39.7781 1.5
    endloop
  endfacet
  facet normal 0 0 -1
    outer loop
      vertex 66.5278 40.85 1.5
      vertex 64.3194 42.125 1.5
      vertex 64.6283 42.5872 1.5
    endloop
  endfacet
  facet normal 0 0 -1
    outer loop
      vertex 63.7864 39.4453 1.5
      vertex 66.3145 39.7781 1.5
      vertex 63.8948 38.9 1.5
    endloop
  endfacet
  facet normal 0 0 -1
    outer loop
      vertex 66.4294 40.6506 1.5
      vertex 64.0735 41.6264 1.5
      vertex 64.3194 42.125 1.5
    endloop
  endfacet
  facet normal -0 0 -1
    outer loop
      vertex 66.3145 39.7781 1.5
      vertex 63.7864 39.4453 1.5
      vertex 66.3 40 1.5
    endloop
  endfacet
  facet normal 0 0 -1
    outer loop
      vertex 66.3579 40.44 1.5
      vertex 63.8948 41.1 1.5
      vertex 64.0735 41.6264 1.5
    endloop
  endfacet
  facet normal 0 0 -1
    outer loop
      vertex 63.75 40 1.5
      vertex 66.3 40 1.5
      vertex 63.7864 39.4453 1.5
    endloop
  endfacet
  facet normal 0 0 -1
    outer loop
      vertex 66.3145 40.2219 1.5
      vertex 63.7864 40.5547 1.5
      vertex 63.8948 41.1 1.5
    endloop
  endfacet
  facet normal 0 0 -1
    outer loop
      vertex 66.3 40 1.5
      vertex 63.75 40 1.5
      vertex 63.7864 40.5547 1.5
    endloop
  endfacet
  facet normal 0.555655 -0.831413 0
    outer loop
      vertex 65.4128 43.3717 0
      vertex 65.875 43.6806 1.5
      vertex 65.4128 43.3717 1.5
    endloop
  endfacet
  facet normal 0.555655 -0.831413 0
    outer loop
      vertex 65.875 43.6806 1.5
      vertex 65.4128 43.3717 0
      vertex 65.875 43.6806 0
    endloop
  endfacet
  facet normal 0.659268 -0.751908 0
    outer loop
      vertex 64.9948 43.0052 0
      vertex 65.4128 43.3717 1.5
      vertex 64.9948 43.0052 1.5
    endloop
  endfacet
  facet normal 0.659268 -0.751908 0
    outer loop
      vertex 65.4128 43.3717 1.5
      vertex 64.9948 43.0052 0
      vertex 65.4128 43.3717 0
    endloop
  endfacet
  facet normal 0.194975 -0.980808 0
    outer loop
      vertex 66.9 44.1052 0
      vertex 67.4453 44.2136 1.5
      vertex 66.9 44.1052 1.5
    endloop
  endfacet
  facet normal 0.194975 -0.980808 0
    outer loop
      vertex 67.4453 44.2136 1.5
      vertex 66.9 44.1052 0
      vertex 67.4453 44.2136 0
    endloop
  endfacet
  facet normal -0.997854 0.0654802 0
    outer loop
      vertex 72.2136 39.4453 0
      vertex 72.25 40 1.5
      vertex 72.25 40 0
    endloop
  endfacet
  facet normal -0.997854 0.0654802 0
    outer loop
      vertex 72.25 40 1.5
      vertex 72.2136 39.4453 0
      vertex 72.2136 39.4453 1.5
    endloop
  endfacet
  facet normal -0.321458 0.946924 0
    outer loop
      vertex 69.6264 36.0735 0
      vertex 69.1 35.8948 1.5
      vertex 69.6264 36.0735 1.5
    endloop
  endfacet
  facet normal -0.321458 0.946924 0
    outer loop
      vertex 69.1 35.8948 1.5
      vertex 69.6264 36.0735 0
      vertex 69.1 35.8948 0
    endloop
  endfacet
  facet normal -0.751908 0.659268 0
    outer loop
      vertex 71.0052 36.9948 0
      vertex 71.3717 37.4128 1.5
      vertex 71.3717 37.4128 0
    endloop
  endfacet
  facet normal -0.751908 0.659268 0
    outer loop
      vertex 71.3717 37.4128 1.5
      vertex 71.0052 36.9948 0
      vertex 71.0052 36.9948 1.5
    endloop
  endfacet
  facet normal -0.555655 0.831413 0
    outer loop
      vertex 70.5872 36.6283 0
      vertex 70.125 36.3194 1.5
      vertex 70.5872 36.6283 1.5
    endloop
  endfacet
  facet normal -0.555655 0.831413 0
    outer loop
      vertex 70.125 36.3194 1.5
      vertex 70.5872 36.6283 0
      vertex 70.125 36.3194 0
    endloop
  endfacet
  facet normal -0.89686 0.442314 0
    outer loop
      vertex 71.6806 37.875 0
      vertex 71.9265 38.3736 1.5
      vertex 71.9265 38.3736 0
    endloop
  endfacet
  facet normal -0.89686 0.442314 0
    outer loop
      vertex 71.9265 38.3736 1.5
      vertex 71.6806 37.875 0
      vertex 71.6806 37.875 1.5
    endloop
  endfacet
  facet normal 0.442314 0.89686 -0
    outer loop
      vertex 66.3736 36.0735 0
      vertex 65.875 36.3194 1.5
      vertex 66.3736 36.0735 1.5
    endloop
  endfacet
  facet normal 0.442314 0.89686 0
    outer loop
      vertex 65.875 36.3194 1.5
      vertex 66.3736 36.0735 0
      vertex 65.875 36.3194 0
    endloop
  endfacet
  facet normal 0.0654802 0.997854 -0
    outer loop
      vertex 68 35.75 0
      vertex 67.4453 35.7864 1.5
      vertex 68 35.75 1.5
    endloop
  endfacet
  facet normal 0.0654802 0.997854 0
    outer loop
      vertex 67.4453 35.7864 1.5
      vertex 68 35.75 0
      vertex 67.4453 35.7864 0
    endloop
  endfacet
  facet normal 0.831413 0.555655 0
    outer loop
      vertex 64.6283 37.4128 1.5
      vertex 64.3194 37.875 0
      vertex 64.3194 37.875 1.5
    endloop
  endfacet
  facet normal 0.831413 0.555655 0
    outer loop
      vertex 64.3194 37.875 0
      vertex 64.6283 37.4128 1.5
      vertex 64.6283 37.4128 0
    endloop
  endfacet
  facet normal 0.659268 0.751908 -0
    outer loop
      vertex 65.4128 36.6283 0
      vertex 64.9948 36.9948 1.5
      vertex 65.4128 36.6283 1.5
    endloop
  endfacet
  facet normal 0.659268 0.751908 0
    outer loop
      vertex 64.9948 36.9948 1.5
      vertex 65.4128 36.6283 0
      vertex 64.9948 36.9948 0
    endloop
  endfacet
  facet normal 0.89686 0.442314 0
    outer loop
      vertex 64.3194 37.875 1.5
      vertex 64.0735 38.3736 0
      vertex 64.0735 38.3736 1.5
    endloop
  endfacet
  facet normal 0.89686 0.442314 0
    outer loop
      vertex 64.0735 38.3736 0
      vertex 64.3194 37.875 1.5
      vertex 64.3194 37.875 0
    endloop
  endfacet
  facet normal 0.980808 0.194975 0
    outer loop
      vertex 63.8948 38.9 1.5
      vertex 63.7864 39.4453 0
      vertex 63.7864 39.4453 1.5
    endloop
  endfacet
  facet normal 0.980808 0.194975 0
    outer loop
      vertex 63.7864 39.4453 0
      vertex 63.8948 38.9 1.5
      vertex 63.8948 38.9 0
    endloop
  endfacet
  facet normal 0.997854 0.0654802 0
    outer loop
      vertex 63.7864 39.4453 1.5
      vertex 63.75 40 0
      vertex 63.75 40 1.5
    endloop
  endfacet
  facet normal 0.997854 0.0654802 0
    outer loop
      vertex 63.75 40 0
      vertex 63.7864 39.4453 1.5
      vertex 63.7864 39.4453 0
    endloop
  endfacet
  facet normal -0.442314 0.89686 0
    outer loop
      vertex 70.125 36.3194 0
      vertex 69.6264 36.0735 1.5
      vertex 70.125 36.3194 1.5
    endloop
  endfacet
  facet normal -0.442314 0.89686 0
    outer loop
      vertex 69.6264 36.0735 1.5
      vertex 70.125 36.3194 0
      vertex 69.6264 36.0735 0
    endloop
  endfacet
  facet normal -0.659268 0.751908 0
    outer loop
      vertex 71.0052 36.9948 0
      vertex 70.5872 36.6283 1.5
      vertex 71.0052 36.9948 1.5
    endloop
  endfacet
  facet normal -0.659268 0.751908 0
    outer loop
      vertex 70.5872 36.6283 1.5
      vertex 71.0052 36.9948 0
      vertex 70.5872 36.6283 0
    endloop
  endfacet
  facet normal -0.0654802 0.997854 0
    outer loop
      vertex 68.5547 35.7864 0
      vertex 68 35.75 1.5
      vertex 68.5547 35.7864 1.5
    endloop
  endfacet
  facet normal -0.0654802 0.997854 0
    outer loop
      vertex 68 35.75 1.5
      vertex 68.5547 35.7864 0
      vertex 68 35.75 0
    endloop
  endfacet
  facet normal 0.751908 0.659268 0
    outer loop
      vertex 64.9948 36.9948 1.5
      vertex 64.6283 37.4128 0
      vertex 64.6283 37.4128 1.5
    endloop
  endfacet
  facet normal 0.751908 0.659268 0
    outer loop
      vertex 64.6283 37.4128 0
      vertex 64.9948 36.9948 1.5
      vertex 64.9948 36.9948 0
    endloop
  endfacet
  facet normal 0.946924 0.321458 0
    outer loop
      vertex 64.0735 38.3736 1.5
      vertex 63.8948 38.9 0
      vertex 63.8948 38.9 1.5
    endloop
  endfacet
  facet normal 0.946924 0.321458 0
    outer loop
      vertex 63.8948 38.9 0
      vertex 64.0735 38.3736 1.5
      vertex 64.0735 38.3736 0
    endloop
  endfacet
  facet normal -0.321692 0.946844 0
    outer loop
      vertex 80.4975 -47.201 3
      vertex 80.3365 -47.2557 38
      vertex 80.4975 -47.201 38
    endloop
  endfacet
  facet normal -0.321692 0.946844 0
    outer loop
      vertex 80.3365 -47.2557 38
      vertex 80.4975 -47.201 3
      vertex 80.3365 -47.2557 3
    endloop
  endfacet
  facet normal 0.195211 -0.980761 0
    outer loop
      vertex -80.3365 47.2557 3
      vertex -80.1697 47.2889 38
      vertex -80.3365 47.2557 38
    endloop
  endfacet
  facet normal 0.195211 -0.980761 0
    outer loop
      vertex -80.1697 47.2889 38
      vertex -80.3365 47.2557 3
      vertex -80.1697 47.2889 3
    endloop
  endfacet
  facet normal -0.195211 0.980761 0
    outer loop
      vertex 80.3365 -47.2557 3
      vertex 80.1697 -47.2889 38
      vertex 80.3365 -47.2557 38
    endloop
  endfacet
  facet normal -0.195211 0.980761 0
    outer loop
      vertex 80.1697 -47.2889 38
      vertex 80.3365 -47.2557 3
      vertex 80.1697 -47.2889 3
    endloop
  endfacet
  facet normal -0.55565 -0.831417 0
    outer loop
      vertex 80.65 47.1258 3
      vertex 80.7914 47.0313 38
      vertex 80.65 47.1258 38
    endloop
  endfacet
  facet normal -0.55565 -0.831417 -0
    outer loop
      vertex 80.7914 47.0313 38
      vertex 80.65 47.1258 3
      vertex 80.7914 47.0313 3
    endloop
  endfacet
  facet normal -0.997868 0.0652701 0
    outer loop
      vertex 81.2889 -46.1697 3
      vertex 81.3 -46 38
      vertex 81.3 -46 3
    endloop
  endfacet
  facet normal -0.997868 0.0652701 0
    outer loop
      vertex 81.3 -46 38
      vertex 81.2889 -46.1697 3
      vertex 81.2889 -46.1697 38
    endloop
  endfacet
  facet normal 0.0652701 0.997868 -0
    outer loop
      vertex -80 -47.3 3
      vertex -80.1697 -47.2889 38
      vertex -80 -47.3 38
    endloop
  endfacet
  facet normal 0.0652701 0.997868 0
    outer loop
      vertex -80.1697 -47.2889 38
      vertex -80 -47.3 3
      vertex -80.1697 -47.2889 3
    endloop
  endfacet
  facet normal 0.997868 -0.0652701 0
    outer loop
      vertex -81.3 46 38
      vertex -81.2889 46.1697 3
      vertex -81.2889 46.1697 38
    endloop
  endfacet
  facet normal 0.997868 -0.0652701 0
    outer loop
      vertex -81.2889 46.1697 3
      vertex -81.3 46 38
      vertex -81.3 46 3
    endloop
  endfacet
  facet normal 1 -0 0
    outer loop
      vertex -81.3 -46 38
      vertex -81.3 46 3
      vertex -81.3 46 38
    endloop
  endfacet
  facet normal 1 0 0
    outer loop
      vertex -81.3 46 3
      vertex -81.3 -46 38
      vertex -81.3 -46 3
    endloop
  endfacet
  facet normal 0 1 0
    outer loop
      vertex 0 -47.3 6.98
      vertex 80 -47.3 38
      vertex 8 -47.3 6.98
    endloop
  endfacet
  facet normal 0 1 -0
    outer loop
      vertex 80 -47.3 3
      vertex 8 -47.3 6.98
      vertex 80 -47.3 38
    endloop
  endfacet
  facet normal 0 1 0
    outer loop
      vertex 8 -47.3 6.98
      vertex 80 -47.3 3
      vertex 8 -47.3 3
    endloop
  endfacet
  facet normal 0 1 0
    outer loop
      vertex 80 -47.3 38
      vertex 0 -47.3 6.98
      vertex -80 -47.3 38
    endloop
  endfacet
  facet normal 0 1 0
    outer loop
      vertex -80 -47.3 3
      vertex 0 -47.3 6.98
      vertex 0 -47.3 3
    endloop
  endfacet
  facet normal 0 1 0
    outer loop
      vertex 0 -47.3 6.98
      vertex -80 -47.3 3
      vertex -80 -47.3 38
    endloop
  endfacet
  facet normal -0.0652701 -0.997868 0
    outer loop
      vertex 80 47.3 3
      vertex 80.1697 47.2889 38
      vertex 80 47.3 38
    endloop
  endfacet
  facet normal -0.0652701 -0.997868 -0
    outer loop
      vertex 80.1697 47.2889 38
      vertex 80 47.3 3
      vertex 80.1697 47.2889 3
    endloop
  endfacet
  facet normal 0 -1 0
    outer loop
      vertex -80 47.3 3
      vertex 80 47.3 38
      vertex -80 47.3 38
    endloop
  endfacet
  facet normal 0 -1 -0
    outer loop
      vertex 80 47.3 38
      vertex -80 47.3 3
      vertex 80 47.3 3
    endloop
  endfacet
  facet normal -1 0 0
    outer loop
      vertex 81.3 -46 3
      vertex 81.3 46 38
      vertex 81.3 46 3
    endloop
  endfacet
  facet normal -1 -0 0
    outer loop
      vertex 81.3 46 38
      vertex 81.3 -46 3
      vertex 81.3 -46 38
    endloop
  endfacet
  facet normal 0.751774 -0.65942 0
    outer loop
      vertex -81.0313 46.7914 38
      vertex -80.9192 46.9192 3
      vertex -80.9192 46.9192 38
    endloop
  endfacet
  facet normal 0.751774 -0.65942 0
    outer loop
      vertex -80.9192 46.9192 3
      vertex -81.0313 46.7914 38
      vertex -81.0313 46.7914 3
    endloop
  endfacet
  facet normal 0.442267 0.896884 -0
    outer loop
      vertex -80.4975 -47.201 3
      vertex -80.65 -47.1258 38
      vertex -80.4975 -47.201 38
    endloop
  endfacet
  facet normal 0.442267 0.896884 0
    outer loop
      vertex -80.65 -47.1258 38
      vertex -80.4975 -47.201 3
      vertex -80.65 -47.1258 3
    endloop
  endfacet
  facet normal 0.195211 0.980761 -0
    outer loop
      vertex -80.1697 -47.2889 3
      vertex -80.3365 -47.2557 38
      vertex -80.1697 -47.2889 38
    endloop
  endfacet
  facet normal 0.195211 0.980761 0
    outer loop
      vertex -80.3365 -47.2557 38
      vertex -80.1697 -47.2889 3
      vertex -80.3365 -47.2557 3
    endloop
  endfacet
  facet normal -0.0652701 0.997868 0
    outer loop
      vertex 80.1697 -47.2889 3
      vertex 80 -47.3 38
      vertex 80.1697 -47.2889 38
    endloop
  endfacet
  facet normal -0.0652701 0.997868 0
    outer loop
      vertex 80 -47.3 38
      vertex 80.1697 -47.2889 3
      vertex 80 -47.3 3
    endloop
  endfacet
  facet normal -0.321692 -0.946844 0
    outer loop
      vertex 80.3365 47.2557 3
      vertex 80.4975 47.201 38
      vertex 80.3365 47.2557 38
    endloop
  endfacet
  facet normal -0.321692 -0.946844 -0
    outer loop
      vertex 80.4975 47.201 38
      vertex 80.3365 47.2557 3
      vertex 80.4975 47.201 3
    endloop
  endfacet
  facet normal -0.442267 -0.896884 0
    outer loop
      vertex 80.4975 47.201 3
      vertex 80.65 47.1258 38
      vertex 80.4975 47.201 38
    endloop
  endfacet
  facet normal -0.442267 -0.896884 -0
    outer loop
      vertex 80.65 47.1258 38
      vertex 80.4975 47.201 3
      vertex 80.65 47.1258 3
    endloop
  endfacet
  facet normal -0.195211 -0.980761 0
    outer loop
      vertex 80.1697 47.2889 3
      vertex 80.3365 47.2557 38
      vertex 80.1697 47.2889 38
    endloop
  endfacet
  facet normal -0.195211 -0.980761 -0
    outer loop
      vertex 80.3365 47.2557 38
      vertex 80.1697 47.2889 3
      vertex 80.3365 47.2557 3
    endloop
  endfacet
  facet normal 0.0652701 -0.997868 0
    outer loop
      vertex -80.1697 47.2889 3
      vertex -80 47.3 38
      vertex -80.1697 47.2889 38
    endloop
  endfacet
  facet normal 0.0652701 -0.997868 0
    outer loop
      vertex -80 47.3 38
      vertex -80.1697 47.2889 3
      vertex -80 47.3 3
    endloop
  endfacet
  facet normal 0.55565 -0.831417 0
    outer loop
      vertex -80.7914 47.0313 3
      vertex -80.65 47.1258 38
      vertex -80.7914 47.0313 38
    endloop
  endfacet
  facet normal 0.55565 -0.831417 0
    outer loop
      vertex -80.65 47.1258 38
      vertex -80.7914 47.0313 3
      vertex -80.65 47.1258 3
    endloop
  endfacet
  facet normal 0.65942 -0.751774 0
    outer loop
      vertex -80.9192 46.9192 3
      vertex -80.7914 47.0313 38
      vertex -80.9192 46.9192 38
    endloop
  endfacet
  facet normal 0.65942 -0.751774 0
    outer loop
      vertex -80.7914 47.0313 38
      vertex -80.9192 46.9192 3
      vertex -80.7914 47.0313 3
    endloop
  endfacet
  facet normal 0.946844 -0.321692 0
    outer loop
      vertex -81.2557 46.3365 38
      vertex -81.201 46.4975 3
      vertex -81.201 46.4975 38
    endloop
  endfacet
  facet normal 0.946844 -0.321692 0
    outer loop
      vertex -81.201 46.4975 3
      vertex -81.2557 46.3365 38
      vertex -81.2557 46.3365 3
    endloop
  endfacet
  facet normal 0.980761 -0.195211 0
    outer loop
      vertex -81.2889 46.1697 38
      vertex -81.2557 46.3365 3
      vertex -81.2557 46.3365 38
    endloop
  endfacet
  facet normal 0.980761 -0.195211 0
    outer loop
      vertex -81.2557 46.3365 3
      vertex -81.2889 46.1697 38
      vertex -81.2889 46.1697 3
    endloop
  endfacet
  facet normal 0.831417 -0.55565 0
    outer loop
      vertex -81.1258 46.65 38
      vertex -81.0313 46.7914 3
      vertex -81.0313 46.7914 38
    endloop
  endfacet
  facet normal 0.831417 -0.55565 0
    outer loop
      vertex -81.0313 46.7914 3
      vertex -81.1258 46.65 38
      vertex -81.1258 46.65 3
    endloop
  endfacet
  facet normal 0 0 1
    outer loop
      vertex -28.5624 -14.8107 3
      vertex -28.5624 -15.1893 3
      vertex -28.55 -15 3
    endloop
  endfacet
  facet normal 0 0 1
    outer loop
      vertex -28.5994 -14.6247 3
      vertex -28.5624 -15.1893 3
      vertex -28.5624 -14.8107 3
    endloop
  endfacet
  facet normal 0 0 1
    outer loop
      vertex -28.5994 -14.6247 3
      vertex -28.5994 -15.3753 3
      vertex -28.5624 -15.1893 3
    endloop
  endfacet
  facet normal 0 0 1
    outer loop
      vertex -28.6604 -14.4451 3
      vertex -28.5994 -15.3753 3
      vertex -28.5994 -14.6247 3
    endloop
  endfacet
  facet normal 0 0 1
    outer loop
      vertex -28.6604 -14.4451 3
      vertex -28.6604 -15.5549 3
      vertex -28.5994 -15.3753 3
    endloop
  endfacet
  facet normal 0 0 1
    outer loop
      vertex -28.7443 -14.275 3
      vertex -28.6604 -15.5549 3
      vertex -28.6604 -14.4451 3
    endloop
  endfacet
  facet normal 0 0 1
    outer loop
      vertex -28.7443 -14.275 3
      vertex -28.7443 -15.725 3
      vertex -28.6604 -15.5549 3
    endloop
  endfacet
  facet normal 0 0 1
    outer loop
      vertex -28.8496 -14.1173 3
      vertex -28.7443 -15.725 3
      vertex -28.7443 -14.275 3
    endloop
  endfacet
  facet normal 0 0 1
    outer loop
      vertex -28.8496 -14.1173 3
      vertex -28.8496 -15.8827 3
      vertex -28.7443 -15.725 3
    endloop
  endfacet
  facet normal 0 0 1
    outer loop
      vertex -28.9747 -13.9747 3
      vertex -28.8496 -15.8827 3
      vertex -28.8496 -14.1173 3
    endloop
  endfacet
  facet normal 0 0 1
    outer loop
      vertex -28.9747 -13.9747 3
      vertex -28.9747 -16.0253 3
      vertex -28.8496 -15.8827 3
    endloop
  endfacet
  facet normal 0 0 1
    outer loop
      vertex -29.1173 -13.8496 3
      vertex -28.9747 -16.0253 3
      vertex -28.9747 -13.9747 3
    endloop
  endfacet
  facet normal 0 0 1
    outer loop
      vertex -29.1173 -13.8496 3
      vertex -29.1173 -16.1504 3
      vertex -28.9747 -16.0253 3
    endloop
  endfacet
  facet normal 0 0 1
    outer loop
      vertex -29.275 -13.7443 3
      vertex -29.1173 -16.1504 3
      vertex -29.1173 -13.8496 3
    endloop
  endfacet
  facet normal 0 0 1
    outer loop
      vertex -29.275 -13.7443 3
      vertex -29.275 -16.2557 3
      vertex -29.1173 -16.1504 3
    endloop
  endfacet
  facet normal 0 0 1
    outer loop
      vertex -29.4451 -13.6604 3
      vertex -29.275 -16.2557 3
      vertex -29.275 -13.7443 3
    endloop
  endfacet
  facet normal 0 0 1
    outer loop
      vertex -29.4451 -13.6604 3
      vertex -29.4451 -16.3396 3
      vertex -29.275 -16.2557 3
    endloop
  endfacet
  facet normal 0 0 1
    outer loop
      vertex -29.6247 -13.5994 3
      vertex -29.4451 -16.3396 3
      vertex -29.4451 -13.6604 3
    endloop
  endfacet
  facet normal 0 0 1
    outer loop
      vertex -29.6247 -13.5994 3
      vertex -29.6247 -16.4006 3
      vertex -29.4451 -16.3396 3
    endloop
  endfacet
  facet normal 0 0 1
    outer loop
      vertex -29.8107 -13.5624 3
      vertex -29.6247 -16.4006 3
      vertex -29.6247 -13.5994 3
    endloop
  endfacet
  facet normal 0 0 1
    outer loop
      vertex -29.8107 -13.5624 3
      vertex -29.8107 -16.4376 3
      vertex -29.6247 -16.4006 3
    endloop
  endfacet
  facet normal 0 0 1
    outer loop
      vertex -30 -13.55 3
      vertex -29.8107 -16.4376 3
      vertex -29.8107 -13.5624 3
    endloop
  endfacet
  facet normal 0 0 1
    outer loop
      vertex -30 -13.55 3
      vertex -30 -16.45 3
      vertex -29.8107 -16.4376 3
    endloop
  endfacet
  facet normal -0 0 1
    outer loop
      vertex -30.1893 -13.5624 3
      vertex -30 -16.45 3
      vertex -30 -13.55 3
    endloop
  endfacet
  facet normal 0 0 1
    outer loop
      vertex -30.1893 -13.5624 3
      vertex -30.1893 -16.4376 3
      vertex -30 -16.45 3
    endloop
  endfacet
  facet normal -0 0 1
    outer loop
      vertex -30.3753 -13.5994 3
      vertex -30.1893 -16.4376 3
      vertex -30.1893 -13.5624 3
    endloop
  endfacet
  facet normal 0 0 1
    outer loop
      vertex -30.3753 -13.5994 3
      vertex -30.3753 -16.4006 3
      vertex -30.1893 -16.4376 3
    endloop
  endfacet
  facet normal -0 0 1
    outer loop
      vertex -30.5549 -13.6604 3
      vertex -30.3753 -16.4006 3
      vertex -30.3753 -13.5994 3
    endloop
  endfacet
  facet normal 0 0 1
    outer loop
      vertex -30.5549 -13.6604 3
      vertex -30.5549 -16.3396 3
      vertex -30.3753 -16.4006 3
    endloop
  endfacet
  facet normal -0 0 1
    outer loop
      vertex -30.725 -13.7443 3
      vertex -30.5549 -16.3396 3
      vertex -30.5549 -13.6604 3
    endloop
  endfacet
  facet normal 0 0 1
    outer loop
      vertex -30.725 -13.7443 3
      vertex -30.725 -16.2557 3
      vertex -30.5549 -16.3396 3
    endloop
  endfacet
  facet normal -0 0 1
    outer loop
      vertex -30.8827 -13.8496 3
      vertex -30.725 -16.2557 3
      vertex -30.725 -13.7443 3
    endloop
  endfacet
  facet normal 0 0 1
    outer loop
      vertex -30.8827 -13.8496 3
      vertex -30.8827 -16.1504 3
      vertex -30.725 -16.2557 3
    endloop
  endfacet
  facet normal -0 0 1
    outer loop
      vertex -31.0253 -13.9747 3
      vertex -30.8827 -16.1504 3
      vertex -30.8827 -13.8496 3
    endloop
  endfacet
  facet normal 0 0 1
    outer loop
      vertex -31.0253 -13.9747 3
      vertex -31.0253 -16.0253 3
      vertex -30.8827 -16.1504 3
    endloop
  endfacet
  facet normal -0 0 1
    outer loop
      vertex -31.1504 -14.1173 3
      vertex -31.0253 -16.0253 3
      vertex -31.0253 -13.9747 3
    endloop
  endfacet
  facet normal 0 0 1
    outer loop
      vertex -31.1504 -14.1173 3
      vertex -31.1504 -15.8827 3
      vertex -31.0253 -16.0253 3
    endloop
  endfacet
  facet normal -0 0 1
    outer loop
      vertex -31.2557 -14.275 3
      vertex -31.1504 -15.8827 3
      vertex -31.1504 -14.1173 3
    endloop
  endfacet
  facet normal 0 0 1
    outer loop
      vertex -31.2557 -14.275 3
      vertex -31.2557 -15.725 3
      vertex -31.1504 -15.8827 3
    endloop
  endfacet
  facet normal -0 0 1
    outer loop
      vertex -31.3396 -14.4451 3
      vertex -31.2557 -15.725 3
      vertex -31.2557 -14.275 3
    endloop
  endfacet
  facet normal 0 0 1
    outer loop
      vertex -31.3396 -14.4451 3
      vertex -31.3396 -15.5549 3
      vertex -31.2557 -15.725 3
    endloop
  endfacet
  facet normal -0 0 1
    outer loop
      vertex -31.4006 -14.6247 3
      vertex -31.3396 -15.5549 3
      vertex -31.3396 -14.4451 3
    endloop
  endfacet
  facet normal 0 0 1
    outer loop
      vertex -31.4006 -14.6247 3
      vertex -31.4006 -15.3753 3
      vertex -31.3396 -15.5549 3
    endloop
  endfacet
  facet normal -0 0 1
    outer loop
      vertex -31.4376 -14.8107 3
      vertex -31.4006 -15.3753 3
      vertex -31.4006 -14.6247 3
    endloop
  endfacet
  facet normal 0 0 1
    outer loop
      vertex -31.4376 -14.8107 3
      vertex -31.4376 -15.1893 3
      vertex -31.4006 -15.3753 3
    endloop
  endfacet
  facet normal 0 -0 1
    outer loop
      vertex -31.4376 -15.1893 3
      vertex -31.4376 -14.8107 3
      vertex -31.45 -15 3
    endloop
  endfacet
  facet normal 0 0 1
    outer loop
      vertex -28.5624 15.1893 3
      vertex -28.5624 14.8107 3
      vertex -28.55 15 3
    endloop
  endfacet
  facet normal 0 0 1
    outer loop
      vertex -28.5994 15.3753 3
      vertex -28.5624 14.8107 3
      vertex -28.5624 15.1893 3
    endloop
  endfacet
  facet normal 0 0 1
    outer loop
      vertex -28.5994 15.3753 3
      vertex -28.5994 14.6247 3
      vertex -28.5624 14.8107 3
    endloop
  endfacet
  facet normal 0 0 1
    outer loop
      vertex -28.6604 15.5549 3
      vertex -28.5994 14.6247 3
      vertex -28.5994 15.3753 3
    endloop
  endfacet
  facet normal 0 0 1
    outer loop
      vertex -28.6604 15.5549 3
      vertex -28.6604 14.4451 3
      vertex -28.5994 14.6247 3
    endloop
  endfacet
  facet normal 0 0 1
    outer loop
      vertex -28.7443 15.725 3
      vertex -28.6604 14.4451 3
      vertex -28.6604 15.5549 3
    endloop
  endfacet
  facet normal 0 0 1
    outer loop
      vertex -28.7443 15.725 3
      vertex -28.7443 14.275 3
      vertex -28.6604 14.4451 3
    endloop
  endfacet
  facet normal 0 0 1
    outer loop
      vertex -28.8496 15.8827 3
      vertex -28.7443 14.275 3
      vertex -28.7443 15.725 3
    endloop
  endfacet
  facet normal 0 0 1
    outer loop
      vertex -28.8496 15.8827 3
      vertex -28.8496 14.1173 3
      vertex -28.7443 14.275 3
    endloop
  endfacet
  facet normal 0 0 1
    outer loop
      vertex -28.9747 16.0253 3
      vertex -28.8496 14.1173 3
      vertex -28.8496 15.8827 3
    endloop
  endfacet
  facet normal 0 0 1
    outer loop
      vertex -28.9747 16.0253 3
      vertex -28.9747 13.9747 3
      vertex -28.8496 14.1173 3
    endloop
  endfacet
  facet normal 0 0 1
    outer loop
      vertex -29.1173 16.1504 3
      vertex -28.9747 13.9747 3
      vertex -28.9747 16.0253 3
    endloop
  endfacet
  facet normal 0 0 1
    outer loop
      vertex -29.1173 16.1504 3
      vertex -29.1173 13.8496 3
      vertex -28.9747 13.9747 3
    endloop
  endfacet
  facet normal 0 0 1
    outer loop
      vertex -29.275 16.2557 3
      vertex -29.1173 13.8496 3
      vertex -29.1173 16.1504 3
    endloop
  endfacet
  facet normal 0 0 1
    outer loop
      vertex -29.275 16.2557 3
      vertex -29.275 13.7443 3
      vertex -29.1173 13.8496 3
    endloop
  endfacet
  facet normal 0 0 1
    outer loop
      vertex -29.4451 16.3396 3
      vertex -29.275 13.7443 3
      vertex -29.275 16.2557 3
    endloop
  endfacet
  facet normal 0 0 1
    outer loop
      vertex -29.4451 16.3396 3
      vertex -29.4451 13.6604 3
      vertex -29.275 13.7443 3
    endloop
  endfacet
  facet normal 0 0 1
    outer loop
      vertex -29.6247 16.4006 3
      vertex -29.4451 13.6604 3
      vertex -29.4451 16.3396 3
    endloop
  endfacet
  facet normal 0 0 1
    outer loop
      vertex -29.6247 16.4006 3
      vertex -29.6247 13.5994 3
      vertex -29.4451 13.6604 3
    endloop
  endfacet
  facet normal 0 0 1
    outer loop
      vertex -29.8107 16.4376 3
      vertex -29.6247 13.5994 3
      vertex -29.6247 16.4006 3
    endloop
  endfacet
  facet normal 0 0 1
    outer loop
      vertex -29.8107 16.4376 3
      vertex -29.8107 13.5624 3
      vertex -29.6247 13.5994 3
    endloop
  endfacet
  facet normal 0 0 1
    outer loop
      vertex -30 16.45 3
      vertex -29.8107 13.5624 3
      vertex -29.8107 16.4376 3
    endloop
  endfacet
  facet normal 0 0 1
    outer loop
      vertex -30 16.45 3
      vertex -30 13.55 3
      vertex -29.8107 13.5624 3
    endloop
  endfacet
  facet normal -0 0 1
    outer loop
      vertex -30.1893 16.4376 3
      vertex -30 13.55 3
      vertex -30 16.45 3
    endloop
  endfacet
  facet normal 0 0 1
    outer loop
      vertex -30.1893 16.4376 3
      vertex -30.1893 13.5624 3
      vertex -30 13.55 3
    endloop
  endfacet
  facet normal -0 0 1
    outer loop
      vertex -30.3753 16.4006 3
      vertex -30.1893 13.5624 3
      vertex -30.1893 16.4376 3
    endloop
  endfacet
  facet normal 0 0 1
    outer loop
      vertex -30.3753 16.4006 3
      vertex -30.3753 13.5994 3
      vertex -30.1893 13.5624 3
    endloop
  endfacet
  facet normal -0 0 1
    outer loop
      vertex -30.5549 16.3396 3
      vertex -30.3753 13.5994 3
      vertex -30.3753 16.4006 3
    endloop
  endfacet
  facet normal 0 0 1
    outer loop
      vertex -30.5549 16.3396 3
      vertex -30.5549 13.6604 3
      vertex -30.3753 13.5994 3
    endloop
  endfacet
  facet normal -0 0 1
    outer loop
      vertex -30.725 16.2557 3
      vertex -30.5549 13.6604 3
      vertex -30.5549 16.3396 3
    endloop
  endfacet
  facet normal 0 0 1
    outer loop
      vertex -30.725 16.2557 3
      vertex -30.725 13.7443 3
      vertex -30.5549 13.6604 3
    endloop
  endfacet
  facet normal -0 0 1
    outer loop
      vertex -30.8827 16.1504 3
      vertex -30.725 13.7443 3
      vertex -30.725 16.2557 3
    endloop
  endfacet
  facet normal 0 0 1
    outer loop
      vertex -30.8827 16.1504 3
      vertex -30.8827 13.8496 3
      vertex -30.725 13.7443 3
    endloop
  endfacet
  facet normal -0 0 1
    outer loop
      vertex -31.0253 16.0253 3
      vertex -30.8827 13.8496 3
      vertex -30.8827 16.1504 3
    endloop
  endfacet
  facet normal 0 0 1
    outer loop
      vertex -31.0253 16.0253 3
      vertex -31.0253 13.9747 3
      vertex -30.8827 13.8496 3
    endloop
  endfacet
  facet normal -0 0 1
    outer loop
      vertex -31.1504 15.8827 3
      vertex -31.0253 13.9747 3
      vertex -31.0253 16.0253 3
    endloop
  endfacet
  facet normal 0 0 1
    outer loop
      vertex -31.1504 15.8827 3
      vertex -31.1504 14.1173 3
      vertex -31.0253 13.9747 3
    endloop
  endfacet
  facet normal -0 0 1
    outer loop
      vertex -31.2557 15.725 3
      vertex -31.1504 14.1173 3
      vertex -31.1504 15.8827 3
    endloop
  endfacet
  facet normal 0 0 1
    outer loop
      vertex -31.2557 15.725 3
      vertex -31.2557 14.275 3
      vertex -31.1504 14.1173 3
    endloop
  endfacet
  facet normal -0 0 1
    outer loop
      vertex -31.3396 15.5549 3
      vertex -31.2557 14.275 3
      vertex -31.2557 15.725 3
    endloop
  endfacet
  facet normal 0 0 1
    outer loop
      vertex -31.3396 15.5549 3
      vertex -31.3396 14.4451 3
      vertex -31.2557 14.275 3
    endloop
  endfacet
  facet normal -0 0 1
    outer loop
      vertex -31.4006 15.3753 3
      vertex -31.3396 14.4451 3
      vertex -31.3396 15.5549 3
    endloop
  endfacet
  facet normal 0 0 1
    outer loop
      vertex -31.4006 15.3753 3
      vertex -31.4006 14.6247 3
      vertex -31.3396 14.4451 3
    endloop
  endfacet
  facet normal -0 0 1
    outer loop
      vertex -31.4376 15.1893 3
      vertex -31.4006 14.6247 3
      vertex -31.4006 15.3753 3
    endloop
  endfacet
  facet normal 0 0 1
    outer loop
      vertex -31.4376 15.1893 3
      vertex -31.4376 14.8107 3
      vertex -31.4006 14.6247 3
    endloop
  endfacet
  facet normal 0 -0 1
    outer loop
      vertex -31.4376 14.8107 3
      vertex -31.4376 15.1893 3
      vertex -31.45 15 3
    endloop
  endfacet
  facet normal 0 0 1
    outer loop
      vertex 31.4376 -14.8107 3
      vertex 31.4376 -15.1893 3
      vertex 31.45 -15 3
    endloop
  endfacet
  facet normal 0 0 1
    outer loop
      vertex 31.4006 -14.6247 3
      vertex 31.4376 -15.1893 3
      vertex 31.4376 -14.8107 3
    endloop
  endfacet
  facet normal 0 0 1
    outer loop
      vertex 31.4006 -14.6247 3
      vertex 31.4006 -15.3753 3
      vertex 31.4376 -15.1893 3
    endloop
  endfacet
  facet normal 0 0 1
    outer loop
      vertex 31.3396 -14.4451 3
      vertex 31.4006 -15.3753 3
      vertex 31.4006 -14.6247 3
    endloop
  endfacet
  facet normal 0 0 1
    outer loop
      vertex 31.3396 -14.4451 3
      vertex 31.3396 -15.5549 3
      vertex 31.4006 -15.3753 3
    endloop
  endfacet
  facet normal 0 0 1
    outer loop
      vertex 31.2557 -14.275 3
      vertex 31.3396 -15.5549 3
      vertex 31.3396 -14.4451 3
    endloop
  endfacet
  facet normal 0 0 1
    outer loop
      vertex 31.2557 -14.275 3
      vertex 31.2557 -15.725 3
      vertex 31.3396 -15.5549 3
    endloop
  endfacet
  facet normal 0 0 1
    outer loop
      vertex 31.1504 -14.1173 3
      vertex 31.2557 -15.725 3
      vertex 31.2557 -14.275 3
    endloop
  endfacet
  facet normal 0 0 1
    outer loop
      vertex 31.1504 -14.1173 3
      vertex 31.1504 -15.8827 3
      vertex 31.2557 -15.725 3
    endloop
  endfacet
  facet normal 0 0 1
    outer loop
      vertex 31.0253 -13.9747 3
      vertex 31.1504 -15.8827 3
      vertex 31.1504 -14.1173 3
    endloop
  endfacet
  facet normal 0 0 1
    outer loop
      vertex 31.0253 -13.9747 3
      vertex 31.0253 -16.0253 3
      vertex 31.1504 -15.8827 3
    endloop
  endfacet
  facet normal 0 0 1
    outer loop
      vertex 30.8827 -13.8496 3
      vertex 31.0253 -16.0253 3
      vertex 31.0253 -13.9747 3
    endloop
  endfacet
  facet normal 0 0 1
    outer loop
      vertex 30.8827 -13.8496 3
      vertex 30.8827 -16.1504 3
      vertex 31.0253 -16.0253 3
    endloop
  endfacet
  facet normal 0 0 1
    outer loop
      vertex 30.725 -13.7443 3
      vertex 30.8827 -16.1504 3
      vertex 30.8827 -13.8496 3
    endloop
  endfacet
  facet normal 0 0 1
    outer loop
      vertex 30.725 -13.7443 3
      vertex 30.725 -16.2557 3
      vertex 30.8827 -16.1504 3
    endloop
  endfacet
  facet normal 0 0 1
    outer loop
      vertex 30.5549 -13.6604 3
      vertex 30.725 -16.2557 3
      vertex 30.725 -13.7443 3
    endloop
  endfacet
  facet normal 0 0 1
    outer loop
      vertex 30.5549 -13.6604 3
      vertex 30.5549 -16.3396 3
      vertex 30.725 -16.2557 3
    endloop
  endfacet
  facet normal 0 0 1
    outer loop
      vertex 30.3753 -13.5994 3
      vertex 30.5549 -16.3396 3
      vertex 30.5549 -13.6604 3
    endloop
  endfacet
  facet normal 0 0 1
    outer loop
      vertex 30.3753 -13.5994 3
      vertex 30.3753 -16.4006 3
      vertex 30.5549 -16.3396 3
    endloop
  endfacet
  facet normal 0 0 1
    outer loop
      vertex 30.1893 -13.5624 3
      vertex 30.3753 -16.4006 3
      vertex 30.3753 -13.5994 3
    endloop
  endfacet
  facet normal 0 0 1
    outer loop
      vertex 30.1893 -13.5624 3
      vertex 30.1893 -16.4376 3
      vertex 30.3753 -16.4006 3
    endloop
  endfacet
  facet normal 0 0 1
    outer loop
      vertex 30 -13.55 3
      vertex 30.1893 -16.4376 3
      vertex 30.1893 -13.5624 3
    endloop
  endfacet
  facet normal 0 0 1
    outer loop
      vertex 30 -13.55 3
      vertex 30 -16.45 3
      vertex 30.1893 -16.4376 3
    endloop
  endfacet
  facet normal -0 0 1
    outer loop
      vertex 29.8107 -13.5624 3
      vertex 30 -16.45 3
      vertex 30 -13.55 3
    endloop
  endfacet
  facet normal 0 0 1
    outer loop
      vertex 29.8107 -13.5624 3
      vertex 29.8107 -16.4376 3
      vertex 30 -16.45 3
    endloop
  endfacet
  facet normal -0 0 1
    outer loop
      vertex 29.6247 -13.5994 3
      vertex 29.8107 -16.4376 3
      vertex 29.8107 -13.5624 3
    endloop
  endfacet
  facet normal 0 0 1
    outer loop
      vertex 29.6247 -13.5994 3
      vertex 29.6247 -16.4006 3
      vertex 29.8107 -16.4376 3
    endloop
  endfacet
  facet normal -0 0 1
    outer loop
      vertex 29.4451 -13.6604 3
      vertex 29.6247 -16.4006 3
      vertex 29.6247 -13.5994 3
    endloop
  endfacet
  facet normal 0 0 1
    outer loop
      vertex 29.4451 -13.6604 3
      vertex 29.4451 -16.3396 3
      vertex 29.6247 -16.4006 3
    endloop
  endfacet
  facet normal -0 0 1
    outer loop
      vertex 29.275 -13.7443 3
      vertex 29.4451 -16.3396 3
      vertex 29.4451 -13.6604 3
    endloop
  endfacet
  facet normal 0 0 1
    outer loop
      vertex 29.275 -13.7443 3
      vertex 29.275 -16.2557 3
      vertex 29.4451 -16.3396 3
    endloop
  endfacet
  facet normal -0 0 1
    outer loop
      vertex 29.1173 -13.8496 3
      vertex 29.275 -16.2557 3
      vertex 29.275 -13.7443 3
    endloop
  endfacet
  facet normal 0 0 1
    outer loop
      vertex 29.1173 -13.8496 3
      vertex 29.1173 -16.1504 3
      vertex 29.275 -16.2557 3
    endloop
  endfacet
  facet normal -0 0 1
    outer loop
      vertex 28.9747 -13.9747 3
      vertex 29.1173 -16.1504 3
      vertex 29.1173 -13.8496 3
    endloop
  endfacet
  facet normal 0 0 1
    outer loop
      vertex 28.9747 -13.9747 3
      vertex 28.9747 -16.0253 3
      vertex 29.1173 -16.1504 3
    endloop
  endfacet
  facet normal -0 0 1
    outer loop
      vertex 28.8496 -14.1173 3
      vertex 28.9747 -16.0253 3
      vertex 28.9747 -13.9747 3
    endloop
  endfacet
  facet normal 0 0 1
    outer loop
      vertex 28.8496 -14.1173 3
      vertex 28.8496 -15.8827 3
      vertex 28.9747 -16.0253 3
    endloop
  endfacet
  facet normal -0 0 1
    outer loop
      vertex 28.7443 -14.275 3
      vertex 28.8496 -15.8827 3
      vertex 28.8496 -14.1173 3
    endloop
  endfacet
  facet normal 0 0 1
    outer loop
      vertex 28.7443 -14.275 3
      vertex 28.7443 -15.725 3
      vertex 28.8496 -15.8827 3
    endloop
  endfacet
  facet normal -0 0 1
    outer loop
      vertex 28.6604 -14.4451 3
      vertex 28.7443 -15.725 3
      vertex 28.7443 -14.275 3
    endloop
  endfacet
  facet normal 0 0 1
    outer loop
      vertex 28.6604 -14.4451 3
      vertex 28.6604 -15.5549 3
      vertex 28.7443 -15.725 3
    endloop
  endfacet
  facet normal -0 0 1
    outer loop
      vertex 28.5994 -14.6247 3
      vertex 28.6604 -15.5549 3
      vertex 28.6604 -14.4451 3
    endloop
  endfacet
  facet normal 0 0 1
    outer loop
      vertex 28.5994 -14.6247 3
      vertex 28.5994 -15.3753 3
      vertex 28.6604 -15.5549 3
    endloop
  endfacet
  facet normal -0 0 1
    outer loop
      vertex 28.5624 -14.8107 3
      vertex 28.5994 -15.3753 3
      vertex 28.5994 -14.6247 3
    endloop
  endfacet
  facet normal 0 0 1
    outer loop
      vertex 28.5624 -14.8107 3
      vertex 28.5624 -15.1893 3
      vertex 28.5994 -15.3753 3
    endloop
  endfacet
  facet normal 0 -0 1
    outer loop
      vertex 28.5624 -15.1893 3
      vertex 28.5624 -14.8107 3
      vertex 28.55 -15 3
    endloop
  endfacet
  facet normal 0 0 1
    outer loop
      vertex 31.4376 15.1893 3
      vertex 31.4376 14.8107 3
      vertex 31.45 15 3
    endloop
  endfacet
  facet normal 0 0 1
    outer loop
      vertex 31.4006 15.3753 3
      vertex 31.4376 14.8107 3
      vertex 31.4376 15.1893 3
    endloop
  endfacet
  facet normal 0 0 1
    outer loop
      vertex 31.4006 15.3753 3
      vertex 31.4006 14.6247 3
      vertex 31.4376 14.8107 3
    endloop
  endfacet
  facet normal 0 0 1
    outer loop
      vertex 31.3396 15.5549 3
      vertex 31.4006 14.6247 3
      vertex 31.4006 15.3753 3
    endloop
  endfacet
  facet normal 0 0 1
    outer loop
      vertex 31.3396 15.5549 3
      vertex 31.3396 14.4451 3
      vertex 31.4006 14.6247 3
    endloop
  endfacet
  facet normal 0 0 1
    outer loop
      vertex 31.2557 15.725 3
      vertex 31.3396 14.4451 3
      vertex 31.3396 15.5549 3
    endloop
  endfacet
  facet normal 0 0 1
    outer loop
      vertex 31.2557 15.725 3
      vertex 31.2557 14.275 3
      vertex 31.3396 14.4451 3
    endloop
  endfacet
  facet normal 0 0 1
    outer loop
      vertex 31.1504 15.8827 3
      vertex 31.2557 14.275 3
      vertex 31.2557 15.725 3
    endloop
  endfacet
  facet normal 0 0 1
    outer loop
      vertex 31.1504 15.8827 3
      vertex 31.1504 14.1173 3
      vertex 31.2557 14.275 3
    endloop
  endfacet
  facet normal 0 0 1
    outer loop
      vertex 31.0253 16.0253 3
      vertex 31.1504 14.1173 3
      vertex 31.1504 15.8827 3
    endloop
  endfacet
  facet normal 0 0 1
    outer loop
      vertex 31.0253 16.0253 3
      vertex 31.0253 13.9747 3
      vertex 31.1504 14.1173 3
    endloop
  endfacet
  facet normal 0 0 1
    outer loop
      vertex 30.8827 16.1504 3
      vertex 31.0253 13.9747 3
      vertex 31.0253 16.0253 3
    endloop
  endfacet
  facet normal 0 0 1
    outer loop
      vertex 30.8827 16.1504 3
      vertex 30.8827 13.8496 3
      vertex 31.0253 13.9747 3
    endloop
  endfacet
  facet normal 0 0 1
    outer loop
      vertex 30.725 16.2557 3
      vertex 30.8827 13.8496 3
      vertex 30.8827 16.1504 3
    endloop
  endfacet
  facet normal 0 0 1
    outer loop
      vertex 30.725 16.2557 3
      vertex 30.725 13.7443 3
      vertex 30.8827 13.8496 3
    endloop
  endfacet
  facet normal 0 0 1
    outer loop
      vertex 30.5549 16.3396 3
      vertex 30.725 13.7443 3
      vertex 30.725 16.2557 3
    endloop
  endfacet
  facet normal 0 0 1
    outer loop
      vertex 30.5549 16.3396 3
      vertex 30.5549 13.6604 3
      vertex 30.725 13.7443 3
    endloop
  endfacet
  facet normal 0 0 1
    outer loop
      vertex 30.3753 16.4006 3
      vertex 30.5549 13.6604 3
      vertex 30.5549 16.3396 3
    endloop
  endfacet
  facet normal 0 0 1
    outer loop
      vertex 30.3753 16.4006 3
      vertex 30.3753 13.5994 3
      vertex 30.5549 13.6604 3
    endloop
  endfacet
  facet normal 0 0 1
    outer loop
      vertex 30.1893 16.4376 3
      vertex 30.3753 13.5994 3
      vertex 30.3753 16.4006 3
    endloop
  endfacet
  facet normal 0 0 1
    outer loop
      vertex 30.1893 16.4376 3
      vertex 30.1893 13.5624 3
      vertex 30.3753 13.5994 3
    endloop
  endfacet
  facet normal 0 0 1
    outer loop
      vertex 30 16.45 3
      vertex 30.1893 13.5624 3
      vertex 30.1893 16.4376 3
    endloop
  endfacet
  facet normal 0 0 1
    outer loop
      vertex 30 16.45 3
      vertex 30 13.55 3
      vertex 30.1893 13.5624 3
    endloop
  endfacet
  facet normal -0 0 1
    outer loop
      vertex 29.8107 16.4376 3
      vertex 30 13.55 3
      vertex 30 16.45 3
    endloop
  endfacet
  facet normal 0 0 1
    outer loop
      vertex 29.8107 16.4376 3
      vertex 29.8107 13.5624 3
      vertex 30 13.55 3
    endloop
  endfacet
  facet normal -0 0 1
    outer loop
      vertex 29.6247 16.4006 3
      vertex 29.8107 13.5624 3
      vertex 29.8107 16.4376 3
    endloop
  endfacet
  facet normal 0 0 1
    outer loop
      vertex 29.6247 16.4006 3
      vertex 29.6247 13.5994 3
      vertex 29.8107 13.5624 3
    endloop
  endfacet
  facet normal -0 0 1
    outer loop
      vertex 29.4451 16.3396 3
      vertex 29.6247 13.5994 3
      vertex 29.6247 16.4006 3
    endloop
  endfacet
  facet normal 0 0 1
    outer loop
      vertex 29.4451 16.3396 3
      vertex 29.4451 13.6604 3
      vertex 29.6247 13.5994 3
    endloop
  endfacet
  facet normal -0 0 1
    outer loop
      vertex 29.275 16.2557 3
      vertex 29.4451 13.6604 3
      vertex 29.4451 16.3396 3
    endloop
  endfacet
  facet normal 0 0 1
    outer loop
      vertex 29.275 16.2557 3
      vertex 29.275 13.7443 3
      vertex 29.4451 13.6604 3
    endloop
  endfacet
  facet normal -0 0 1
    outer loop
      vertex 29.1173 16.1504 3
      vertex 29.275 13.7443 3
      vertex 29.275 16.2557 3
    endloop
  endfacet
  facet normal 0 0 1
    outer loop
      vertex 29.1173 16.1504 3
      vertex 29.1173 13.8496 3
      vertex 29.275 13.7443 3
    endloop
  endfacet
  facet normal -0 0 1
    outer loop
      vertex 28.9747 16.0253 3
      vertex 29.1173 13.8496 3
      vertex 29.1173 16.1504 3
    endloop
  endfacet
  facet normal 0 0 1
    outer loop
      vertex 28.9747 16.0253 3
      vertex 28.9747 13.9747 3
      vertex 29.1173 13.8496 3
    endloop
  endfacet
  facet normal -0 0 1
    outer loop
      vertex 28.8496 15.8827 3
      vertex 28.9747 13.9747 3
      vertex 28.9747 16.0253 3
    endloop
  endfacet
  facet normal 0 0 1
    outer loop
      vertex 28.8496 15.8827 3
      vertex 28.8496 14.1173 3
      vertex 28.9747 13.9747 3
    endloop
  endfacet
  facet normal -0 0 1
    outer loop
      vertex 28.7443 15.725 3
      vertex 28.8496 14.1173 3
      vertex 28.8496 15.8827 3
    endloop
  endfacet
  facet normal 0 0 1
    outer loop
      vertex 28.7443 15.725 3
      vertex 28.7443 14.275 3
      vertex 28.8496 14.1173 3
    endloop
  endfacet
  facet normal -0 0 1
    outer loop
      vertex 28.6604 15.5549 3
      vertex 28.7443 14.275 3
      vertex 28.7443 15.725 3
    endloop
  endfacet
  facet normal 0 0 1
    outer loop
      vertex 28.6604 15.5549 3
      vertex 28.6604 14.4451 3
      vertex 28.7443 14.275 3
    endloop
  endfacet
  facet normal -0 0 1
    outer loop
      vertex 28.5994 15.3753 3
      vertex 28.6604 14.4451 3
      vertex 28.6604 15.5549 3
    endloop
  endfacet
  facet normal 0 0 1
    outer loop
      vertex 28.5994 15.3753 3
      vertex 28.5994 14.6247 3
      vertex 28.6604 14.4451 3
    endloop
  endfacet
  facet normal -0 0 1
    outer loop
      vertex 28.5624 15.1893 3
      vertex 28.5994 14.6247 3
      vertex 28.5994 15.3753 3
    endloop
  endfacet
  facet normal 0 0 1
    outer loop
      vertex 28.5624 15.1893 3
      vertex 28.5624 14.8107 3
      vertex 28.5994 14.6247 3
    endloop
  endfacet
  facet normal 0 -0 1
    outer loop
      vertex 28.5624 14.8107 3
      vertex 28.5624 15.1893 3
      vertex 28.55 15 3
    endloop
  endfacet
  facet normal -0 0 1
    outer loop
      vertex -67.15 38.5278 3
      vertex -33.8637 16.0353 3
      vertex -66.9651 38.6513 3
    endloop
  endfacet
  facet normal 0 0 1
    outer loop
      vertex -33.6955 -13.4693 3
      vertex -66.3145 -39.7781 3
      vertex -66.3 -40 3
    endloop
  endfacet
  facet normal 0 0 1
    outer loop
      vertex -33.8637 16.0353 3
      vertex -67.15 38.5278 3
      vertex -33.9658 15.5221 3
    endloop
  endfacet
  facet normal 0 0 1
    outer loop
      vertex -33.6955 -13.4693 3
      vertex -66.3579 -39.56 3
      vertex -66.3145 -39.7781 3
    endloop
  endfacet
  facet normal -0 0 1
    outer loop
      vertex -67.3494 38.4294 3
      vertex -33.9658 15.5221 3
      vertex -67.15 38.5278 3
    endloop
  endfacet
  facet normal 0 0 1
    outer loop
      vertex -33.6955 -13.4693 3
      vertex -66.4294 -39.3494 3
      vertex -66.3579 -39.56 3
    endloop
  endfacet
  facet normal 0 0 1
    outer loop
      vertex -33.9658 15.5221 3
      vertex -67.3494 38.4294 3
      vertex -34 15 3
    endloop
  endfacet
  facet normal 0 0 1
    outer loop
      vertex -33.6955 -13.4693 3
      vertex -66.5278 -39.15 3
      vertex -66.4294 -39.3494 3
    endloop
  endfacet
  facet normal -0 0 1
    outer loop
      vertex -67.56 38.3579 3
      vertex -34 15 3
      vertex -67.3494 38.4294 3
    endloop
  endfacet
  facet normal 0 0 1
    outer loop
      vertex -33.6955 -13.4693 3
      vertex -66.6513 -38.9651 3
      vertex -66.5278 -39.15 3
    endloop
  endfacet
  facet normal 0 0 1
    outer loop
      vertex -34 15 3
      vertex -67.56 38.3579 3
      vertex -33.9658 14.4779 3
    endloop
  endfacet
  facet normal 0 0 1
    outer loop
      vertex -33.6955 -13.4693 3
      vertex -66.7979 -38.7979 3
      vertex -66.6513 -38.9651 3
    endloop
  endfacet
  facet normal -0 0 1
    outer loop
      vertex -67.7781 38.3145 3
      vertex -33.9658 14.4779 3
      vertex -67.56 38.3579 3
    endloop
  endfacet
  facet normal 0 0 1
    outer loop
      vertex -33.6955 -13.4693 3
      vertex -66.9651 -38.6513 3
      vertex -66.7979 -38.7979 3
    endloop
  endfacet
  facet normal 0 0 1
    outer loop
      vertex -33.9658 14.4779 3
      vertex -67.7781 38.3145 3
      vertex -33.8637 13.9647 3
    endloop
  endfacet
  facet normal 0 0 1
    outer loop
      vertex -33.6955 -13.4693 3
      vertex -67.15 -38.5278 3
      vertex -66.9651 -38.6513 3
    endloop
  endfacet
  facet normal -0 0 1
    outer loop
      vertex -68 38.3 3
      vertex -33.8637 13.9647 3
      vertex -67.7781 38.3145 3
    endloop
  endfacet
  facet normal 0 0 1
    outer loop
      vertex -33.6955 -13.4693 3
      vertex -67.3494 -38.4294 3
      vertex -67.15 -38.5278 3
    endloop
  endfacet
  facet normal 0 0 1
    outer loop
      vertex -33.8637 13.9647 3
      vertex -68 38.3 3
      vertex -33.6955 13.4693 3
    endloop
  endfacet
  facet normal 0 0 1
    outer loop
      vertex -33.6955 -13.4693 3
      vertex -67.56 -38.3579 3
      vertex -67.3494 -38.4294 3
    endloop
  endfacet
  facet normal 0 0 1
    outer loop
      vertex -33.6955 13.4693 3
      vertex -68 38.3 3
      vertex -33.6955 -13.4693 3
    endloop
  endfacet
  facet normal 0 0 1
    outer loop
      vertex -33.6955 -13.4693 3
      vertex -67.7781 -38.3145 3
      vertex -67.56 -38.3579 3
    endloop
  endfacet
  facet normal 0 0 1
    outer loop
      vertex -68 -38.3 3
      vertex -33.6955 -13.4693 3
      vertex -68 38.3 3
    endloop
  endfacet
  facet normal 0 0 1
    outer loop
      vertex -33.6955 -13.4693 3
      vertex -68 -38.3 3
      vertex -67.7781 -38.3145 3
    endloop
  endfacet
  facet normal 0 0 1
    outer loop
      vertex -68.2219 38.3145 3
      vertex -68 -38.3 3
      vertex -68 38.3 3
    endloop
  endfacet
  facet normal 0 0 1
    outer loop
      vertex -68.2219 38.3145 3
      vertex -68.2219 -38.3145 3
      vertex -68 -38.3 3
    endloop
  endfacet
  facet normal 0 0 1
    outer loop
      vertex -68.44 38.3579 3
      vertex -68.2219 -38.3145 3
      vertex -68.2219 38.3145 3
    endloop
  endfacet
  facet normal 0 0 1
    outer loop
      vertex -68.44 38.3579 3
      vertex -68.44 -38.3579 3
      vertex -68.2219 -38.3145 3
    endloop
  endfacet
  facet normal 0 0 1
    outer loop
      vertex -68.6506 38.4294 3
      vertex -68.44 -38.3579 3
      vertex -68.44 38.3579 3
    endloop
  endfacet
  facet normal 0 0 1
    outer loop
      vertex -68.6506 38.4294 3
      vertex -68.6506 -38.4294 3
      vertex -68.44 -38.3579 3
    endloop
  endfacet
  facet normal 0 0 1
    outer loop
      vertex -68.85 38.5278 3
      vertex -68.6506 -38.4294 3
      vertex -68.6506 38.4294 3
    endloop
  endfacet
  facet normal 0 0 1
    outer loop
      vertex -68.85 38.5278 3
      vertex -68.85 -38.5278 3
      vertex -68.6506 -38.4294 3
    endloop
  endfacet
  facet normal 0 0 1
    outer loop
      vertex -69.0349 38.6513 3
      vertex -68.85 -38.5278 3
      vertex -68.85 38.5278 3
    endloop
  endfacet
  facet normal 0 0 1
    outer loop
      vertex -69.0349 38.6513 3
      vertex -69.0349 -38.6513 3
      vertex -68.85 -38.5278 3
    endloop
  endfacet
  facet normal 0 0 1
    outer loop
      vertex -81.3 46 3
      vertex -69.0349 38.6513 3
      vertex -69.2021 38.7979 3
    endloop
  endfacet
  facet normal 0 0 1
    outer loop
      vertex -69.0349 38.6513 3
      vertex -81.3 46 3
      vertex -69.0349 -38.6513 3
    endloop
  endfacet
  facet normal 0 0 1
    outer loop
      vertex -81.3 46 3
      vertex -69.2021 38.7979 3
      vertex -69.3487 38.9651 3
    endloop
  endfacet
  facet normal 0 0 1
    outer loop
      vertex -81.3 -46 3
      vertex -69.0349 -38.6513 3
      vertex -81.3 46 3
    endloop
  endfacet
  facet normal 0 0 1
    outer loop
      vertex -81.3 46 3
      vertex -69.3487 38.9651 3
      vertex -69.4722 39.15 3
    endloop
  endfacet
  facet normal 0 0 1
    outer loop
      vertex -69.0349 -38.6513 3
      vertex -81.3 -46 3
      vertex -69.2021 -38.7979 3
    endloop
  endfacet
  facet normal 0 0 1
    outer loop
      vertex -81.3 46 3
      vertex -69.4722 39.15 3
      vertex -69.5706 39.3494 3
    endloop
  endfacet
  facet normal 0 0 1
    outer loop
      vertex -69.2021 -38.7979 3
      vertex -81.3 -46 3
      vertex -69.3487 -38.9651 3
    endloop
  endfacet
  facet normal 0 0 1
    outer loop
      vertex -81.3 46 3
      vertex -69.5706 39.3494 3
      vertex -69.6421 39.56 3
    endloop
  endfacet
  facet normal 0 0 1
    outer loop
      vertex -69.3487 -38.9651 3
      vertex -81.3 -46 3
      vertex -69.4722 -39.15 3
    endloop
  endfacet
  facet normal 0 0 1
    outer loop
      vertex -81.3 46 3
      vertex -69.6421 39.56 3
      vertex -69.6855 39.7781 3
    endloop
  endfacet
  facet normal 0 0 1
    outer loop
      vertex -69.4722 -39.15 3
      vertex -81.3 -46 3
      vertex -69.5706 -39.3494 3
    endloop
  endfacet
  facet normal 0 0 1
    outer loop
      vertex -81.3 46 3
      vertex -69.6855 39.7781 3
      vertex -69.7 40 3
    endloop
  endfacet
  facet normal 0 0 1
    outer loop
      vertex -69.5706 -39.3494 3
      vertex -81.3 -46 3
      vertex -69.6421 -39.56 3
    endloop
  endfacet
  facet normal 0 0 1
    outer loop
      vertex -26.3045 13.4693 3
      vertex 26.3045 13.4693 3
      vertex -26.1363 13.9647 3
    endloop
  endfacet
  facet normal 0 0 1
    outer loop
      vertex 26.3045 -13.4693 3
      vertex -26.0342 -14.4779 3
      vertex -26 -15 3
    endloop
  endfacet
  facet normal 0 0 1
    outer loop
      vertex 26.3045 13.4693 3
      vertex -26.3045 13.4693 3
      vertex 26.3045 -13.4693 3
    endloop
  endfacet
  facet normal 0 0 1
    outer loop
      vertex 26.3045 -13.4693 3
      vertex -26.1363 -13.9647 3
      vertex -26.0342 -14.4779 3
    endloop
  endfacet
  facet normal 0 0 1
    outer loop
      vertex -26.3045 -13.4693 3
      vertex 26.3045 -13.4693 3
      vertex -26.3045 13.4693 3
    endloop
  endfacet
  facet normal 0 0 1
    outer loop
      vertex 26.3045 -13.4693 3
      vertex -26.3045 -13.4693 3
      vertex -26.1363 -13.9647 3
    endloop
  endfacet
  facet normal -0 0 1
    outer loop
      vertex -26.5359 13 3
      vertex -26.3045 -13.4693 3
      vertex -26.3045 13.4693 3
    endloop
  endfacet
  facet normal 0 0 1
    outer loop
      vertex -26.5359 13 3
      vertex -26.5359 -13 3
      vertex -26.3045 -13.4693 3
    endloop
  endfacet
  facet normal -0 0 1
    outer loop
      vertex -26.8266 12.565 3
      vertex -26.5359 -13 3
      vertex -26.5359 13 3
    endloop
  endfacet
  facet normal 0 0 1
    outer loop
      vertex -26.8266 12.565 3
      vertex -26.8266 -12.565 3
      vertex -26.5359 -13 3
    endloop
  endfacet
  facet normal -0 0 1
    outer loop
      vertex -27.1716 12.1716 3
      vertex -26.8266 -12.565 3
      vertex -26.8266 12.565 3
    endloop
  endfacet
  facet normal 0 0 1
    outer loop
      vertex -27.1716 12.1716 3
      vertex -27.1716 -12.1716 3
      vertex -26.8266 -12.565 3
    endloop
  endfacet
  facet normal -0 0 1
    outer loop
      vertex -27.565 11.8266 3
      vertex -27.1716 -12.1716 3
      vertex -27.1716 12.1716 3
    endloop
  endfacet
  facet normal 0 0 1
    outer loop
      vertex -27.565 11.8266 3
      vertex -27.565 -11.8266 3
      vertex -27.1716 -12.1716 3
    endloop
  endfacet
  facet normal -0 0 1
    outer loop
      vertex -28 11.5359 3
      vertex -27.565 -11.8266 3
      vertex -27.565 11.8266 3
    endloop
  endfacet
  facet normal 0 0 1
    outer loop
      vertex -28 11.5359 3
      vertex -28 -11.5359 3
      vertex -27.565 -11.8266 3
    endloop
  endfacet
  facet normal -0 0 1
    outer loop
      vertex -28.4693 11.3045 3
      vertex -28 -11.5359 3
      vertex -28 11.5359 3
    endloop
  endfacet
  facet normal 0 0 1
    outer loop
      vertex -28.4693 11.3045 3
      vertex -28.4693 -11.3045 3
      vertex -28 -11.5359 3
    endloop
  endfacet
  facet normal -0 0 1
    outer loop
      vertex -28.9647 11.1363 3
      vertex -28.4693 -11.3045 3
      vertex -28.4693 11.3045 3
    endloop
  endfacet
  facet normal 0 0 1
    outer loop
      vertex -28.9647 11.1363 3
      vertex -28.9647 -11.1363 3
      vertex -28.4693 -11.3045 3
    endloop
  endfacet
  facet normal -0 0 1
    outer loop
      vertex -29.4779 11.0342 3
      vertex -28.9647 -11.1363 3
      vertex -28.9647 11.1363 3
    endloop
  endfacet
  facet normal 0 0 1
    outer loop
      vertex -29.4779 11.0342 3
      vertex -29.4779 -11.0342 3
      vertex -28.9647 -11.1363 3
    endloop
  endfacet
  facet normal -0 0 1
    outer loop
      vertex -30 11 3
      vertex -29.4779 -11.0342 3
      vertex -29.4779 11.0342 3
    endloop
  endfacet
  facet normal 0 0 1
    outer loop
      vertex -30 11 3
      vertex -30 -11 3
      vertex -29.4779 -11.0342 3
    endloop
  endfacet
  facet normal 0 0 1
    outer loop
      vertex -30.5221 11.0342 3
      vertex -30 -11 3
      vertex -30 11 3
    endloop
  endfacet
  facet normal 0 0 1
    outer loop
      vertex -30.5221 11.0342 3
      vertex -30.5221 -11.0342 3
      vertex -30 -11 3
    endloop
  endfacet
  facet normal 0 0 1
    outer loop
      vertex -31.0353 11.1363 3
      vertex -30.5221 -11.0342 3
      vertex -30.5221 11.0342 3
    endloop
  endfacet
  facet normal 0 0 1
    outer loop
      vertex -31.0353 11.1363 3
      vertex -31.0353 -11.1363 3
      vertex -30.5221 -11.0342 3
    endloop
  endfacet
  facet normal 0 0 1
    outer loop
      vertex -31.5307 11.3045 3
      vertex -31.0353 -11.1363 3
      vertex -31.0353 11.1363 3
    endloop
  endfacet
  facet normal 0 0 1
    outer loop
      vertex -31.5307 11.3045 3
      vertex -31.5307 -11.3045 3
      vertex -31.0353 -11.1363 3
    endloop
  endfacet
  facet normal 0 0 1
    outer loop
      vertex -32 11.5359 3
      vertex -31.5307 -11.3045 3
      vertex -31.5307 11.3045 3
    endloop
  endfacet
  facet normal 0 0 1
    outer loop
      vertex -32 11.5359 3
      vertex -32 -11.5359 3
      vertex -31.5307 -11.3045 3
    endloop
  endfacet
  facet normal 0 0 1
    outer loop
      vertex -32.435 11.8266 3
      vertex -32 -11.5359 3
      vertex -32 11.5359 3
    endloop
  endfacet
  facet normal 0 0 1
    outer loop
      vertex -32.435 11.8266 3
      vertex -32.435 -11.8266 3
      vertex -32 -11.5359 3
    endloop
  endfacet
  facet normal 0 0 1
    outer loop
      vertex -32.8284 12.1716 3
      vertex -32.435 -11.8266 3
      vertex -32.435 11.8266 3
    endloop
  endfacet
  facet normal 0 0 1
    outer loop
      vertex -32.8284 12.1716 3
      vertex -32.8284 -12.1716 3
      vertex -32.435 -11.8266 3
    endloop
  endfacet
  facet normal 0 0 1
    outer loop
      vertex -33.1734 12.565 3
      vertex -32.8284 -12.1716 3
      vertex -32.8284 12.1716 3
    endloop
  endfacet
  facet normal 0 0 1
    outer loop
      vertex -33.1734 12.565 3
      vertex -33.1734 -12.565 3
      vertex -32.8284 -12.1716 3
    endloop
  endfacet
  facet normal 0 0 1
    outer loop
      vertex -33.4641 13 3
      vertex -33.1734 -12.565 3
      vertex -33.1734 12.565 3
    endloop
  endfacet
  facet normal 0 0 1
    outer loop
      vertex -33.4641 13 3
      vertex -33.4641 -13 3
      vertex -33.1734 -12.565 3
    endloop
  endfacet
  facet normal 0 0 1
    outer loop
      vertex -33.6955 13.4693 3
      vertex -33.4641 -13 3
      vertex -33.4641 13 3
    endloop
  endfacet
  facet normal 0 0 1
    outer loop
      vertex -33.6955 13.4693 3
      vertex -33.6955 -13.4693 3
      vertex -33.4641 -13 3
    endloop
  endfacet
  facet normal -0 0 1
    outer loop
      vertex -66.7979 38.7979 3
      vertex -33.6955 16.5307 3
      vertex -66.6513 38.9651 3
    endloop
  endfacet
  facet normal -0 0 1
    outer loop
      vertex -66.9651 38.6513 3
      vertex -33.6955 16.5307 3
      vertex -66.7979 38.7979 3
    endloop
  endfacet
  facet normal 0 0 1
    outer loop
      vertex -33.4641 17 3
      vertex -66.6513 38.9651 3
      vertex -33.6955 16.5307 3
    endloop
  endfacet
  facet normal 0 0 1
    outer loop
      vertex -33.6955 16.5307 3
      vertex -66.9651 38.6513 3
      vertex -33.8637 16.0353 3
    endloop
  endfacet
  facet normal -0 0 1
    outer loop
      vertex -66.6513 38.9651 3
      vertex -33.4641 17 3
      vertex -66.5278 39.15 3
    endloop
  endfacet
  facet normal 0 0 1
    outer loop
      vertex -33.6955 -13.4693 3
      vertex -66.3 -40 3
      vertex -33.8637 -13.9647 3
    endloop
  endfacet
  facet normal 0 0 1
    outer loop
      vertex 14 -42 3
      vertex 0 -47.26 3
      vertex 8 -47.26 3
    endloop
  endfacet
  facet normal -0 0 1
    outer loop
      vertex -14 -42 3
      vertex 0 -47.26 3
      vertex 14 -42 3
    endloop
  endfacet
  facet normal 0 0 1
    outer loop
      vertex -14 -42 3
      vertex 0 -47.3 3
      vertex 0 -47.26 3
    endloop
  endfacet
  facet normal -0 0 1
    outer loop
      vertex -26.0342 -15.5221 3
      vertex -14 -34 3
      vertex -26 -15 3
    endloop
  endfacet
  facet normal -0 0 1
    outer loop
      vertex -26.1363 -16.0353 3
      vertex -14 -34 3
      vertex -26.0342 -15.5221 3
    endloop
  endfacet
  facet normal -0 0 1
    outer loop
      vertex -26.3045 -16.5307 3
      vertex -14 -34 3
      vertex -26.1363 -16.0353 3
    endloop
  endfacet
  facet normal -0 0 1
    outer loop
      vertex -26.5359 -17 3
      vertex -14 -34 3
      vertex -26.3045 -16.5307 3
    endloop
  endfacet
  facet normal -0 0 1
    outer loop
      vertex -26.8266 -17.435 3
      vertex -14 -34 3
      vertex -26.5359 -17 3
    endloop
  endfacet
  facet normal -0 0 1
    outer loop
      vertex -27.1716 -17.8284 3
      vertex -14 -34 3
      vertex -26.8266 -17.435 3
    endloop
  endfacet
  facet normal -0 0 1
    outer loop
      vertex -27.565 -18.1734 3
      vertex -14 -34 3
      vertex -27.1716 -17.8284 3
    endloop
  endfacet
  facet normal -0 0 1
    outer loop
      vertex -28 -18.4641 3
      vertex -14 -34 3
      vertex -27.565 -18.1734 3
    endloop
  endfacet
  facet normal -0 0 1
    outer loop
      vertex -28.4693 -18.6955 3
      vertex -14 -34 3
      vertex -28 -18.4641 3
    endloop
  endfacet
  facet normal -0 0 1
    outer loop
      vertex -28.9647 -18.8637 3
      vertex -14 -34 3
      vertex -28.4693 -18.6955 3
    endloop
  endfacet
  facet normal -0 0 1
    outer loop
      vertex -29.4779 -18.9658 3
      vertex -14 -34 3
      vertex -28.9647 -18.8637 3
    endloop
  endfacet
  facet normal -0 0 1
    outer loop
      vertex -30 -19 3
      vertex -14 -34 3
      vertex -29.4779 -18.9658 3
    endloop
  endfacet
  facet normal 0 0 1
    outer loop
      vertex -30.5221 -18.9658 3
      vertex -14 -34 3
      vertex -30 -19 3
    endloop
  endfacet
  facet normal 0 0 1
    outer loop
      vertex -14 -34 3
      vertex -30.5221 -18.9658 3
      vertex -14 -42 3
    endloop
  endfacet
  facet normal 0 0 1
    outer loop
      vertex -31.0353 -18.8637 3
      vertex -14 -42 3
      vertex -30.5221 -18.9658 3
    endloop
  endfacet
  facet normal 0 0 1
    outer loop
      vertex -31.5307 -18.6955 3
      vertex -14 -42 3
      vertex -31.0353 -18.8637 3
    endloop
  endfacet
  facet normal 0 0 1
    outer loop
      vertex -66.3 -40 3
      vertex -31.5307 -18.6955 3
      vertex -32 -18.4641 3
    endloop
  endfacet
  facet normal 0 0 1
    outer loop
      vertex -66.3 -40 3
      vertex -32 -18.4641 3
      vertex -32.435 -18.1734 3
    endloop
  endfacet
  facet normal 0 0 1
    outer loop
      vertex -66.3 -40 3
      vertex -32.435 -18.1734 3
      vertex -32.8284 -17.8284 3
    endloop
  endfacet
  facet normal 0 0 1
    outer loop
      vertex -66.3 -40 3
      vertex -32.8284 -17.8284 3
      vertex -33.1734 -17.435 3
    endloop
  endfacet
  facet normal 0 0 1
    outer loop
      vertex -33.9658 -14.4779 3
      vertex -66.3 -40 3
      vertex -34 -15 3
    endloop
  endfacet
  facet normal 0 0 1
    outer loop
      vertex -34 -15 3
      vertex -66.3 -40 3
      vertex -33.9658 -15.5221 3
    endloop
  endfacet
  facet normal 0 0 1
    outer loop
      vertex -33.9658 -15.5221 3
      vertex -66.3 -40 3
      vertex -33.8637 -16.0353 3
    endloop
  endfacet
  facet normal 0 0 1
    outer loop
      vertex -33.8637 -16.0353 3
      vertex -66.3 -40 3
      vertex -33.6955 -16.5307 3
    endloop
  endfacet
  facet normal 0 0 1
    outer loop
      vertex -33.6955 -16.5307 3
      vertex -66.3 -40 3
      vertex -33.4641 -17 3
    endloop
  endfacet
  facet normal 0 0 1
    outer loop
      vertex -66.3 -40 3
      vertex -33.1734 -17.435 3
      vertex -33.4641 -17 3
    endloop
  endfacet
  facet normal 0 0 1
    outer loop
      vertex -31.5307 -18.6955 3
      vertex -66.3 -40 3
      vertex -66.3145 -40.2219 3
    endloop
  endfacet
  facet normal 0 0 1
    outer loop
      vertex -31.5307 -18.6955 3
      vertex -66.3145 -40.2219 3
      vertex -14 -42 3
    endloop
  endfacet
  facet normal -0 0 1
    outer loop
      vertex -66.3579 -40.44 3
      vertex -14 -42 3
      vertex -66.3145 -40.2219 3
    endloop
  endfacet
  facet normal -0 0 1
    outer loop
      vertex -66.4294 -40.6506 3
      vertex -14 -42 3
      vertex -66.3579 -40.44 3
    endloop
  endfacet
  facet normal -0 0 1
    outer loop
      vertex -66.5278 -40.85 3
      vertex -14 -42 3
      vertex -66.4294 -40.6506 3
    endloop
  endfacet
  facet normal -0 0 1
    outer loop
      vertex -66.6513 -41.0349 3
      vertex -14 -42 3
      vertex -66.5278 -40.85 3
    endloop
  endfacet
  facet normal -0 0 1
    outer loop
      vertex -66.7979 -41.2021 3
      vertex -14 -42 3
      vertex -66.6513 -41.0349 3
    endloop
  endfacet
  facet normal -0 0 1
    outer loop
      vertex -66.9651 -41.3487 3
      vertex -14 -42 3
      vertex -66.7979 -41.2021 3
    endloop
  endfacet
  facet normal -0 0 1
    outer loop
      vertex -67.15 -41.4722 3
      vertex -14 -42 3
      vertex -66.9651 -41.3487 3
    endloop
  endfacet
  facet normal -0 0 1
    outer loop
      vertex -67.3494 -41.5706 3
      vertex -14 -42 3
      vertex -67.15 -41.4722 3
    endloop
  endfacet
  facet normal 0 0 1
    outer loop
      vertex -80 -47.3 3
      vertex -14 -42 3
      vertex -67.3494 -41.5706 3
    endloop
  endfacet
  facet normal 0 0 1
    outer loop
      vertex -80 -47.3 3
      vertex -67.3494 -41.5706 3
      vertex -67.56 -41.6421 3
    endloop
  endfacet
  facet normal 0 0 1
    outer loop
      vertex -80 -47.3 3
      vertex -67.56 -41.6421 3
      vertex -67.7781 -41.6855 3
    endloop
  endfacet
  facet normal 0 0 1
    outer loop
      vertex -80 -47.3 3
      vertex -67.7781 -41.6855 3
      vertex -68 -41.7 3
    endloop
  endfacet
  facet normal 0 0 1
    outer loop
      vertex -80 -47.3 3
      vertex -68 -41.7 3
      vertex -68.2219 -41.6855 3
    endloop
  endfacet
  facet normal 0 0 1
    outer loop
      vertex -69.6421 -39.56 3
      vertex -81.3 -46 3
      vertex -69.6855 -39.7781 3
    endloop
  endfacet
  facet normal 0 0 1
    outer loop
      vertex -14 -42 3
      vertex -80 -47.3 3
      vertex 0 -47.3 3
    endloop
  endfacet
  facet normal 0 0 1
    outer loop
      vertex -68.44 -41.6421 3
      vertex -80 -47.3 3
      vertex -68.2219 -41.6855 3
    endloop
  endfacet
  facet normal 0 0 1
    outer loop
      vertex -68.6506 -41.5706 3
      vertex -80 -47.3 3
      vertex -68.44 -41.6421 3
    endloop
  endfacet
  facet normal 0 0 1
    outer loop
      vertex -68.85 -41.4722 3
      vertex -80 -47.3 3
      vertex -68.6506 -41.5706 3
    endloop
  endfacet
  facet normal 0 0 1
    outer loop
      vertex -69.0349 -41.3487 3
      vertex -80 -47.3 3
      vertex -68.85 -41.4722 3
    endloop
  endfacet
  facet normal 0 0 1
    outer loop
      vertex -69.2021 -41.2021 3
      vertex -80 -47.3 3
      vertex -69.0349 -41.3487 3
    endloop
  endfacet
  facet normal 0 0 1
    outer loop
      vertex -69.3487 -41.0349 3
      vertex -80 -47.3 3
      vertex -69.2021 -41.2021 3
    endloop
  endfacet
  facet normal 0 0 1
    outer loop
      vertex -69.4722 -40.85 3
      vertex -80 -47.3 3
      vertex -69.3487 -41.0349 3
    endloop
  endfacet
  facet normal 0 0 1
    outer loop
      vertex -69.5706 -40.6506 3
      vertex -80 -47.3 3
      vertex -69.4722 -40.85 3
    endloop
  endfacet
  facet normal 0 0 1
    outer loop
      vertex -69.6421 -40.44 3
      vertex -80 -47.3 3
      vertex -69.5706 -40.6506 3
    endloop
  endfacet
  facet normal 0 0 1
    outer loop
      vertex -81.3 -46 3
      vertex -69.6421 -40.44 3
      vertex -69.6855 -40.2219 3
    endloop
  endfacet
  facet normal 0 0 1
    outer loop
      vertex -69.6855 -39.7781 3
      vertex -81.3 -46 3
      vertex -69.7 -40 3
    endloop
  endfacet
  facet normal 0 0 1
    outer loop
      vertex -81.3 46 3
      vertex -80 47.3 3
      vertex -80.1697 47.2889 3
    endloop
  endfacet
  facet normal 0 0 1
    outer loop
      vertex -69.7 -40 3
      vertex -81.3 -46 3
      vertex -69.6855 -40.2219 3
    endloop
  endfacet
  facet normal 0 0 1
    outer loop
      vertex -81.3 46 3
      vertex -80.1697 47.2889 3
      vertex -80.3365 47.2557 3
    endloop
  endfacet
  facet normal 0 0 1
    outer loop
      vertex -69.6421 -40.44 3
      vertex -81.3 -46 3
      vertex -80 -47.3 3
    endloop
  endfacet
  facet normal 0 0 1
    outer loop
      vertex -81.3 46 3
      vertex -80.3365 47.2557 3
      vertex -80.4975 47.201 3
    endloop
  endfacet
  facet normal 0 0 1
    outer loop
      vertex -80 -47.3 3
      vertex -81.3 -46 3
      vertex -80.1697 -47.2889 3
    endloop
  endfacet
  facet normal 0 0 1
    outer loop
      vertex -81.3 46 3
      vertex -80.4975 47.201 3
      vertex -80.65 47.1258 3
    endloop
  endfacet
  facet normal 0 0 1
    outer loop
      vertex -80.1697 -47.2889 3
      vertex -81.3 -46 3
      vertex -80.3365 -47.2557 3
    endloop
  endfacet
  facet normal 0 0 1
    outer loop
      vertex -81.3 46 3
      vertex -80.65 47.1258 3
      vertex -80.7914 47.0313 3
    endloop
  endfacet
  facet normal 0 0 1
    outer loop
      vertex -80.3365 -47.2557 3
      vertex -81.3 -46 3
      vertex -80.4975 -47.201 3
    endloop
  endfacet
  facet normal 0 0 1
    outer loop
      vertex -81.3 46 3
      vertex -80.7914 47.0313 3
      vertex -80.9192 46.9192 3
    endloop
  endfacet
  facet normal 0 0 1
    outer loop
      vertex -80.4975 -47.201 3
      vertex -81.3 -46 3
      vertex -80.65 -47.1258 3
    endloop
  endfacet
  facet normal 0 0 1
    outer loop
      vertex -81.3 46 3
      vertex -80.9192 46.9192 3
      vertex -81.0313 46.7914 3
    endloop
  endfacet
  facet normal 0 0 1
    outer loop
      vertex -80.65 -47.1258 3
      vertex -81.3 -46 3
      vertex -80.7914 -47.0313 3
    endloop
  endfacet
  facet normal 0 0 1
    outer loop
      vertex -81.3 46 3
      vertex -81.0313 46.7914 3
      vertex -81.1258 46.65 3
    endloop
  endfacet
  facet normal 0 0 1
    outer loop
      vertex -80.7914 -47.0313 3
      vertex -81.3 -46 3
      vertex -80.9192 -46.9192 3
    endloop
  endfacet
  facet normal 0 0 1
    outer loop
      vertex -81.3 46 3
      vertex -81.1258 46.65 3
      vertex -81.201 46.4975 3
    endloop
  endfacet
  facet normal 0 0 1
    outer loop
      vertex -80.9192 -46.9192 3
      vertex -81.3 -46 3
      vertex -81.0313 -46.7914 3
    endloop
  endfacet
  facet normal 0 0 1
    outer loop
      vertex -81.3 46 3
      vertex -81.201 46.4975 3
      vertex -81.2557 46.3365 3
    endloop
  endfacet
  facet normal 0 0 1
    outer loop
      vertex -81.0313 -46.7914 3
      vertex -81.3 -46 3
      vertex -81.1258 -46.65 3
    endloop
  endfacet
  facet normal 0 0 1
    outer loop
      vertex -81.3 46 3
      vertex -81.2557 46.3365 3
      vertex -81.2889 46.1697 3
    endloop
  endfacet
  facet normal 0 0 1
    outer loop
      vertex -81.1258 -46.65 3
      vertex -81.3 -46 3
      vertex -81.201 -46.4975 3
    endloop
  endfacet
  facet normal 0 0 1
    outer loop
      vertex -81.201 -46.4975 3
      vertex -81.3 -46 3
      vertex -81.2557 -46.3365 3
    endloop
  endfacet
  facet normal 0 0 1
    outer loop
      vertex -81.2557 -46.3365 3
      vertex -81.3 -46 3
      vertex -81.2889 -46.1697 3
    endloop
  endfacet
  facet normal 0 0 1
    outer loop
      vertex 33.6955 13.4693 3
      vertex 68 38.3 3
      vertex 33.8637 13.9647 3
    endloop
  endfacet
  facet normal 0 0 1
    outer loop
      vertex 68 -38.3 3
      vertex 33.9658 -14.4779 3
      vertex 34 -15 3
    endloop
  endfacet
  facet normal 0 0 1
    outer loop
      vertex 68 38.3 3
      vertex 33.6955 13.4693 3
      vertex 68 -38.3 3
    endloop
  endfacet
  facet normal 0 0 1
    outer loop
      vertex 68 -38.3 3
      vertex 33.8637 -13.9647 3
      vertex 33.9658 -14.4779 3
    endloop
  endfacet
  facet normal -0 0 1
    outer loop
      vertex 33.6955 -13.4693 3
      vertex 68 -38.3 3
      vertex 33.6955 13.4693 3
    endloop
  endfacet
  facet normal 0 0 1
    outer loop
      vertex 68 -38.3 3
      vertex 33.6955 -13.4693 3
      vertex 33.8637 -13.9647 3
    endloop
  endfacet
  facet normal -0 0 1
    outer loop
      vertex 33.4641 13 3
      vertex 33.6955 -13.4693 3
      vertex 33.6955 13.4693 3
    endloop
  endfacet
  facet normal 0 0 1
    outer loop
      vertex 33.4641 13 3
      vertex 33.4641 -13 3
      vertex 33.6955 -13.4693 3
    endloop
  endfacet
  facet normal -0 0 1
    outer loop
      vertex 33.1734 12.565 3
      vertex 33.4641 -13 3
      vertex 33.4641 13 3
    endloop
  endfacet
  facet normal 0 0 1
    outer loop
      vertex 33.1734 12.565 3
      vertex 33.1734 -12.565 3
      vertex 33.4641 -13 3
    endloop
  endfacet
  facet normal -0 0 1
    outer loop
      vertex 32.8284 12.1716 3
      vertex 33.1734 -12.565 3
      vertex 33.1734 12.565 3
    endloop
  endfacet
  facet normal 0 0 1
    outer loop
      vertex 32.8284 12.1716 3
      vertex 32.8284 -12.1716 3
      vertex 33.1734 -12.565 3
    endloop
  endfacet
  facet normal -0 0 1
    outer loop
      vertex 32.435 11.8266 3
      vertex 32.8284 -12.1716 3
      vertex 32.8284 12.1716 3
    endloop
  endfacet
  facet normal 0 0 1
    outer loop
      vertex 32.435 11.8266 3
      vertex 32.435 -11.8266 3
      vertex 32.8284 -12.1716 3
    endloop
  endfacet
  facet normal -0 0 1
    outer loop
      vertex 32 11.5359 3
      vertex 32.435 -11.8266 3
      vertex 32.435 11.8266 3
    endloop
  endfacet
  facet normal 0 0 1
    outer loop
      vertex 32 11.5359 3
      vertex 32 -11.5359 3
      vertex 32.435 -11.8266 3
    endloop
  endfacet
  facet normal -0 0 1
    outer loop
      vertex 31.5307 11.3045 3
      vertex 32 -11.5359 3
      vertex 32 11.5359 3
    endloop
  endfacet
  facet normal 0 0 1
    outer loop
      vertex 31.5307 11.3045 3
      vertex 31.5307 -11.3045 3
      vertex 32 -11.5359 3
    endloop
  endfacet
  facet normal -0 0 1
    outer loop
      vertex 31.0353 11.1363 3
      vertex 31.5307 -11.3045 3
      vertex 31.5307 11.3045 3
    endloop
  endfacet
  facet normal 0 0 1
    outer loop
      vertex 31.0353 11.1363 3
      vertex 31.0353 -11.1363 3
      vertex 31.5307 -11.3045 3
    endloop
  endfacet
  facet normal -0 0 1
    outer loop
      vertex 30.5221 11.0342 3
      vertex 31.0353 -11.1363 3
      vertex 31.0353 11.1363 3
    endloop
  endfacet
  facet normal 0 0 1
    outer loop
      vertex 30.5221 11.0342 3
      vertex 30.5221 -11.0342 3
      vertex 31.0353 -11.1363 3
    endloop
  endfacet
  facet normal -0 0 1
    outer loop
      vertex 30 11 3
      vertex 30.5221 -11.0342 3
      vertex 30.5221 11.0342 3
    endloop
  endfacet
  facet normal 0 0 1
    outer loop
      vertex 30 11 3
      vertex 30 -11 3
      vertex 30.5221 -11.0342 3
    endloop
  endfacet
  facet normal 0 0 1
    outer loop
      vertex 29.4779 11.0342 3
      vertex 30 -11 3
      vertex 30 11 3
    endloop
  endfacet
  facet normal 0 0 1
    outer loop
      vertex 29.4779 11.0342 3
      vertex 29.4779 -11.0342 3
      vertex 30 -11 3
    endloop
  endfacet
  facet normal 0 0 1
    outer loop
      vertex 28.9647 11.1363 3
      vertex 29.4779 -11.0342 3
      vertex 29.4779 11.0342 3
    endloop
  endfacet
  facet normal 0 0 1
    outer loop
      vertex 28.9647 11.1363 3
      vertex 28.9647 -11.1363 3
      vertex 29.4779 -11.0342 3
    endloop
  endfacet
  facet normal 0 0 1
    outer loop
      vertex 28.4693 11.3045 3
      vertex 28.9647 -11.1363 3
      vertex 28.9647 11.1363 3
    endloop
  endfacet
  facet normal 0 0 1
    outer loop
      vertex 28.4693 11.3045 3
      vertex 28.4693 -11.3045 3
      vertex 28.9647 -11.1363 3
    endloop
  endfacet
  facet normal 0 0 1
    outer loop
      vertex 28 11.5359 3
      vertex 28.4693 -11.3045 3
      vertex 28.4693 11.3045 3
    endloop
  endfacet
  facet normal 0 0 1
    outer loop
      vertex 28 11.5359 3
      vertex 28 -11.5359 3
      vertex 28.4693 -11.3045 3
    endloop
  endfacet
  facet normal 0 0 1
    outer loop
      vertex 27.565 11.8266 3
      vertex 28 -11.5359 3
      vertex 28 11.5359 3
    endloop
  endfacet
  facet normal 0 0 1
    outer loop
      vertex 27.565 11.8266 3
      vertex 27.565 -11.8266 3
      vertex 28 -11.5359 3
    endloop
  endfacet
  facet normal 0 0 1
    outer loop
      vertex 27.1716 12.1716 3
      vertex 27.565 -11.8266 3
      vertex 27.565 11.8266 3
    endloop
  endfacet
  facet normal 0 0 1
    outer loop
      vertex 27.1716 12.1716 3
      vertex 27.1716 -12.1716 3
      vertex 27.565 -11.8266 3
    endloop
  endfacet
  facet normal 0 0 1
    outer loop
      vertex 26.8266 12.565 3
      vertex 27.1716 -12.1716 3
      vertex 27.1716 12.1716 3
    endloop
  endfacet
  facet normal 0 0 1
    outer loop
      vertex 26.8266 12.565 3
      vertex 26.8266 -12.565 3
      vertex 27.1716 -12.1716 3
    endloop
  endfacet
  facet normal 0 0 1
    outer loop
      vertex 26.5359 13 3
      vertex 26.8266 -12.565 3
      vertex 26.8266 12.565 3
    endloop
  endfacet
  facet normal 0 0 1
    outer loop
      vertex 26.5359 13 3
      vertex 26.5359 -13 3
      vertex 26.8266 -12.565 3
    endloop
  endfacet
  facet normal 0 0 1
    outer loop
      vertex 26.3045 13.4693 3
      vertex 26.5359 -13 3
      vertex 26.5359 13 3
    endloop
  endfacet
  facet normal 0 0 1
    outer loop
      vertex 26.3045 13.4693 3
      vertex 26.3045 -13.4693 3
      vertex 26.5359 -13 3
    endloop
  endfacet
  facet normal 0 0 1
    outer loop
      vertex 26.0342 14.4779 3
      vertex -26.0342 14.4779 3
      vertex 26.1363 13.9647 3
    endloop
  endfacet
  facet normal 0 0 1
    outer loop
      vertex -26.1363 13.9647 3
      vertex 26.1363 13.9647 3
      vertex -26.0342 14.4779 3
    endloop
  endfacet
  facet normal 0 0 1
    outer loop
      vertex -26.0342 14.4779 3
      vertex 26.0342 14.4779 3
      vertex -26 15 3
    endloop
  endfacet
  facet normal 0 0 1
    outer loop
      vertex 26.1363 13.9647 3
      vertex -26.1363 13.9647 3
      vertex 26.3045 13.4693 3
    endloop
  endfacet
  facet normal -0 0 1
    outer loop
      vertex -26 15 3
      vertex 26.0342 14.4779 3
      vertex 26 15 3
    endloop
  endfacet
  facet normal 0 0 1
    outer loop
      vertex 26.3045 -13.4693 3
      vertex -26 -15 3
      vertex 26.1363 -13.9647 3
    endloop
  endfacet
  facet normal 0 0 1
    outer loop
      vertex 69.5706 39.3494 3
      vertex 81.3 46 3
      vertex 69.6421 39.56 3
    endloop
  endfacet
  facet normal 0 0 1
    outer loop
      vertex 81.3 -46 3
      vertex 69.6855 -39.7781 3
      vertex 69.7 -40 3
    endloop
  endfacet
  facet normal 0 0 1
    outer loop
      vertex 69.4722 39.15 3
      vertex 81.3 46 3
      vertex 69.5706 39.3494 3
    endloop
  endfacet
  facet normal 0 0 1
    outer loop
      vertex 81.3 -46 3
      vertex 69.6421 -39.56 3
      vertex 69.6855 -39.7781 3
    endloop
  endfacet
  facet normal 0 0 1
    outer loop
      vertex 69.3487 38.9651 3
      vertex 81.3 46 3
      vertex 69.4722 39.15 3
    endloop
  endfacet
  facet normal 0 0 1
    outer loop
      vertex 81.3 -46 3
      vertex 69.5706 -39.3494 3
      vertex 69.6421 -39.56 3
    endloop
  endfacet
  facet normal 0 0 1
    outer loop
      vertex 69.2021 38.7979 3
      vertex 81.3 46 3
      vertex 69.3487 38.9651 3
    endloop
  endfacet
  facet normal 0 0 1
    outer loop
      vertex 81.3 -46 3
      vertex 69.4722 -39.15 3
      vertex 69.5706 -39.3494 3
    endloop
  endfacet
  facet normal 0 0 1
    outer loop
      vertex 69.0349 38.6513 3
      vertex 81.3 46 3
      vertex 69.2021 38.7979 3
    endloop
  endfacet
  facet normal 0 0 1
    outer loop
      vertex 81.3 -46 3
      vertex 69.3487 -38.9651 3
      vertex 69.4722 -39.15 3
    endloop
  endfacet
  facet normal 0 0 1
    outer loop
      vertex 81.3 46 3
      vertex 69.0349 38.6513 3
      vertex 81.3 -46 3
    endloop
  endfacet
  facet normal 0 0 1
    outer loop
      vertex 81.3 -46 3
      vertex 69.2021 -38.7979 3
      vertex 69.3487 -38.9651 3
    endloop
  endfacet
  facet normal -0 0 1
    outer loop
      vertex 69.0349 -38.6513 3
      vertex 81.3 -46 3
      vertex 69.0349 38.6513 3
    endloop
  endfacet
  facet normal 0 0 1
    outer loop
      vertex 81.3 -46 3
      vertex 69.0349 -38.6513 3
      vertex 69.2021 -38.7979 3
    endloop
  endfacet
  facet normal -0 0 1
    outer loop
      vertex 68.85 38.5278 3
      vertex 69.0349 -38.6513 3
      vertex 69.0349 38.6513 3
    endloop
  endfacet
  facet normal 0 0 1
    outer loop
      vertex 68.85 38.5278 3
      vertex 68.85 -38.5278 3
      vertex 69.0349 -38.6513 3
    endloop
  endfacet
  facet normal -0 0 1
    outer loop
      vertex 68.6506 38.4294 3
      vertex 68.85 -38.5278 3
      vertex 68.85 38.5278 3
    endloop
  endfacet
  facet normal 0 0 1
    outer loop
      vertex 68.6506 38.4294 3
      vertex 68.6506 -38.4294 3
      vertex 68.85 -38.5278 3
    endloop
  endfacet
  facet normal -0 0 1
    outer loop
      vertex 68.44 38.3579 3
      vertex 68.6506 -38.4294 3
      vertex 68.6506 38.4294 3
    endloop
  endfacet
  facet normal 0 0 1
    outer loop
      vertex 68.44 38.3579 3
      vertex 68.44 -38.3579 3
      vertex 68.6506 -38.4294 3
    endloop
  endfacet
  facet normal -0 0 1
    outer loop
      vertex 68.2219 38.3145 3
      vertex 68.44 -38.3579 3
      vertex 68.44 38.3579 3
    endloop
  endfacet
  facet normal 0 0 1
    outer loop
      vertex 68.2219 38.3145 3
      vertex 68.2219 -38.3145 3
      vertex 68.44 -38.3579 3
    endloop
  endfacet
  facet normal -0 0 1
    outer loop
      vertex 68 38.3 3
      vertex 68.2219 -38.3145 3
      vertex 68.2219 38.3145 3
    endloop
  endfacet
  facet normal 0 0 1
    outer loop
      vertex 68 38.3 3
      vertex 68 -38.3 3
      vertex 68.2219 -38.3145 3
    endloop
  endfacet
  facet normal 0 0 1
    outer loop
      vertex 67.56 38.3579 3
      vertex 33.9658 14.4779 3
      vertex 67.7781 38.3145 3
    endloop
  endfacet
  facet normal 0 0 1
    outer loop
      vertex 33.8637 13.9647 3
      vertex 67.7781 38.3145 3
      vertex 33.9658 14.4779 3
    endloop
  endfacet
  facet normal 0 0 1
    outer loop
      vertex 33.9658 14.4779 3
      vertex 67.56 38.3579 3
      vertex 34 15 3
    endloop
  endfacet
  facet normal 0 0 1
    outer loop
      vertex 67.7781 38.3145 3
      vertex 33.8637 13.9647 3
      vertex 68 38.3 3
    endloop
  endfacet
  facet normal 0 0 1
    outer loop
      vertex 34 15 3
      vertex 67.56 38.3579 3
      vertex 67.3494 38.4294 3
    endloop
  endfacet
  facet normal 0 0 1
    outer loop
      vertex 68 -38.3 3
      vertex 34 -15 3
      vertex 67.7781 -38.3145 3
    endloop
  endfacet
  facet normal 0 0 1
    outer loop
      vertex 33.9658 15.5221 3
      vertex 67.3494 38.4294 3
      vertex 67.15 38.5278 3
    endloop
  endfacet
  facet normal 0 0 1
    outer loop
      vertex 67.7781 -38.3145 3
      vertex 34 -15 3
      vertex 67.56 -38.3579 3
    endloop
  endfacet
  facet normal 0 0 1
    outer loop
      vertex 33.8637 16.0353 3
      vertex 67.15 38.5278 3
      vertex 66.9651 38.6513 3
    endloop
  endfacet
  facet normal 0 0 1
    outer loop
      vertex 67.56 -38.3579 3
      vertex 34 -15 3
      vertex 67.3494 -38.4294 3
    endloop
  endfacet
  facet normal 0 0 1
    outer loop
      vertex 33.6955 16.5307 3
      vertex 66.9651 38.6513 3
      vertex 66.7979 38.7979 3
    endloop
  endfacet
  facet normal -0 0 1
    outer loop
      vertex 33.9658 -15.5221 3
      vertex 67.3494 -38.4294 3
      vertex 34 -15 3
    endloop
  endfacet
  facet normal 0 0 1
    outer loop
      vertex 33.6955 16.5307 3
      vertex 66.7979 38.7979 3
      vertex 66.6513 38.9651 3
    endloop
  endfacet
  facet normal 0 0 1
    outer loop
      vertex 67.3494 -38.4294 3
      vertex 33.9658 -15.5221 3
      vertex 67.15 -38.5278 3
    endloop
  endfacet
  facet normal 0 0 1
    outer loop
      vertex 33.4641 17 3
      vertex 66.6513 38.9651 3
      vertex 66.5278 39.15 3
    endloop
  endfacet
  facet normal -0 0 1
    outer loop
      vertex 33.8637 -16.0353 3
      vertex 67.15 -38.5278 3
      vertex 33.9658 -15.5221 3
    endloop
  endfacet
  facet normal 0 0 1
    outer loop
      vertex 33.1734 17.435 3
      vertex 66.5278 39.15 3
      vertex 66.4294 39.3494 3
    endloop
  endfacet
  facet normal 0 0 1
    outer loop
      vertex 67.15 -38.5278 3
      vertex 33.8637 -16.0353 3
      vertex 66.9651 -38.6513 3
    endloop
  endfacet
  facet normal 0 0 1
    outer loop
      vertex 32.8284 17.8284 3
      vertex 66.4294 39.3494 3
      vertex 66.3579 39.56 3
    endloop
  endfacet
  facet normal -0 0 1
    outer loop
      vertex 33.6955 -16.5307 3
      vertex 66.9651 -38.6513 3
      vertex 33.8637 -16.0353 3
    endloop
  endfacet
  facet normal 0 0 1
    outer loop
      vertex 32.435 18.1734 3
      vertex 66.3579 39.56 3
      vertex 66.3145 39.7781 3
    endloop
  endfacet
  facet normal 0 0 1
    outer loop
      vertex 66.9651 -38.6513 3
      vertex 33.6955 -16.5307 3
      vertex 66.7979 -38.7979 3
    endloop
  endfacet
  facet normal 0 0 1
    outer loop
      vertex 32 18.4641 3
      vertex 66.3145 39.7781 3
      vertex 66.3 40 3
    endloop
  endfacet
  facet normal 0 0 1
    outer loop
      vertex 66.7979 -38.7979 3
      vertex 33.6955 -16.5307 3
      vertex 66.6513 -38.9651 3
    endloop
  endfacet
  facet normal 0 0 1
    outer loop
      vertex 80 47.3 3
      vertex 81.3 46 3
      vertex 81.2889 46.1697 3
    endloop
  endfacet
  facet normal 0 0 1
    outer loop
      vertex 69.6855 39.7781 3
      vertex 81.3 46 3
      vertex 69.7 40 3
    endloop
  endfacet
  facet normal 0 0 1
    outer loop
      vertex 80 47.3 3
      vertex 81.2889 46.1697 3
      vertex 81.2557 46.3365 3
    endloop
  endfacet
  facet normal 0 0 1
    outer loop
      vertex 69.6421 39.56 3
      vertex 81.3 46 3
      vertex 69.6855 39.7781 3
    endloop
  endfacet
  facet normal 0 0 1
    outer loop
      vertex 80 47.3 3
      vertex 81.2557 46.3365 3
      vertex 81.201 46.4975 3
    endloop
  endfacet
  facet normal -0 0 1
    outer loop
      vertex 69.6855 -40.2219 3
      vertex 81.3 -46 3
      vertex 69.7 -40 3
    endloop
  endfacet
  facet normal 0 0 1
    outer loop
      vertex 80 47.3 3
      vertex 81.201 46.4975 3
      vertex 81.1258 46.65 3
    endloop
  endfacet
  facet normal -0 0 1
    outer loop
      vertex 69.6421 -40.44 3
      vertex 81.3 -46 3
      vertex 69.6855 -40.2219 3
    endloop
  endfacet
  facet normal 0 0 1
    outer loop
      vertex 80 47.3 3
      vertex 81.1258 46.65 3
      vertex 81.0313 46.7914 3
    endloop
  endfacet
  facet normal 0 -0 1
    outer loop
      vertex 80 -47.3 3
      vertex 81.3 -46 3
      vertex 69.6421 -40.44 3
    endloop
  endfacet
  facet normal 0 0 1
    outer loop
      vertex 80 47.3 3
      vertex 81.0313 46.7914 3
      vertex 80.9192 46.9192 3
    endloop
  endfacet
  facet normal 0 0 1
    outer loop
      vertex 81.2889 -46.1697 3
      vertex 80 -47.3 3
      vertex 81.2557 -46.3365 3
    endloop
  endfacet
  facet normal 0 0 1
    outer loop
      vertex 80 47.3 3
      vertex 80.9192 46.9192 3
      vertex 80.7914 47.0313 3
    endloop
  endfacet
  facet normal 0 0 1
    outer loop
      vertex 81.2557 -46.3365 3
      vertex 80 -47.3 3
      vertex 81.201 -46.4975 3
    endloop
  endfacet
  facet normal 0 0 1
    outer loop
      vertex 80 47.3 3
      vertex 80.7914 47.0313 3
      vertex 80.65 47.1258 3
    endloop
  endfacet
  facet normal 0 0 1
    outer loop
      vertex 81.1258 -46.65 3
      vertex 80 -47.3 3
      vertex 81.0313 -46.7914 3
    endloop
  endfacet
  facet normal 0 0 1
    outer loop
      vertex 80 47.3 3
      vertex 80.65 47.1258 3
      vertex 80.4975 47.201 3
    endloop
  endfacet
  facet normal 0 0 1
    outer loop
      vertex 81.0313 -46.7914 3
      vertex 80 -47.3 3
      vertex 80.9192 -46.9192 3
    endloop
  endfacet
  facet normal 0 0 1
    outer loop
      vertex 80 47.3 3
      vertex 80.4975 47.201 3
      vertex 80.3365 47.2557 3
    endloop
  endfacet
  facet normal 0 0 1
    outer loop
      vertex 80.9192 -46.9192 3
      vertex 80 -47.3 3
      vertex 80.7914 -47.0313 3
    endloop
  endfacet
  facet normal 0 0 1
    outer loop
      vertex 80 47.3 3
      vertex 80.3365 47.2557 3
      vertex 80.1697 47.2889 3
    endloop
  endfacet
  facet normal 0 0 1
    outer loop
      vertex 80.7914 -47.0313 3
      vertex 80 -47.3 3
      vertex 80.65 -47.1258 3
    endloop
  endfacet
  facet normal 0 0 1
    outer loop
      vertex 81.3 46 3
      vertex 80 47.3 3
      vertex 69.6421 40.44 3
    endloop
  endfacet
  facet normal 0 0 1
    outer loop
      vertex 80.65 -47.1258 3
      vertex 80 -47.3 3
      vertex 80.4975 -47.201 3
    endloop
  endfacet
  facet normal 0 0 1
    outer loop
      vertex 80.4975 -47.201 3
      vertex 80 -47.3 3
      vertex 80.3365 -47.2557 3
    endloop
  endfacet
  facet normal 0 0 1
    outer loop
      vertex 81.3 46 3
      vertex 69.6855 40.2219 3
      vertex 69.7 40 3
    endloop
  endfacet
  facet normal 0 0 1
    outer loop
      vertex 81.3 46 3
      vertex 69.6421 40.44 3
      vertex 69.6855 40.2219 3
    endloop
  endfacet
  facet normal 0 0 1
    outer loop
      vertex 80 47.3 3
      vertex 69.5706 40.6506 3
      vertex 69.6421 40.44 3
    endloop
  endfacet
  facet normal 0 0 1
    outer loop
      vertex 80 47.3 3
      vertex 69.4722 40.85 3
      vertex 69.5706 40.6506 3
    endloop
  endfacet
  facet normal 0 0 1
    outer loop
      vertex 80 47.3 3
      vertex 69.3487 41.0349 3
      vertex 69.4722 40.85 3
    endloop
  endfacet
  facet normal 0 0 1
    outer loop
      vertex 80 47.3 3
      vertex 69.2021 41.2021 3
      vertex 69.3487 41.0349 3
    endloop
  endfacet
  facet normal 0 0 1
    outer loop
      vertex 80 47.3 3
      vertex 69.0349 41.3487 3
      vertex 69.2021 41.2021 3
    endloop
  endfacet
  facet normal 0 0 1
    outer loop
      vertex 80 47.3 3
      vertex 68.85 41.4722 3
      vertex 69.0349 41.3487 3
    endloop
  endfacet
  facet normal 0 0 1
    outer loop
      vertex 80 47.3 3
      vertex 68.6506 41.5706 3
      vertex 68.85 41.4722 3
    endloop
  endfacet
  facet normal 0 0 1
    outer loop
      vertex 80 47.3 3
      vertex 68.44 41.6421 3
      vertex 68.6506 41.5706 3
    endloop
  endfacet
  facet normal 0 0 1
    outer loop
      vertex 80 47.3 3
      vertex 68.2219 41.6855 3
      vertex 68.44 41.6421 3
    endloop
  endfacet
  facet normal 0 0 1
    outer loop
      vertex 80 47.3 3
      vertex 68 41.7 3
      vertex 68.2219 41.6855 3
    endloop
  endfacet
  facet normal 0 0 1
    outer loop
      vertex 80 47.3 3
      vertex 67.7781 41.6855 3
      vertex 68 41.7 3
    endloop
  endfacet
  facet normal 0 0 1
    outer loop
      vertex 80 47.3 3
      vertex 67.56 41.6421 3
      vertex 67.7781 41.6855 3
    endloop
  endfacet
  facet normal 0 0 1
    outer loop
      vertex 80 47.3 3
      vertex 67.3494 41.5706 3
      vertex 67.56 41.6421 3
    endloop
  endfacet
  facet normal -0 0 1
    outer loop
      vertex 33.4641 -17 3
      vertex 66.6513 -38.9651 3
      vertex 33.6955 -16.5307 3
    endloop
  endfacet
  facet normal 0 0 1
    outer loop
      vertex 31.5307 18.6955 3
      vertex 66.3 40 3
      vertex 66.3145 40.2219 3
    endloop
  endfacet
  facet normal 0 0 1
    outer loop
      vertex 31.0353 18.8637 3
      vertex 66.3145 40.2219 3
      vertex 66.3579 40.44 3
    endloop
  endfacet
  facet normal 0 0 1
    outer loop
      vertex 30.5221 18.9658 3
      vertex 66.3579 40.44 3
      vertex 66.4294 40.6506 3
    endloop
  endfacet
  facet normal 0 0 1
    outer loop
      vertex 30 19 3
      vertex 66.4294 40.6506 3
      vertex 66.5278 40.85 3
    endloop
  endfacet
  facet normal 0 0 1
    outer loop
      vertex 29.4779 18.9658 3
      vertex 66.5278 40.85 3
      vertex 66.6513 41.0349 3
    endloop
  endfacet
  facet normal 0 0 1
    outer loop
      vertex 28.9647 18.8637 3
      vertex 66.6513 41.0349 3
      vertex 66.7979 41.2021 3
    endloop
  endfacet
  facet normal 0 0 1
    outer loop
      vertex -66.7979 41.2021 3
      vertex 66.7979 41.2021 3
      vertex 66.9651 41.3487 3
    endloop
  endfacet
  facet normal 0 0 1
    outer loop
      vertex 67.3494 38.4294 3
      vertex 33.9658 15.5221 3
      vertex 34 15 3
    endloop
  endfacet
  facet normal 0 0 1
    outer loop
      vertex 67.15 38.5278 3
      vertex 33.8637 16.0353 3
      vertex 33.9658 15.5221 3
    endloop
  endfacet
  facet normal 0 0 1
    outer loop
      vertex 66.9651 38.6513 3
      vertex 33.6955 16.5307 3
      vertex 33.8637 16.0353 3
    endloop
  endfacet
  facet normal 0 0 1
    outer loop
      vertex 66.6513 38.9651 3
      vertex 33.4641 17 3
      vertex 33.6955 16.5307 3
    endloop
  endfacet
  facet normal 0 0 1
    outer loop
      vertex 66.5278 39.15 3
      vertex 33.1734 17.435 3
      vertex 33.4641 17 3
    endloop
  endfacet
  facet normal 0 0 1
    outer loop
      vertex 66.4294 39.3494 3
      vertex 32.8284 17.8284 3
      vertex 33.1734 17.435 3
    endloop
  endfacet
  facet normal 0 0 1
    outer loop
      vertex 66.3579 39.56 3
      vertex 32.435 18.1734 3
      vertex 32.8284 17.8284 3
    endloop
  endfacet
  facet normal 0 0 1
    outer loop
      vertex 66.3145 39.7781 3
      vertex 32 18.4641 3
      vertex 32.435 18.1734 3
    endloop
  endfacet
  facet normal 0 0 1
    outer loop
      vertex -66.9651 41.3487 3
      vertex 66.9651 41.3487 3
      vertex 67.15 41.4722 3
    endloop
  endfacet
  facet normal 0 0 1
    outer loop
      vertex 66.3 40 3
      vertex 31.5307 18.6955 3
      vertex 32 18.4641 3
    endloop
  endfacet
  facet normal 0 0 1
    outer loop
      vertex 66.3145 40.2219 3
      vertex 31.0353 18.8637 3
      vertex 31.5307 18.6955 3
    endloop
  endfacet
  facet normal 0 0 1
    outer loop
      vertex 66.3579 40.44 3
      vertex 30.5221 18.9658 3
      vertex 31.0353 18.8637 3
    endloop
  endfacet
  facet normal 0 0 1
    outer loop
      vertex 66.4294 40.6506 3
      vertex 30 19 3
      vertex 30.5221 18.9658 3
    endloop
  endfacet
  facet normal 0 0 1
    outer loop
      vertex 66.5278 40.85 3
      vertex 29.4779 18.9658 3
      vertex 30 19 3
    endloop
  endfacet
  facet normal 0 0 1
    outer loop
      vertex 66.6513 41.0349 3
      vertex 28.9647 18.8637 3
      vertex 29.4779 18.9658 3
    endloop
  endfacet
  facet normal 0 0 1
    outer loop
      vertex 66.7979 41.2021 3
      vertex -28.9647 18.8637 3
      vertex 28.9647 18.8637 3
    endloop
  endfacet
  facet normal 0 0 1
    outer loop
      vertex 28.9647 18.8637 3
      vertex -28.9647 18.8637 3
      vertex 28.4693 18.6955 3
    endloop
  endfacet
  facet normal 0 0 1
    outer loop
      vertex -26 -15 3
      vertex 26.0342 -14.4779 3
      vertex 26.1363 -13.9647 3
    endloop
  endfacet
  facet normal 0 0 1
    outer loop
      vertex -26 15 3
      vertex 26 15 3
      vertex 26.0342 15.5221 3
    endloop
  endfacet
  facet normal 0 0 1
    outer loop
      vertex -26.0342 15.5221 3
      vertex 26.0342 15.5221 3
      vertex 26.1363 16.0353 3
    endloop
  endfacet
  facet normal 0 -0 1
    outer loop
      vertex 14 -34 3
      vertex 26.0342 -14.4779 3
      vertex -14 -34 3
    endloop
  endfacet
  facet normal 0 0 1
    outer loop
      vertex -26.1363 16.0353 3
      vertex 26.1363 16.0353 3
      vertex 26.3045 16.5307 3
    endloop
  endfacet
  facet normal 0 0 1
    outer loop
      vertex -26.3045 16.5307 3
      vertex 26.3045 16.5307 3
      vertex 26.5359 17 3
    endloop
  endfacet
  facet normal 0 0 1
    outer loop
      vertex -26.5359 17 3
      vertex 26.5359 17 3
      vertex 26.8266 17.435 3
    endloop
  endfacet
  facet normal 0 0 1
    outer loop
      vertex 26.0342 -14.4779 3
      vertex -26 -15 3
      vertex -14 -34 3
    endloop
  endfacet
  facet normal 0 0 1
    outer loop
      vertex 26.0342 -14.4779 3
      vertex 14 -34 3
      vertex 26 -15 3
    endloop
  endfacet
  facet normal 0 0 1
    outer loop
      vertex -26.8266 17.435 3
      vertex 26.8266 17.435 3
      vertex 27.1716 17.8284 3
    endloop
  endfacet
  facet normal 0 0 1
    outer loop
      vertex -27.1716 17.8284 3
      vertex 27.1716 17.8284 3
      vertex 27.565 18.1734 3
    endloop
  endfacet
  facet normal 0 0 1
    outer loop
      vertex -27.565 18.1734 3
      vertex 27.565 18.1734 3
      vertex 28 18.4641 3
    endloop
  endfacet
  facet normal 0 -0 1
    outer loop
      vertex -28.4693 18.6955 3
      vertex 28.4693 18.6955 3
      vertex -28.9647 18.8637 3
    endloop
  endfacet
  facet normal 0 0 1
    outer loop
      vertex -67.15 41.4722 3
      vertex 67.15 41.4722 3
      vertex 67.3494 41.5706 3
    endloop
  endfacet
  facet normal 0 0 1
    outer loop
      vertex -67.3494 41.5706 3
      vertex 67.3494 41.5706 3
      vertex 80 47.3 3
    endloop
  endfacet
  facet normal 0 0 1
    outer loop
      vertex 26.0342 15.5221 3
      vertex -26.0342 15.5221 3
      vertex -26 15 3
    endloop
  endfacet
  facet normal 0 0 1
    outer loop
      vertex 26.1363 16.0353 3
      vertex -26.1363 16.0353 3
      vertex -26.0342 15.5221 3
    endloop
  endfacet
  facet normal 0 0 1
    outer loop
      vertex 26.3045 16.5307 3
      vertex -26.3045 16.5307 3
      vertex -26.1363 16.0353 3
    endloop
  endfacet
  facet normal 0 0 1
    outer loop
      vertex 26.5359 17 3
      vertex -26.5359 17 3
      vertex -26.3045 16.5307 3
    endloop
  endfacet
  facet normal 0 0 1
    outer loop
      vertex 26.8266 17.435 3
      vertex -26.8266 17.435 3
      vertex -26.5359 17 3
    endloop
  endfacet
  facet normal 0 0 1
    outer loop
      vertex 27.1716 17.8284 3
      vertex -27.1716 17.8284 3
      vertex -26.8266 17.435 3
    endloop
  endfacet
  facet normal 0 0 1
    outer loop
      vertex 27.565 18.1734 3
      vertex -27.565 18.1734 3
      vertex -27.1716 17.8284 3
    endloop
  endfacet
  facet normal 0 0 1
    outer loop
      vertex 28 18.4641 3
      vertex -28 18.4641 3
      vertex -27.565 18.1734 3
    endloop
  endfacet
  facet normal 0 0 1
    outer loop
      vertex 28 18.4641 3
      vertex -28.4693 18.6955 3
      vertex -28 18.4641 3
    endloop
  endfacet
  facet normal 0 0 1
    outer loop
      vertex 28.4693 18.6955 3
      vertex -28.4693 18.6955 3
      vertex 28 18.4641 3
    endloop
  endfacet
  facet normal 0 0 1
    outer loop
      vertex 66.7979 41.2021 3
      vertex -66.7979 41.2021 3
      vertex -28.9647 18.8637 3
    endloop
  endfacet
  facet normal -0 -0 1
    outer loop
      vertex -66.6513 41.0349 3
      vertex -28.9647 18.8637 3
      vertex -66.7979 41.2021 3
    endloop
  endfacet
  facet normal 0 0 1
    outer loop
      vertex -28.9647 18.8637 3
      vertex -66.6513 41.0349 3
      vertex -29.4779 18.9658 3
    endloop
  endfacet
  facet normal -0 -0 1
    outer loop
      vertex -66.5278 40.85 3
      vertex -29.4779 18.9658 3
      vertex -66.6513 41.0349 3
    endloop
  endfacet
  facet normal 0 0 1
    outer loop
      vertex -33.8637 -13.9647 3
      vertex -66.3 -40 3
      vertex -33.9658 -14.4779 3
    endloop
  endfacet
  facet normal 0 0 1
    outer loop
      vertex -33.1734 17.435 3
      vertex -66.5278 39.15 3
      vertex -33.4641 17 3
    endloop
  endfacet
  facet normal -0 0 1
    outer loop
      vertex -66.5278 39.15 3
      vertex -33.1734 17.435 3
      vertex -66.4294 39.3494 3
    endloop
  endfacet
  facet normal 0 0 1
    outer loop
      vertex -32.8284 17.8284 3
      vertex -66.4294 39.3494 3
      vertex -33.1734 17.435 3
    endloop
  endfacet
  facet normal -0 0 1
    outer loop
      vertex -66.4294 39.3494 3
      vertex -32.8284 17.8284 3
      vertex -66.3579 39.56 3
    endloop
  endfacet
  facet normal 0 0 1
    outer loop
      vertex -32.435 18.1734 3
      vertex -66.3579 39.56 3
      vertex -32.8284 17.8284 3
    endloop
  endfacet
  facet normal -0 0 1
    outer loop
      vertex -66.3579 39.56 3
      vertex -32.435 18.1734 3
      vertex -66.3145 39.7781 3
    endloop
  endfacet
  facet normal 0 0 1
    outer loop
      vertex -32 18.4641 3
      vertex -66.3145 39.7781 3
      vertex -32.435 18.1734 3
    endloop
  endfacet
  facet normal -0 0 1
    outer loop
      vertex -66.3145 39.7781 3
      vertex -32 18.4641 3
      vertex -66.3 40 3
    endloop
  endfacet
  facet normal 0 0 1
    outer loop
      vertex -31.5307 18.6955 3
      vertex -66.3 40 3
      vertex -32 18.4641 3
    endloop
  endfacet
  facet normal 0 0 1
    outer loop
      vertex -66.3145 40.2219 3
      vertex -31.5307 18.6955 3
      vertex -31.0353 18.8637 3
    endloop
  endfacet
  facet normal 0 0 1
    outer loop
      vertex -29.4779 18.9658 3
      vertex -66.5278 40.85 3
      vertex -30 19 3
    endloop
  endfacet
  facet normal 0 0 1
    outer loop
      vertex -31.5307 18.6955 3
      vertex -66.3145 40.2219 3
      vertex -66.3 40 3
    endloop
  endfacet
  facet normal 0 0 1
    outer loop
      vertex -31.0353 18.8637 3
      vertex -66.3579 40.44 3
      vertex -66.3145 40.2219 3
    endloop
  endfacet
  facet normal 0 0 1
    outer loop
      vertex -30.5221 18.9658 3
      vertex -66.3579 40.44 3
      vertex -31.0353 18.8637 3
    endloop
  endfacet
  facet normal -0 -0 1
    outer loop
      vertex -66.3579 40.44 3
      vertex -30.5221 18.9658 3
      vertex -66.4294 40.6506 3
    endloop
  endfacet
  facet normal 0 0 1
    outer loop
      vertex -30 19 3
      vertex -66.4294 40.6506 3
      vertex -30.5221 18.9658 3
    endloop
  endfacet
  facet normal -0 -0 1
    outer loop
      vertex -66.4294 40.6506 3
      vertex -30 19 3
      vertex -66.5278 40.85 3
    endloop
  endfacet
  facet normal 0 0 1
    outer loop
      vertex 66.9651 41.3487 3
      vertex -66.9651 41.3487 3
      vertex -66.7979 41.2021 3
    endloop
  endfacet
  facet normal 0 0 1
    outer loop
      vertex 67.15 41.4722 3
      vertex -67.15 41.4722 3
      vertex -66.9651 41.3487 3
    endloop
  endfacet
  facet normal 0 0 1
    outer loop
      vertex 67.3494 41.5706 3
      vertex -67.3494 41.5706 3
      vertex -67.15 41.4722 3
    endloop
  endfacet
  facet normal -0 0 1
    outer loop
      vertex -80 47.3 3
      vertex -67.3494 41.5706 3
      vertex 80 47.3 3
    endloop
  endfacet
  facet normal 0 0 1
    outer loop
      vertex -67.3494 41.5706 3
      vertex -80 47.3 3
      vertex -67.56 41.6421 3
    endloop
  endfacet
  facet normal 0 0 1
    outer loop
      vertex -67.56 41.6421 3
      vertex -80 47.3 3
      vertex -67.7781 41.6855 3
    endloop
  endfacet
  facet normal 0 0 1
    outer loop
      vertex -69.6855 40.2219 3
      vertex -81.3 46 3
      vertex -69.7 40 3
    endloop
  endfacet
  facet normal 0 0 1
    outer loop
      vertex -69.6421 40.44 3
      vertex -81.3 46 3
      vertex -69.6855 40.2219 3
    endloop
  endfacet
  facet normal -0 0 1
    outer loop
      vertex -81.3 46 3
      vertex -69.6421 40.44 3
      vertex -80 47.3 3
    endloop
  endfacet
  facet normal 0 0 1
    outer loop
      vertex -69.5706 40.6506 3
      vertex -80 47.3 3
      vertex -69.6421 40.44 3
    endloop
  endfacet
  facet normal 0 0 1
    outer loop
      vertex -69.4722 40.85 3
      vertex -80 47.3 3
      vertex -69.5706 40.6506 3
    endloop
  endfacet
  facet normal 0 0 1
    outer loop
      vertex -69.3487 41.0349 3
      vertex -80 47.3 3
      vertex -69.4722 40.85 3
    endloop
  endfacet
  facet normal 0 0 1
    outer loop
      vertex -69.2021 41.2021 3
      vertex -80 47.3 3
      vertex -69.3487 41.0349 3
    endloop
  endfacet
  facet normal 0 0 1
    outer loop
      vertex -69.0349 41.3487 3
      vertex -80 47.3 3
      vertex -69.2021 41.2021 3
    endloop
  endfacet
  facet normal 0 0 1
    outer loop
      vertex -68.85 41.4722 3
      vertex -80 47.3 3
      vertex -69.0349 41.3487 3
    endloop
  endfacet
  facet normal 0 0 1
    outer loop
      vertex -68.6506 41.5706 3
      vertex -80 47.3 3
      vertex -68.85 41.4722 3
    endloop
  endfacet
  facet normal 0 0 1
    outer loop
      vertex -68.44 41.6421 3
      vertex -80 47.3 3
      vertex -68.6506 41.5706 3
    endloop
  endfacet
  facet normal 0 0 1
    outer loop
      vertex -68.2219 41.6855 3
      vertex -80 47.3 3
      vertex -68.44 41.6421 3
    endloop
  endfacet
  facet normal 0 0 1
    outer loop
      vertex -68 41.7 3
      vertex -80 47.3 3
      vertex -68.2219 41.6855 3
    endloop
  endfacet
  facet normal 0 0 1
    outer loop
      vertex -67.7781 41.6855 3
      vertex -80 47.3 3
      vertex -68 41.7 3
    endloop
  endfacet
  facet normal 0 0 1
    outer loop
      vertex 80.3365 -47.2557 3
      vertex 80 -47.3 3
      vertex 80.1697 -47.2889 3
    endloop
  endfacet
  facet normal 0 0 1
    outer loop
      vertex 81.201 -46.4975 3
      vertex 80 -47.3 3
      vertex 81.1258 -46.65 3
    endloop
  endfacet
  facet normal 0 0 1
    outer loop
      vertex 81.3 -46 3
      vertex 80 -47.3 3
      vertex 81.2889 -46.1697 3
    endloop
  endfacet
  facet normal -0 0 1
    outer loop
      vertex 69.5706 -40.6506 3
      vertex 80 -47.3 3
      vertex 69.6421 -40.44 3
    endloop
  endfacet
  facet normal -0 0 1
    outer loop
      vertex 69.4722 -40.85 3
      vertex 80 -47.3 3
      vertex 69.5706 -40.6506 3
    endloop
  endfacet
  facet normal -0 0 1
    outer loop
      vertex 69.3487 -41.0349 3
      vertex 80 -47.3 3
      vertex 69.4722 -40.85 3
    endloop
  endfacet
  facet normal -0 0 1
    outer loop
      vertex 69.2021 -41.2021 3
      vertex 80 -47.3 3
      vertex 69.3487 -41.0349 3
    endloop
  endfacet
  facet normal -0 0 1
    outer loop
      vertex 69.0349 -41.3487 3
      vertex 80 -47.3 3
      vertex 69.2021 -41.2021 3
    endloop
  endfacet
  facet normal -0 0 1
    outer loop
      vertex 68.85 -41.4722 3
      vertex 80 -47.3 3
      vertex 69.0349 -41.3487 3
    endloop
  endfacet
  facet normal -0 0 1
    outer loop
      vertex 68.6506 -41.5706 3
      vertex 80 -47.3 3
      vertex 68.85 -41.4722 3
    endloop
  endfacet
  facet normal -0 0 1
    outer loop
      vertex 68.44 -41.6421 3
      vertex 80 -47.3 3
      vertex 68.6506 -41.5706 3
    endloop
  endfacet
  facet normal -0 0 1
    outer loop
      vertex 68.2219 -41.6855 3
      vertex 80 -47.3 3
      vertex 68.44 -41.6421 3
    endloop
  endfacet
  facet normal -0 0 1
    outer loop
      vertex 68 -41.7 3
      vertex 80 -47.3 3
      vertex 68.2219 -41.6855 3
    endloop
  endfacet
  facet normal 0 0 1
    outer loop
      vertex 67.7781 -41.6855 3
      vertex 80 -47.3 3
      vertex 68 -41.7 3
    endloop
  endfacet
  facet normal 0 0 1
    outer loop
      vertex 67.56 -41.6421 3
      vertex 80 -47.3 3
      vertex 67.7781 -41.6855 3
    endloop
  endfacet
  facet normal 0 0 1
    outer loop
      vertex 67.3494 -41.5706 3
      vertex 80 -47.3 3
      vertex 67.56 -41.6421 3
    endloop
  endfacet
  facet normal 0 0 1
    outer loop
      vertex 66.6513 -38.9651 3
      vertex 33.4641 -17 3
      vertex 66.5278 -39.15 3
    endloop
  endfacet
  facet normal -0 0 1
    outer loop
      vertex 33.1734 -17.435 3
      vertex 66.5278 -39.15 3
      vertex 33.4641 -17 3
    endloop
  endfacet
  facet normal 0 0 1
    outer loop
      vertex 66.5278 -39.15 3
      vertex 33.1734 -17.435 3
      vertex 66.4294 -39.3494 3
    endloop
  endfacet
  facet normal -0 0 1
    outer loop
      vertex 32.8284 -17.8284 3
      vertex 66.4294 -39.3494 3
      vertex 33.1734 -17.435 3
    endloop
  endfacet
  facet normal 0 0 1
    outer loop
      vertex 66.4294 -39.3494 3
      vertex 32.8284 -17.8284 3
      vertex 66.3579 -39.56 3
    endloop
  endfacet
  facet normal -0 0 1
    outer loop
      vertex 32.435 -18.1734 3
      vertex 66.3579 -39.56 3
      vertex 32.8284 -17.8284 3
    endloop
  endfacet
  facet normal 0 0 1
    outer loop
      vertex 66.3579 -39.56 3
      vertex 32.435 -18.1734 3
      vertex 66.3145 -39.7781 3
    endloop
  endfacet
  facet normal -0 0 1
    outer loop
      vertex 32 -18.4641 3
      vertex 66.3145 -39.7781 3
      vertex 32.435 -18.1734 3
    endloop
  endfacet
  facet normal 0 0 1
    outer loop
      vertex 66.3145 -39.7781 3
      vertex 32 -18.4641 3
      vertex 66.3 -40 3
    endloop
  endfacet
  facet normal -0 0 1
    outer loop
      vertex 31.5307 -18.6955 3
      vertex 66.3 -40 3
      vertex 32 -18.4641 3
    endloop
  endfacet
  facet normal 0 0 1
    outer loop
      vertex 66.3 -40 3
      vertex 31.5307 -18.6955 3
      vertex 66.3145 -40.2219 3
    endloop
  endfacet
  facet normal 0 0 1
    outer loop
      vertex 14 -42 3
      vertex 66.3145 -40.2219 3
      vertex 31.5307 -18.6955 3
    endloop
  endfacet
  facet normal 0 0 1
    outer loop
      vertex 66.3145 -40.2219 3
      vertex 14 -42 3
      vertex 66.3579 -40.44 3
    endloop
  endfacet
  facet normal 0 0 1
    outer loop
      vertex 66.3579 -40.44 3
      vertex 14 -42 3
      vertex 66.4294 -40.6506 3
    endloop
  endfacet
  facet normal 0 0 1
    outer loop
      vertex 66.4294 -40.6506 3
      vertex 14 -42 3
      vertex 66.5278 -40.85 3
    endloop
  endfacet
  facet normal 0 0 1
    outer loop
      vertex 66.5278 -40.85 3
      vertex 14 -42 3
      vertex 66.6513 -41.0349 3
    endloop
  endfacet
  facet normal 0 0 1
    outer loop
      vertex 66.6513 -41.0349 3
      vertex 14 -42 3
      vertex 66.7979 -41.2021 3
    endloop
  endfacet
  facet normal 0 0 1
    outer loop
      vertex 66.7979 -41.2021 3
      vertex 14 -42 3
      vertex 66.9651 -41.3487 3
    endloop
  endfacet
  facet normal 0 0 1
    outer loop
      vertex 14 -42 3
      vertex 31.5307 -18.6955 3
      vertex 31.0353 -18.8637 3
    endloop
  endfacet
  facet normal 0 0 1
    outer loop
      vertex 14 -42 3
      vertex 31.0353 -18.8637 3
      vertex 30.5221 -18.9658 3
    endloop
  endfacet
  facet normal 0 0 1
    outer loop
      vertex 14 -34 3
      vertex 30.5221 -18.9658 3
      vertex 30 -19 3
    endloop
  endfacet
  facet normal 0 0 1
    outer loop
      vertex 14 -34 3
      vertex 30 -19 3
      vertex 29.4779 -18.9658 3
    endloop
  endfacet
  facet normal 0 0 1
    outer loop
      vertex 14 -34 3
      vertex 29.4779 -18.9658 3
      vertex 28.9647 -18.8637 3
    endloop
  endfacet
  facet normal 0 0 1
    outer loop
      vertex 14 -34 3
      vertex 28.9647 -18.8637 3
      vertex 28.4693 -18.6955 3
    endloop
  endfacet
  facet normal 0 0 1
    outer loop
      vertex 14 -34 3
      vertex 28.4693 -18.6955 3
      vertex 28 -18.4641 3
    endloop
  endfacet
  facet normal 0 0 1
    outer loop
      vertex 14 -34 3
      vertex 26.0342 -15.5221 3
      vertex 26 -15 3
    endloop
  endfacet
  facet normal 0 0 1
    outer loop
      vertex 14 -34 3
      vertex 26.1363 -16.0353 3
      vertex 26.0342 -15.5221 3
    endloop
  endfacet
  facet normal 0 0 1
    outer loop
      vertex 14 -34 3
      vertex 26.3045 -16.5307 3
      vertex 26.1363 -16.0353 3
    endloop
  endfacet
  facet normal 0 0 1
    outer loop
      vertex 14 -34 3
      vertex 26.5359 -17 3
      vertex 26.3045 -16.5307 3
    endloop
  endfacet
  facet normal 0 0 1
    outer loop
      vertex 14 -34 3
      vertex 26.8266 -17.435 3
      vertex 26.5359 -17 3
    endloop
  endfacet
  facet normal 0 0 1
    outer loop
      vertex 14 -34 3
      vertex 27.1716 -17.8284 3
      vertex 26.8266 -17.435 3
    endloop
  endfacet
  facet normal 0 0 1
    outer loop
      vertex 14 -34 3
      vertex 27.565 -18.1734 3
      vertex 27.1716 -17.8284 3
    endloop
  endfacet
  facet normal 0 0 1
    outer loop
      vertex 14 -34 3
      vertex 28 -18.4641 3
      vertex 27.565 -18.1734 3
    endloop
  endfacet
  facet normal 0 0 1
    outer loop
      vertex 30.5221 -18.9658 3
      vertex 14 -34 3
      vertex 14 -42 3
    endloop
  endfacet
  facet normal 0 0 1
    outer loop
      vertex 8 -47.3 3
      vertex 66.9651 -41.3487 3
      vertex 14 -42 3
    endloop
  endfacet
  facet normal 0 0 1
    outer loop
      vertex 66.9651 -41.3487 3
      vertex 8 -47.3 3
      vertex 67.15 -41.4722 3
    endloop
  endfacet
  facet normal 0 0 1
    outer loop
      vertex 67.15 -41.4722 3
      vertex 8 -47.3 3
      vertex 67.3494 -41.5706 3
    endloop
  endfacet
  facet normal 0 0 1
    outer loop
      vertex 8 -47.3 3
      vertex 14 -42 3
      vertex 8 -47.26 3
    endloop
  endfacet
  facet normal 0 0 1
    outer loop
      vertex 67.3494 -41.5706 3
      vertex 8 -47.3 3
      vertex 80 -47.3 3
    endloop
  endfacet
  facet normal 0.321692 0.946844 -0
    outer loop
      vertex -80.3365 -47.2557 3
      vertex -80.4975 -47.201 38
      vertex -80.3365 -47.2557 38
    endloop
  endfacet
  facet normal 0.321692 0.946844 0
    outer loop
      vertex -80.4975 -47.201 38
      vertex -80.3365 -47.2557 3
      vertex -80.4975 -47.201 3
    endloop
  endfacet
  facet normal -0.896884 -0.442267 0
    outer loop
      vertex 81.201 46.4975 3
      vertex 81.1258 46.65 38
      vertex 81.1258 46.65 3
    endloop
  endfacet
  facet normal -0.896884 -0.442267 0
    outer loop
      vertex 81.1258 46.65 38
      vertex 81.201 46.4975 3
      vertex 81.201 46.4975 38
    endloop
  endfacet
  facet normal -0.946844 0.321692 0
    outer loop
      vertex 81.201 -46.4975 3
      vertex 81.2557 -46.3365 38
      vertex 81.2557 -46.3365 3
    endloop
  endfacet
  facet normal -0.946844 0.321692 0
    outer loop
      vertex 81.2557 -46.3365 38
      vertex 81.201 -46.4975 3
      vertex 81.201 -46.4975 38
    endloop
  endfacet
  facet normal -0.831417 0.55565 0
    outer loop
      vertex 81.0313 -46.7914 3
      vertex 81.1258 -46.65 38
      vertex 81.1258 -46.65 3
    endloop
  endfacet
  facet normal -0.831417 0.55565 0
    outer loop
      vertex 81.1258 -46.65 38
      vertex 81.0313 -46.7914 3
      vertex 81.0313 -46.7914 38
    endloop
  endfacet
  facet normal -0.980761 0.195211 0
    outer loop
      vertex 81.2557 -46.3365 3
      vertex 81.2889 -46.1697 38
      vertex 81.2889 -46.1697 3
    endloop
  endfacet
  facet normal -0.980761 0.195211 0
    outer loop
      vertex 81.2889 -46.1697 38
      vertex 81.2557 -46.3365 3
      vertex 81.2557 -46.3365 38
    endloop
  endfacet
  facet normal -0.65942 0.751774 0
    outer loop
      vertex 80.9192 -46.9192 3
      vertex 80.7914 -47.0313 38
      vertex 80.9192 -46.9192 38
    endloop
  endfacet
  facet normal -0.65942 0.751774 0
    outer loop
      vertex 80.7914 -47.0313 38
      vertex 80.9192 -46.9192 3
      vertex 80.7914 -47.0313 3
    endloop
  endfacet
  facet normal -0.442267 0.896884 0
    outer loop
      vertex 80.65 -47.1258 3
      vertex 80.4975 -47.201 38
      vertex 80.65 -47.1258 38
    endloop
  endfacet
  facet normal -0.442267 0.896884 0
    outer loop
      vertex 80.4975 -47.201 38
      vertex 80.65 -47.1258 3
      vertex 80.4975 -47.201 3
    endloop
  endfacet
  facet normal 0.442267 -0.896884 0
    outer loop
      vertex -80.65 47.1258 3
      vertex -80.4975 47.201 38
      vertex -80.65 47.1258 38
    endloop
  endfacet
  facet normal 0.442267 -0.896884 0
    outer loop
      vertex -80.4975 47.201 38
      vertex -80.65 47.1258 3
      vertex -80.4975 47.201 3
    endloop
  endfacet
  facet normal 0.321692 -0.946844 0
    outer loop
      vertex -80.4975 47.201 3
      vertex -80.3365 47.2557 38
      vertex -80.4975 47.201 38
    endloop
  endfacet
  facet normal 0.321692 -0.946844 0
    outer loop
      vertex -80.3365 47.2557 38
      vertex -80.4975 47.201 3
      vertex -80.3365 47.2557 3
    endloop
  endfacet
  facet normal 0.896884 -0.442267 0
    outer loop
      vertex -81.201 46.4975 38
      vertex -81.1258 46.65 3
      vertex -81.1258 46.65 38
    endloop
  endfacet
  facet normal 0.896884 -0.442267 0
    outer loop
      vertex -81.1258 46.65 3
      vertex -81.201 46.4975 38
      vertex -81.201 46.4975 3
    endloop
  endfacet
  facet normal 0.997868 0.0652701 0
    outer loop
      vertex -81.2889 -46.1697 38
      vertex -81.3 -46 3
      vertex -81.3 -46 38
    endloop
  endfacet
  facet normal 0.997868 0.0652701 0
    outer loop
      vertex -81.3 -46 3
      vertex -81.2889 -46.1697 38
      vertex -81.2889 -46.1697 3
    endloop
  endfacet
  facet normal 0.946844 0.321692 0
    outer loop
      vertex -81.201 -46.4975 38
      vertex -81.2557 -46.3365 3
      vertex -81.2557 -46.3365 38
    endloop
  endfacet
  facet normal 0.946844 0.321692 0
    outer loop
      vertex -81.2557 -46.3365 3
      vertex -81.201 -46.4975 38
      vertex -81.201 -46.4975 3
    endloop
  endfacet
  facet normal 0.831417 0.55565 0
    outer loop
      vertex -81.0313 -46.7914 38
      vertex -81.1258 -46.65 3
      vertex -81.1258 -46.65 38
    endloop
  endfacet
  facet normal 0.831417 0.55565 0
    outer loop
      vertex -81.1258 -46.65 3
      vertex -81.0313 -46.7914 38
      vertex -81.0313 -46.7914 3
    endloop
  endfacet
  facet normal 0.65942 0.751774 -0
    outer loop
      vertex -80.7914 -47.0313 3
      vertex -80.9192 -46.9192 38
      vertex -80.7914 -47.0313 38
    endloop
  endfacet
  facet normal 0.65942 0.751774 0
    outer loop
      vertex -80.9192 -46.9192 38
      vertex -80.7914 -47.0313 3
      vertex -80.9192 -46.9192 3
    endloop
  endfacet
  facet normal -0.751774 -0.65942 0
    outer loop
      vertex 81.0313 46.7914 3
      vertex 80.9192 46.9192 38
      vertex 80.9192 46.9192 3
    endloop
  endfacet
  facet normal -0.751774 -0.65942 0
    outer loop
      vertex 80.9192 46.9192 38
      vertex 81.0313 46.7914 3
      vertex 81.0313 46.7914 38
    endloop
  endfacet
  facet normal -0.980761 -0.195211 0
    outer loop
      vertex 81.2889 46.1697 3
      vertex 81.2557 46.3365 38
      vertex 81.2557 46.3365 3
    endloop
  endfacet
  facet normal -0.980761 -0.195211 0
    outer loop
      vertex 81.2557 46.3365 38
      vertex 81.2889 46.1697 3
      vertex 81.2889 46.1697 38
    endloop
  endfacet
  facet normal -0.997868 -0.0652701 0
    outer loop
      vertex 81.3 46 3
      vertex 81.2889 46.1697 38
      vertex 81.2889 46.1697 3
    endloop
  endfacet
  facet normal -0.997868 -0.0652701 0
    outer loop
      vertex 81.2889 46.1697 38
      vertex 81.3 46 3
      vertex 81.3 46 38
    endloop
  endfacet
  facet normal -0.946844 -0.321692 0
    outer loop
      vertex 81.2557 46.3365 3
      vertex 81.201 46.4975 38
      vertex 81.201 46.4975 3
    endloop
  endfacet
  facet normal -0.946844 -0.321692 0
    outer loop
      vertex 81.201 46.4975 38
      vertex 81.2557 46.3365 3
      vertex 81.2557 46.3365 38
    endloop
  endfacet
  facet normal -0.831417 -0.55565 0
    outer loop
      vertex 81.1258 46.65 3
      vertex 81.0313 46.7914 38
      vertex 81.0313 46.7914 3
    endloop
  endfacet
  facet normal -0.831417 -0.55565 0
    outer loop
      vertex 81.0313 46.7914 38
      vertex 81.1258 46.65 3
      vertex 81.1258 46.65 38
    endloop
  endfacet
  facet normal -0.65942 -0.751774 0
    outer loop
      vertex 80.7914 47.0313 3
      vertex 80.9192 46.9192 38
      vertex 80.7914 47.0313 38
    endloop
  endfacet
  facet normal -0.65942 -0.751774 -0
    outer loop
      vertex 80.9192 46.9192 38
      vertex 80.7914 47.0313 3
      vertex 80.9192 46.9192 3
    endloop
  endfacet
  facet normal -0.896884 0.442267 0
    outer loop
      vertex 81.1258 -46.65 3
      vertex 81.201 -46.4975 38
      vertex 81.201 -46.4975 3
    endloop
  endfacet
  facet normal -0.896884 0.442267 0
    outer loop
      vertex 81.201 -46.4975 38
      vertex 81.1258 -46.65 3
      vertex 81.1258 -46.65 38
    endloop
  endfacet
  facet normal -0.751774 0.65942 0
    outer loop
      vertex 80.9192 -46.9192 3
      vertex 81.0313 -46.7914 38
      vertex 81.0313 -46.7914 3
    endloop
  endfacet
  facet normal -0.751774 0.65942 0
    outer loop
      vertex 81.0313 -46.7914 38
      vertex 80.9192 -46.9192 3
      vertex 80.9192 -46.9192 38
    endloop
  endfacet
  facet normal -0.55565 0.831417 0
    outer loop
      vertex 80.7914 -47.0313 3
      vertex 80.65 -47.1258 38
      vertex 80.7914 -47.0313 38
    endloop
  endfacet
  facet normal -0.55565 0.831417 0
    outer loop
      vertex 80.65 -47.1258 38
      vertex 80.7914 -47.0313 3
      vertex 80.65 -47.1258 3
    endloop
  endfacet
  facet normal 0.980761 0.195211 0
    outer loop
      vertex -81.2557 -46.3365 38
      vertex -81.2889 -46.1697 3
      vertex -81.2889 -46.1697 38
    endloop
  endfacet
  facet normal 0.980761 0.195211 0
    outer loop
      vertex -81.2889 -46.1697 3
      vertex -81.2557 -46.3365 38
      vertex -81.2557 -46.3365 3
    endloop
  endfacet
  facet normal 0.896884 0.442267 0
    outer loop
      vertex -81.1258 -46.65 38
      vertex -81.201 -46.4975 3
      vertex -81.201 -46.4975 38
    endloop
  endfacet
  facet normal 0.896884 0.442267 0
    outer loop
      vertex -81.201 -46.4975 3
      vertex -81.1258 -46.65 38
      vertex -81.1258 -46.65 3
    endloop
  endfacet
  facet normal 0.751774 0.65942 0
    outer loop
      vertex -80.9192 -46.9192 38
      vertex -81.0313 -46.7914 3
      vertex -81.0313 -46.7914 38
    endloop
  endfacet
  facet normal 0.751774 0.65942 0
    outer loop
      vertex -81.0313 -46.7914 3
      vertex -80.9192 -46.9192 38
      vertex -80.9192 -46.9192 3
    endloop
  endfacet
  facet normal 0.55565 0.831417 -0
    outer loop
      vertex -80.65 -47.1258 3
      vertex -80.7914 -47.0313 38
      vertex -80.65 -47.1258 38
    endloop
  endfacet
  facet normal 0.55565 0.831417 0
    outer loop
      vertex -80.7914 -47.0313 38
      vertex -80.65 -47.1258 3
      vertex -80.7914 -47.0313 3
    endloop
  endfacet
  facet normal 1 0 0
    outer loop
      vertex 0 -47.3 6.98
      vertex 0 -50 6.98
      vertex 0 -47.3 3
    endloop
  endfacet
  facet normal 1 -0 0
    outer loop
      vertex 0 -47.3 3
      vertex 0 -47.26 0
      vertex 0 -47.26 3
    endloop
  endfacet
  facet normal 1 0 0
    outer loop
      vertex 0 -50 0
      vertex 0 -47.3 3
      vertex 0 -50 6.98
    endloop
  endfacet
  facet normal 1 0 0
    outer loop
      vertex 0 -47.3 3
      vertex 0 -50 0
      vertex 0 -47.26 0
    endloop
  endfacet
  facet normal 0 0 -1
    outer loop
      vertex 0 -50 6.98
      vertex 8 -47.3 6.98
      vertex 8 -50 6.98
    endloop
  endfacet
  facet normal -0 0 -1
    outer loop
      vertex 8 -47.3 6.98
      vertex 0 -50 6.98
      vertex 0 -47.3 6.98
    endloop
  endfacet
  facet normal -1 0 0
    outer loop
      vertex 8 -47.26 0
      vertex 8 -47.3 3
      vertex 8 -47.26 3
    endloop
  endfacet
  facet normal -1 0 0
    outer loop
      vertex 8 -50 0
      vertex 8 -47.3 3
      vertex 8 -47.26 0
    endloop
  endfacet
  facet normal -1 0 0
    outer loop
      vertex 8 -50 6.98
      vertex 8 -47.3 3
      vertex 8 -50 0
    endloop
  endfacet
  facet normal -1 0 0
    outer loop
      vertex 8 -47.3 3
      vertex 8 -50 6.98
      vertex 8 -47.3 6.98
    endloop
  endfacet
  facet normal 0 -1 0
    outer loop
      vertex 0 -47.26 0
      vertex 8 -47.26 3
      vertex 0 -47.26 3
    endloop
  endfacet
  facet normal 0 -1 -0
    outer loop
      vertex 8 -47.26 3
      vertex 0 -47.26 0
      vertex 8 -47.26 0
    endloop
  endfacet
  facet normal 0.555626 0.831432 -0
    outer loop
      vertex -27.565 -11.8266 3
      vertex -28 -11.5359 13
      vertex -27.565 -11.8266 13
    endloop
  endfacet
  facet normal 0.555626 0.831432 0
    outer loop
      vertex -28 -11.5359 13
      vertex -27.565 -11.8266 3
      vertex -28 -11.5359 3
    endloop
  endfacet
  facet normal -0.321498 0.94691 0
    outer loop
      vertex -31.0353 -11.1363 3
      vertex -31.5307 -11.3045 13
      vertex -31.0353 -11.1363 13
    endloop
  endfacet
  facet normal -0.321498 0.94691 0
    outer loop
      vertex -31.5307 -11.3045 13
      vertex -31.0353 -11.1363 3
      vertex -31.5307 -11.3045 3
    endloop
  endfacet
  facet normal -0.896898 0.442238 0
    outer loop
      vertex -33.6955 -13.4693 3
      vertex -33.4641 -13 13
      vertex -33.4641 -13 3
    endloop
  endfacet
  facet normal -0.896898 0.442238 0
    outer loop
      vertex -33.4641 -13 13
      vertex -33.6955 -13.4693 3
      vertex -33.6955 -13.4693 13
    endloop
  endfacet
  facet normal -0.442238 -0.896898 0
    outer loop
      vertex -32 -18.4641 3
      vertex -31.5307 -18.6955 13
      vertex -32 -18.4641 13
    endloop
  endfacet
  facet normal -0.442238 -0.896898 -0
    outer loop
      vertex -31.5307 -18.6955 13
      vertex -32 -18.4641 3
      vertex -31.5307 -18.6955 3
    endloop
  endfacet
  facet normal 0.896898 0.442238 0
    outer loop
      vertex -26.3045 -13.4693 13
      vertex -26.5359 -13 3
      vertex -26.5359 -13 13
    endloop
  endfacet
  facet normal 0.896898 0.442238 0
    outer loop
      vertex -26.5359 -13 3
      vertex -26.3045 -13.4693 13
      vertex -26.3045 -13.4693 3
    endloop
  endfacet
  facet normal 0.831432 0.555626 0
    outer loop
      vertex -26.5359 -13 13
      vertex -26.8266 -12.565 3
      vertex -26.8266 -12.565 13
    endloop
  endfacet
  facet normal 0.831432 0.555626 0
    outer loop
      vertex -26.8266 -12.565 3
      vertex -26.5359 -13 13
      vertex -26.5359 -13 3
    endloop
  endfacet
  facet normal 0.442238 0.896898 -0
    outer loop
      vertex -28 -11.5359 3
      vertex -28.4693 -11.3045 13
      vertex -28 -11.5359 13
    endloop
  endfacet
  facet normal 0.442238 0.896898 0
    outer loop
      vertex -28.4693 -11.3045 13
      vertex -28 -11.5359 3
      vertex -28.4693 -11.3045 3
    endloop
  endfacet
  facet normal 0.0653646 0.997861 -0
    outer loop
      vertex -29.4779 -11.0342 3
      vertex -30 -11 13
      vertex -29.4779 -11.0342 13
    endloop
  endfacet
  facet normal 0.0653646 0.997861 0
    outer loop
      vertex -30 -11 13
      vertex -29.4779 -11.0342 3
      vertex -30 -11 3
    endloop
  endfacet
  facet normal -0.997861 0.0653646 0
    outer loop
      vertex -34 -15 3
      vertex -33.9658 -14.4779 13
      vertex -33.9658 -14.4779 3
    endloop
  endfacet
  facet normal -0.997861 0.0653646 0
    outer loop
      vertex -33.9658 -14.4779 13
      vertex -34 -15 3
      vertex -34 -15 13
    endloop
  endfacet
  facet normal -0.751842 0.659343 0
    outer loop
      vertex -33.1734 -12.565 3
      vertex -32.8284 -12.1716 13
      vertex -32.8284 -12.1716 3
    endloop
  endfacet
  facet normal -0.751842 0.659343 0
    outer loop
      vertex -32.8284 -12.1716 13
      vertex -33.1734 -12.565 3
      vertex -33.1734 -12.565 13
    endloop
  endfacet
  facet normal -0.0653646 0.997861 0
    outer loop
      vertex -30 -11 3
      vertex -30.5221 -11.0342 13
      vertex -30 -11 13
    endloop
  endfacet
  facet normal -0.0653646 0.997861 0
    outer loop
      vertex -30.5221 -11.0342 13
      vertex -30 -11 3
      vertex -30.5221 -11.0342 3
    endloop
  endfacet
  facet normal -0.659343 0.751842 0
    outer loop
      vertex -32.435 -11.8266 3
      vertex -32.8284 -12.1716 13
      vertex -32.435 -11.8266 13
    endloop
  endfacet
  facet normal -0.659343 0.751842 0
    outer loop
      vertex -32.8284 -12.1716 13
      vertex -32.435 -11.8266 3
      vertex -32.8284 -12.1716 3
    endloop
  endfacet
  facet normal 0.997861 0.0653646 0
    outer loop
      vertex -26 -15 13
      vertex -26.0342 -14.4779 3
      vertex -26.0342 -14.4779 13
    endloop
  endfacet
  facet normal 0.997861 0.0653646 0
    outer loop
      vertex -26.0342 -14.4779 3
      vertex -26 -15 13
      vertex -26 -15 3
    endloop
  endfacet
  facet normal 0.94691 -0.321498 0
    outer loop
      vertex -26.3045 -16.5307 13
      vertex -26.1363 -16.0353 3
      vertex -26.1363 -16.0353 13
    endloop
  endfacet
  facet normal 0.94691 -0.321498 0
    outer loop
      vertex -26.1363 -16.0353 3
      vertex -26.3045 -16.5307 13
      vertex -26.3045 -16.5307 3
    endloop
  endfacet
  facet normal 0.442238 -0.896898 0
    outer loop
      vertex -28.4693 -18.6955 3
      vertex -28 -18.4641 13
      vertex -28.4693 -18.6955 13
    endloop
  endfacet
  facet normal 0.442238 -0.896898 0
    outer loop
      vertex -28 -18.4641 13
      vertex -28.4693 -18.6955 3
      vertex -28 -18.4641 3
    endloop
  endfacet
  facet normal 0.555626 -0.831432 0
    outer loop
      vertex -28 -18.4641 3
      vertex -27.565 -18.1734 13
      vertex -28 -18.4641 13
    endloop
  endfacet
  facet normal 0.555626 -0.831432 0
    outer loop
      vertex -27.565 -18.1734 13
      vertex -28 -18.4641 3
      vertex -27.565 -18.1734 3
    endloop
  endfacet
  facet normal -0.0653646 -0.997861 0
    outer loop
      vertex -30.5221 -18.9658 3
      vertex -30 -19 13
      vertex -30.5221 -18.9658 13
    endloop
  endfacet
  facet normal -0.0653646 -0.997861 -0
    outer loop
      vertex -30 -19 13
      vertex -30.5221 -18.9658 3
      vertex -30 -19 3
    endloop
  endfacet
  facet normal -0.659343 -0.751842 0
    outer loop
      vertex -32.8284 -17.8284 3
      vertex -32.435 -18.1734 13
      vertex -32.8284 -17.8284 13
    endloop
  endfacet
  facet normal -0.659343 -0.751842 -0
    outer loop
      vertex -32.435 -18.1734 13
      vertex -32.8284 -17.8284 3
      vertex -32.435 -18.1734 3
    endloop
  endfacet
  facet normal -0.997861 -0.0653646 0
    outer loop
      vertex -33.9658 -15.5221 3
      vertex -34 -15 13
      vertex -34 -15 3
    endloop
  endfacet
  facet normal -0.997861 -0.0653646 0
    outer loop
      vertex -34 -15 13
      vertex -33.9658 -15.5221 3
      vertex -33.9658 -15.5221 13
    endloop
  endfacet
  facet normal 0.980779 0.195124 0
    outer loop
      vertex -26.0342 -14.4779 13
      vertex -26.1363 -13.9647 3
      vertex -26.1363 -13.9647 13
    endloop
  endfacet
  facet normal 0.980779 0.195124 0
    outer loop
      vertex -26.1363 -13.9647 3
      vertex -26.0342 -14.4779 13
      vertex -26.0342 -14.4779 3
    endloop
  endfacet
  facet normal 0.94691 0.321498 0
    outer loop
      vertex -26.1363 -13.9647 13
      vertex -26.3045 -13.4693 3
      vertex -26.3045 -13.4693 13
    endloop
  endfacet
  facet normal 0.94691 0.321498 0
    outer loop
      vertex -26.3045 -13.4693 3
      vertex -26.1363 -13.9647 13
      vertex -26.1363 -13.9647 3
    endloop
  endfacet
  facet normal 0.751842 0.659343 0
    outer loop
      vertex -26.8266 -12.565 13
      vertex -27.1716 -12.1716 3
      vertex -27.1716 -12.1716 13
    endloop
  endfacet
  facet normal 0.751842 0.659343 0
    outer loop
      vertex -27.1716 -12.1716 3
      vertex -26.8266 -12.565 13
      vertex -26.8266 -12.565 3
    endloop
  endfacet
  facet normal 0.659343 0.751842 -0
    outer loop
      vertex -27.1716 -12.1716 3
      vertex -27.565 -11.8266 13
      vertex -27.1716 -12.1716 13
    endloop
  endfacet
  facet normal 0.659343 0.751842 0
    outer loop
      vertex -27.565 -11.8266 13
      vertex -27.1716 -12.1716 3
      vertex -27.565 -11.8266 3
    endloop
  endfacet
  facet normal 0.321498 0.94691 -0
    outer loop
      vertex -28.4693 -11.3045 3
      vertex -28.9647 -11.1363 13
      vertex -28.4693 -11.3045 13
    endloop
  endfacet
  facet normal 0.321498 0.94691 0
    outer loop
      vertex -28.9647 -11.1363 13
      vertex -28.4693 -11.3045 3
      vertex -28.9647 -11.1363 3
    endloop
  endfacet
  facet normal 0.195124 0.980779 -0
    outer loop
      vertex -28.9647 -11.1363 3
      vertex -29.4779 -11.0342 13
      vertex -28.9647 -11.1363 13
    endloop
  endfacet
  facet normal 0.195124 0.980779 0
    outer loop
      vertex -29.4779 -11.0342 13
      vertex -28.9647 -11.1363 3
      vertex -29.4779 -11.0342 3
    endloop
  endfacet
  facet normal 0 0 1
    outer loop
      vertex -28.55 -15 13
      vertex -26 -15 13
      vertex -26.0342 -14.4779 13
    endloop
  endfacet
  facet normal 0 0 1
    outer loop
      vertex -28.5624 -14.8107 13
      vertex -26.0342 -14.4779 13
      vertex -26.1363 -13.9647 13
    endloop
  endfacet
  facet normal 0 0 1
    outer loop
      vertex -26 -15 13
      vertex -28.55 -15 13
      vertex -26.0342 -15.5221 13
    endloop
  endfacet
  facet normal 0 0 1
    outer loop
      vertex -28.5994 -14.6247 13
      vertex -26.1363 -13.9647 13
      vertex -26.3045 -13.4693 13
    endloop
  endfacet
  facet normal -0 0 1
    outer loop
      vertex -28.5624 -15.1893 13
      vertex -26.0342 -15.5221 13
      vertex -28.55 -15 13
    endloop
  endfacet
  facet normal 0 0 1
    outer loop
      vertex -28.6604 -14.4451 13
      vertex -26.3045 -13.4693 13
      vertex -26.5359 -13 13
    endloop
  endfacet
  facet normal 0 0 1
    outer loop
      vertex -26.0342 -15.5221 13
      vertex -28.5624 -15.1893 13
      vertex -26.1363 -16.0353 13
    endloop
  endfacet
  facet normal 0 0 1
    outer loop
      vertex -28.7443 -14.275 13
      vertex -26.5359 -13 13
      vertex -26.8266 -12.565 13
    endloop
  endfacet
  facet normal -0 0 1
    outer loop
      vertex -28.5994 -15.3753 13
      vertex -26.1363 -16.0353 13
      vertex -28.5624 -15.1893 13
    endloop
  endfacet
  facet normal 0 0 1
    outer loop
      vertex -28.8496 -14.1173 13
      vertex -26.8266 -12.565 13
      vertex -27.1716 -12.1716 13
    endloop
  endfacet
  facet normal 0 0 1
    outer loop
      vertex -26.1363 -16.0353 13
      vertex -28.5994 -15.3753 13
      vertex -26.3045 -16.5307 13
    endloop
  endfacet
  facet normal 0 0 1
    outer loop
      vertex -28.9747 -13.9747 13
      vertex -27.1716 -12.1716 13
      vertex -27.565 -11.8266 13
    endloop
  endfacet
  facet normal -0 0 1
    outer loop
      vertex -28.6604 -15.5549 13
      vertex -26.3045 -16.5307 13
      vertex -28.5994 -15.3753 13
    endloop
  endfacet
  facet normal 0 0 1
    outer loop
      vertex -29.1173 -13.8496 13
      vertex -27.565 -11.8266 13
      vertex -28 -11.5359 13
    endloop
  endfacet
  facet normal 0 0 1
    outer loop
      vertex -26.3045 -16.5307 13
      vertex -28.6604 -15.5549 13
      vertex -26.5359 -17 13
    endloop
  endfacet
  facet normal 0 0 1
    outer loop
      vertex -29.275 -13.7443 13
      vertex -28 -11.5359 13
      vertex -28.4693 -11.3045 13
    endloop
  endfacet
  facet normal -0 0 1
    outer loop
      vertex -28.7443 -15.725 13
      vertex -26.5359 -17 13
      vertex -28.6604 -15.5549 13
    endloop
  endfacet
  facet normal 0 0 1
    outer loop
      vertex -26.5359 -17 13
      vertex -28.7443 -15.725 13
      vertex -26.8266 -17.435 13
    endloop
  endfacet
  facet normal 0 0 1
    outer loop
      vertex -26.0342 -14.4779 13
      vertex -28.5624 -14.8107 13
      vertex -28.55 -15 13
    endloop
  endfacet
  facet normal 0 0 1
    outer loop
      vertex -26.1363 -13.9647 13
      vertex -28.5994 -14.6247 13
      vertex -28.5624 -14.8107 13
    endloop
  endfacet
  facet normal 0 0 1
    outer loop
      vertex -26.3045 -13.4693 13
      vertex -28.6604 -14.4451 13
      vertex -28.5994 -14.6247 13
    endloop
  endfacet
  facet normal 0 0 1
    outer loop
      vertex -26.5359 -13 13
      vertex -28.7443 -14.275 13
      vertex -28.6604 -14.4451 13
    endloop
  endfacet
  facet normal 0 0 1
    outer loop
      vertex -26.8266 -12.565 13
      vertex -28.8496 -14.1173 13
      vertex -28.7443 -14.275 13
    endloop
  endfacet
  facet normal 0 0 1
    outer loop
      vertex -29.4451 -13.6604 13
      vertex -28.4693 -11.3045 13
      vertex -28.9647 -11.1363 13
    endloop
  endfacet
  facet normal 0 0 1
    outer loop
      vertex -27.1716 -12.1716 13
      vertex -28.9747 -13.9747 13
      vertex -28.8496 -14.1173 13
    endloop
  endfacet
  facet normal 0 0 1
    outer loop
      vertex -27.565 -11.8266 13
      vertex -29.1173 -13.8496 13
      vertex -28.9747 -13.9747 13
    endloop
  endfacet
  facet normal 0 0 1
    outer loop
      vertex -28 -11.5359 13
      vertex -29.275 -13.7443 13
      vertex -29.1173 -13.8496 13
    endloop
  endfacet
  facet normal 0 0 1
    outer loop
      vertex -28.4693 -11.3045 13
      vertex -29.4451 -13.6604 13
      vertex -29.275 -13.7443 13
    endloop
  endfacet
  facet normal 0 0 1
    outer loop
      vertex -29.6247 -13.5994 13
      vertex -28.9647 -11.1363 13
      vertex -29.4779 -11.0342 13
    endloop
  endfacet
  facet normal 0 0 1
    outer loop
      vertex -28.9647 -11.1363 13
      vertex -29.6247 -13.5994 13
      vertex -29.4451 -13.6604 13
    endloop
  endfacet
  facet normal 0 0 1
    outer loop
      vertex -29.4779 -11.0342 13
      vertex -29.8107 -13.5624 13
      vertex -29.6247 -13.5994 13
    endloop
  endfacet
  facet normal 0 0 1
    outer loop
      vertex -30 -11 13
      vertex -29.8107 -13.5624 13
      vertex -29.4779 -11.0342 13
    endloop
  endfacet
  facet normal 0 0 1
    outer loop
      vertex -30 -11 13
      vertex -30 -13.55 13
      vertex -29.8107 -13.5624 13
    endloop
  endfacet
  facet normal 0 0 1
    outer loop
      vertex -30 -11 13
      vertex -30.1893 -13.5624 13
      vertex -30 -13.55 13
    endloop
  endfacet
  facet normal -0 0 1
    outer loop
      vertex -30.5221 -11.0342 13
      vertex -30.1893 -13.5624 13
      vertex -30 -11 13
    endloop
  endfacet
  facet normal 0 0 1
    outer loop
      vertex -30.1893 -13.5624 13
      vertex -30.5221 -11.0342 13
      vertex -30.3753 -13.5994 13
    endloop
  endfacet
  facet normal -0 0 1
    outer loop
      vertex -31.0353 -11.1363 13
      vertex -30.3753 -13.5994 13
      vertex -30.5221 -11.0342 13
    endloop
  endfacet
  facet normal 0 0 1
    outer loop
      vertex -30.3753 -13.5994 13
      vertex -31.0353 -11.1363 13
      vertex -30.5549 -13.6604 13
    endloop
  endfacet
  facet normal -0 0 1
    outer loop
      vertex -31.5307 -11.3045 13
      vertex -30.5549 -13.6604 13
      vertex -31.0353 -11.1363 13
    endloop
  endfacet
  facet normal 0 0 1
    outer loop
      vertex -30.5549 -13.6604 13
      vertex -31.5307 -11.3045 13
      vertex -30.725 -13.7443 13
    endloop
  endfacet
  facet normal -0 0 1
    outer loop
      vertex -32 -11.5359 13
      vertex -30.725 -13.7443 13
      vertex -31.5307 -11.3045 13
    endloop
  endfacet
  facet normal 0 0 1
    outer loop
      vertex -30.725 -13.7443 13
      vertex -32 -11.5359 13
      vertex -30.8827 -13.8496 13
    endloop
  endfacet
  facet normal -0 0 1
    outer loop
      vertex -32.435 -11.8266 13
      vertex -30.8827 -13.8496 13
      vertex -32 -11.5359 13
    endloop
  endfacet
  facet normal 0 0 1
    outer loop
      vertex -30.8827 -13.8496 13
      vertex -32.435 -11.8266 13
      vertex -31.0253 -13.9747 13
    endloop
  endfacet
  facet normal -0 0 1
    outer loop
      vertex -32.8284 -12.1716 13
      vertex -31.0253 -13.9747 13
      vertex -32.435 -11.8266 13
    endloop
  endfacet
  facet normal 0 0 1
    outer loop
      vertex -31.0253 -13.9747 13
      vertex -32.8284 -12.1716 13
      vertex -31.1504 -14.1173 13
    endloop
  endfacet
  facet normal 0 0 1
    outer loop
      vertex -31.1504 -14.1173 13
      vertex -33.1734 -12.565 13
      vertex -31.2557 -14.275 13
    endloop
  endfacet
  facet normal -0 0 1
    outer loop
      vertex -33.1734 -12.565 13
      vertex -31.1504 -14.1173 13
      vertex -32.8284 -12.1716 13
    endloop
  endfacet
  facet normal -0 0 1
    outer loop
      vertex -28.8496 -15.8827 13
      vertex -26.8266 -17.435 13
      vertex -28.7443 -15.725 13
    endloop
  endfacet
  facet normal 0 0 1
    outer loop
      vertex -26.8266 -17.435 13
      vertex -28.8496 -15.8827 13
      vertex -27.1716 -17.8284 13
    endloop
  endfacet
  facet normal -0 0 1
    outer loop
      vertex -28.9747 -16.0253 13
      vertex -27.1716 -17.8284 13
      vertex -28.8496 -15.8827 13
    endloop
  endfacet
  facet normal 0 0 1
    outer loop
      vertex -27.1716 -17.8284 13
      vertex -28.9747 -16.0253 13
      vertex -27.565 -18.1734 13
    endloop
  endfacet
  facet normal -0 0 1
    outer loop
      vertex -29.1173 -16.1504 13
      vertex -27.565 -18.1734 13
      vertex -28.9747 -16.0253 13
    endloop
  endfacet
  facet normal 0 0 1
    outer loop
      vertex -27.565 -18.1734 13
      vertex -29.1173 -16.1504 13
      vertex -28 -18.4641 13
    endloop
  endfacet
  facet normal -0 0 1
    outer loop
      vertex -29.275 -16.2557 13
      vertex -28 -18.4641 13
      vertex -29.1173 -16.1504 13
    endloop
  endfacet
  facet normal 0 0 1
    outer loop
      vertex -28 -18.4641 13
      vertex -29.275 -16.2557 13
      vertex -28.4693 -18.6955 13
    endloop
  endfacet
  facet normal -0 0 1
    outer loop
      vertex -29.4451 -16.3396 13
      vertex -28.4693 -18.6955 13
      vertex -29.275 -16.2557 13
    endloop
  endfacet
  facet normal 0 0 1
    outer loop
      vertex -28.4693 -18.6955 13
      vertex -29.4451 -16.3396 13
      vertex -28.9647 -18.8637 13
    endloop
  endfacet
  facet normal -0 0 1
    outer loop
      vertex -29.6247 -16.4006 13
      vertex -28.9647 -18.8637 13
      vertex -29.4451 -16.3396 13
    endloop
  endfacet
  facet normal 0 0 1
    outer loop
      vertex -28.9647 -18.8637 13
      vertex -29.6247 -16.4006 13
      vertex -29.4779 -18.9658 13
    endloop
  endfacet
  facet normal -0 0 1
    outer loop
      vertex -29.8107 -16.4376 13
      vertex -29.4779 -18.9658 13
      vertex -29.6247 -16.4006 13
    endloop
  endfacet
  facet normal -0 0 1
    outer loop
      vertex -30 -16.45 13
      vertex -29.4779 -18.9658 13
      vertex -29.8107 -16.4376 13
    endloop
  endfacet
  facet normal 0 0 1
    outer loop
      vertex -30 -16.45 13
      vertex -30 -19 13
      vertex -29.4779 -18.9658 13
    endloop
  endfacet
  facet normal 0 0 1
    outer loop
      vertex -30.1893 -16.4376 13
      vertex -30 -19 13
      vertex -30 -16.45 13
    endloop
  endfacet
  facet normal 0 0 1
    outer loop
      vertex -30.5221 -18.9658 13
      vertex -30.1893 -16.4376 13
      vertex -30.3753 -16.4006 13
    endloop
  endfacet
  facet normal 0 0 1
    outer loop
      vertex -30.1893 -16.4376 13
      vertex -30.5221 -18.9658 13
      vertex -30 -19 13
    endloop
  endfacet
  facet normal 0 0 1
    outer loop
      vertex -31.0353 -18.8637 13
      vertex -30.3753 -16.4006 13
      vertex -30.5549 -16.3396 13
    endloop
  endfacet
  facet normal 0 0 1
    outer loop
      vertex -31.5307 -18.6955 13
      vertex -30.5549 -16.3396 13
      vertex -30.725 -16.2557 13
    endloop
  endfacet
  facet normal 0 0 1
    outer loop
      vertex -32 -18.4641 13
      vertex -30.725 -16.2557 13
      vertex -30.8827 -16.1504 13
    endloop
  endfacet
  facet normal 0 0 1
    outer loop
      vertex -32.435 -18.1734 13
      vertex -30.8827 -16.1504 13
      vertex -31.0253 -16.0253 13
    endloop
  endfacet
  facet normal 0 0 1
    outer loop
      vertex -30.3753 -16.4006 13
      vertex -31.0353 -18.8637 13
      vertex -30.5221 -18.9658 13
    endloop
  endfacet
  facet normal 0 0 1
    outer loop
      vertex -32.8284 -17.8284 13
      vertex -31.0253 -16.0253 13
      vertex -31.1504 -15.8827 13
    endloop
  endfacet
  facet normal 0 0 1
    outer loop
      vertex -33.1734 -17.435 13
      vertex -31.1504 -15.8827 13
      vertex -31.2557 -15.725 13
    endloop
  endfacet
  facet normal 0 0 1
    outer loop
      vertex -33.4641 -17 13
      vertex -31.2557 -15.725 13
      vertex -31.3396 -15.5549 13
    endloop
  endfacet
  facet normal 0 0 1
    outer loop
      vertex -33.6955 -16.5307 13
      vertex -31.3396 -15.5549 13
      vertex -31.4006 -15.3753 13
    endloop
  endfacet
  facet normal 0 0 1
    outer loop
      vertex -33.8637 -16.0353 13
      vertex -31.4006 -15.3753 13
      vertex -31.4376 -15.1893 13
    endloop
  endfacet
  facet normal 0 0 1
    outer loop
      vertex -30.5549 -16.3396 13
      vertex -31.5307 -18.6955 13
      vertex -31.0353 -18.8637 13
    endloop
  endfacet
  facet normal 0 0 1
    outer loop
      vertex -33.9658 -15.5221 13
      vertex -31.4376 -15.1893 13
      vertex -31.45 -15 13
    endloop
  endfacet
  facet normal -0 0 1
    outer loop
      vertex -33.4641 -13 13
      vertex -31.2557 -14.275 13
      vertex -33.1734 -12.565 13
    endloop
  endfacet
  facet normal 0 0 1
    outer loop
      vertex -31.2557 -14.275 13
      vertex -33.4641 -13 13
      vertex -31.3396 -14.4451 13
    endloop
  endfacet
  facet normal 0 0 1
    outer loop
      vertex -30.725 -16.2557 13
      vertex -32 -18.4641 13
      vertex -31.5307 -18.6955 13
    endloop
  endfacet
  facet normal -0 0 1
    outer loop
      vertex -33.6955 -13.4693 13
      vertex -31.3396 -14.4451 13
      vertex -33.4641 -13 13
    endloop
  endfacet
  facet normal 0 0 1
    outer loop
      vertex -30.8827 -16.1504 13
      vertex -32.435 -18.1734 13
      vertex -32 -18.4641 13
    endloop
  endfacet
  facet normal 0 0 1
    outer loop
      vertex -31.3396 -14.4451 13
      vertex -33.6955 -13.4693 13
      vertex -31.4006 -14.6247 13
    endloop
  endfacet
  facet normal 0 0 1
    outer loop
      vertex -31.0253 -16.0253 13
      vertex -32.8284 -17.8284 13
      vertex -32.435 -18.1734 13
    endloop
  endfacet
  facet normal -0 0 1
    outer loop
      vertex -33.8637 -13.9647 13
      vertex -31.4006 -14.6247 13
      vertex -33.6955 -13.4693 13
    endloop
  endfacet
  facet normal 0 0 1
    outer loop
      vertex -31.1504 -15.8827 13
      vertex -33.1734 -17.435 13
      vertex -32.8284 -17.8284 13
    endloop
  endfacet
  facet normal 0 0 1
    outer loop
      vertex -31.4006 -14.6247 13
      vertex -33.8637 -13.9647 13
      vertex -31.4376 -14.8107 13
    endloop
  endfacet
  facet normal 0 0 1
    outer loop
      vertex -31.2557 -15.725 13
      vertex -33.4641 -17 13
      vertex -33.1734 -17.435 13
    endloop
  endfacet
  facet normal -0 0 1
    outer loop
      vertex -33.9658 -14.4779 13
      vertex -31.4376 -14.8107 13
      vertex -33.8637 -13.9647 13
    endloop
  endfacet
  facet normal 0 0 1
    outer loop
      vertex -31.3396 -15.5549 13
      vertex -33.6955 -16.5307 13
      vertex -33.4641 -17 13
    endloop
  endfacet
  facet normal 0 0 1
    outer loop
      vertex -31.4376 -14.8107 13
      vertex -33.9658 -14.4779 13
      vertex -31.45 -15 13
    endloop
  endfacet
  facet normal 0 0 1
    outer loop
      vertex -31.4006 -15.3753 13
      vertex -33.8637 -16.0353 13
      vertex -33.6955 -16.5307 13
    endloop
  endfacet
  facet normal 0 0 1
    outer loop
      vertex -34 -15 13
      vertex -31.45 -15 13
      vertex -33.9658 -14.4779 13
    endloop
  endfacet
  facet normal 0 0 1
    outer loop
      vertex -31.4376 -15.1893 13
      vertex -33.9658 -15.5221 13
      vertex -33.8637 -16.0353 13
    endloop
  endfacet
  facet normal 0 0 1
    outer loop
      vertex -31.45 -15 13
      vertex -34 -15 13
      vertex -33.9658 -15.5221 13
    endloop
  endfacet
  facet normal -0.94691 0.321498 0
    outer loop
      vertex -33.8637 -13.9647 3
      vertex -33.6955 -13.4693 13
      vertex -33.6955 -13.4693 3
    endloop
  endfacet
  facet normal -0.94691 0.321498 0
    outer loop
      vertex -33.6955 -13.4693 13
      vertex -33.8637 -13.9647 3
      vertex -33.8637 -13.9647 13
    endloop
  endfacet
  facet normal -0.980779 0.195124 0
    outer loop
      vertex -33.9658 -14.4779 3
      vertex -33.8637 -13.9647 13
      vertex -33.8637 -13.9647 3
    endloop
  endfacet
  facet normal -0.980779 0.195124 0
    outer loop
      vertex -33.8637 -13.9647 13
      vertex -33.9658 -14.4779 3
      vertex -33.9658 -14.4779 13
    endloop
  endfacet
  facet normal -0.831432 0.555626 0
    outer loop
      vertex -33.4641 -13 3
      vertex -33.1734 -12.565 13
      vertex -33.1734 -12.565 3
    endloop
  endfacet
  facet normal -0.831432 0.555626 0
    outer loop
      vertex -33.1734 -12.565 13
      vertex -33.4641 -13 3
      vertex -33.4641 -13 13
    endloop
  endfacet
  facet normal -0.195124 0.980779 0
    outer loop
      vertex -30.5221 -11.0342 3
      vertex -31.0353 -11.1363 13
      vertex -30.5221 -11.0342 13
    endloop
  endfacet
  facet normal -0.195124 0.980779 0
    outer loop
      vertex -31.0353 -11.1363 13
      vertex -30.5221 -11.0342 3
      vertex -31.0353 -11.1363 3
    endloop
  endfacet
  facet normal -0.555626 0.831432 0
    outer loop
      vertex -32 -11.5359 3
      vertex -32.435 -11.8266 13
      vertex -32 -11.5359 13
    endloop
  endfacet
  facet normal -0.555626 0.831432 0
    outer loop
      vertex -32.435 -11.8266 13
      vertex -32 -11.5359 3
      vertex -32.435 -11.8266 3
    endloop
  endfacet
  facet normal -0.442238 0.896898 0
    outer loop
      vertex -31.5307 -11.3045 3
      vertex -32 -11.5359 13
      vertex -31.5307 -11.3045 13
    endloop
  endfacet
  facet normal -0.442238 0.896898 0
    outer loop
      vertex -32 -11.5359 13
      vertex -31.5307 -11.3045 3
      vertex -32 -11.5359 3
    endloop
  endfacet
  facet normal 0.997861 -0.0653646 0
    outer loop
      vertex -26.0342 -15.5221 13
      vertex -26 -15 3
      vertex -26 -15 13
    endloop
  endfacet
  facet normal 0.997861 -0.0653646 0
    outer loop
      vertex -26 -15 3
      vertex -26.0342 -15.5221 13
      vertex -26.0342 -15.5221 3
    endloop
  endfacet
  facet normal 0.0653646 -0.997861 0
    outer loop
      vertex -30 -19 3
      vertex -29.4779 -18.9658 13
      vertex -30 -19 13
    endloop
  endfacet
  facet normal 0.0653646 -0.997861 0
    outer loop
      vertex -29.4779 -18.9658 13
      vertex -30 -19 3
      vertex -29.4779 -18.9658 3
    endloop
  endfacet
  facet normal 0.321498 -0.94691 0
    outer loop
      vertex -28.9647 -18.8637 3
      vertex -28.4693 -18.6955 13
      vertex -28.9647 -18.8637 13
    endloop
  endfacet
  facet normal 0.321498 -0.94691 0
    outer loop
      vertex -28.4693 -18.6955 13
      vertex -28.9647 -18.8637 3
      vertex -28.4693 -18.6955 3
    endloop
  endfacet
  facet normal 0.751842 -0.659343 0
    outer loop
      vertex -27.1716 -17.8284 13
      vertex -26.8266 -17.435 3
      vertex -26.8266 -17.435 13
    endloop
  endfacet
  facet normal 0.751842 -0.659343 0
    outer loop
      vertex -26.8266 -17.435 3
      vertex -27.1716 -17.8284 13
      vertex -27.1716 -17.8284 3
    endloop
  endfacet
  facet normal 0.659343 -0.751842 0
    outer loop
      vertex -27.565 -18.1734 3
      vertex -27.1716 -17.8284 13
      vertex -27.565 -18.1734 13
    endloop
  endfacet
  facet normal 0.659343 -0.751842 0
    outer loop
      vertex -27.1716 -17.8284 13
      vertex -27.565 -18.1734 3
      vertex -27.1716 -17.8284 3
    endloop
  endfacet
  facet normal -0.321498 -0.94691 0
    outer loop
      vertex -31.5307 -18.6955 3
      vertex -31.0353 -18.8637 13
      vertex -31.5307 -18.6955 13
    endloop
  endfacet
  facet normal -0.321498 -0.94691 -0
    outer loop
      vertex -31.0353 -18.8637 13
      vertex -31.5307 -18.6955 3
      vertex -31.0353 -18.8637 3
    endloop
  endfacet
  facet normal -0.555626 -0.831432 0
    outer loop
      vertex -32.435 -18.1734 3
      vertex -32 -18.4641 13
      vertex -32.435 -18.1734 13
    endloop
  endfacet
  facet normal -0.555626 -0.831432 -0
    outer loop
      vertex -32 -18.4641 13
      vertex -32.435 -18.1734 3
      vertex -32 -18.4641 3
    endloop
  endfacet
  facet normal -0.980779 -0.195124 0
    outer loop
      vertex -33.8637 -16.0353 3
      vertex -33.9658 -15.5221 13
      vertex -33.9658 -15.5221 3
    endloop
  endfacet
  facet normal -0.980779 -0.195124 0
    outer loop
      vertex -33.9658 -15.5221 13
      vertex -33.8637 -16.0353 3
      vertex -33.8637 -16.0353 13
    endloop
  endfacet
  facet normal -0.751842 -0.659343 0
    outer loop
      vertex -32.8284 -17.8284 3
      vertex -33.1734 -17.435 13
      vertex -33.1734 -17.435 3
    endloop
  endfacet
  facet normal -0.751842 -0.659343 0
    outer loop
      vertex -33.1734 -17.435 13
      vertex -32.8284 -17.8284 3
      vertex -32.8284 -17.8284 13
    endloop
  endfacet
  facet normal -0.896898 -0.442238 0
    outer loop
      vertex -33.4641 -17 3
      vertex -33.6955 -16.5307 13
      vertex -33.6955 -16.5307 3
    endloop
  endfacet
  facet normal -0.896898 -0.442238 0
    outer loop
      vertex -33.6955 -16.5307 13
      vertex -33.4641 -17 3
      vertex -33.4641 -17 13
    endloop
  endfacet
  facet normal 0.980779 -0.195124 0
    outer loop
      vertex -26.1363 -16.0353 13
      vertex -26.0342 -15.5221 3
      vertex -26.0342 -15.5221 13
    endloop
  endfacet
  facet normal 0.980779 -0.195124 0
    outer loop
      vertex -26.0342 -15.5221 3
      vertex -26.1363 -16.0353 13
      vertex -26.1363 -16.0353 3
    endloop
  endfacet
  facet normal 0.896898 -0.442238 0
    outer loop
      vertex -26.5359 -17 13
      vertex -26.3045 -16.5307 3
      vertex -26.3045 -16.5307 13
    endloop
  endfacet
  facet normal 0.896898 -0.442238 0
    outer loop
      vertex -26.3045 -16.5307 3
      vertex -26.5359 -17 13
      vertex -26.5359 -17 3
    endloop
  endfacet
  facet normal 0.831432 -0.555626 0
    outer loop
      vertex -26.8266 -17.435 13
      vertex -26.5359 -17 3
      vertex -26.5359 -17 13
    endloop
  endfacet
  facet normal 0.831432 -0.555626 0
    outer loop
      vertex -26.5359 -17 3
      vertex -26.8266 -17.435 13
      vertex -26.8266 -17.435 3
    endloop
  endfacet
  facet normal 0.195124 -0.980779 0
    outer loop
      vertex -29.4779 -18.9658 3
      vertex -28.9647 -18.8637 13
      vertex -29.4779 -18.9658 13
    endloop
  endfacet
  facet normal 0.195124 -0.980779 0
    outer loop
      vertex -28.9647 -18.8637 13
      vertex -29.4779 -18.9658 3
      vertex -28.9647 -18.8637 3
    endloop
  endfacet
  facet normal -0.195124 -0.980779 0
    outer loop
      vertex -31.0353 -18.8637 3
      vertex -30.5221 -18.9658 13
      vertex -31.0353 -18.8637 13
    endloop
  endfacet
  facet normal -0.195124 -0.980779 -0
    outer loop
      vertex -30.5221 -18.9658 13
      vertex -31.0353 -18.8637 3
      vertex -30.5221 -18.9658 3
    endloop
  endfacet
  facet normal -0.94691 -0.321498 0
    outer loop
      vertex -33.6955 -16.5307 3
      vertex -33.8637 -16.0353 13
      vertex -33.8637 -16.0353 3
    endloop
  endfacet
  facet normal -0.94691 -0.321498 0
    outer loop
      vertex -33.8637 -16.0353 13
      vertex -33.6955 -16.5307 3
      vertex -33.6955 -16.5307 13
    endloop
  endfacet
  facet normal -0.831432 -0.555626 0
    outer loop
      vertex -33.1734 -17.435 3
      vertex -33.4641 -17 13
      vertex -33.4641 -17 3
    endloop
  endfacet
  facet normal -0.831432 -0.555626 0
    outer loop
      vertex -33.4641 -17 13
      vertex -33.1734 -17.435 3
      vertex -33.1734 -17.435 13
    endloop
  endfacet
  facet normal -0.997861 -0.0653644 0
    outer loop
      vertex -28.55 -15 3
      vertex -28.5624 -14.8107 13
      vertex -28.5624 -14.8107 3
    endloop
  endfacet
  facet normal -0.997861 -0.0653644 0
    outer loop
      vertex -28.5624 -14.8107 13
      vertex -28.55 -15 3
      vertex -28.55 -15 13
    endloop
  endfacet
  facet normal 0.997861 -0.0653644 0
    outer loop
      vertex -31.45 -15 13
      vertex -31.4376 -14.8107 3
      vertex -31.4376 -14.8107 13
    endloop
  endfacet
  facet normal 0.997861 -0.0653644 0
    outer loop
      vertex -31.4376 -14.8107 3
      vertex -31.45 -15 13
      vertex -31.45 -15 3
    endloop
  endfacet
  facet normal -0.0653644 -0.997861 0
    outer loop
      vertex -30 -13.55 3
      vertex -29.8107 -13.5624 13
      vertex -30 -13.55 13
    endloop
  endfacet
  facet normal -0.0653644 -0.997861 -0
    outer loop
      vertex -29.8107 -13.5624 13
      vertex -30 -13.55 3
      vertex -29.8107 -13.5624 3
    endloop
  endfacet
  facet normal 0.0653644 0.997861 -0
    outer loop
      vertex -30 -16.45 3
      vertex -30.1893 -16.4376 13
      vertex -30 -16.45 13
    endloop
  endfacet
  facet normal 0.0653644 0.997861 0
    outer loop
      vertex -30.1893 -16.4376 13
      vertex -30 -16.45 3
      vertex -30.1893 -16.4376 3
    endloop
  endfacet
  facet normal -0.751727 -0.659474 0
    outer loop
      vertex -28.8496 -14.1173 3
      vertex -28.9747 -13.9747 13
      vertex -28.9747 -13.9747 3
    endloop
  endfacet
  facet normal -0.751727 -0.659474 0
    outer loop
      vertex -28.9747 -13.9747 13
      vertex -28.8496 -14.1173 3
      vertex -28.8496 -14.1173 13
    endloop
  endfacet
  facet normal 0.659474 -0.751727 0
    outer loop
      vertex -31.0253 -13.9747 3
      vertex -30.8827 -13.8496 13
      vertex -31.0253 -13.9747 13
    endloop
  endfacet
  facet normal 0.659474 -0.751727 0
    outer loop
      vertex -30.8827 -13.8496 13
      vertex -31.0253 -13.9747 3
      vertex -30.8827 -13.8496 3
    endloop
  endfacet
  facet normal 0.3216 -0.946876 0
    outer loop
      vertex -30.5549 -13.6604 3
      vertex -30.3753 -13.5994 13
      vertex -30.5549 -13.6604 13
    endloop
  endfacet
  facet normal 0.3216 -0.946876 0
    outer loop
      vertex -30.3753 -13.5994 13
      vertex -30.5549 -13.6604 3
      vertex -30.3753 -13.5994 3
    endloop
  endfacet
  facet normal -0.896839 -0.442356 0
    outer loop
      vertex -28.6604 -14.4451 3
      vertex -28.7443 -14.275 13
      vertex -28.7443 -14.275 3
    endloop
  endfacet
  facet normal -0.896839 -0.442356 0
    outer loop
      vertex -28.7443 -14.275 13
      vertex -28.6604 -14.4451 3
      vertex -28.6604 -14.4451 13
    endloop
  endfacet
  facet normal -0.980783 -0.195102 0
    outer loop
      vertex -28.5624 -14.8107 3
      vertex -28.5994 -14.6247 13
      vertex -28.5994 -14.6247 3
    endloop
  endfacet
  facet normal -0.980783 -0.195102 0
    outer loop
      vertex -28.5994 -14.6247 13
      vertex -28.5624 -14.8107 3
      vertex -28.5624 -14.8107 13
    endloop
  endfacet
  facet normal -0.831644 -0.555309 0
    outer loop
      vertex -28.7443 -14.275 3
      vertex -28.8496 -14.1173 13
      vertex -28.8496 -14.1173 3
    endloop
  endfacet
  facet normal -0.831644 -0.555309 0
    outer loop
      vertex -28.8496 -14.1173 13
      vertex -28.7443 -14.275 3
      vertex -28.7443 -14.275 13
    endloop
  endfacet
  facet normal -0.442356 -0.896839 0
    outer loop
      vertex -29.4451 -13.6604 3
      vertex -29.275 -13.7443 13
      vertex -29.4451 -13.6604 13
    endloop
  endfacet
  facet normal -0.442356 -0.896839 -0
    outer loop
      vertex -29.275 -13.7443 13
      vertex -29.4451 -13.6604 3
      vertex -29.275 -13.7443 3
    endloop
  endfacet
  facet normal -0.3216 -0.946876 0
    outer loop
      vertex -29.6247 -13.5994 3
      vertex -29.4451 -13.6604 13
      vertex -29.6247 -13.5994 13
    endloop
  endfacet
  facet normal -0.3216 -0.946876 -0
    outer loop
      vertex -29.4451 -13.6604 13
      vertex -29.6247 -13.5994 3
      vertex -29.4451 -13.6604 3
    endloop
  endfacet
  facet normal -0.555309 -0.831644 0
    outer loop
      vertex -29.275 -13.7443 3
      vertex -29.1173 -13.8496 13
      vertex -29.275 -13.7443 13
    endloop
  endfacet
  facet normal -0.555309 -0.831644 -0
    outer loop
      vertex -29.1173 -13.8496 13
      vertex -29.275 -13.7443 3
      vertex -29.1173 -13.8496 3
    endloop
  endfacet
  facet normal 0.896839 -0.442356 0
    outer loop
      vertex -31.3396 -14.4451 13
      vertex -31.2557 -14.275 3
      vertex -31.2557 -14.275 13
    endloop
  endfacet
  facet normal 0.896839 -0.442356 0
    outer loop
      vertex -31.2557 -14.275 3
      vertex -31.3396 -14.4451 13
      vertex -31.3396 -14.4451 3
    endloop
  endfacet
  facet normal 0.831644 -0.555309 0
    outer loop
      vertex -31.2557 -14.275 13
      vertex -31.1504 -14.1173 3
      vertex -31.1504 -14.1173 13
    endloop
  endfacet
  facet normal 0.831644 -0.555309 0
    outer loop
      vertex -31.1504 -14.1173 3
      vertex -31.2557 -14.275 13
      vertex -31.2557 -14.275 3
    endloop
  endfacet
  facet normal 0.946876 -0.3216 0
    outer loop
      vertex -31.4006 -14.6247 13
      vertex -31.3396 -14.4451 3
      vertex -31.3396 -14.4451 13
    endloop
  endfacet
  facet normal 0.946876 -0.3216 0
    outer loop
      vertex -31.3396 -14.4451 3
      vertex -31.4006 -14.6247 13
      vertex -31.4006 -14.6247 3
    endloop
  endfacet
  facet normal 0.442356 -0.896839 0
    outer loop
      vertex -30.725 -13.7443 3
      vertex -30.5549 -13.6604 13
      vertex -30.725 -13.7443 13
    endloop
  endfacet
  facet normal 0.442356 -0.896839 0
    outer loop
      vertex -30.5549 -13.6604 13
      vertex -30.725 -13.7443 3
      vertex -30.5549 -13.6604 3
    endloop
  endfacet
  facet normal 0.195102 -0.980783 0
    outer loop
      vertex -30.3753 -13.5994 3
      vertex -30.1893 -13.5624 13
      vertex -30.3753 -13.5994 13
    endloop
  endfacet
  facet normal 0.195102 -0.980783 0
    outer loop
      vertex -30.1893 -13.5624 13
      vertex -30.3753 -13.5994 3
      vertex -30.1893 -13.5624 3
    endloop
  endfacet
  facet normal -0.659474 0.751727 0
    outer loop
      vertex -28.9747 -16.0253 3
      vertex -29.1173 -16.1504 13
      vertex -28.9747 -16.0253 13
    endloop
  endfacet
  facet normal -0.659474 0.751727 0
    outer loop
      vertex -29.1173 -16.1504 13
      vertex -28.9747 -16.0253 3
      vertex -29.1173 -16.1504 3
    endloop
  endfacet
  facet normal -0.442356 0.896839 0
    outer loop
      vertex -29.275 -16.2557 3
      vertex -29.4451 -16.3396 13
      vertex -29.275 -16.2557 13
    endloop
  endfacet
  facet normal -0.442356 0.896839 0
    outer loop
      vertex -29.4451 -16.3396 13
      vertex -29.275 -16.2557 3
      vertex -29.4451 -16.3396 3
    endloop
  endfacet
  facet normal 0.3216 0.946876 -0
    outer loop
      vertex -30.3753 -16.4006 3
      vertex -30.5549 -16.3396 13
      vertex -30.3753 -16.4006 13
    endloop
  endfacet
  facet normal 0.3216 0.946876 0
    outer loop
      vertex -30.5549 -16.3396 13
      vertex -30.3753 -16.4006 3
      vertex -30.5549 -16.3396 3
    endloop
  endfacet
  facet normal 0.896839 0.442356 0
    outer loop
      vertex -31.2557 -15.725 13
      vertex -31.3396 -15.5549 3
      vertex -31.3396 -15.5549 13
    endloop
  endfacet
  facet normal 0.896839 0.442356 0
    outer loop
      vertex -31.3396 -15.5549 3
      vertex -31.2557 -15.725 13
      vertex -31.2557 -15.725 3
    endloop
  endfacet
  facet normal 0.831644 0.555309 0
    outer loop
      vertex -31.1504 -15.8827 13
      vertex -31.2557 -15.725 3
      vertex -31.2557 -15.725 13
    endloop
  endfacet
  facet normal 0.831644 0.555309 0
    outer loop
      vertex -31.2557 -15.725 3
      vertex -31.1504 -15.8827 13
      vertex -31.1504 -15.8827 3
    endloop
  endfacet
  facet normal -0.946876 -0.3216 0
    outer loop
      vertex -28.5994 -14.6247 3
      vertex -28.6604 -14.4451 13
      vertex -28.6604 -14.4451 3
    endloop
  endfacet
  facet normal -0.946876 -0.3216 0
    outer loop
      vertex -28.6604 -14.4451 13
      vertex -28.5994 -14.6247 3
      vertex -28.5994 -14.6247 13
    endloop
  endfacet
  facet normal -0.195102 -0.980783 0
    outer loop
      vertex -29.8107 -13.5624 3
      vertex -29.6247 -13.5994 13
      vertex -29.8107 -13.5624 13
    endloop
  endfacet
  facet normal -0.195102 -0.980783 -0
    outer loop
      vertex -29.6247 -13.5994 13
      vertex -29.8107 -13.5624 3
      vertex -29.6247 -13.5994 3
    endloop
  endfacet
  facet normal -0.659474 -0.751727 0
    outer loop
      vertex -29.1173 -13.8496 3
      vertex -28.9747 -13.9747 13
      vertex -29.1173 -13.8496 13
    endloop
  endfacet
  facet normal -0.659474 -0.751727 -0
    outer loop
      vertex -28.9747 -13.9747 13
      vertex -29.1173 -13.8496 3
      vertex -28.9747 -13.9747 3
    endloop
  endfacet
  facet normal 0.980783 -0.195102 0
    outer loop
      vertex -31.4376 -14.8107 13
      vertex -31.4006 -14.6247 3
      vertex -31.4006 -14.6247 13
    endloop
  endfacet
  facet normal 0.980783 -0.195102 0
    outer loop
      vertex -31.4006 -14.6247 3
      vertex -31.4376 -14.8107 13
      vertex -31.4376 -14.8107 3
    endloop
  endfacet
  facet normal 0.555309 -0.831644 0
    outer loop
      vertex -30.8827 -13.8496 3
      vertex -30.725 -13.7443 13
      vertex -30.8827 -13.8496 13
    endloop
  endfacet
  facet normal 0.555309 -0.831644 0
    outer loop
      vertex -30.725 -13.7443 13
      vertex -30.8827 -13.8496 3
      vertex -30.725 -13.7443 3
    endloop
  endfacet
  facet normal 0.0653644 -0.997861 0
    outer loop
      vertex -30.1893 -13.5624 3
      vertex -30 -13.55 13
      vertex -30.1893 -13.5624 13
    endloop
  endfacet
  facet normal 0.0653644 -0.997861 0
    outer loop
      vertex -30 -13.55 13
      vertex -30.1893 -13.5624 3
      vertex -30 -13.55 3
    endloop
  endfacet
  facet normal -0.997861 0.0653644 0
    outer loop
      vertex -28.5624 -15.1893 3
      vertex -28.55 -15 13
      vertex -28.55 -15 3
    endloop
  endfacet
  facet normal -0.997861 0.0653644 0
    outer loop
      vertex -28.55 -15 13
      vertex -28.5624 -15.1893 3
      vertex -28.5624 -15.1893 13
    endloop
  endfacet
  facet normal -0.0653644 0.997861 0
    outer loop
      vertex -29.8107 -16.4376 3
      vertex -30 -16.45 13
      vertex -29.8107 -16.4376 13
    endloop
  endfacet
  facet normal -0.0653644 0.997861 0
    outer loop
      vertex -30 -16.45 13
      vertex -29.8107 -16.4376 3
      vertex -30 -16.45 3
    endloop
  endfacet
  facet normal -0.3216 0.946876 0
    outer loop
      vertex -29.4451 -16.3396 3
      vertex -29.6247 -16.4006 13
      vertex -29.4451 -16.3396 13
    endloop
  endfacet
  facet normal -0.3216 0.946876 0
    outer loop
      vertex -29.6247 -16.4006 13
      vertex -29.4451 -16.3396 3
      vertex -29.6247 -16.4006 3
    endloop
  endfacet
  facet normal -0.555309 0.831644 0
    outer loop
      vertex -29.1173 -16.1504 3
      vertex -29.275 -16.2557 13
      vertex -29.1173 -16.1504 13
    endloop
  endfacet
  facet normal -0.555309 0.831644 0
    outer loop
      vertex -29.275 -16.2557 13
      vertex -29.1173 -16.1504 3
      vertex -29.275 -16.2557 3
    endloop
  endfacet
  facet normal -0.831644 0.555309 0
    outer loop
      vertex -28.8496 -15.8827 3
      vertex -28.7443 -15.725 13
      vertex -28.7443 -15.725 3
    endloop
  endfacet
  facet normal -0.831644 0.555309 0
    outer loop
      vertex -28.7443 -15.725 13
      vertex -28.8496 -15.8827 3
      vertex -28.8496 -15.8827 13
    endloop
  endfacet
  facet normal -0.751727 0.659474 0
    outer loop
      vertex -28.9747 -16.0253 3
      vertex -28.8496 -15.8827 13
      vertex -28.8496 -15.8827 3
    endloop
  endfacet
  facet normal -0.751727 0.659474 0
    outer loop
      vertex -28.8496 -15.8827 13
      vertex -28.9747 -16.0253 3
      vertex -28.9747 -16.0253 13
    endloop
  endfacet
  facet normal 0.555309 0.831644 -0
    outer loop
      vertex -30.725 -16.2557 3
      vertex -30.8827 -16.1504 13
      vertex -30.725 -16.2557 13
    endloop
  endfacet
  facet normal 0.555309 0.831644 0
    outer loop
      vertex -30.8827 -16.1504 13
      vertex -30.725 -16.2557 3
      vertex -30.8827 -16.1504 3
    endloop
  endfacet
  facet normal 0.659474 0.751727 -0
    outer loop
      vertex -30.8827 -16.1504 3
      vertex -31.0253 -16.0253 13
      vertex -30.8827 -16.1504 13
    endloop
  endfacet
  facet normal 0.659474 0.751727 0
    outer loop
      vertex -31.0253 -16.0253 13
      vertex -30.8827 -16.1504 3
      vertex -31.0253 -16.0253 3
    endloop
  endfacet
  facet normal 0.442356 0.896839 -0
    outer loop
      vertex -30.5549 -16.3396 3
      vertex -30.725 -16.2557 13
      vertex -30.5549 -16.3396 13
    endloop
  endfacet
  facet normal 0.442356 0.896839 0
    outer loop
      vertex -30.725 -16.2557 13
      vertex -30.5549 -16.3396 3
      vertex -30.725 -16.2557 3
    endloop
  endfacet
  facet normal 0.195102 0.980783 -0
    outer loop
      vertex -30.1893 -16.4376 3
      vertex -30.3753 -16.4006 13
      vertex -30.1893 -16.4376 13
    endloop
  endfacet
  facet normal 0.195102 0.980783 0
    outer loop
      vertex -30.3753 -16.4006 13
      vertex -30.1893 -16.4376 3
      vertex -30.3753 -16.4006 3
    endloop
  endfacet
  facet normal 0.751727 0.659474 0
    outer loop
      vertex -31.0253 -16.0253 13
      vertex -31.1504 -15.8827 3
      vertex -31.1504 -15.8827 13
    endloop
  endfacet
  facet normal 0.751727 0.659474 0
    outer loop
      vertex -31.1504 -15.8827 3
      vertex -31.0253 -16.0253 13
      vertex -31.0253 -16.0253 3
    endloop
  endfacet
  facet normal 0.946876 0.3216 0
    outer loop
      vertex -31.3396 -15.5549 13
      vertex -31.4006 -15.3753 3
      vertex -31.4006 -15.3753 13
    endloop
  endfacet
  facet normal 0.946876 0.3216 0
    outer loop
      vertex -31.4006 -15.3753 3
      vertex -31.3396 -15.5549 13
      vertex -31.3396 -15.5549 3
    endloop
  endfacet
  facet normal 0.997861 0.0653644 0
    outer loop
      vertex -31.4376 -15.1893 13
      vertex -31.45 -15 3
      vertex -31.45 -15 13
    endloop
  endfacet
  facet normal 0.997861 0.0653644 0
    outer loop
      vertex -31.45 -15 3
      vertex -31.4376 -15.1893 13
      vertex -31.4376 -15.1893 3
    endloop
  endfacet
  facet normal 0.751727 -0.659474 0
    outer loop
      vertex -31.1504 -14.1173 13
      vertex -31.0253 -13.9747 3
      vertex -31.0253 -13.9747 13
    endloop
  endfacet
  facet normal 0.751727 -0.659474 0
    outer loop
      vertex -31.0253 -13.9747 3
      vertex -31.1504 -14.1173 13
      vertex -31.1504 -14.1173 3
    endloop
  endfacet
  facet normal -0.195102 0.980783 0
    outer loop
      vertex -29.6247 -16.4006 3
      vertex -29.8107 -16.4376 13
      vertex -29.6247 -16.4006 13
    endloop
  endfacet
  facet normal -0.195102 0.980783 0
    outer loop
      vertex -29.8107 -16.4376 13
      vertex -29.6247 -16.4006 3
      vertex -29.8107 -16.4376 3
    endloop
  endfacet
  facet normal -0.896839 0.442356 0
    outer loop
      vertex -28.7443 -15.725 3
      vertex -28.6604 -15.5549 13
      vertex -28.6604 -15.5549 3
    endloop
  endfacet
  facet normal -0.896839 0.442356 0
    outer loop
      vertex -28.6604 -15.5549 13
      vertex -28.7443 -15.725 3
      vertex -28.7443 -15.725 13
    endloop
  endfacet
  facet normal -0.946876 0.3216 0
    outer loop
      vertex -28.6604 -15.5549 3
      vertex -28.5994 -15.3753 13
      vertex -28.5994 -15.3753 3
    endloop
  endfacet
  facet normal -0.946876 0.3216 0
    outer loop
      vertex -28.5994 -15.3753 13
      vertex -28.6604 -15.5549 3
      vertex -28.6604 -15.5549 13
    endloop
  endfacet
  facet normal -0.980783 0.195102 0
    outer loop
      vertex -28.5994 -15.3753 3
      vertex -28.5624 -15.1893 13
      vertex -28.5624 -15.1893 3
    endloop
  endfacet
  facet normal -0.980783 0.195102 0
    outer loop
      vertex -28.5624 -15.1893 13
      vertex -28.5994 -15.3753 3
      vertex -28.5994 -15.3753 13
    endloop
  endfacet
  facet normal 0.980783 0.195102 0
    outer loop
      vertex -31.4006 -15.3753 13
      vertex -31.4376 -15.1893 3
      vertex -31.4376 -15.1893 13
    endloop
  endfacet
  facet normal 0.980783 0.195102 0
    outer loop
      vertex -31.4376 -15.1893 3
      vertex -31.4006 -15.3753 13
      vertex -31.4006 -15.3753 3
    endloop
  endfacet
  facet normal 0.555626 0.831432 -0
    outer loop
      vertex -27.565 18.1734 3
      vertex -28 18.4641 13
      vertex -27.565 18.1734 13
    endloop
  endfacet
  facet normal 0.555626 0.831432 0
    outer loop
      vertex -28 18.4641 13
      vertex -27.565 18.1734 3
      vertex -28 18.4641 3
    endloop
  endfacet
  facet normal -0.321498 0.94691 0
    outer loop
      vertex -31.0353 18.8637 3
      vertex -31.5307 18.6955 13
      vertex -31.0353 18.8637 13
    endloop
  endfacet
  facet normal -0.321498 0.94691 0
    outer loop
      vertex -31.5307 18.6955 13
      vertex -31.0353 18.8637 3
      vertex -31.5307 18.6955 3
    endloop
  endfacet
  facet normal -0.896898 0.442238 0
    outer loop
      vertex -33.6955 16.5307 3
      vertex -33.4641 17 13
      vertex -33.4641 17 3
    endloop
  endfacet
  facet normal -0.896898 0.442238 0
    outer loop
      vertex -33.4641 17 13
      vertex -33.6955 16.5307 3
      vertex -33.6955 16.5307 13
    endloop
  endfacet
  facet normal -0.442238 -0.896898 0
    outer loop
      vertex -32 11.5359 3
      vertex -31.5307 11.3045 13
      vertex -32 11.5359 13
    endloop
  endfacet
  facet normal -0.442238 -0.896898 -0
    outer loop
      vertex -31.5307 11.3045 13
      vertex -32 11.5359 3
      vertex -31.5307 11.3045 3
    endloop
  endfacet
  facet normal 0.896898 0.442238 0
    outer loop
      vertex -26.3045 16.5307 13
      vertex -26.5359 17 3
      vertex -26.5359 17 13
    endloop
  endfacet
  facet normal 0.896898 0.442238 0
    outer loop
      vertex -26.5359 17 3
      vertex -26.3045 16.5307 13
      vertex -26.3045 16.5307 3
    endloop
  endfacet
  facet normal 0.831432 0.555626 0
    outer loop
      vertex -26.5359 17 13
      vertex -26.8266 17.435 3
      vertex -26.8266 17.435 13
    endloop
  endfacet
  facet normal 0.831432 0.555626 0
    outer loop
      vertex -26.8266 17.435 3
      vertex -26.5359 17 13
      vertex -26.5359 17 3
    endloop
  endfacet
  facet normal 0.442238 0.896898 -0
    outer loop
      vertex -28 18.4641 3
      vertex -28.4693 18.6955 13
      vertex -28 18.4641 13
    endloop
  endfacet
  facet normal 0.442238 0.896898 0
    outer loop
      vertex -28.4693 18.6955 13
      vertex -28 18.4641 3
      vertex -28.4693 18.6955 3
    endloop
  endfacet
  facet normal 0.0653646 0.997861 -0
    outer loop
      vertex -29.4779 18.9658 3
      vertex -30 19 13
      vertex -29.4779 18.9658 13
    endloop
  endfacet
  facet normal 0.0653646 0.997861 0
    outer loop
      vertex -30 19 13
      vertex -29.4779 18.9658 3
      vertex -30 19 3
    endloop
  endfacet
  facet normal -0.997861 0.0653646 0
    outer loop
      vertex -34 15 3
      vertex -33.9658 15.5221 13
      vertex -33.9658 15.5221 3
    endloop
  endfacet
  facet normal -0.997861 0.0653646 0
    outer loop
      vertex -33.9658 15.5221 13
      vertex -34 15 3
      vertex -34 15 13
    endloop
  endfacet
  facet normal -0.751842 0.659343 0
    outer loop
      vertex -33.1734 17.435 3
      vertex -32.8284 17.8284 13
      vertex -32.8284 17.8284 3
    endloop
  endfacet
  facet normal -0.751842 0.659343 0
    outer loop
      vertex -32.8284 17.8284 13
      vertex -33.1734 17.435 3
      vertex -33.1734 17.435 13
    endloop
  endfacet
  facet normal -0.0653646 0.997861 0
    outer loop
      vertex -30 19 3
      vertex -30.5221 18.9658 13
      vertex -30 19 13
    endloop
  endfacet
  facet normal -0.0653646 0.997861 0
    outer loop
      vertex -30.5221 18.9658 13
      vertex -30 19 3
      vertex -30.5221 18.9658 3
    endloop
  endfacet
  facet normal -0.659343 0.751842 0
    outer loop
      vertex -32.435 18.1734 3
      vertex -32.8284 17.8284 13
      vertex -32.435 18.1734 13
    endloop
  endfacet
  facet normal -0.659343 0.751842 0
    outer loop
      vertex -32.8284 17.8284 13
      vertex -32.435 18.1734 3
      vertex -32.8284 17.8284 3
    endloop
  endfacet
  facet normal 0.997861 0.0653646 0
    outer loop
      vertex -26 15 13
      vertex -26.0342 15.5221 3
      vertex -26.0342 15.5221 13
    endloop
  endfacet
  facet normal 0.997861 0.0653646 0
    outer loop
      vertex -26.0342 15.5221 3
      vertex -26 15 13
      vertex -26 15 3
    endloop
  endfacet
  facet normal 0.94691 -0.321498 0
    outer loop
      vertex -26.3045 13.4693 13
      vertex -26.1363 13.9647 3
      vertex -26.1363 13.9647 13
    endloop
  endfacet
  facet normal 0.94691 -0.321498 0
    outer loop
      vertex -26.1363 13.9647 3
      vertex -26.3045 13.4693 13
      vertex -26.3045 13.4693 3
    endloop
  endfacet
  facet normal 0.442238 -0.896898 0
    outer loop
      vertex -28.4693 11.3045 3
      vertex -28 11.5359 13
      vertex -28.4693 11.3045 13
    endloop
  endfacet
  facet normal 0.442238 -0.896898 0
    outer loop
      vertex -28 11.5359 13
      vertex -28.4693 11.3045 3
      vertex -28 11.5359 3
    endloop
  endfacet
  facet normal 0.555626 -0.831432 0
    outer loop
      vertex -28 11.5359 3
      vertex -27.565 11.8266 13
      vertex -28 11.5359 13
    endloop
  endfacet
  facet normal 0.555626 -0.831432 0
    outer loop
      vertex -27.565 11.8266 13
      vertex -28 11.5359 3
      vertex -27.565 11.8266 3
    endloop
  endfacet
  facet normal -0.0653646 -0.997861 0
    outer loop
      vertex -30.5221 11.0342 3
      vertex -30 11 13
      vertex -30.5221 11.0342 13
    endloop
  endfacet
  facet normal -0.0653646 -0.997861 -0
    outer loop
      vertex -30 11 13
      vertex -30.5221 11.0342 3
      vertex -30 11 3
    endloop
  endfacet
  facet normal -0.659343 -0.751842 0
    outer loop
      vertex -32.8284 12.1716 3
      vertex -32.435 11.8266 13
      vertex -32.8284 12.1716 13
    endloop
  endfacet
  facet normal -0.659343 -0.751842 -0
    outer loop
      vertex -32.435 11.8266 13
      vertex -32.8284 12.1716 3
      vertex -32.435 11.8266 3
    endloop
  endfacet
  facet normal -0.997861 -0.0653646 0
    outer loop
      vertex -33.9658 14.4779 3
      vertex -34 15 13
      vertex -34 15 3
    endloop
  endfacet
  facet normal -0.997861 -0.0653646 0
    outer loop
      vertex -34 15 13
      vertex -33.9658 14.4779 3
      vertex -33.9658 14.4779 13
    endloop
  endfacet
  facet normal 0.980779 0.195124 0
    outer loop
      vertex -26.0342 15.5221 13
      vertex -26.1363 16.0353 3
      vertex -26.1363 16.0353 13
    endloop
  endfacet
  facet normal 0.980779 0.195124 0
    outer loop
      vertex -26.1363 16.0353 3
      vertex -26.0342 15.5221 13
      vertex -26.0342 15.5221 3
    endloop
  endfacet
  facet normal 0.94691 0.321498 0
    outer loop
      vertex -26.1363 16.0353 13
      vertex -26.3045 16.5307 3
      vertex -26.3045 16.5307 13
    endloop
  endfacet
  facet normal 0.94691 0.321498 0
    outer loop
      vertex -26.3045 16.5307 3
      vertex -26.1363 16.0353 13
      vertex -26.1363 16.0353 3
    endloop
  endfacet
  facet normal 0.751842 0.659343 0
    outer loop
      vertex -26.8266 17.435 13
      vertex -27.1716 17.8284 3
      vertex -27.1716 17.8284 13
    endloop
  endfacet
  facet normal 0.751842 0.659343 0
    outer loop
      vertex -27.1716 17.8284 3
      vertex -26.8266 17.435 13
      vertex -26.8266 17.435 3
    endloop
  endfacet
  facet normal 0.659343 0.751842 -0
    outer loop
      vertex -27.1716 17.8284 3
      vertex -27.565 18.1734 13
      vertex -27.1716 17.8284 13
    endloop
  endfacet
  facet normal 0.659343 0.751842 0
    outer loop
      vertex -27.565 18.1734 13
      vertex -27.1716 17.8284 3
      vertex -27.565 18.1734 3
    endloop
  endfacet
  facet normal 0.321498 0.94691 -0
    outer loop
      vertex -28.4693 18.6955 3
      vertex -28.9647 18.8637 13
      vertex -28.4693 18.6955 13
    endloop
  endfacet
  facet normal 0.321498 0.94691 0
    outer loop
      vertex -28.9647 18.8637 13
      vertex -28.4693 18.6955 3
      vertex -28.9647 18.8637 3
    endloop
  endfacet
  facet normal 0.195124 0.980779 -0
    outer loop
      vertex -28.9647 18.8637 3
      vertex -29.4779 18.9658 13
      vertex -28.9647 18.8637 13
    endloop
  endfacet
  facet normal 0.195124 0.980779 0
    outer loop
      vertex -29.4779 18.9658 13
      vertex -28.9647 18.8637 3
      vertex -29.4779 18.9658 3
    endloop
  endfacet
  facet normal 0 0 1
    outer loop
      vertex -28.55 15 13
      vertex -26 15 13
      vertex -26.0342 15.5221 13
    endloop
  endfacet
  facet normal 0 0 1
    outer loop
      vertex -28.5624 15.1893 13
      vertex -26.0342 15.5221 13
      vertex -26.1363 16.0353 13
    endloop
  endfacet
  facet normal 0 0 1
    outer loop
      vertex -26 15 13
      vertex -28.55 15 13
      vertex -26.0342 14.4779 13
    endloop
  endfacet
  facet normal 0 0 1
    outer loop
      vertex -28.5994 15.3753 13
      vertex -26.1363 16.0353 13
      vertex -26.3045 16.5307 13
    endloop
  endfacet
  facet normal -0 0 1
    outer loop
      vertex -28.5624 14.8107 13
      vertex -26.0342 14.4779 13
      vertex -28.55 15 13
    endloop
  endfacet
  facet normal 0 0 1
    outer loop
      vertex -28.6604 15.5549 13
      vertex -26.3045 16.5307 13
      vertex -26.5359 17 13
    endloop
  endfacet
  facet normal 0 0 1
    outer loop
      vertex -26.0342 14.4779 13
      vertex -28.5624 14.8107 13
      vertex -26.1363 13.9647 13
    endloop
  endfacet
  facet normal 0 0 1
    outer loop
      vertex -28.7443 15.725 13
      vertex -26.5359 17 13
      vertex -26.8266 17.435 13
    endloop
  endfacet
  facet normal -0 0 1
    outer loop
      vertex -28.5994 14.6247 13
      vertex -26.1363 13.9647 13
      vertex -28.5624 14.8107 13
    endloop
  endfacet
  facet normal 0 0 1
    outer loop
      vertex -28.8496 15.8827 13
      vertex -26.8266 17.435 13
      vertex -27.1716 17.8284 13
    endloop
  endfacet
  facet normal 0 0 1
    outer loop
      vertex -26.1363 13.9647 13
      vertex -28.5994 14.6247 13
      vertex -26.3045 13.4693 13
    endloop
  endfacet
  facet normal 0 0 1
    outer loop
      vertex -28.9747 16.0253 13
      vertex -27.1716 17.8284 13
      vertex -27.565 18.1734 13
    endloop
  endfacet
  facet normal -0 0 1
    outer loop
      vertex -28.6604 14.4451 13
      vertex -26.3045 13.4693 13
      vertex -28.5994 14.6247 13
    endloop
  endfacet
  facet normal 0 0 1
    outer loop
      vertex -29.1173 16.1504 13
      vertex -27.565 18.1734 13
      vertex -28 18.4641 13
    endloop
  endfacet
  facet normal 0 0 1
    outer loop
      vertex -26.3045 13.4693 13
      vertex -28.6604 14.4451 13
      vertex -26.5359 13 13
    endloop
  endfacet
  facet normal 0 0 1
    outer loop
      vertex -29.275 16.2557 13
      vertex -28 18.4641 13
      vertex -28.4693 18.6955 13
    endloop
  endfacet
  facet normal -0 0 1
    outer loop
      vertex -28.7443 14.275 13
      vertex -26.5359 13 13
      vertex -28.6604 14.4451 13
    endloop
  endfacet
  facet normal 0 0 1
    outer loop
      vertex -26.5359 13 13
      vertex -28.7443 14.275 13
      vertex -26.8266 12.565 13
    endloop
  endfacet
  facet normal 0 0 1
    outer loop
      vertex -26.0342 15.5221 13
      vertex -28.5624 15.1893 13
      vertex -28.55 15 13
    endloop
  endfacet
  facet normal 0 0 1
    outer loop
      vertex -26.1363 16.0353 13
      vertex -28.5994 15.3753 13
      vertex -28.5624 15.1893 13
    endloop
  endfacet
  facet normal 0 0 1
    outer loop
      vertex -26.3045 16.5307 13
      vertex -28.6604 15.5549 13
      vertex -28.5994 15.3753 13
    endloop
  endfacet
  facet normal 0 0 1
    outer loop
      vertex -26.5359 17 13
      vertex -28.7443 15.725 13
      vertex -28.6604 15.5549 13
    endloop
  endfacet
  facet normal 0 0 1
    outer loop
      vertex -26.8266 17.435 13
      vertex -28.8496 15.8827 13
      vertex -28.7443 15.725 13
    endloop
  endfacet
  facet normal 0 0 1
    outer loop
      vertex -29.4451 16.3396 13
      vertex -28.4693 18.6955 13
      vertex -28.9647 18.8637 13
    endloop
  endfacet
  facet normal 0 0 1
    outer loop
      vertex -27.1716 17.8284 13
      vertex -28.9747 16.0253 13
      vertex -28.8496 15.8827 13
    endloop
  endfacet
  facet normal 0 0 1
    outer loop
      vertex -27.565 18.1734 13
      vertex -29.1173 16.1504 13
      vertex -28.9747 16.0253 13
    endloop
  endfacet
  facet normal 0 0 1
    outer loop
      vertex -28 18.4641 13
      vertex -29.275 16.2557 13
      vertex -29.1173 16.1504 13
    endloop
  endfacet
  facet normal 0 0 1
    outer loop
      vertex -28.4693 18.6955 13
      vertex -29.4451 16.3396 13
      vertex -29.275 16.2557 13
    endloop
  endfacet
  facet normal 0 0 1
    outer loop
      vertex -29.6247 16.4006 13
      vertex -28.9647 18.8637 13
      vertex -29.4779 18.9658 13
    endloop
  endfacet
  facet normal 0 0 1
    outer loop
      vertex -28.9647 18.8637 13
      vertex -29.6247 16.4006 13
      vertex -29.4451 16.3396 13
    endloop
  endfacet
  facet normal 0 0 1
    outer loop
      vertex -29.4779 18.9658 13
      vertex -29.8107 16.4376 13
      vertex -29.6247 16.4006 13
    endloop
  endfacet
  facet normal 0 0 1
    outer loop
      vertex -30 19 13
      vertex -29.8107 16.4376 13
      vertex -29.4779 18.9658 13
    endloop
  endfacet
  facet normal 0 0 1
    outer loop
      vertex -30 19 13
      vertex -30 16.45 13
      vertex -29.8107 16.4376 13
    endloop
  endfacet
  facet normal 0 0 1
    outer loop
      vertex -30 19 13
      vertex -30.1893 16.4376 13
      vertex -30 16.45 13
    endloop
  endfacet
  facet normal -0 0 1
    outer loop
      vertex -30.5221 18.9658 13
      vertex -30.1893 16.4376 13
      vertex -30 19 13
    endloop
  endfacet
  facet normal 0 0 1
    outer loop
      vertex -30.1893 16.4376 13
      vertex -30.5221 18.9658 13
      vertex -30.3753 16.4006 13
    endloop
  endfacet
  facet normal -0 0 1
    outer loop
      vertex -31.0353 18.8637 13
      vertex -30.3753 16.4006 13
      vertex -30.5221 18.9658 13
    endloop
  endfacet
  facet normal 0 0 1
    outer loop
      vertex -30.3753 16.4006 13
      vertex -31.0353 18.8637 13
      vertex -30.5549 16.3396 13
    endloop
  endfacet
  facet normal -0 0 1
    outer loop
      vertex -31.5307 18.6955 13
      vertex -30.5549 16.3396 13
      vertex -31.0353 18.8637 13
    endloop
  endfacet
  facet normal 0 0 1
    outer loop
      vertex -30.5549 16.3396 13
      vertex -31.5307 18.6955 13
      vertex -30.725 16.2557 13
    endloop
  endfacet
  facet normal -0 0 1
    outer loop
      vertex -32 18.4641 13
      vertex -30.725 16.2557 13
      vertex -31.5307 18.6955 13
    endloop
  endfacet
  facet normal 0 0 1
    outer loop
      vertex -30.725 16.2557 13
      vertex -32 18.4641 13
      vertex -30.8827 16.1504 13
    endloop
  endfacet
  facet normal -0 0 1
    outer loop
      vertex -32.435 18.1734 13
      vertex -30.8827 16.1504 13
      vertex -32 18.4641 13
    endloop
  endfacet
  facet normal 0 0 1
    outer loop
      vertex -30.8827 16.1504 13
      vertex -32.435 18.1734 13
      vertex -31.0253 16.0253 13
    endloop
  endfacet
  facet normal -0 0 1
    outer loop
      vertex -32.8284 17.8284 13
      vertex -31.0253 16.0253 13
      vertex -32.435 18.1734 13
    endloop
  endfacet
  facet normal 0 0 1
    outer loop
      vertex -31.0253 16.0253 13
      vertex -32.8284 17.8284 13
      vertex -31.1504 15.8827 13
    endloop
  endfacet
  facet normal 0 0 1
    outer loop
      vertex -31.1504 15.8827 13
      vertex -33.1734 17.435 13
      vertex -31.2557 15.725 13
    endloop
  endfacet
  facet normal -0 0 1
    outer loop
      vertex -33.1734 17.435 13
      vertex -31.1504 15.8827 13
      vertex -32.8284 17.8284 13
    endloop
  endfacet
  facet normal -0 0 1
    outer loop
      vertex -28.8496 14.1173 13
      vertex -26.8266 12.565 13
      vertex -28.7443 14.275 13
    endloop
  endfacet
  facet normal 0 0 1
    outer loop
      vertex -26.8266 12.565 13
      vertex -28.8496 14.1173 13
      vertex -27.1716 12.1716 13
    endloop
  endfacet
  facet normal -0 0 1
    outer loop
      vertex -28.9747 13.9747 13
      vertex -27.1716 12.1716 13
      vertex -28.8496 14.1173 13
    endloop
  endfacet
  facet normal 0 0 1
    outer loop
      vertex -27.1716 12.1716 13
      vertex -28.9747 13.9747 13
      vertex -27.565 11.8266 13
    endloop
  endfacet
  facet normal -0 0 1
    outer loop
      vertex -29.1173 13.8496 13
      vertex -27.565 11.8266 13
      vertex -28.9747 13.9747 13
    endloop
  endfacet
  facet normal 0 0 1
    outer loop
      vertex -27.565 11.8266 13
      vertex -29.1173 13.8496 13
      vertex -28 11.5359 13
    endloop
  endfacet
  facet normal -0 0 1
    outer loop
      vertex -29.275 13.7443 13
      vertex -28 11.5359 13
      vertex -29.1173 13.8496 13
    endloop
  endfacet
  facet normal 0 0 1
    outer loop
      vertex -28 11.5359 13
      vertex -29.275 13.7443 13
      vertex -28.4693 11.3045 13
    endloop
  endfacet
  facet normal -0 0 1
    outer loop
      vertex -29.4451 13.6604 13
      vertex -28.4693 11.3045 13
      vertex -29.275 13.7443 13
    endloop
  endfacet
  facet normal 0 0 1
    outer loop
      vertex -28.4693 11.3045 13
      vertex -29.4451 13.6604 13
      vertex -28.9647 11.1363 13
    endloop
  endfacet
  facet normal -0 0 1
    outer loop
      vertex -29.6247 13.5994 13
      vertex -28.9647 11.1363 13
      vertex -29.4451 13.6604 13
    endloop
  endfacet
  facet normal 0 0 1
    outer loop
      vertex -28.9647 11.1363 13
      vertex -29.6247 13.5994 13
      vertex -29.4779 11.0342 13
    endloop
  endfacet
  facet normal -0 0 1
    outer loop
      vertex -29.8107 13.5624 13
      vertex -29.4779 11.0342 13
      vertex -29.6247 13.5994 13
    endloop
  endfacet
  facet normal -0 0 1
    outer loop
      vertex -30 13.55 13
      vertex -29.4779 11.0342 13
      vertex -29.8107 13.5624 13
    endloop
  endfacet
  facet normal 0 0 1
    outer loop
      vertex -30 13.55 13
      vertex -30 11 13
      vertex -29.4779 11.0342 13
    endloop
  endfacet
  facet normal 0 0 1
    outer loop
      vertex -30.1893 13.5624 13
      vertex -30 11 13
      vertex -30 13.55 13
    endloop
  endfacet
  facet normal 0 0 1
    outer loop
      vertex -30.5221 11.0342 13
      vertex -30.1893 13.5624 13
      vertex -30.3753 13.5994 13
    endloop
  endfacet
  facet normal 0 0 1
    outer loop
      vertex -30.1893 13.5624 13
      vertex -30.5221 11.0342 13
      vertex -30 11 13
    endloop
  endfacet
  facet normal 0 0 1
    outer loop
      vertex -31.0353 11.1363 13
      vertex -30.3753 13.5994 13
      vertex -30.5549 13.6604 13
    endloop
  endfacet
  facet normal 0 0 1
    outer loop
      vertex -31.5307 11.3045 13
      vertex -30.5549 13.6604 13
      vertex -30.725 13.7443 13
    endloop
  endfacet
  facet normal 0 0 1
    outer loop
      vertex -32 11.5359 13
      vertex -30.725 13.7443 13
      vertex -30.8827 13.8496 13
    endloop
  endfacet
  facet normal 0 0 1
    outer loop
      vertex -32.435 11.8266 13
      vertex -30.8827 13.8496 13
      vertex -31.0253 13.9747 13
    endloop
  endfacet
  facet normal 0 0 1
    outer loop
      vertex -30.3753 13.5994 13
      vertex -31.0353 11.1363 13
      vertex -30.5221 11.0342 13
    endloop
  endfacet
  facet normal 0 0 1
    outer loop
      vertex -32.8284 12.1716 13
      vertex -31.0253 13.9747 13
      vertex -31.1504 14.1173 13
    endloop
  endfacet
  facet normal 0 0 1
    outer loop
      vertex -33.1734 12.565 13
      vertex -31.1504 14.1173 13
      vertex -31.2557 14.275 13
    endloop
  endfacet
  facet normal 0 0 1
    outer loop
      vertex -33.4641 13 13
      vertex -31.2557 14.275 13
      vertex -31.3396 14.4451 13
    endloop
  endfacet
  facet normal 0 0 1
    outer loop
      vertex -33.6955 13.4693 13
      vertex -31.3396 14.4451 13
      vertex -31.4006 14.6247 13
    endloop
  endfacet
  facet normal 0 0 1
    outer loop
      vertex -33.8637 13.9647 13
      vertex -31.4006 14.6247 13
      vertex -31.4376 14.8107 13
    endloop
  endfacet
  facet normal 0 0 1
    outer loop
      vertex -30.5549 13.6604 13
      vertex -31.5307 11.3045 13
      vertex -31.0353 11.1363 13
    endloop
  endfacet
  facet normal 0 0 1
    outer loop
      vertex -33.9658 14.4779 13
      vertex -31.4376 14.8107 13
      vertex -31.45 15 13
    endloop
  endfacet
  facet normal -0 0 1
    outer loop
      vertex -33.4641 17 13
      vertex -31.2557 15.725 13
      vertex -33.1734 17.435 13
    endloop
  endfacet
  facet normal 0 0 1
    outer loop
      vertex -31.2557 15.725 13
      vertex -33.4641 17 13
      vertex -31.3396 15.5549 13
    endloop
  endfacet
  facet normal 0 0 1
    outer loop
      vertex -30.725 13.7443 13
      vertex -32 11.5359 13
      vertex -31.5307 11.3045 13
    endloop
  endfacet
  facet normal -0 0 1
    outer loop
      vertex -33.6955 16.5307 13
      vertex -31.3396 15.5549 13
      vertex -33.4641 17 13
    endloop
  endfacet
  facet normal 0 0 1
    outer loop
      vertex -30.8827 13.8496 13
      vertex -32.435 11.8266 13
      vertex -32 11.5359 13
    endloop
  endfacet
  facet normal 0 0 1
    outer loop
      vertex -31.3396 15.5549 13
      vertex -33.6955 16.5307 13
      vertex -31.4006 15.3753 13
    endloop
  endfacet
  facet normal 0 0 1
    outer loop
      vertex -31.0253 13.9747 13
      vertex -32.8284 12.1716 13
      vertex -32.435 11.8266 13
    endloop
  endfacet
  facet normal -0 0 1
    outer loop
      vertex -33.8637 16.0353 13
      vertex -31.4006 15.3753 13
      vertex -33.6955 16.5307 13
    endloop
  endfacet
  facet normal 0 0 1
    outer loop
      vertex -31.1504 14.1173 13
      vertex -33.1734 12.565 13
      vertex -32.8284 12.1716 13
    endloop
  endfacet
  facet normal 0 0 1
    outer loop
      vertex -31.4006 15.3753 13
      vertex -33.8637 16.0353 13
      vertex -31.4376 15.1893 13
    endloop
  endfacet
  facet normal 0 0 1
    outer loop
      vertex -31.2557 14.275 13
      vertex -33.4641 13 13
      vertex -33.1734 12.565 13
    endloop
  endfacet
  facet normal -0 0 1
    outer loop
      vertex -33.9658 15.5221 13
      vertex -31.4376 15.1893 13
      vertex -33.8637 16.0353 13
    endloop
  endfacet
  facet normal 0 0 1
    outer loop
      vertex -31.3396 14.4451 13
      vertex -33.6955 13.4693 13
      vertex -33.4641 13 13
    endloop
  endfacet
  facet normal 0 0 1
    outer loop
      vertex -31.4376 15.1893 13
      vertex -33.9658 15.5221 13
      vertex -31.45 15 13
    endloop
  endfacet
  facet normal 0 0 1
    outer loop
      vertex -31.4006 14.6247 13
      vertex -33.8637 13.9647 13
      vertex -33.6955 13.4693 13
    endloop
  endfacet
  facet normal 0 0 1
    outer loop
      vertex -34 15 13
      vertex -31.45 15 13
      vertex -33.9658 15.5221 13
    endloop
  endfacet
  facet normal 0 0 1
    outer loop
      vertex -31.4376 14.8107 13
      vertex -33.9658 14.4779 13
      vertex -33.8637 13.9647 13
    endloop
  endfacet
  facet normal 0 0 1
    outer loop
      vertex -31.45 15 13
      vertex -34 15 13
      vertex -33.9658 14.4779 13
    endloop
  endfacet
  facet normal -0.94691 0.321498 0
    outer loop
      vertex -33.8637 16.0353 3
      vertex -33.6955 16.5307 13
      vertex -33.6955 16.5307 3
    endloop
  endfacet
  facet normal -0.94691 0.321498 0
    outer loop
      vertex -33.6955 16.5307 13
      vertex -33.8637 16.0353 3
      vertex -33.8637 16.0353 13
    endloop
  endfacet
  facet normal -0.980779 0.195124 0
    outer loop
      vertex -33.9658 15.5221 3
      vertex -33.8637 16.0353 13
      vertex -33.8637 16.0353 3
    endloop
  endfacet
  facet normal -0.980779 0.195124 0
    outer loop
      vertex -33.8637 16.0353 13
      vertex -33.9658 15.5221 3
      vertex -33.9658 15.5221 13
    endloop
  endfacet
  facet normal -0.831432 0.555626 0
    outer loop
      vertex -33.4641 17 3
      vertex -33.1734 17.435 13
      vertex -33.1734 17.435 3
    endloop
  endfacet
  facet normal -0.831432 0.555626 0
    outer loop
      vertex -33.1734 17.435 13
      vertex -33.4641 17 3
      vertex -33.4641 17 13
    endloop
  endfacet
  facet normal -0.195124 0.980779 0
    outer loop
      vertex -30.5221 18.9658 3
      vertex -31.0353 18.8637 13
      vertex -30.5221 18.9658 13
    endloop
  endfacet
  facet normal -0.195124 0.980779 0
    outer loop
      vertex -31.0353 18.8637 13
      vertex -30.5221 18.9658 3
      vertex -31.0353 18.8637 3
    endloop
  endfacet
  facet normal -0.555626 0.831432 0
    outer loop
      vertex -32 18.4641 3
      vertex -32.435 18.1734 13
      vertex -32 18.4641 13
    endloop
  endfacet
  facet normal -0.555626 0.831432 0
    outer loop
      vertex -32.435 18.1734 13
      vertex -32 18.4641 3
      vertex -32.435 18.1734 3
    endloop
  endfacet
  facet normal -0.442238 0.896898 0
    outer loop
      vertex -31.5307 18.6955 3
      vertex -32 18.4641 13
      vertex -31.5307 18.6955 13
    endloop
  endfacet
  facet normal -0.442238 0.896898 0
    outer loop
      vertex -32 18.4641 13
      vertex -31.5307 18.6955 3
      vertex -32 18.4641 3
    endloop
  endfacet
  facet normal 0.997861 -0.0653646 0
    outer loop
      vertex -26.0342 14.4779 13
      vertex -26 15 3
      vertex -26 15 13
    endloop
  endfacet
  facet normal 0.997861 -0.0653646 0
    outer loop
      vertex -26 15 3
      vertex -26.0342 14.4779 13
      vertex -26.0342 14.4779 3
    endloop
  endfacet
  facet normal 0.0653646 -0.997861 0
    outer loop
      vertex -30 11 3
      vertex -29.4779 11.0342 13
      vertex -30 11 13
    endloop
  endfacet
  facet normal 0.0653646 -0.997861 0
    outer loop
      vertex -29.4779 11.0342 13
      vertex -30 11 3
      vertex -29.4779 11.0342 3
    endloop
  endfacet
  facet normal 0.321498 -0.94691 0
    outer loop
      vertex -28.9647 11.1363 3
      vertex -28.4693 11.3045 13
      vertex -28.9647 11.1363 13
    endloop
  endfacet
  facet normal 0.321498 -0.94691 0
    outer loop
      vertex -28.4693 11.3045 13
      vertex -28.9647 11.1363 3
      vertex -28.4693 11.3045 3
    endloop
  endfacet
  facet normal 0.751842 -0.659343 0
    outer loop
      vertex -27.1716 12.1716 13
      vertex -26.8266 12.565 3
      vertex -26.8266 12.565 13
    endloop
  endfacet
  facet normal 0.751842 -0.659343 0
    outer loop
      vertex -26.8266 12.565 3
      vertex -27.1716 12.1716 13
      vertex -27.1716 12.1716 3
    endloop
  endfacet
  facet normal 0.659343 -0.751842 0
    outer loop
      vertex -27.565 11.8266 3
      vertex -27.1716 12.1716 13
      vertex -27.565 11.8266 13
    endloop
  endfacet
  facet normal 0.659343 -0.751842 0
    outer loop
      vertex -27.1716 12.1716 13
      vertex -27.565 11.8266 3
      vertex -27.1716 12.1716 3
    endloop
  endfacet
  facet normal -0.321498 -0.94691 0
    outer loop
      vertex -31.5307 11.3045 3
      vertex -31.0353 11.1363 13
      vertex -31.5307 11.3045 13
    endloop
  endfacet
  facet normal -0.321498 -0.94691 -0
    outer loop
      vertex -31.0353 11.1363 13
      vertex -31.5307 11.3045 3
      vertex -31.0353 11.1363 3
    endloop
  endfacet
  facet normal -0.555626 -0.831432 0
    outer loop
      vertex -32.435 11.8266 3
      vertex -32 11.5359 13
      vertex -32.435 11.8266 13
    endloop
  endfacet
  facet normal -0.555626 -0.831432 -0
    outer loop
      vertex -32 11.5359 13
      vertex -32.435 11.8266 3
      vertex -32 11.5359 3
    endloop
  endfacet
  facet normal -0.980779 -0.195124 0
    outer loop
      vertex -33.8637 13.9647 3
      vertex -33.9658 14.4779 13
      vertex -33.9658 14.4779 3
    endloop
  endfacet
  facet normal -0.980779 -0.195124 0
    outer loop
      vertex -33.9658 14.4779 13
      vertex -33.8637 13.9647 3
      vertex -33.8637 13.9647 13
    endloop
  endfacet
  facet normal -0.751842 -0.659343 0
    outer loop
      vertex -32.8284 12.1716 3
      vertex -33.1734 12.565 13
      vertex -33.1734 12.565 3
    endloop
  endfacet
  facet normal -0.751842 -0.659343 0
    outer loop
      vertex -33.1734 12.565 13
      vertex -32.8284 12.1716 3
      vertex -32.8284 12.1716 13
    endloop
  endfacet
  facet normal -0.896898 -0.442238 0
    outer loop
      vertex -33.4641 13 3
      vertex -33.6955 13.4693 13
      vertex -33.6955 13.4693 3
    endloop
  endfacet
  facet normal -0.896898 -0.442238 0
    outer loop
      vertex -33.6955 13.4693 13
      vertex -33.4641 13 3
      vertex -33.4641 13 13
    endloop
  endfacet
  facet normal 0.980779 -0.195124 0
    outer loop
      vertex -26.1363 13.9647 13
      vertex -26.0342 14.4779 3
      vertex -26.0342 14.4779 13
    endloop
  endfacet
  facet normal 0.980779 -0.195124 0
    outer loop
      vertex -26.0342 14.4779 3
      vertex -26.1363 13.9647 13
      vertex -26.1363 13.9647 3
    endloop
  endfacet
  facet normal 0.896898 -0.442238 0
    outer loop
      vertex -26.5359 13 13
      vertex -26.3045 13.4693 3
      vertex -26.3045 13.4693 13
    endloop
  endfacet
  facet normal 0.896898 -0.442238 0
    outer loop
      vertex -26.3045 13.4693 3
      vertex -26.5359 13 13
      vertex -26.5359 13 3
    endloop
  endfacet
  facet normal 0.831432 -0.555626 0
    outer loop
      vertex -26.8266 12.565 13
      vertex -26.5359 13 3
      vertex -26.5359 13 13
    endloop
  endfacet
  facet normal 0.831432 -0.555626 0
    outer loop
      vertex -26.5359 13 3
      vertex -26.8266 12.565 13
      vertex -26.8266 12.565 3
    endloop
  endfacet
  facet normal 0.195124 -0.980779 0
    outer loop
      vertex -29.4779 11.0342 3
      vertex -28.9647 11.1363 13
      vertex -29.4779 11.0342 13
    endloop
  endfacet
  facet normal 0.195124 -0.980779 0
    outer loop
      vertex -28.9647 11.1363 13
      vertex -29.4779 11.0342 3
      vertex -28.9647 11.1363 3
    endloop
  endfacet
  facet normal -0.195124 -0.980779 0
    outer loop
      vertex -31.0353 11.1363 3
      vertex -30.5221 11.0342 13
      vertex -31.0353 11.1363 13
    endloop
  endfacet
  facet normal -0.195124 -0.980779 -0
    outer loop
      vertex -30.5221 11.0342 13
      vertex -31.0353 11.1363 3
      vertex -30.5221 11.0342 3
    endloop
  endfacet
  facet normal -0.94691 -0.321498 0
    outer loop
      vertex -33.6955 13.4693 3
      vertex -33.8637 13.9647 13
      vertex -33.8637 13.9647 3
    endloop
  endfacet
  facet normal -0.94691 -0.321498 0
    outer loop
      vertex -33.8637 13.9647 13
      vertex -33.6955 13.4693 3
      vertex -33.6955 13.4693 13
    endloop
  endfacet
  facet normal -0.831432 -0.555626 0
    outer loop
      vertex -33.1734 12.565 3
      vertex -33.4641 13 13
      vertex -33.4641 13 3
    endloop
  endfacet
  facet normal -0.831432 -0.555626 0
    outer loop
      vertex -33.4641 13 13
      vertex -33.1734 12.565 3
      vertex -33.1734 12.565 13
    endloop
  endfacet
  facet normal -0.997861 -0.0653644 0
    outer loop
      vertex -28.55 15 3
      vertex -28.5624 15.1893 13
      vertex -28.5624 15.1893 3
    endloop
  endfacet
  facet normal -0.997861 -0.0653644 0
    outer loop
      vertex -28.5624 15.1893 13
      vertex -28.55 15 3
      vertex -28.55 15 13
    endloop
  endfacet
  facet normal 0.997861 -0.0653644 0
    outer loop
      vertex -31.45 15 13
      vertex -31.4376 15.1893 3
      vertex -31.4376 15.1893 13
    endloop
  endfacet
  facet normal 0.997861 -0.0653644 0
    outer loop
      vertex -31.4376 15.1893 3
      vertex -31.45 15 13
      vertex -31.45 15 3
    endloop
  endfacet
  facet normal -0.0653644 -0.997861 0
    outer loop
      vertex -30 16.45 3
      vertex -29.8107 16.4376 13
      vertex -30 16.45 13
    endloop
  endfacet
  facet normal -0.0653644 -0.997861 -0
    outer loop
      vertex -29.8107 16.4376 13
      vertex -30 16.45 3
      vertex -29.8107 16.4376 3
    endloop
  endfacet
  facet normal 0.0653644 0.997861 -0
    outer loop
      vertex -30 13.55 3
      vertex -30.1893 13.5624 13
      vertex -30 13.55 13
    endloop
  endfacet
  facet normal 0.0653644 0.997861 0
    outer loop
      vertex -30.1893 13.5624 13
      vertex -30 13.55 3
      vertex -30.1893 13.5624 3
    endloop
  endfacet
  facet normal -0.751727 -0.659474 0
    outer loop
      vertex -28.8496 15.8827 3
      vertex -28.9747 16.0253 13
      vertex -28.9747 16.0253 3
    endloop
  endfacet
  facet normal -0.751727 -0.659474 0
    outer loop
      vertex -28.9747 16.0253 13
      vertex -28.8496 15.8827 3
      vertex -28.8496 15.8827 13
    endloop
  endfacet
  facet normal 0.659474 -0.751727 0
    outer loop
      vertex -31.0253 16.0253 3
      vertex -30.8827 16.1504 13
      vertex -31.0253 16.0253 13
    endloop
  endfacet
  facet normal 0.659474 -0.751727 0
    outer loop
      vertex -30.8827 16.1504 13
      vertex -31.0253 16.0253 3
      vertex -30.8827 16.1504 3
    endloop
  endfacet
  facet normal 0.3216 -0.946876 0
    outer loop
      vertex -30.5549 16.3396 3
      vertex -30.3753 16.4006 13
      vertex -30.5549 16.3396 13
    endloop
  endfacet
  facet normal 0.3216 -0.946876 0
    outer loop
      vertex -30.3753 16.4006 13
      vertex -30.5549 16.3396 3
      vertex -30.3753 16.4006 3
    endloop
  endfacet
  facet normal -0.896839 -0.442356 0
    outer loop
      vertex -28.6604 15.5549 3
      vertex -28.7443 15.725 13
      vertex -28.7443 15.725 3
    endloop
  endfacet
  facet normal -0.896839 -0.442356 0
    outer loop
      vertex -28.7443 15.725 13
      vertex -28.6604 15.5549 3
      vertex -28.6604 15.5549 13
    endloop
  endfacet
  facet normal -0.980783 -0.195102 0
    outer loop
      vertex -28.5624 15.1893 3
      vertex -28.5994 15.3753 13
      vertex -28.5994 15.3753 3
    endloop
  endfacet
  facet normal -0.980783 -0.195102 0
    outer loop
      vertex -28.5994 15.3753 13
      vertex -28.5624 15.1893 3
      vertex -28.5624 15.1893 13
    endloop
  endfacet
  facet normal -0.831644 -0.555309 0
    outer loop
      vertex -28.7443 15.725 3
      vertex -28.8496 15.8827 13
      vertex -28.8496 15.8827 3
    endloop
  endfacet
  facet normal -0.831644 -0.555309 0
    outer loop
      vertex -28.8496 15.8827 13
      vertex -28.7443 15.725 3
      vertex -28.7443 15.725 13
    endloop
  endfacet
  facet normal -0.442356 -0.896839 0
    outer loop
      vertex -29.4451 16.3396 3
      vertex -29.275 16.2557 13
      vertex -29.4451 16.3396 13
    endloop
  endfacet
  facet normal -0.442356 -0.896839 -0
    outer loop
      vertex -29.275 16.2557 13
      vertex -29.4451 16.3396 3
      vertex -29.275 16.2557 3
    endloop
  endfacet
  facet normal -0.3216 -0.946876 0
    outer loop
      vertex -29.6247 16.4006 3
      vertex -29.4451 16.3396 13
      vertex -29.6247 16.4006 13
    endloop
  endfacet
  facet normal -0.3216 -0.946876 -0
    outer loop
      vertex -29.4451 16.3396 13
      vertex -29.6247 16.4006 3
      vertex -29.4451 16.3396 3
    endloop
  endfacet
  facet normal -0.555309 -0.831644 0
    outer loop
      vertex -29.275 16.2557 3
      vertex -29.1173 16.1504 13
      vertex -29.275 16.2557 13
    endloop
  endfacet
  facet normal -0.555309 -0.831644 -0
    outer loop
      vertex -29.1173 16.1504 13
      vertex -29.275 16.2557 3
      vertex -29.1173 16.1504 3
    endloop
  endfacet
  facet normal 0.896839 -0.442356 0
    outer loop
      vertex -31.3396 15.5549 13
      vertex -31.2557 15.725 3
      vertex -31.2557 15.725 13
    endloop
  endfacet
  facet normal 0.896839 -0.442356 0
    outer loop
      vertex -31.2557 15.725 3
      vertex -31.3396 15.5549 13
      vertex -31.3396 15.5549 3
    endloop
  endfacet
  facet normal 0.831644 -0.555309 0
    outer loop
      vertex -31.2557 15.725 13
      vertex -31.1504 15.8827 3
      vertex -31.1504 15.8827 13
    endloop
  endfacet
  facet normal 0.831644 -0.555309 0
    outer loop
      vertex -31.1504 15.8827 3
      vertex -31.2557 15.725 13
      vertex -31.2557 15.725 3
    endloop
  endfacet
  facet normal 0.946876 -0.3216 0
    outer loop
      vertex -31.4006 15.3753 13
      vertex -31.3396 15.5549 3
      vertex -31.3396 15.5549 13
    endloop
  endfacet
  facet normal 0.946876 -0.3216 0
    outer loop
      vertex -31.3396 15.5549 3
      vertex -31.4006 15.3753 13
      vertex -31.4006 15.3753 3
    endloop
  endfacet
  facet normal 0.442356 -0.896839 0
    outer loop
      vertex -30.725 16.2557 3
      vertex -30.5549 16.3396 13
      vertex -30.725 16.2557 13
    endloop
  endfacet
  facet normal 0.442356 -0.896839 0
    outer loop
      vertex -30.5549 16.3396 13
      vertex -30.725 16.2557 3
      vertex -30.5549 16.3396 3
    endloop
  endfacet
  facet normal 0.195102 -0.980783 0
    outer loop
      vertex -30.3753 16.4006 3
      vertex -30.1893 16.4376 13
      vertex -30.3753 16.4006 13
    endloop
  endfacet
  facet normal 0.195102 -0.980783 0
    outer loop
      vertex -30.1893 16.4376 13
      vertex -30.3753 16.4006 3
      vertex -30.1893 16.4376 3
    endloop
  endfacet
  facet normal -0.659474 0.751727 0
    outer loop
      vertex -28.9747 13.9747 3
      vertex -29.1173 13.8496 13
      vertex -28.9747 13.9747 13
    endloop
  endfacet
  facet normal -0.659474 0.751727 0
    outer loop
      vertex -29.1173 13.8496 13
      vertex -28.9747 13.9747 3
      vertex -29.1173 13.8496 3
    endloop
  endfacet
  facet normal -0.442356 0.896839 0
    outer loop
      vertex -29.275 13.7443 3
      vertex -29.4451 13.6604 13
      vertex -29.275 13.7443 13
    endloop
  endfacet
  facet normal -0.442356 0.896839 0
    outer loop
      vertex -29.4451 13.6604 13
      vertex -29.275 13.7443 3
      vertex -29.4451 13.6604 3
    endloop
  endfacet
  facet normal 0.3216 0.946876 -0
    outer loop
      vertex -30.3753 13.5994 3
      vertex -30.5549 13.6604 13
      vertex -30.3753 13.5994 13
    endloop
  endfacet
  facet normal 0.3216 0.946876 0
    outer loop
      vertex -30.5549 13.6604 13
      vertex -30.3753 13.5994 3
      vertex -30.5549 13.6604 3
    endloop
  endfacet
  facet normal 0.896839 0.442356 0
    outer loop
      vertex -31.2557 14.275 13
      vertex -31.3396 14.4451 3
      vertex -31.3396 14.4451 13
    endloop
  endfacet
  facet normal 0.896839 0.442356 0
    outer loop
      vertex -31.3396 14.4451 3
      vertex -31.2557 14.275 13
      vertex -31.2557 14.275 3
    endloop
  endfacet
  facet normal 0.831644 0.555309 0
    outer loop
      vertex -31.1504 14.1173 13
      vertex -31.2557 14.275 3
      vertex -31.2557 14.275 13
    endloop
  endfacet
  facet normal 0.831644 0.555309 0
    outer loop
      vertex -31.2557 14.275 3
      vertex -31.1504 14.1173 13
      vertex -31.1504 14.1173 3
    endloop
  endfacet
  facet normal -0.946876 -0.3216 0
    outer loop
      vertex -28.5994 15.3753 3
      vertex -28.6604 15.5549 13
      vertex -28.6604 15.5549 3
    endloop
  endfacet
  facet normal -0.946876 -0.3216 0
    outer loop
      vertex -28.6604 15.5549 13
      vertex -28.5994 15.3753 3
      vertex -28.5994 15.3753 13
    endloop
  endfacet
  facet normal -0.195102 -0.980783 0
    outer loop
      vertex -29.8107 16.4376 3
      vertex -29.6247 16.4006 13
      vertex -29.8107 16.4376 13
    endloop
  endfacet
  facet normal -0.195102 -0.980783 -0
    outer loop
      vertex -29.6247 16.4006 13
      vertex -29.8107 16.4376 3
      vertex -29.6247 16.4006 3
    endloop
  endfacet
  facet normal -0.659474 -0.751727 0
    outer loop
      vertex -29.1173 16.1504 3
      vertex -28.9747 16.0253 13
      vertex -29.1173 16.1504 13
    endloop
  endfacet
  facet normal -0.659474 -0.751727 -0
    outer loop
      vertex -28.9747 16.0253 13
      vertex -29.1173 16.1504 3
      vertex -28.9747 16.0253 3
    endloop
  endfacet
  facet normal 0.980783 -0.195102 0
    outer loop
      vertex -31.4376 15.1893 13
      vertex -31.4006 15.3753 3
      vertex -31.4006 15.3753 13
    endloop
  endfacet
  facet normal 0.980783 -0.195102 0
    outer loop
      vertex -31.4006 15.3753 3
      vertex -31.4376 15.1893 13
      vertex -31.4376 15.1893 3
    endloop
  endfacet
  facet normal 0.555309 -0.831644 0
    outer loop
      vertex -30.8827 16.1504 3
      vertex -30.725 16.2557 13
      vertex -30.8827 16.1504 13
    endloop
  endfacet
  facet normal 0.555309 -0.831644 0
    outer loop
      vertex -30.725 16.2557 13
      vertex -30.8827 16.1504 3
      vertex -30.725 16.2557 3
    endloop
  endfacet
  facet normal 0.0653644 -0.997861 0
    outer loop
      vertex -30.1893 16.4376 3
      vertex -30 16.45 13
      vertex -30.1893 16.4376 13
    endloop
  endfacet
  facet normal 0.0653644 -0.997861 0
    outer loop
      vertex -30 16.45 13
      vertex -30.1893 16.4376 3
      vertex -30 16.45 3
    endloop
  endfacet
  facet normal -0.997861 0.0653644 0
    outer loop
      vertex -28.5624 14.8107 3
      vertex -28.55 15 13
      vertex -28.55 15 3
    endloop
  endfacet
  facet normal -0.997861 0.0653644 0
    outer loop
      vertex -28.55 15 13
      vertex -28.5624 14.8107 3
      vertex -28.5624 14.8107 13
    endloop
  endfacet
  facet normal -0.0653644 0.997861 0
    outer loop
      vertex -29.8107 13.5624 3
      vertex -30 13.55 13
      vertex -29.8107 13.5624 13
    endloop
  endfacet
  facet normal -0.0653644 0.997861 0
    outer loop
      vertex -30 13.55 13
      vertex -29.8107 13.5624 3
      vertex -30 13.55 3
    endloop
  endfacet
  facet normal -0.3216 0.946876 0
    outer loop
      vertex -29.4451 13.6604 3
      vertex -29.6247 13.5994 13
      vertex -29.4451 13.6604 13
    endloop
  endfacet
  facet normal -0.3216 0.946876 0
    outer loop
      vertex -29.6247 13.5994 13
      vertex -29.4451 13.6604 3
      vertex -29.6247 13.5994 3
    endloop
  endfacet
  facet normal -0.555309 0.831644 0
    outer loop
      vertex -29.1173 13.8496 3
      vertex -29.275 13.7443 13
      vertex -29.1173 13.8496 13
    endloop
  endfacet
  facet normal -0.555309 0.831644 0
    outer loop
      vertex -29.275 13.7443 13
      vertex -29.1173 13.8496 3
      vertex -29.275 13.7443 3
    endloop
  endfacet
  facet normal -0.831644 0.555309 0
    outer loop
      vertex -28.8496 14.1173 3
      vertex -28.7443 14.275 13
      vertex -28.7443 14.275 3
    endloop
  endfacet
  facet normal -0.831644 0.555309 0
    outer loop
      vertex -28.7443 14.275 13
      vertex -28.8496 14.1173 3
      vertex -28.8496 14.1173 13
    endloop
  endfacet
  facet normal -0.751727 0.659474 0
    outer loop
      vertex -28.9747 13.9747 3
      vertex -28.8496 14.1173 13
      vertex -28.8496 14.1173 3
    endloop
  endfacet
  facet normal -0.751727 0.659474 0
    outer loop
      vertex -28.8496 14.1173 13
      vertex -28.9747 13.9747 3
      vertex -28.9747 13.9747 13
    endloop
  endfacet
  facet normal 0.555309 0.831644 -0
    outer loop
      vertex -30.725 13.7443 3
      vertex -30.8827 13.8496 13
      vertex -30.725 13.7443 13
    endloop
  endfacet
  facet normal 0.555309 0.831644 0
    outer loop
      vertex -30.8827 13.8496 13
      vertex -30.725 13.7443 3
      vertex -30.8827 13.8496 3
    endloop
  endfacet
  facet normal 0.659474 0.751727 -0
    outer loop
      vertex -30.8827 13.8496 3
      vertex -31.0253 13.9747 13
      vertex -30.8827 13.8496 13
    endloop
  endfacet
  facet normal 0.659474 0.751727 0
    outer loop
      vertex -31.0253 13.9747 13
      vertex -30.8827 13.8496 3
      vertex -31.0253 13.9747 3
    endloop
  endfacet
  facet normal 0.442356 0.896839 -0
    outer loop
      vertex -30.5549 13.6604 3
      vertex -30.725 13.7443 13
      vertex -30.5549 13.6604 13
    endloop
  endfacet
  facet normal 0.442356 0.896839 0
    outer loop
      vertex -30.725 13.7443 13
      vertex -30.5549 13.6604 3
      vertex -30.725 13.7443 3
    endloop
  endfacet
  facet normal 0.195102 0.980783 -0
    outer loop
      vertex -30.1893 13.5624 3
      vertex -30.3753 13.5994 13
      vertex -30.1893 13.5624 13
    endloop
  endfacet
  facet normal 0.195102 0.980783 0
    outer loop
      vertex -30.3753 13.5994 13
      vertex -30.1893 13.5624 3
      vertex -30.3753 13.5994 3
    endloop
  endfacet
  facet normal 0.751727 0.659474 0
    outer loop
      vertex -31.0253 13.9747 13
      vertex -31.1504 14.1173 3
      vertex -31.1504 14.1173 13
    endloop
  endfacet
  facet normal 0.751727 0.659474 0
    outer loop
      vertex -31.1504 14.1173 3
      vertex -31.0253 13.9747 13
      vertex -31.0253 13.9747 3
    endloop
  endfacet
  facet normal 0.946876 0.3216 0
    outer loop
      vertex -31.3396 14.4451 13
      vertex -31.4006 14.6247 3
      vertex -31.4006 14.6247 13
    endloop
  endfacet
  facet normal 0.946876 0.3216 0
    outer loop
      vertex -31.4006 14.6247 3
      vertex -31.3396 14.4451 13
      vertex -31.3396 14.4451 3
    endloop
  endfacet
  facet normal 0.997861 0.0653644 0
    outer loop
      vertex -31.4376 14.8107 13
      vertex -31.45 15 3
      vertex -31.45 15 13
    endloop
  endfacet
  facet normal 0.997861 0.0653644 0
    outer loop
      vertex -31.45 15 3
      vertex -31.4376 14.8107 13
      vertex -31.4376 14.8107 3
    endloop
  endfacet
  facet normal 0.751727 -0.659474 0
    outer loop
      vertex -31.1504 15.8827 13
      vertex -31.0253 16.0253 3
      vertex -31.0253 16.0253 13
    endloop
  endfacet
  facet normal 0.751727 -0.659474 0
    outer loop
      vertex -31.0253 16.0253 3
      vertex -31.1504 15.8827 13
      vertex -31.1504 15.8827 3
    endloop
  endfacet
  facet normal -0.195102 0.980783 0
    outer loop
      vertex -29.6247 13.5994 3
      vertex -29.8107 13.5624 13
      vertex -29.6247 13.5994 13
    endloop
  endfacet
  facet normal -0.195102 0.980783 0
    outer loop
      vertex -29.8107 13.5624 13
      vertex -29.6247 13.5994 3
      vertex -29.8107 13.5624 3
    endloop
  endfacet
  facet normal -0.896839 0.442356 0
    outer loop
      vertex -28.7443 14.275 3
      vertex -28.6604 14.4451 13
      vertex -28.6604 14.4451 3
    endloop
  endfacet
  facet normal -0.896839 0.442356 0
    outer loop
      vertex -28.6604 14.4451 13
      vertex -28.7443 14.275 3
      vertex -28.7443 14.275 13
    endloop
  endfacet
  facet normal -0.946876 0.3216 0
    outer loop
      vertex -28.6604 14.4451 3
      vertex -28.5994 14.6247 13
      vertex -28.5994 14.6247 3
    endloop
  endfacet
  facet normal -0.946876 0.3216 0
    outer loop
      vertex -28.5994 14.6247 13
      vertex -28.6604 14.4451 3
      vertex -28.6604 14.4451 13
    endloop
  endfacet
  facet normal -0.980783 0.195102 0
    outer loop
      vertex -28.5994 14.6247 3
      vertex -28.5624 14.8107 13
      vertex -28.5624 14.8107 3
    endloop
  endfacet
  facet normal -0.980783 0.195102 0
    outer loop
      vertex -28.5624 14.8107 13
      vertex -28.5994 14.6247 3
      vertex -28.5994 14.6247 13
    endloop
  endfacet
  facet normal 0.980783 0.195102 0
    outer loop
      vertex -31.4006 14.6247 13
      vertex -31.4376 14.8107 3
      vertex -31.4376 14.8107 13
    endloop
  endfacet
  facet normal 0.980783 0.195102 0
    outer loop
      vertex -31.4376 14.8107 3
      vertex -31.4006 14.6247 13
      vertex -31.4006 14.6247 3
    endloop
  endfacet
  facet normal 0.555626 0.831432 -0
    outer loop
      vertex 32.435 -11.8266 3
      vertex 32 -11.5359 13
      vertex 32.435 -11.8266 13
    endloop
  endfacet
  facet normal 0.555626 0.831432 0
    outer loop
      vertex 32 -11.5359 13
      vertex 32.435 -11.8266 3
      vertex 32 -11.5359 3
    endloop
  endfacet
  facet normal -0.321498 0.94691 0
    outer loop
      vertex 28.9647 -11.1363 3
      vertex 28.4693 -11.3045 13
      vertex 28.9647 -11.1363 13
    endloop
  endfacet
  facet normal -0.321498 0.94691 0
    outer loop
      vertex 28.4693 -11.3045 13
      vertex 28.9647 -11.1363 3
      vertex 28.4693 -11.3045 3
    endloop
  endfacet
  facet normal -0.896898 0.442238 0
    outer loop
      vertex 26.3045 -13.4693 3
      vertex 26.5359 -13 13
      vertex 26.5359 -13 3
    endloop
  endfacet
  facet normal -0.896898 0.442238 0
    outer loop
      vertex 26.5359 -13 13
      vertex 26.3045 -13.4693 3
      vertex 26.3045 -13.4693 13
    endloop
  endfacet
  facet normal -0.442238 -0.896898 0
    outer loop
      vertex 28 -18.4641 3
      vertex 28.4693 -18.6955 13
      vertex 28 -18.4641 13
    endloop
  endfacet
  facet normal -0.442238 -0.896898 -0
    outer loop
      vertex 28.4693 -18.6955 13
      vertex 28 -18.4641 3
      vertex 28.4693 -18.6955 3
    endloop
  endfacet
  facet normal 0.896898 0.442238 0
    outer loop
      vertex 33.6955 -13.4693 13
      vertex 33.4641 -13 3
      vertex 33.4641 -13 13
    endloop
  endfacet
  facet normal 0.896898 0.442238 0
    outer loop
      vertex 33.4641 -13 3
      vertex 33.6955 -13.4693 13
      vertex 33.6955 -13.4693 3
    endloop
  endfacet
  facet normal 0.831432 0.555626 0
    outer loop
      vertex 33.4641 -13 13
      vertex 33.1734 -12.565 3
      vertex 33.1734 -12.565 13
    endloop
  endfacet
  facet normal 0.831432 0.555626 0
    outer loop
      vertex 33.1734 -12.565 3
      vertex 33.4641 -13 13
      vertex 33.4641 -13 3
    endloop
  endfacet
  facet normal 0.442238 0.896898 -0
    outer loop
      vertex 32 -11.5359 3
      vertex 31.5307 -11.3045 13
      vertex 32 -11.5359 13
    endloop
  endfacet
  facet normal 0.442238 0.896898 0
    outer loop
      vertex 31.5307 -11.3045 13
      vertex 32 -11.5359 3
      vertex 31.5307 -11.3045 3
    endloop
  endfacet
  facet normal 0.0653646 0.997861 -0
    outer loop
      vertex 30.5221 -11.0342 3
      vertex 30 -11 13
      vertex 30.5221 -11.0342 13
    endloop
  endfacet
  facet normal 0.0653646 0.997861 0
    outer loop
      vertex 30 -11 13
      vertex 30.5221 -11.0342 3
      vertex 30 -11 3
    endloop
  endfacet
  facet normal -0.997861 0.0653646 0
    outer loop
      vertex 26 -15 3
      vertex 26.0342 -14.4779 13
      vertex 26.0342 -14.4779 3
    endloop
  endfacet
  facet normal -0.997861 0.0653646 0
    outer loop
      vertex 26.0342 -14.4779 13
      vertex 26 -15 3
      vertex 26 -15 13
    endloop
  endfacet
  facet normal -0.751842 0.659343 0
    outer loop
      vertex 26.8266 -12.565 3
      vertex 27.1716 -12.1716 13
      vertex 27.1716 -12.1716 3
    endloop
  endfacet
  facet normal -0.751842 0.659343 0
    outer loop
      vertex 27.1716 -12.1716 13
      vertex 26.8266 -12.565 3
      vertex 26.8266 -12.565 13
    endloop
  endfacet
  facet normal -0.0653646 0.997861 0
    outer loop
      vertex 30 -11 3
      vertex 29.4779 -11.0342 13
      vertex 30 -11 13
    endloop
  endfacet
  facet normal -0.0653646 0.997861 0
    outer loop
      vertex 29.4779 -11.0342 13
      vertex 30 -11 3
      vertex 29.4779 -11.0342 3
    endloop
  endfacet
  facet normal -0.659343 0.751842 0
    outer loop
      vertex 27.565 -11.8266 3
      vertex 27.1716 -12.1716 13
      vertex 27.565 -11.8266 13
    endloop
  endfacet
  facet normal -0.659343 0.751842 0
    outer loop
      vertex 27.1716 -12.1716 13
      vertex 27.565 -11.8266 3
      vertex 27.1716 -12.1716 3
    endloop
  endfacet
  facet normal 0.997861 0.0653646 0
    outer loop
      vertex 34 -15 13
      vertex 33.9658 -14.4779 3
      vertex 33.9658 -14.4779 13
    endloop
  endfacet
  facet normal 0.997861 0.0653646 0
    outer loop
      vertex 33.9658 -14.4779 3
      vertex 34 -15 13
      vertex 34 -15 3
    endloop
  endfacet
  facet normal 0.94691 -0.321498 0
    outer loop
      vertex 33.6955 -16.5307 13
      vertex 33.8637 -16.0353 3
      vertex 33.8637 -16.0353 13
    endloop
  endfacet
  facet normal 0.94691 -0.321498 0
    outer loop
      vertex 33.8637 -16.0353 3
      vertex 33.6955 -16.5307 13
      vertex 33.6955 -16.5307 3
    endloop
  endfacet
  facet normal 0.442238 -0.896898 0
    outer loop
      vertex 31.5307 -18.6955 3
      vertex 32 -18.4641 13
      vertex 31.5307 -18.6955 13
    endloop
  endfacet
  facet normal 0.442238 -0.896898 0
    outer loop
      vertex 32 -18.4641 13
      vertex 31.5307 -18.6955 3
      vertex 32 -18.4641 3
    endloop
  endfacet
  facet normal 0.555626 -0.831432 0
    outer loop
      vertex 32 -18.4641 3
      vertex 32.435 -18.1734 13
      vertex 32 -18.4641 13
    endloop
  endfacet
  facet normal 0.555626 -0.831432 0
    outer loop
      vertex 32.435 -18.1734 13
      vertex 32 -18.4641 3
      vertex 32.435 -18.1734 3
    endloop
  endfacet
  facet normal -0.0653646 -0.997861 0
    outer loop
      vertex 29.4779 -18.9658 3
      vertex 30 -19 13
      vertex 29.4779 -18.9658 13
    endloop
  endfacet
  facet normal -0.0653646 -0.997861 -0
    outer loop
      vertex 30 -19 13
      vertex 29.4779 -18.9658 3
      vertex 30 -19 3
    endloop
  endfacet
  facet normal -0.659343 -0.751842 0
    outer loop
      vertex 27.1716 -17.8284 3
      vertex 27.565 -18.1734 13
      vertex 27.1716 -17.8284 13
    endloop
  endfacet
  facet normal -0.659343 -0.751842 -0
    outer loop
      vertex 27.565 -18.1734 13
      vertex 27.1716 -17.8284 3
      vertex 27.565 -18.1734 3
    endloop
  endfacet
  facet normal -0.997861 -0.0653646 0
    outer loop
      vertex 26.0342 -15.5221 3
      vertex 26 -15 13
      vertex 26 -15 3
    endloop
  endfacet
  facet normal -0.997861 -0.0653646 0
    outer loop
      vertex 26 -15 13
      vertex 26.0342 -15.5221 3
      vertex 26.0342 -15.5221 13
    endloop
  endfacet
  facet normal 0.980779 0.195124 0
    outer loop
      vertex 33.9658 -14.4779 13
      vertex 33.8637 -13.9647 3
      vertex 33.8637 -13.9647 13
    endloop
  endfacet
  facet normal 0.980779 0.195124 0
    outer loop
      vertex 33.8637 -13.9647 3
      vertex 33.9658 -14.4779 13
      vertex 33.9658 -14.4779 3
    endloop
  endfacet
  facet normal 0.94691 0.321498 0
    outer loop
      vertex 33.8637 -13.9647 13
      vertex 33.6955 -13.4693 3
      vertex 33.6955 -13.4693 13
    endloop
  endfacet
  facet normal 0.94691 0.321498 0
    outer loop
      vertex 33.6955 -13.4693 3
      vertex 33.8637 -13.9647 13
      vertex 33.8637 -13.9647 3
    endloop
  endfacet
  facet normal 0.751842 0.659343 0
    outer loop
      vertex 33.1734 -12.565 13
      vertex 32.8284 -12.1716 3
      vertex 32.8284 -12.1716 13
    endloop
  endfacet
  facet normal 0.751842 0.659343 0
    outer loop
      vertex 32.8284 -12.1716 3
      vertex 33.1734 -12.565 13
      vertex 33.1734 -12.565 3
    endloop
  endfacet
  facet normal 0.659343 0.751842 -0
    outer loop
      vertex 32.8284 -12.1716 3
      vertex 32.435 -11.8266 13
      vertex 32.8284 -12.1716 13
    endloop
  endfacet
  facet normal 0.659343 0.751842 0
    outer loop
      vertex 32.435 -11.8266 13
      vertex 32.8284 -12.1716 3
      vertex 32.435 -11.8266 3
    endloop
  endfacet
  facet normal 0.321498 0.94691 -0
    outer loop
      vertex 31.5307 -11.3045 3
      vertex 31.0353 -11.1363 13
      vertex 31.5307 -11.3045 13
    endloop
  endfacet
  facet normal 0.321498 0.94691 0
    outer loop
      vertex 31.0353 -11.1363 13
      vertex 31.5307 -11.3045 3
      vertex 31.0353 -11.1363 3
    endloop
  endfacet
  facet normal 0.195124 0.980779 -0
    outer loop
      vertex 31.0353 -11.1363 3
      vertex 30.5221 -11.0342 13
      vertex 31.0353 -11.1363 13
    endloop
  endfacet
  facet normal 0.195124 0.980779 0
    outer loop
      vertex 30.5221 -11.0342 13
      vertex 31.0353 -11.1363 3
      vertex 30.5221 -11.0342 3
    endloop
  endfacet
  facet normal 0 0 1
    outer loop
      vertex 31.45 -15 13
      vertex 34 -15 13
      vertex 33.9658 -14.4779 13
    endloop
  endfacet
  facet normal 0 0 1
    outer loop
      vertex 31.4376 -14.8107 13
      vertex 33.9658 -14.4779 13
      vertex 33.8637 -13.9647 13
    endloop
  endfacet
  facet normal 0 0 1
    outer loop
      vertex 34 -15 13
      vertex 31.45 -15 13
      vertex 33.9658 -15.5221 13
    endloop
  endfacet
  facet normal 0 0 1
    outer loop
      vertex 31.4006 -14.6247 13
      vertex 33.8637 -13.9647 13
      vertex 33.6955 -13.4693 13
    endloop
  endfacet
  facet normal -0 0 1
    outer loop
      vertex 31.4376 -15.1893 13
      vertex 33.9658 -15.5221 13
      vertex 31.45 -15 13
    endloop
  endfacet
  facet normal 0 0 1
    outer loop
      vertex 31.3396 -14.4451 13
      vertex 33.6955 -13.4693 13
      vertex 33.4641 -13 13
    endloop
  endfacet
  facet normal 0 0 1
    outer loop
      vertex 33.9658 -15.5221 13
      vertex 31.4376 -15.1893 13
      vertex 33.8637 -16.0353 13
    endloop
  endfacet
  facet normal 0 0 1
    outer loop
      vertex 31.2557 -14.275 13
      vertex 33.4641 -13 13
      vertex 33.1734 -12.565 13
    endloop
  endfacet
  facet normal -0 0 1
    outer loop
      vertex 31.4006 -15.3753 13
      vertex 33.8637 -16.0353 13
      vertex 31.4376 -15.1893 13
    endloop
  endfacet
  facet normal 0 0 1
    outer loop
      vertex 31.1504 -14.1173 13
      vertex 33.1734 -12.565 13
      vertex 32.8284 -12.1716 13
    endloop
  endfacet
  facet normal 0 0 1
    outer loop
      vertex 33.8637 -16.0353 13
      vertex 31.4006 -15.3753 13
      vertex 33.6955 -16.5307 13
    endloop
  endfacet
  facet normal 0 0 1
    outer loop
      vertex 31.0253 -13.9747 13
      vertex 32.8284 -12.1716 13
      vertex 32.435 -11.8266 13
    endloop
  endfacet
  facet normal -0 0 1
    outer loop
      vertex 31.3396 -15.5549 13
      vertex 33.6955 -16.5307 13
      vertex 31.4006 -15.3753 13
    endloop
  endfacet
  facet normal 0 0 1
    outer loop
      vertex 30.8827 -13.8496 13
      vertex 32.435 -11.8266 13
      vertex 32 -11.5359 13
    endloop
  endfacet
  facet normal 0 0 1
    outer loop
      vertex 33.6955 -16.5307 13
      vertex 31.3396 -15.5549 13
      vertex 33.4641 -17 13
    endloop
  endfacet
  facet normal 0 0 1
    outer loop
      vertex 30.725 -13.7443 13
      vertex 32 -11.5359 13
      vertex 31.5307 -11.3045 13
    endloop
  endfacet
  facet normal -0 0 1
    outer loop
      vertex 31.2557 -15.725 13
      vertex 33.4641 -17 13
      vertex 31.3396 -15.5549 13
    endloop
  endfacet
  facet normal 0 0 1
    outer loop
      vertex 33.4641 -17 13
      vertex 31.2557 -15.725 13
      vertex 33.1734 -17.435 13
    endloop
  endfacet
  facet normal 0 0 1
    outer loop
      vertex 33.9658 -14.4779 13
      vertex 31.4376 -14.8107 13
      vertex 31.45 -15 13
    endloop
  endfacet
  facet normal 0 0 1
    outer loop
      vertex 33.8637 -13.9647 13
      vertex 31.4006 -14.6247 13
      vertex 31.4376 -14.8107 13
    endloop
  endfacet
  facet normal 0 0 1
    outer loop
      vertex 33.6955 -13.4693 13
      vertex 31.3396 -14.4451 13
      vertex 31.4006 -14.6247 13
    endloop
  endfacet
  facet normal 0 0 1
    outer loop
      vertex 33.4641 -13 13
      vertex 31.2557 -14.275 13
      vertex 31.3396 -14.4451 13
    endloop
  endfacet
  facet normal 0 0 1
    outer loop
      vertex 33.1734 -12.565 13
      vertex 31.1504 -14.1173 13
      vertex 31.2557 -14.275 13
    endloop
  endfacet
  facet normal 0 0 1
    outer loop
      vertex 30.5549 -13.6604 13
      vertex 31.5307 -11.3045 13
      vertex 31.0353 -11.1363 13
    endloop
  endfacet
  facet normal 0 0 1
    outer loop
      vertex 32.8284 -12.1716 13
      vertex 31.0253 -13.9747 13
      vertex 31.1504 -14.1173 13
    endloop
  endfacet
  facet normal 0 0 1
    outer loop
      vertex 32.435 -11.8266 13
      vertex 30.8827 -13.8496 13
      vertex 31.0253 -13.9747 13
    endloop
  endfacet
  facet normal 0 0 1
    outer loop
      vertex 32 -11.5359 13
      vertex 30.725 -13.7443 13
      vertex 30.8827 -13.8496 13
    endloop
  endfacet
  facet normal 0 0 1
    outer loop
      vertex 31.5307 -11.3045 13
      vertex 30.5549 -13.6604 13
      vertex 30.725 -13.7443 13
    endloop
  endfacet
  facet normal 0 0 1
    outer loop
      vertex 30.3753 -13.5994 13
      vertex 31.0353 -11.1363 13
      vertex 30.5221 -11.0342 13
    endloop
  endfacet
  facet normal 0 0 1
    outer loop
      vertex 31.0353 -11.1363 13
      vertex 30.3753 -13.5994 13
      vertex 30.5549 -13.6604 13
    endloop
  endfacet
  facet normal 0 0 1
    outer loop
      vertex 30.5221 -11.0342 13
      vertex 30.1893 -13.5624 13
      vertex 30.3753 -13.5994 13
    endloop
  endfacet
  facet normal 0 0 1
    outer loop
      vertex 30 -11 13
      vertex 30.1893 -13.5624 13
      vertex 30.5221 -11.0342 13
    endloop
  endfacet
  facet normal 0 0 1
    outer loop
      vertex 30 -11 13
      vertex 30 -13.55 13
      vertex 30.1893 -13.5624 13
    endloop
  endfacet
  facet normal 0 0 1
    outer loop
      vertex 30 -11 13
      vertex 29.8107 -13.5624 13
      vertex 30 -13.55 13
    endloop
  endfacet
  facet normal -0 0 1
    outer loop
      vertex 29.4779 -11.0342 13
      vertex 29.8107 -13.5624 13
      vertex 30 -11 13
    endloop
  endfacet
  facet normal 0 0 1
    outer loop
      vertex 29.8107 -13.5624 13
      vertex 29.4779 -11.0342 13
      vertex 29.6247 -13.5994 13
    endloop
  endfacet
  facet normal -0 0 1
    outer loop
      vertex 28.9647 -11.1363 13
      vertex 29.6247 -13.5994 13
      vertex 29.4779 -11.0342 13
    endloop
  endfacet
  facet normal 0 0 1
    outer loop
      vertex 29.6247 -13.5994 13
      vertex 28.9647 -11.1363 13
      vertex 29.4451 -13.6604 13
    endloop
  endfacet
  facet normal -0 0 1
    outer loop
      vertex 28.4693 -11.3045 13
      vertex 29.4451 -13.6604 13
      vertex 28.9647 -11.1363 13
    endloop
  endfacet
  facet normal 0 0 1
    outer loop
      vertex 29.4451 -13.6604 13
      vertex 28.4693 -11.3045 13
      vertex 29.275 -13.7443 13
    endloop
  endfacet
  facet normal -0 0 1
    outer loop
      vertex 28 -11.5359 13
      vertex 29.275 -13.7443 13
      vertex 28.4693 -11.3045 13
    endloop
  endfacet
  facet normal 0 0 1
    outer loop
      vertex 29.275 -13.7443 13
      vertex 28 -11.5359 13
      vertex 29.1173 -13.8496 13
    endloop
  endfacet
  facet normal -0 0 1
    outer loop
      vertex 27.565 -11.8266 13
      vertex 29.1173 -13.8496 13
      vertex 28 -11.5359 13
    endloop
  endfacet
  facet normal 0 0 1
    outer loop
      vertex 29.1173 -13.8496 13
      vertex 27.565 -11.8266 13
      vertex 28.9747 -13.9747 13
    endloop
  endfacet
  facet normal -0 0 1
    outer loop
      vertex 27.1716 -12.1716 13
      vertex 28.9747 -13.9747 13
      vertex 27.565 -11.8266 13
    endloop
  endfacet
  facet normal 0 0 1
    outer loop
      vertex 28.9747 -13.9747 13
      vertex 27.1716 -12.1716 13
      vertex 28.8496 -14.1173 13
    endloop
  endfacet
  facet normal 0 0 1
    outer loop
      vertex 28.8496 -14.1173 13
      vertex 26.8266 -12.565 13
      vertex 28.7443 -14.275 13
    endloop
  endfacet
  facet normal -0 0 1
    outer loop
      vertex 26.8266 -12.565 13
      vertex 28.8496 -14.1173 13
      vertex 27.1716 -12.1716 13
    endloop
  endfacet
  facet normal -0 0 1
    outer loop
      vertex 31.1504 -15.8827 13
      vertex 33.1734 -17.435 13
      vertex 31.2557 -15.725 13
    endloop
  endfacet
  facet normal 0 0 1
    outer loop
      vertex 33.1734 -17.435 13
      vertex 31.1504 -15.8827 13
      vertex 32.8284 -17.8284 13
    endloop
  endfacet
  facet normal -0 0 1
    outer loop
      vertex 31.0253 -16.0253 13
      vertex 32.8284 -17.8284 13
      vertex 31.1504 -15.8827 13
    endloop
  endfacet
  facet normal 0 0 1
    outer loop
      vertex 32.8284 -17.8284 13
      vertex 31.0253 -16.0253 13
      vertex 32.435 -18.1734 13
    endloop
  endfacet
  facet normal -0 0 1
    outer loop
      vertex 30.8827 -16.1504 13
      vertex 32.435 -18.1734 13
      vertex 31.0253 -16.0253 13
    endloop
  endfacet
  facet normal 0 0 1
    outer loop
      vertex 32.435 -18.1734 13
      vertex 30.8827 -16.1504 13
      vertex 32 -18.4641 13
    endloop
  endfacet
  facet normal -0 0 1
    outer loop
      vertex 30.725 -16.2557 13
      vertex 32 -18.4641 13
      vertex 30.8827 -16.1504 13
    endloop
  endfacet
  facet normal 0 0 1
    outer loop
      vertex 32 -18.4641 13
      vertex 30.725 -16.2557 13
      vertex 31.5307 -18.6955 13
    endloop
  endfacet
  facet normal -0 0 1
    outer loop
      vertex 30.5549 -16.3396 13
      vertex 31.5307 -18.6955 13
      vertex 30.725 -16.2557 13
    endloop
  endfacet
  facet normal 0 0 1
    outer loop
      vertex 31.5307 -18.6955 13
      vertex 30.5549 -16.3396 13
      vertex 31.0353 -18.8637 13
    endloop
  endfacet
  facet normal -0 0 1
    outer loop
      vertex 30.3753 -16.4006 13
      vertex 31.0353 -18.8637 13
      vertex 30.5549 -16.3396 13
    endloop
  endfacet
  facet normal 0 0 1
    outer loop
      vertex 31.0353 -18.8637 13
      vertex 30.3753 -16.4006 13
      vertex 30.5221 -18.9658 13
    endloop
  endfacet
  facet normal -0 0 1
    outer loop
      vertex 30.1893 -16.4376 13
      vertex 30.5221 -18.9658 13
      vertex 30.3753 -16.4006 13
    endloop
  endfacet
  facet normal -0 0 1
    outer loop
      vertex 30 -16.45 13
      vertex 30.5221 -18.9658 13
      vertex 30.1893 -16.4376 13
    endloop
  endfacet
  facet normal 0 0 1
    outer loop
      vertex 30 -16.45 13
      vertex 30 -19 13
      vertex 30.5221 -18.9658 13
    endloop
  endfacet
  facet normal 0 0 1
    outer loop
      vertex 29.8107 -16.4376 13
      vertex 30 -19 13
      vertex 30 -16.45 13
    endloop
  endfacet
  facet normal 0 0 1
    outer loop
      vertex 29.4779 -18.9658 13
      vertex 29.8107 -16.4376 13
      vertex 29.6247 -16.4006 13
    endloop
  endfacet
  facet normal 0 0 1
    outer loop
      vertex 29.8107 -16.4376 13
      vertex 29.4779 -18.9658 13
      vertex 30 -19 13
    endloop
  endfacet
  facet normal 0 0 1
    outer loop
      vertex 28.9647 -18.8637 13
      vertex 29.6247 -16.4006 13
      vertex 29.4451 -16.3396 13
    endloop
  endfacet
  facet normal 0 0 1
    outer loop
      vertex 28.4693 -18.6955 13
      vertex 29.4451 -16.3396 13
      vertex 29.275 -16.2557 13
    endloop
  endfacet
  facet normal 0 0 1
    outer loop
      vertex 28 -18.4641 13
      vertex 29.275 -16.2557 13
      vertex 29.1173 -16.1504 13
    endloop
  endfacet
  facet normal 0 0 1
    outer loop
      vertex 27.565 -18.1734 13
      vertex 29.1173 -16.1504 13
      vertex 28.9747 -16.0253 13
    endloop
  endfacet
  facet normal 0 0 1
    outer loop
      vertex 29.6247 -16.4006 13
      vertex 28.9647 -18.8637 13
      vertex 29.4779 -18.9658 13
    endloop
  endfacet
  facet normal 0 0 1
    outer loop
      vertex 27.1716 -17.8284 13
      vertex 28.9747 -16.0253 13
      vertex 28.8496 -15.8827 13
    endloop
  endfacet
  facet normal 0 0 1
    outer loop
      vertex 26.8266 -17.435 13
      vertex 28.8496 -15.8827 13
      vertex 28.7443 -15.725 13
    endloop
  endfacet
  facet normal 0 0 1
    outer loop
      vertex 26.5359 -17 13
      vertex 28.7443 -15.725 13
      vertex 28.6604 -15.5549 13
    endloop
  endfacet
  facet normal 0 0 1
    outer loop
      vertex 26.3045 -16.5307 13
      vertex 28.6604 -15.5549 13
      vertex 28.5994 -15.3753 13
    endloop
  endfacet
  facet normal 0 0 1
    outer loop
      vertex 26.1363 -16.0353 13
      vertex 28.5994 -15.3753 13
      vertex 28.5624 -15.1893 13
    endloop
  endfacet
  facet normal 0 0 1
    outer loop
      vertex 29.4451 -16.3396 13
      vertex 28.4693 -18.6955 13
      vertex 28.9647 -18.8637 13
    endloop
  endfacet
  facet normal 0 0 1
    outer loop
      vertex 26.0342 -15.5221 13
      vertex 28.5624 -15.1893 13
      vertex 28.55 -15 13
    endloop
  endfacet
  facet normal -0 0 1
    outer loop
      vertex 26.5359 -13 13
      vertex 28.7443 -14.275 13
      vertex 26.8266 -12.565 13
    endloop
  endfacet
  facet normal 0 0 1
    outer loop
      vertex 28.7443 -14.275 13
      vertex 26.5359 -13 13
      vertex 28.6604 -14.4451 13
    endloop
  endfacet
  facet normal 0 0 1
    outer loop
      vertex 29.275 -16.2557 13
      vertex 28 -18.4641 13
      vertex 28.4693 -18.6955 13
    endloop
  endfacet
  facet normal -0 0 1
    outer loop
      vertex 26.3045 -13.4693 13
      vertex 28.6604 -14.4451 13
      vertex 26.5359 -13 13
    endloop
  endfacet
  facet normal 0 0 1
    outer loop
      vertex 29.1173 -16.1504 13
      vertex 27.565 -18.1734 13
      vertex 28 -18.4641 13
    endloop
  endfacet
  facet normal 0 0 1
    outer loop
      vertex 28.6604 -14.4451 13
      vertex 26.3045 -13.4693 13
      vertex 28.5994 -14.6247 13
    endloop
  endfacet
  facet normal 0 0 1
    outer loop
      vertex 28.9747 -16.0253 13
      vertex 27.1716 -17.8284 13
      vertex 27.565 -18.1734 13
    endloop
  endfacet
  facet normal -0 0 1
    outer loop
      vertex 26.1363 -13.9647 13
      vertex 28.5994 -14.6247 13
      vertex 26.3045 -13.4693 13
    endloop
  endfacet
  facet normal 0 0 1
    outer loop
      vertex 28.8496 -15.8827 13
      vertex 26.8266 -17.435 13
      vertex 27.1716 -17.8284 13
    endloop
  endfacet
  facet normal 0 0 1
    outer loop
      vertex 28.5994 -14.6247 13
      vertex 26.1363 -13.9647 13
      vertex 28.5624 -14.8107 13
    endloop
  endfacet
  facet normal 0 0 1
    outer loop
      vertex 28.7443 -15.725 13
      vertex 26.5359 -17 13
      vertex 26.8266 -17.435 13
    endloop
  endfacet
  facet normal -0 0 1
    outer loop
      vertex 26.0342 -14.4779 13
      vertex 28.5624 -14.8107 13
      vertex 26.1363 -13.9647 13
    endloop
  endfacet
  facet normal 0 0 1
    outer loop
      vertex 28.6604 -15.5549 13
      vertex 26.3045 -16.5307 13
      vertex 26.5359 -17 13
    endloop
  endfacet
  facet normal 0 0 1
    outer loop
      vertex 28.5624 -14.8107 13
      vertex 26.0342 -14.4779 13
      vertex 28.55 -15 13
    endloop
  endfacet
  facet normal 0 0 1
    outer loop
      vertex 28.5994 -15.3753 13
      vertex 26.1363 -16.0353 13
      vertex 26.3045 -16.5307 13
    endloop
  endfacet
  facet normal 0 0 1
    outer loop
      vertex 26 -15 13
      vertex 28.55 -15 13
      vertex 26.0342 -14.4779 13
    endloop
  endfacet
  facet normal 0 0 1
    outer loop
      vertex 28.5624 -15.1893 13
      vertex 26.0342 -15.5221 13
      vertex 26.1363 -16.0353 13
    endloop
  endfacet
  facet normal 0 0 1
    outer loop
      vertex 28.55 -15 13
      vertex 26 -15 13
      vertex 26.0342 -15.5221 13
    endloop
  endfacet
  facet normal -0.94691 0.321498 0
    outer loop
      vertex 26.1363 -13.9647 3
      vertex 26.3045 -13.4693 13
      vertex 26.3045 -13.4693 3
    endloop
  endfacet
  facet normal -0.94691 0.321498 0
    outer loop
      vertex 26.3045 -13.4693 13
      vertex 26.1363 -13.9647 3
      vertex 26.1363 -13.9647 13
    endloop
  endfacet
  facet normal -0.980779 0.195124 0
    outer loop
      vertex 26.0342 -14.4779 3
      vertex 26.1363 -13.9647 13
      vertex 26.1363 -13.9647 3
    endloop
  endfacet
  facet normal -0.980779 0.195124 0
    outer loop
      vertex 26.1363 -13.9647 13
      vertex 26.0342 -14.4779 3
      vertex 26.0342 -14.4779 13
    endloop
  endfacet
  facet normal -0.831432 0.555626 0
    outer loop
      vertex 26.5359 -13 3
      vertex 26.8266 -12.565 13
      vertex 26.8266 -12.565 3
    endloop
  endfacet
  facet normal -0.831432 0.555626 0
    outer loop
      vertex 26.8266 -12.565 13
      vertex 26.5359 -13 3
      vertex 26.5359 -13 13
    endloop
  endfacet
  facet normal -0.195124 0.980779 0
    outer loop
      vertex 29.4779 -11.0342 3
      vertex 28.9647 -11.1363 13
      vertex 29.4779 -11.0342 13
    endloop
  endfacet
  facet normal -0.195124 0.980779 0
    outer loop
      vertex 28.9647 -11.1363 13
      vertex 29.4779 -11.0342 3
      vertex 28.9647 -11.1363 3
    endloop
  endfacet
  facet normal -0.555626 0.831432 0
    outer loop
      vertex 28 -11.5359 3
      vertex 27.565 -11.8266 13
      vertex 28 -11.5359 13
    endloop
  endfacet
  facet normal -0.555626 0.831432 0
    outer loop
      vertex 27.565 -11.8266 13
      vertex 28 -11.5359 3
      vertex 27.565 -11.8266 3
    endloop
  endfacet
  facet normal -0.442238 0.896898 0
    outer loop
      vertex 28.4693 -11.3045 3
      vertex 28 -11.5359 13
      vertex 28.4693 -11.3045 13
    endloop
  endfacet
  facet normal -0.442238 0.896898 0
    outer loop
      vertex 28 -11.5359 13
      vertex 28.4693 -11.3045 3
      vertex 28 -11.5359 3
    endloop
  endfacet
  facet normal 0.997861 -0.0653646 0
    outer loop
      vertex 33.9658 -15.5221 13
      vertex 34 -15 3
      vertex 34 -15 13
    endloop
  endfacet
  facet normal 0.997861 -0.0653646 0
    outer loop
      vertex 34 -15 3
      vertex 33.9658 -15.5221 13
      vertex 33.9658 -15.5221 3
    endloop
  endfacet
  facet normal 0.0653646 -0.997861 0
    outer loop
      vertex 30 -19 3
      vertex 30.5221 -18.9658 13
      vertex 30 -19 13
    endloop
  endfacet
  facet normal 0.0653646 -0.997861 0
    outer loop
      vertex 30.5221 -18.9658 13
      vertex 30 -19 3
      vertex 30.5221 -18.9658 3
    endloop
  endfacet
  facet normal 0.321498 -0.94691 0
    outer loop
      vertex 31.0353 -18.8637 3
      vertex 31.5307 -18.6955 13
      vertex 31.0353 -18.8637 13
    endloop
  endfacet
  facet normal 0.321498 -0.94691 0
    outer loop
      vertex 31.5307 -18.6955 13
      vertex 31.0353 -18.8637 3
      vertex 31.5307 -18.6955 3
    endloop
  endfacet
  facet normal 0.751842 -0.659343 0
    outer loop
      vertex 32.8284 -17.8284 13
      vertex 33.1734 -17.435 3
      vertex 33.1734 -17.435 13
    endloop
  endfacet
  facet normal 0.751842 -0.659343 0
    outer loop
      vertex 33.1734 -17.435 3
      vertex 32.8284 -17.8284 13
      vertex 32.8284 -17.8284 3
    endloop
  endfacet
  facet normal 0.659343 -0.751842 0
    outer loop
      vertex 32.435 -18.1734 3
      vertex 32.8284 -17.8284 13
      vertex 32.435 -18.1734 13
    endloop
  endfacet
  facet normal 0.659343 -0.751842 0
    outer loop
      vertex 32.8284 -17.8284 13
      vertex 32.435 -18.1734 3
      vertex 32.8284 -17.8284 3
    endloop
  endfacet
  facet normal -0.321498 -0.94691 0
    outer loop
      vertex 28.4693 -18.6955 3
      vertex 28.9647 -18.8637 13
      vertex 28.4693 -18.6955 13
    endloop
  endfacet
  facet normal -0.321498 -0.94691 -0
    outer loop
      vertex 28.9647 -18.8637 13
      vertex 28.4693 -18.6955 3
      vertex 28.9647 -18.8637 3
    endloop
  endfacet
  facet normal -0.555626 -0.831432 0
    outer loop
      vertex 27.565 -18.1734 3
      vertex 28 -18.4641 13
      vertex 27.565 -18.1734 13
    endloop
  endfacet
  facet normal -0.555626 -0.831432 -0
    outer loop
      vertex 28 -18.4641 13
      vertex 27.565 -18.1734 3
      vertex 28 -18.4641 3
    endloop
  endfacet
  facet normal -0.980779 -0.195124 0
    outer loop
      vertex 26.1363 -16.0353 3
      vertex 26.0342 -15.5221 13
      vertex 26.0342 -15.5221 3
    endloop
  endfacet
  facet normal -0.980779 -0.195124 0
    outer loop
      vertex 26.0342 -15.5221 13
      vertex 26.1363 -16.0353 3
      vertex 26.1363 -16.0353 13
    endloop
  endfacet
  facet normal -0.751842 -0.659343 0
    outer loop
      vertex 27.1716 -17.8284 3
      vertex 26.8266 -17.435 13
      vertex 26.8266 -17.435 3
    endloop
  endfacet
  facet normal -0.751842 -0.659343 0
    outer loop
      vertex 26.8266 -17.435 13
      vertex 27.1716 -17.8284 3
      vertex 27.1716 -17.8284 13
    endloop
  endfacet
  facet normal -0.896898 -0.442238 0
    outer loop
      vertex 26.5359 -17 3
      vertex 26.3045 -16.5307 13
      vertex 26.3045 -16.5307 3
    endloop
  endfacet
  facet normal -0.896898 -0.442238 0
    outer loop
      vertex 26.3045 -16.5307 13
      vertex 26.5359 -17 3
      vertex 26.5359 -17 13
    endloop
  endfacet
  facet normal 0.980779 -0.195124 0
    outer loop
      vertex 33.8637 -16.0353 13
      vertex 33.9658 -15.5221 3
      vertex 33.9658 -15.5221 13
    endloop
  endfacet
  facet normal 0.980779 -0.195124 0
    outer loop
      vertex 33.9658 -15.5221 3
      vertex 33.8637 -16.0353 13
      vertex 33.8637 -16.0353 3
    endloop
  endfacet
  facet normal 0.896898 -0.442238 0
    outer loop
      vertex 33.4641 -17 13
      vertex 33.6955 -16.5307 3
      vertex 33.6955 -16.5307 13
    endloop
  endfacet
  facet normal 0.896898 -0.442238 0
    outer loop
      vertex 33.6955 -16.5307 3
      vertex 33.4641 -17 13
      vertex 33.4641 -17 3
    endloop
  endfacet
  facet normal 0.831432 -0.555626 0
    outer loop
      vertex 33.1734 -17.435 13
      vertex 33.4641 -17 3
      vertex 33.4641 -17 13
    endloop
  endfacet
  facet normal 0.831432 -0.555626 0
    outer loop
      vertex 33.4641 -17 3
      vertex 33.1734 -17.435 13
      vertex 33.1734 -17.435 3
    endloop
  endfacet
  facet normal 0.195124 -0.980779 0
    outer loop
      vertex 30.5221 -18.9658 3
      vertex 31.0353 -18.8637 13
      vertex 30.5221 -18.9658 13
    endloop
  endfacet
  facet normal 0.195124 -0.980779 0
    outer loop
      vertex 31.0353 -18.8637 13
      vertex 30.5221 -18.9658 3
      vertex 31.0353 -18.8637 3
    endloop
  endfacet
  facet normal -0.195124 -0.980779 0
    outer loop
      vertex 28.9647 -18.8637 3
      vertex 29.4779 -18.9658 13
      vertex 28.9647 -18.8637 13
    endloop
  endfacet
  facet normal -0.195124 -0.980779 -0
    outer loop
      vertex 29.4779 -18.9658 13
      vertex 28.9647 -18.8637 3
      vertex 29.4779 -18.9658 3
    endloop
  endfacet
  facet normal -0.94691 -0.321498 0
    outer loop
      vertex 26.3045 -16.5307 3
      vertex 26.1363 -16.0353 13
      vertex 26.1363 -16.0353 3
    endloop
  endfacet
  facet normal -0.94691 -0.321498 0
    outer loop
      vertex 26.1363 -16.0353 13
      vertex 26.3045 -16.5307 3
      vertex 26.3045 -16.5307 13
    endloop
  endfacet
  facet normal -0.831432 -0.555626 0
    outer loop
      vertex 26.8266 -17.435 3
      vertex 26.5359 -17 13
      vertex 26.5359 -17 3
    endloop
  endfacet
  facet normal -0.831432 -0.555626 0
    outer loop
      vertex 26.5359 -17 13
      vertex 26.8266 -17.435 3
      vertex 26.8266 -17.435 13
    endloop
  endfacet
  facet normal -0.997861 -0.0653644 0
    outer loop
      vertex 31.45 -15 3
      vertex 31.4376 -14.8107 13
      vertex 31.4376 -14.8107 3
    endloop
  endfacet
  facet normal -0.997861 -0.0653644 0
    outer loop
      vertex 31.4376 -14.8107 13
      vertex 31.45 -15 3
      vertex 31.45 -15 13
    endloop
  endfacet
  facet normal 0.997861 -0.0653644 0
    outer loop
      vertex 28.55 -15 13
      vertex 28.5624 -14.8107 3
      vertex 28.5624 -14.8107 13
    endloop
  endfacet
  facet normal 0.997861 -0.0653644 0
    outer loop
      vertex 28.5624 -14.8107 3
      vertex 28.55 -15 13
      vertex 28.55 -15 3
    endloop
  endfacet
  facet normal -0.0653644 -0.997861 0
    outer loop
      vertex 30 -13.55 3
      vertex 30.1893 -13.5624 13
      vertex 30 -13.55 13
    endloop
  endfacet
  facet normal -0.0653644 -0.997861 -0
    outer loop
      vertex 30.1893 -13.5624 13
      vertex 30 -13.55 3
      vertex 30.1893 -13.5624 3
    endloop
  endfacet
  facet normal 0.0653644 0.997861 -0
    outer loop
      vertex 30 -16.45 3
      vertex 29.8107 -16.4376 13
      vertex 30 -16.45 13
    endloop
  endfacet
  facet normal 0.0653644 0.997861 0
    outer loop
      vertex 29.8107 -16.4376 13
      vertex 30 -16.45 3
      vertex 29.8107 -16.4376 3
    endloop
  endfacet
  facet normal -0.751727 -0.659474 0
    outer loop
      vertex 31.1504 -14.1173 3
      vertex 31.0253 -13.9747 13
      vertex 31.0253 -13.9747 3
    endloop
  endfacet
  facet normal -0.751727 -0.659474 0
    outer loop
      vertex 31.0253 -13.9747 13
      vertex 31.1504 -14.1173 3
      vertex 31.1504 -14.1173 13
    endloop
  endfacet
  facet normal 0.659474 -0.751727 0
    outer loop
      vertex 28.9747 -13.9747 3
      vertex 29.1173 -13.8496 13
      vertex 28.9747 -13.9747 13
    endloop
  endfacet
  facet normal 0.659474 -0.751727 0
    outer loop
      vertex 29.1173 -13.8496 13
      vertex 28.9747 -13.9747 3
      vertex 29.1173 -13.8496 3
    endloop
  endfacet
  facet normal 0.3216 -0.946876 0
    outer loop
      vertex 29.4451 -13.6604 3
      vertex 29.6247 -13.5994 13
      vertex 29.4451 -13.6604 13
    endloop
  endfacet
  facet normal 0.3216 -0.946876 0
    outer loop
      vertex 29.6247 -13.5994 13
      vertex 29.4451 -13.6604 3
      vertex 29.6247 -13.5994 3
    endloop
  endfacet
  facet normal -0.896839 -0.442356 0
    outer loop
      vertex 31.3396 -14.4451 3
      vertex 31.2557 -14.275 13
      vertex 31.2557 -14.275 3
    endloop
  endfacet
  facet normal -0.896839 -0.442356 0
    outer loop
      vertex 31.2557 -14.275 13
      vertex 31.3396 -14.4451 3
      vertex 31.3396 -14.4451 13
    endloop
  endfacet
  facet normal -0.980783 -0.195102 0
    outer loop
      vertex 31.4376 -14.8107 3
      vertex 31.4006 -14.6247 13
      vertex 31.4006 -14.6247 3
    endloop
  endfacet
  facet normal -0.980783 -0.195102 0
    outer loop
      vertex 31.4006 -14.6247 13
      vertex 31.4376 -14.8107 3
      vertex 31.4376 -14.8107 13
    endloop
  endfacet
  facet normal -0.831644 -0.555309 0
    outer loop
      vertex 31.2557 -14.275 3
      vertex 31.1504 -14.1173 13
      vertex 31.1504 -14.1173 3
    endloop
  endfacet
  facet normal -0.831644 -0.555309 0
    outer loop
      vertex 31.1504 -14.1173 13
      vertex 31.2557 -14.275 3
      vertex 31.2557 -14.275 13
    endloop
  endfacet
  facet normal -0.442356 -0.896839 0
    outer loop
      vertex 30.5549 -13.6604 3
      vertex 30.725 -13.7443 13
      vertex 30.5549 -13.6604 13
    endloop
  endfacet
  facet normal -0.442356 -0.896839 -0
    outer loop
      vertex 30.725 -13.7443 13
      vertex 30.5549 -13.6604 3
      vertex 30.725 -13.7443 3
    endloop
  endfacet
  facet normal -0.3216 -0.946876 0
    outer loop
      vertex 30.3753 -13.5994 3
      vertex 30.5549 -13.6604 13
      vertex 30.3753 -13.5994 13
    endloop
  endfacet
  facet normal -0.3216 -0.946876 -0
    outer loop
      vertex 30.5549 -13.6604 13
      vertex 30.3753 -13.5994 3
      vertex 30.5549 -13.6604 3
    endloop
  endfacet
  facet normal -0.555309 -0.831644 0
    outer loop
      vertex 30.725 -13.7443 3
      vertex 30.8827 -13.8496 13
      vertex 30.725 -13.7443 13
    endloop
  endfacet
  facet normal -0.555309 -0.831644 -0
    outer loop
      vertex 30.8827 -13.8496 13
      vertex 30.725 -13.7443 3
      vertex 30.8827 -13.8496 3
    endloop
  endfacet
  facet normal 0.896839 -0.442356 0
    outer loop
      vertex 28.6604 -14.4451 13
      vertex 28.7443 -14.275 3
      vertex 28.7443 -14.275 13
    endloop
  endfacet
  facet normal 0.896839 -0.442356 0
    outer loop
      vertex 28.7443 -14.275 3
      vertex 28.6604 -14.4451 13
      vertex 28.6604 -14.4451 3
    endloop
  endfacet
  facet normal 0.831644 -0.555309 0
    outer loop
      vertex 28.7443 -14.275 13
      vertex 28.8496 -14.1173 3
      vertex 28.8496 -14.1173 13
    endloop
  endfacet
  facet normal 0.831644 -0.555309 0
    outer loop
      vertex 28.8496 -14.1173 3
      vertex 28.7443 -14.275 13
      vertex 28.7443 -14.275 3
    endloop
  endfacet
  facet normal 0.946876 -0.3216 0
    outer loop
      vertex 28.5994 -14.6247 13
      vertex 28.6604 -14.4451 3
      vertex 28.6604 -14.4451 13
    endloop
  endfacet
  facet normal 0.946876 -0.3216 0
    outer loop
      vertex 28.6604 -14.4451 3
      vertex 28.5994 -14.6247 13
      vertex 28.5994 -14.6247 3
    endloop
  endfacet
  facet normal 0.442356 -0.896839 0
    outer loop
      vertex 29.275 -13.7443 3
      vertex 29.4451 -13.6604 13
      vertex 29.275 -13.7443 13
    endloop
  endfacet
  facet normal 0.442356 -0.896839 0
    outer loop
      vertex 29.4451 -13.6604 13
      vertex 29.275 -13.7443 3
      vertex 29.4451 -13.6604 3
    endloop
  endfacet
  facet normal 0.195102 -0.980783 0
    outer loop
      vertex 29.6247 -13.5994 3
      vertex 29.8107 -13.5624 13
      vertex 29.6247 -13.5994 13
    endloop
  endfacet
  facet normal 0.195102 -0.980783 0
    outer loop
      vertex 29.8107 -13.5624 13
      vertex 29.6247 -13.5994 3
      vertex 29.8107 -13.5624 3
    endloop
  endfacet
  facet normal -0.659474 0.751727 0
    outer loop
      vertex 31.0253 -16.0253 3
      vertex 30.8827 -16.1504 13
      vertex 31.0253 -16.0253 13
    endloop
  endfacet
  facet normal -0.659474 0.751727 0
    outer loop
      vertex 30.8827 -16.1504 13
      vertex 31.0253 -16.0253 3
      vertex 30.8827 -16.1504 3
    endloop
  endfacet
  facet normal -0.442356 0.896839 0
    outer loop
      vertex 30.725 -16.2557 3
      vertex 30.5549 -16.3396 13
      vertex 30.725 -16.2557 13
    endloop
  endfacet
  facet normal -0.442356 0.896839 0
    outer loop
      vertex 30.5549 -16.3396 13
      vertex 30.725 -16.2557 3
      vertex 30.5549 -16.3396 3
    endloop
  endfacet
  facet normal 0.3216 0.946876 -0
    outer loop
      vertex 29.6247 -16.4006 3
      vertex 29.4451 -16.3396 13
      vertex 29.6247 -16.4006 13
    endloop
  endfacet
  facet normal 0.3216 0.946876 0
    outer loop
      vertex 29.4451 -16.3396 13
      vertex 29.6247 -16.4006 3
      vertex 29.4451 -16.3396 3
    endloop
  endfacet
  facet normal 0.896839 0.442356 0
    outer loop
      vertex 28.7443 -15.725 13
      vertex 28.6604 -15.5549 3
      vertex 28.6604 -15.5549 13
    endloop
  endfacet
  facet normal 0.896839 0.442356 0
    outer loop
      vertex 28.6604 -15.5549 3
      vertex 28.7443 -15.725 13
      vertex 28.7443 -15.725 3
    endloop
  endfacet
  facet normal 0.831644 0.555309 0
    outer loop
      vertex 28.8496 -15.8827 13
      vertex 28.7443 -15.725 3
      vertex 28.7443 -15.725 13
    endloop
  endfacet
  facet normal 0.831644 0.555309 0
    outer loop
      vertex 28.7443 -15.725 3
      vertex 28.8496 -15.8827 13
      vertex 28.8496 -15.8827 3
    endloop
  endfacet
  facet normal -0.946876 -0.3216 0
    outer loop
      vertex 31.4006 -14.6247 3
      vertex 31.3396 -14.4451 13
      vertex 31.3396 -14.4451 3
    endloop
  endfacet
  facet normal -0.946876 -0.3216 0
    outer loop
      vertex 31.3396 -14.4451 13
      vertex 31.4006 -14.6247 3
      vertex 31.4006 -14.6247 13
    endloop
  endfacet
  facet normal -0.195102 -0.980783 0
    outer loop
      vertex 30.1893 -13.5624 3
      vertex 30.3753 -13.5994 13
      vertex 30.1893 -13.5624 13
    endloop
  endfacet
  facet normal -0.195102 -0.980783 -0
    outer loop
      vertex 30.3753 -13.5994 13
      vertex 30.1893 -13.5624 3
      vertex 30.3753 -13.5994 3
    endloop
  endfacet
  facet normal -0.659474 -0.751727 0
    outer loop
      vertex 30.8827 -13.8496 3
      vertex 31.0253 -13.9747 13
      vertex 30.8827 -13.8496 13
    endloop
  endfacet
  facet normal -0.659474 -0.751727 -0
    outer loop
      vertex 31.0253 -13.9747 13
      vertex 30.8827 -13.8496 3
      vertex 31.0253 -13.9747 3
    endloop
  endfacet
  facet normal 0.980783 -0.195102 0
    outer loop
      vertex 28.5624 -14.8107 13
      vertex 28.5994 -14.6247 3
      vertex 28.5994 -14.6247 13
    endloop
  endfacet
  facet normal 0.980783 -0.195102 0
    outer loop
      vertex 28.5994 -14.6247 3
      vertex 28.5624 -14.8107 13
      vertex 28.5624 -14.8107 3
    endloop
  endfacet
  facet normal 0.555309 -0.831644 0
    outer loop
      vertex 29.1173 -13.8496 3
      vertex 29.275 -13.7443 13
      vertex 29.1173 -13.8496 13
    endloop
  endfacet
  facet normal 0.555309 -0.831644 0
    outer loop
      vertex 29.275 -13.7443 13
      vertex 29.1173 -13.8496 3
      vertex 29.275 -13.7443 3
    endloop
  endfacet
  facet normal 0.0653644 -0.997861 0
    outer loop
      vertex 29.8107 -13.5624 3
      vertex 30 -13.55 13
      vertex 29.8107 -13.5624 13
    endloop
  endfacet
  facet normal 0.0653644 -0.997861 0
    outer loop
      vertex 30 -13.55 13
      vertex 29.8107 -13.5624 3
      vertex 30 -13.55 3
    endloop
  endfacet
  facet normal -0.997861 0.0653644 0
    outer loop
      vertex 31.4376 -15.1893 3
      vertex 31.45 -15 13
      vertex 31.45 -15 3
    endloop
  endfacet
  facet normal -0.997861 0.0653644 0
    outer loop
      vertex 31.45 -15 13
      vertex 31.4376 -15.1893 3
      vertex 31.4376 -15.1893 13
    endloop
  endfacet
  facet normal -0.0653644 0.997861 0
    outer loop
      vertex 30.1893 -16.4376 3
      vertex 30 -16.45 13
      vertex 30.1893 -16.4376 13
    endloop
  endfacet
  facet normal -0.0653644 0.997861 0
    outer loop
      vertex 30 -16.45 13
      vertex 30.1893 -16.4376 3
      vertex 30 -16.45 3
    endloop
  endfacet
  facet normal -0.3216 0.946876 0
    outer loop
      vertex 30.5549 -16.3396 3
      vertex 30.3753 -16.4006 13
      vertex 30.5549 -16.3396 13
    endloop
  endfacet
  facet normal -0.3216 0.946876 0
    outer loop
      vertex 30.3753 -16.4006 13
      vertex 30.5549 -16.3396 3
      vertex 30.3753 -16.4006 3
    endloop
  endfacet
  facet normal -0.555309 0.831644 0
    outer loop
      vertex 30.8827 -16.1504 3
      vertex 30.725 -16.2557 13
      vertex 30.8827 -16.1504 13
    endloop
  endfacet
  facet normal -0.555309 0.831644 0
    outer loop
      vertex 30.725 -16.2557 13
      vertex 30.8827 -16.1504 3
      vertex 30.725 -16.2557 3
    endloop
  endfacet
  facet normal -0.831644 0.555309 0
    outer loop
      vertex 31.1504 -15.8827 3
      vertex 31.2557 -15.725 13
      vertex 31.2557 -15.725 3
    endloop
  endfacet
  facet normal -0.831644 0.555309 0
    outer loop
      vertex 31.2557 -15.725 13
      vertex 31.1504 -15.8827 3
      vertex 31.1504 -15.8827 13
    endloop
  endfacet
  facet normal -0.751727 0.659474 0
    outer loop
      vertex 31.0253 -16.0253 3
      vertex 31.1504 -15.8827 13
      vertex 31.1504 -15.8827 3
    endloop
  endfacet
  facet normal -0.751727 0.659474 0
    outer loop
      vertex 31.1504 -15.8827 13
      vertex 31.0253 -16.0253 3
      vertex 31.0253 -16.0253 13
    endloop
  endfacet
  facet normal 0.555309 0.831644 -0
    outer loop
      vertex 29.275 -16.2557 3
      vertex 29.1173 -16.1504 13
      vertex 29.275 -16.2557 13
    endloop
  endfacet
  facet normal 0.555309 0.831644 0
    outer loop
      vertex 29.1173 -16.1504 13
      vertex 29.275 -16.2557 3
      vertex 29.1173 -16.1504 3
    endloop
  endfacet
  facet normal 0.659474 0.751727 -0
    outer loop
      vertex 29.1173 -16.1504 3
      vertex 28.9747 -16.0253 13
      vertex 29.1173 -16.1504 13
    endloop
  endfacet
  facet normal 0.659474 0.751727 0
    outer loop
      vertex 28.9747 -16.0253 13
      vertex 29.1173 -16.1504 3
      vertex 28.9747 -16.0253 3
    endloop
  endfacet
  facet normal 0.442356 0.896839 -0
    outer loop
      vertex 29.4451 -16.3396 3
      vertex 29.275 -16.2557 13
      vertex 29.4451 -16.3396 13
    endloop
  endfacet
  facet normal 0.442356 0.896839 0
    outer loop
      vertex 29.275 -16.2557 13
      vertex 29.4451 -16.3396 3
      vertex 29.275 -16.2557 3
    endloop
  endfacet
  facet normal 0.195102 0.980783 -0
    outer loop
      vertex 29.8107 -16.4376 3
      vertex 29.6247 -16.4006 13
      vertex 29.8107 -16.4376 13
    endloop
  endfacet
  facet normal 0.195102 0.980783 0
    outer loop
      vertex 29.6247 -16.4006 13
      vertex 29.8107 -16.4376 3
      vertex 29.6247 -16.4006 3
    endloop
  endfacet
  facet normal 0.751727 0.659474 0
    outer loop
      vertex 28.9747 -16.0253 13
      vertex 28.8496 -15.8827 3
      vertex 28.8496 -15.8827 13
    endloop
  endfacet
  facet normal 0.751727 0.659474 0
    outer loop
      vertex 28.8496 -15.8827 3
      vertex 28.9747 -16.0253 13
      vertex 28.9747 -16.0253 3
    endloop
  endfacet
  facet normal 0.946876 0.3216 0
    outer loop
      vertex 28.6604 -15.5549 13
      vertex 28.5994 -15.3753 3
      vertex 28.5994 -15.3753 13
    endloop
  endfacet
  facet normal 0.946876 0.3216 0
    outer loop
      vertex 28.5994 -15.3753 3
      vertex 28.6604 -15.5549 13
      vertex 28.6604 -15.5549 3
    endloop
  endfacet
  facet normal 0.997861 0.0653644 0
    outer loop
      vertex 28.5624 -15.1893 13
      vertex 28.55 -15 3
      vertex 28.55 -15 13
    endloop
  endfacet
  facet normal 0.997861 0.0653644 0
    outer loop
      vertex 28.55 -15 3
      vertex 28.5624 -15.1893 13
      vertex 28.5624 -15.1893 3
    endloop
  endfacet
  facet normal 0.751727 -0.659474 0
    outer loop
      vertex 28.8496 -14.1173 13
      vertex 28.9747 -13.9747 3
      vertex 28.9747 -13.9747 13
    endloop
  endfacet
  facet normal 0.751727 -0.659474 0
    outer loop
      vertex 28.9747 -13.9747 3
      vertex 28.8496 -14.1173 13
      vertex 28.8496 -14.1173 3
    endloop
  endfacet
  facet normal -0.195102 0.980783 0
    outer loop
      vertex 30.3753 -16.4006 3
      vertex 30.1893 -16.4376 13
      vertex 30.3753 -16.4006 13
    endloop
  endfacet
  facet normal -0.195102 0.980783 0
    outer loop
      vertex 30.1893 -16.4376 13
      vertex 30.3753 -16.4006 3
      vertex 30.1893 -16.4376 3
    endloop
  endfacet
  facet normal -0.896839 0.442356 0
    outer loop
      vertex 31.2557 -15.725 3
      vertex 31.3396 -15.5549 13
      vertex 31.3396 -15.5549 3
    endloop
  endfacet
  facet normal -0.896839 0.442356 0
    outer loop
      vertex 31.3396 -15.5549 13
      vertex 31.2557 -15.725 3
      vertex 31.2557 -15.725 13
    endloop
  endfacet
  facet normal -0.946876 0.3216 0
    outer loop
      vertex 31.3396 -15.5549 3
      vertex 31.4006 -15.3753 13
      vertex 31.4006 -15.3753 3
    endloop
  endfacet
  facet normal -0.946876 0.3216 0
    outer loop
      vertex 31.4006 -15.3753 13
      vertex 31.3396 -15.5549 3
      vertex 31.3396 -15.5549 13
    endloop
  endfacet
  facet normal -0.980783 0.195102 0
    outer loop
      vertex 31.4006 -15.3753 3
      vertex 31.4376 -15.1893 13
      vertex 31.4376 -15.1893 3
    endloop
  endfacet
  facet normal -0.980783 0.195102 0
    outer loop
      vertex 31.4376 -15.1893 13
      vertex 31.4006 -15.3753 3
      vertex 31.4006 -15.3753 13
    endloop
  endfacet
  facet normal 0.980783 0.195102 0
    outer loop
      vertex 28.5994 -15.3753 13
      vertex 28.5624 -15.1893 3
      vertex 28.5624 -15.1893 13
    endloop
  endfacet
  facet normal 0.980783 0.195102 0
    outer loop
      vertex 28.5624 -15.1893 3
      vertex 28.5994 -15.3753 13
      vertex 28.5994 -15.3753 3
    endloop
  endfacet
  facet normal 0.555626 0.831432 -0
    outer loop
      vertex 32.435 18.1734 3
      vertex 32 18.4641 13
      vertex 32.435 18.1734 13
    endloop
  endfacet
  facet normal 0.555626 0.831432 0
    outer loop
      vertex 32 18.4641 13
      vertex 32.435 18.1734 3
      vertex 32 18.4641 3
    endloop
  endfacet
  facet normal -0.321498 0.94691 0
    outer loop
      vertex 28.9647 18.8637 3
      vertex 28.4693 18.6955 13
      vertex 28.9647 18.8637 13
    endloop
  endfacet
  facet normal -0.321498 0.94691 0
    outer loop
      vertex 28.4693 18.6955 13
      vertex 28.9647 18.8637 3
      vertex 28.4693 18.6955 3
    endloop
  endfacet
  facet normal -0.896898 0.442238 0
    outer loop
      vertex 26.3045 16.5307 3
      vertex 26.5359 17 13
      vertex 26.5359 17 3
    endloop
  endfacet
  facet normal -0.896898 0.442238 0
    outer loop
      vertex 26.5359 17 13
      vertex 26.3045 16.5307 3
      vertex 26.3045 16.5307 13
    endloop
  endfacet
  facet normal -0.442238 -0.896898 0
    outer loop
      vertex 28 11.5359 3
      vertex 28.4693 11.3045 13
      vertex 28 11.5359 13
    endloop
  endfacet
  facet normal -0.442238 -0.896898 -0
    outer loop
      vertex 28.4693 11.3045 13
      vertex 28 11.5359 3
      vertex 28.4693 11.3045 3
    endloop
  endfacet
  facet normal 0.896898 0.442238 0
    outer loop
      vertex 33.6955 16.5307 13
      vertex 33.4641 17 3
      vertex 33.4641 17 13
    endloop
  endfacet
  facet normal 0.896898 0.442238 0
    outer loop
      vertex 33.4641 17 3
      vertex 33.6955 16.5307 13
      vertex 33.6955 16.5307 3
    endloop
  endfacet
  facet normal 0.831432 0.555626 0
    outer loop
      vertex 33.4641 17 13
      vertex 33.1734 17.435 3
      vertex 33.1734 17.435 13
    endloop
  endfacet
  facet normal 0.831432 0.555626 0
    outer loop
      vertex 33.1734 17.435 3
      vertex 33.4641 17 13
      vertex 33.4641 17 3
    endloop
  endfacet
  facet normal 0.442238 0.896898 -0
    outer loop
      vertex 32 18.4641 3
      vertex 31.5307 18.6955 13
      vertex 32 18.4641 13
    endloop
  endfacet
  facet normal 0.442238 0.896898 0
    outer loop
      vertex 31.5307 18.6955 13
      vertex 32 18.4641 3
      vertex 31.5307 18.6955 3
    endloop
  endfacet
  facet normal 0.0653646 0.997861 -0
    outer loop
      vertex 30.5221 18.9658 3
      vertex 30 19 13
      vertex 30.5221 18.9658 13
    endloop
  endfacet
  facet normal 0.0653646 0.997861 0
    outer loop
      vertex 30 19 13
      vertex 30.5221 18.9658 3
      vertex 30 19 3
    endloop
  endfacet
  facet normal -0.997861 0.0653646 0
    outer loop
      vertex 26 15 3
      vertex 26.0342 15.5221 13
      vertex 26.0342 15.5221 3
    endloop
  endfacet
  facet normal -0.997861 0.0653646 0
    outer loop
      vertex 26.0342 15.5221 13
      vertex 26 15 3
      vertex 26 15 13
    endloop
  endfacet
  facet normal -0.751842 0.659343 0
    outer loop
      vertex 26.8266 17.435 3
      vertex 27.1716 17.8284 13
      vertex 27.1716 17.8284 3
    endloop
  endfacet
  facet normal -0.751842 0.659343 0
    outer loop
      vertex 27.1716 17.8284 13
      vertex 26.8266 17.435 3
      vertex 26.8266 17.435 13
    endloop
  endfacet
  facet normal -0.0653646 0.997861 0
    outer loop
      vertex 30 19 3
      vertex 29.4779 18.9658 13
      vertex 30 19 13
    endloop
  endfacet
  facet normal -0.0653646 0.997861 0
    outer loop
      vertex 29.4779 18.9658 13
      vertex 30 19 3
      vertex 29.4779 18.9658 3
    endloop
  endfacet
  facet normal -0.659343 0.751842 0
    outer loop
      vertex 27.565 18.1734 3
      vertex 27.1716 17.8284 13
      vertex 27.565 18.1734 13
    endloop
  endfacet
  facet normal -0.659343 0.751842 0
    outer loop
      vertex 27.1716 17.8284 13
      vertex 27.565 18.1734 3
      vertex 27.1716 17.8284 3
    endloop
  endfacet
  facet normal 0.997861 0.0653646 0
    outer loop
      vertex 34 15 13
      vertex 33.9658 15.5221 3
      vertex 33.9658 15.5221 13
    endloop
  endfacet
  facet normal 0.997861 0.0653646 0
    outer loop
      vertex 33.9658 15.5221 3
      vertex 34 15 13
      vertex 34 15 3
    endloop
  endfacet
  facet normal 0.94691 -0.321498 0
    outer loop
      vertex 33.6955 13.4693 13
      vertex 33.8637 13.9647 3
      vertex 33.8637 13.9647 13
    endloop
  endfacet
  facet normal 0.94691 -0.321498 0
    outer loop
      vertex 33.8637 13.9647 3
      vertex 33.6955 13.4693 13
      vertex 33.6955 13.4693 3
    endloop
  endfacet
  facet normal 0.442238 -0.896898 0
    outer loop
      vertex 31.5307 11.3045 3
      vertex 32 11.5359 13
      vertex 31.5307 11.3045 13
    endloop
  endfacet
  facet normal 0.442238 -0.896898 0
    outer loop
      vertex 32 11.5359 13
      vertex 31.5307 11.3045 3
      vertex 32 11.5359 3
    endloop
  endfacet
  facet normal 0.555626 -0.831432 0
    outer loop
      vertex 32 11.5359 3
      vertex 32.435 11.8266 13
      vertex 32 11.5359 13
    endloop
  endfacet
  facet normal 0.555626 -0.831432 0
    outer loop
      vertex 32.435 11.8266 13
      vertex 32 11.5359 3
      vertex 32.435 11.8266 3
    endloop
  endfacet
  facet normal -0.0653646 -0.997861 0
    outer loop
      vertex 29.4779 11.0342 3
      vertex 30 11 13
      vertex 29.4779 11.0342 13
    endloop
  endfacet
  facet normal -0.0653646 -0.997861 -0
    outer loop
      vertex 30 11 13
      vertex 29.4779 11.0342 3
      vertex 30 11 3
    endloop
  endfacet
  facet normal -0.659343 -0.751842 0
    outer loop
      vertex 27.1716 12.1716 3
      vertex 27.565 11.8266 13
      vertex 27.1716 12.1716 13
    endloop
  endfacet
  facet normal -0.659343 -0.751842 -0
    outer loop
      vertex 27.565 11.8266 13
      vertex 27.1716 12.1716 3
      vertex 27.565 11.8266 3
    endloop
  endfacet
  facet normal -0.997861 -0.0653646 0
    outer loop
      vertex 26.0342 14.4779 3
      vertex 26 15 13
      vertex 26 15 3
    endloop
  endfacet
  facet normal -0.997861 -0.0653646 0
    outer loop
      vertex 26 15 13
      vertex 26.0342 14.4779 3
      vertex 26.0342 14.4779 13
    endloop
  endfacet
  facet normal 0.980779 0.195124 0
    outer loop
      vertex 33.9658 15.5221 13
      vertex 33.8637 16.0353 3
      vertex 33.8637 16.0353 13
    endloop
  endfacet
  facet normal 0.980779 0.195124 0
    outer loop
      vertex 33.8637 16.0353 3
      vertex 33.9658 15.5221 13
      vertex 33.9658 15.5221 3
    endloop
  endfacet
  facet normal 0.94691 0.321498 0
    outer loop
      vertex 33.8637 16.0353 13
      vertex 33.6955 16.5307 3
      vertex 33.6955 16.5307 13
    endloop
  endfacet
  facet normal 0.94691 0.321498 0
    outer loop
      vertex 33.6955 16.5307 3
      vertex 33.8637 16.0353 13
      vertex 33.8637 16.0353 3
    endloop
  endfacet
  facet normal 0.751842 0.659343 0
    outer loop
      vertex 33.1734 17.435 13
      vertex 32.8284 17.8284 3
      vertex 32.8284 17.8284 13
    endloop
  endfacet
  facet normal 0.751842 0.659343 0
    outer loop
      vertex 32.8284 17.8284 3
      vertex 33.1734 17.435 13
      vertex 33.1734 17.435 3
    endloop
  endfacet
  facet normal 0.659343 0.751842 -0
    outer loop
      vertex 32.8284 17.8284 3
      vertex 32.435 18.1734 13
      vertex 32.8284 17.8284 13
    endloop
  endfacet
  facet normal 0.659343 0.751842 0
    outer loop
      vertex 32.435 18.1734 13
      vertex 32.8284 17.8284 3
      vertex 32.435 18.1734 3
    endloop
  endfacet
  facet normal 0.321498 0.94691 -0
    outer loop
      vertex 31.5307 18.6955 3
      vertex 31.0353 18.8637 13
      vertex 31.5307 18.6955 13
    endloop
  endfacet
  facet normal 0.321498 0.94691 0
    outer loop
      vertex 31.0353 18.8637 13
      vertex 31.5307 18.6955 3
      vertex 31.0353 18.8637 3
    endloop
  endfacet
  facet normal 0.195124 0.980779 -0
    outer loop
      vertex 31.0353 18.8637 3
      vertex 30.5221 18.9658 13
      vertex 31.0353 18.8637 13
    endloop
  endfacet
  facet normal 0.195124 0.980779 0
    outer loop
      vertex 30.5221 18.9658 13
      vertex 31.0353 18.8637 3
      vertex 30.5221 18.9658 3
    endloop
  endfacet
  facet normal 0 0 1
    outer loop
      vertex 31.45 15 13
      vertex 34 15 13
      vertex 33.9658 15.5221 13
    endloop
  endfacet
  facet normal 0 0 1
    outer loop
      vertex 31.4376 15.1893 13
      vertex 33.9658 15.5221 13
      vertex 33.8637 16.0353 13
    endloop
  endfacet
  facet normal 0 0 1
    outer loop
      vertex 34 15 13
      vertex 31.45 15 13
      vertex 33.9658 14.4779 13
    endloop
  endfacet
  facet normal 0 0 1
    outer loop
      vertex 31.4006 15.3753 13
      vertex 33.8637 16.0353 13
      vertex 33.6955 16.5307 13
    endloop
  endfacet
  facet normal -0 0 1
    outer loop
      vertex 31.4376 14.8107 13
      vertex 33.9658 14.4779 13
      vertex 31.45 15 13
    endloop
  endfacet
  facet normal 0 0 1
    outer loop
      vertex 31.3396 15.5549 13
      vertex 33.6955 16.5307 13
      vertex 33.4641 17 13
    endloop
  endfacet
  facet normal 0 0 1
    outer loop
      vertex 33.9658 14.4779 13
      vertex 31.4376 14.8107 13
      vertex 33.8637 13.9647 13
    endloop
  endfacet
  facet normal 0 0 1
    outer loop
      vertex 31.2557 15.725 13
      vertex 33.4641 17 13
      vertex 33.1734 17.435 13
    endloop
  endfacet
  facet normal -0 0 1
    outer loop
      vertex 31.4006 14.6247 13
      vertex 33.8637 13.9647 13
      vertex 31.4376 14.8107 13
    endloop
  endfacet
  facet normal 0 0 1
    outer loop
      vertex 31.1504 15.8827 13
      vertex 33.1734 17.435 13
      vertex 32.8284 17.8284 13
    endloop
  endfacet
  facet normal 0 0 1
    outer loop
      vertex 33.8637 13.9647 13
      vertex 31.4006 14.6247 13
      vertex 33.6955 13.4693 13
    endloop
  endfacet
  facet normal 0 0 1
    outer loop
      vertex 31.0253 16.0253 13
      vertex 32.8284 17.8284 13
      vertex 32.435 18.1734 13
    endloop
  endfacet
  facet normal -0 0 1
    outer loop
      vertex 31.3396 14.4451 13
      vertex 33.6955 13.4693 13
      vertex 31.4006 14.6247 13
    endloop
  endfacet
  facet normal 0 0 1
    outer loop
      vertex 30.8827 16.1504 13
      vertex 32.435 18.1734 13
      vertex 32 18.4641 13
    endloop
  endfacet
  facet normal 0 0 1
    outer loop
      vertex 33.6955 13.4693 13
      vertex 31.3396 14.4451 13
      vertex 33.4641 13 13
    endloop
  endfacet
  facet normal 0 0 1
    outer loop
      vertex 30.725 16.2557 13
      vertex 32 18.4641 13
      vertex 31.5307 18.6955 13
    endloop
  endfacet
  facet normal -0 0 1
    outer loop
      vertex 31.2557 14.275 13
      vertex 33.4641 13 13
      vertex 31.3396 14.4451 13
    endloop
  endfacet
  facet normal 0 0 1
    outer loop
      vertex 33.4641 13 13
      vertex 31.2557 14.275 13
      vertex 33.1734 12.565 13
    endloop
  endfacet
  facet normal 0 0 1
    outer loop
      vertex 33.9658 15.5221 13
      vertex 31.4376 15.1893 13
      vertex 31.45 15 13
    endloop
  endfacet
  facet normal 0 0 1
    outer loop
      vertex 33.8637 16.0353 13
      vertex 31.4006 15.3753 13
      vertex 31.4376 15.1893 13
    endloop
  endfacet
  facet normal 0 0 1
    outer loop
      vertex 33.6955 16.5307 13
      vertex 31.3396 15.5549 13
      vertex 31.4006 15.3753 13
    endloop
  endfacet
  facet normal 0 0 1
    outer loop
      vertex 33.4641 17 13
      vertex 31.2557 15.725 13
      vertex 31.3396 15.5549 13
    endloop
  endfacet
  facet normal 0 0 1
    outer loop
      vertex 33.1734 17.435 13
      vertex 31.1504 15.8827 13
      vertex 31.2557 15.725 13
    endloop
  endfacet
  facet normal 0 0 1
    outer loop
      vertex 30.5549 16.3396 13
      vertex 31.5307 18.6955 13
      vertex 31.0353 18.8637 13
    endloop
  endfacet
  facet normal 0 0 1
    outer loop
      vertex 32.8284 17.8284 13
      vertex 31.0253 16.0253 13
      vertex 31.1504 15.8827 13
    endloop
  endfacet
  facet normal 0 0 1
    outer loop
      vertex 32.435 18.1734 13
      vertex 30.8827 16.1504 13
      vertex 31.0253 16.0253 13
    endloop
  endfacet
  facet normal 0 0 1
    outer loop
      vertex 32 18.4641 13
      vertex 30.725 16.2557 13
      vertex 30.8827 16.1504 13
    endloop
  endfacet
  facet normal 0 0 1
    outer loop
      vertex 31.5307 18.6955 13
      vertex 30.5549 16.3396 13
      vertex 30.725 16.2557 13
    endloop
  endfacet
  facet normal 0 0 1
    outer loop
      vertex 30.3753 16.4006 13
      vertex 31.0353 18.8637 13
      vertex 30.5221 18.9658 13
    endloop
  endfacet
  facet normal 0 0 1
    outer loop
      vertex 31.0353 18.8637 13
      vertex 30.3753 16.4006 13
      vertex 30.5549 16.3396 13
    endloop
  endfacet
  facet normal 0 0 1
    outer loop
      vertex 30.5221 18.9658 13
      vertex 30.1893 16.4376 13
      vertex 30.3753 16.4006 13
    endloop
  endfacet
  facet normal 0 0 1
    outer loop
      vertex 30 19 13
      vertex 30.1893 16.4376 13
      vertex 30.5221 18.9658 13
    endloop
  endfacet
  facet normal 0 0 1
    outer loop
      vertex 30 19 13
      vertex 30 16.45 13
      vertex 30.1893 16.4376 13
    endloop
  endfacet
  facet normal 0 0 1
    outer loop
      vertex 30 19 13
      vertex 29.8107 16.4376 13
      vertex 30 16.45 13
    endloop
  endfacet
  facet normal -0 0 1
    outer loop
      vertex 29.4779 18.9658 13
      vertex 29.8107 16.4376 13
      vertex 30 19 13
    endloop
  endfacet
  facet normal 0 0 1
    outer loop
      vertex 29.8107 16.4376 13
      vertex 29.4779 18.9658 13
      vertex 29.6247 16.4006 13
    endloop
  endfacet
  facet normal -0 0 1
    outer loop
      vertex 28.9647 18.8637 13
      vertex 29.6247 16.4006 13
      vertex 29.4779 18.9658 13
    endloop
  endfacet
  facet normal 0 0 1
    outer loop
      vertex 29.6247 16.4006 13
      vertex 28.9647 18.8637 13
      vertex 29.4451 16.3396 13
    endloop
  endfacet
  facet normal -0 0 1
    outer loop
      vertex 28.4693 18.6955 13
      vertex 29.4451 16.3396 13
      vertex 28.9647 18.8637 13
    endloop
  endfacet
  facet normal 0 0 1
    outer loop
      vertex 29.4451 16.3396 13
      vertex 28.4693 18.6955 13
      vertex 29.275 16.2557 13
    endloop
  endfacet
  facet normal -0 0 1
    outer loop
      vertex 28 18.4641 13
      vertex 29.275 16.2557 13
      vertex 28.4693 18.6955 13
    endloop
  endfacet
  facet normal 0 0 1
    outer loop
      vertex 29.275 16.2557 13
      vertex 28 18.4641 13
      vertex 29.1173 16.1504 13
    endloop
  endfacet
  facet normal -0 0 1
    outer loop
      vertex 27.565 18.1734 13
      vertex 29.1173 16.1504 13
      vertex 28 18.4641 13
    endloop
  endfacet
  facet normal 0 0 1
    outer loop
      vertex 29.1173 16.1504 13
      vertex 27.565 18.1734 13
      vertex 28.9747 16.0253 13
    endloop
  endfacet
  facet normal -0 0 1
    outer loop
      vertex 27.1716 17.8284 13
      vertex 28.9747 16.0253 13
      vertex 27.565 18.1734 13
    endloop
  endfacet
  facet normal 0 0 1
    outer loop
      vertex 28.9747 16.0253 13
      vertex 27.1716 17.8284 13
      vertex 28.8496 15.8827 13
    endloop
  endfacet
  facet normal 0 0 1
    outer loop
      vertex 28.8496 15.8827 13
      vertex 26.8266 17.435 13
      vertex 28.7443 15.725 13
    endloop
  endfacet
  facet normal -0 0 1
    outer loop
      vertex 26.8266 17.435 13
      vertex 28.8496 15.8827 13
      vertex 27.1716 17.8284 13
    endloop
  endfacet
  facet normal -0 0 1
    outer loop
      vertex 31.1504 14.1173 13
      vertex 33.1734 12.565 13
      vertex 31.2557 14.275 13
    endloop
  endfacet
  facet normal 0 0 1
    outer loop
      vertex 33.1734 12.565 13
      vertex 31.1504 14.1173 13
      vertex 32.8284 12.1716 13
    endloop
  endfacet
  facet normal -0 0 1
    outer loop
      vertex 31.0253 13.9747 13
      vertex 32.8284 12.1716 13
      vertex 31.1504 14.1173 13
    endloop
  endfacet
  facet normal 0 0 1
    outer loop
      vertex 32.8284 12.1716 13
      vertex 31.0253 13.9747 13
      vertex 32.435 11.8266 13
    endloop
  endfacet
  facet normal -0 0 1
    outer loop
      vertex 30.8827 13.8496 13
      vertex 32.435 11.8266 13
      vertex 31.0253 13.9747 13
    endloop
  endfacet
  facet normal 0 0 1
    outer loop
      vertex 32.435 11.8266 13
      vertex 30.8827 13.8496 13
      vertex 32 11.5359 13
    endloop
  endfacet
  facet normal -0 0 1
    outer loop
      vertex 30.725 13.7443 13
      vertex 32 11.5359 13
      vertex 30.8827 13.8496 13
    endloop
  endfacet
  facet normal 0 0 1
    outer loop
      vertex 32 11.5359 13
      vertex 30.725 13.7443 13
      vertex 31.5307 11.3045 13
    endloop
  endfacet
  facet normal -0 0 1
    outer loop
      vertex 30.5549 13.6604 13
      vertex 31.5307 11.3045 13
      vertex 30.725 13.7443 13
    endloop
  endfacet
  facet normal 0 0 1
    outer loop
      vertex 31.5307 11.3045 13
      vertex 30.5549 13.6604 13
      vertex 31.0353 11.1363 13
    endloop
  endfacet
  facet normal -0 0 1
    outer loop
      vertex 30.3753 13.5994 13
      vertex 31.0353 11.1363 13
      vertex 30.5549 13.6604 13
    endloop
  endfacet
  facet normal 0 0 1
    outer loop
      vertex 31.0353 11.1363 13
      vertex 30.3753 13.5994 13
      vertex 30.5221 11.0342 13
    endloop
  endfacet
  facet normal -0 0 1
    outer loop
      vertex 30.1893 13.5624 13
      vertex 30.5221 11.0342 13
      vertex 30.3753 13.5994 13
    endloop
  endfacet
  facet normal -0 0 1
    outer loop
      vertex 30 13.55 13
      vertex 30.5221 11.0342 13
      vertex 30.1893 13.5624 13
    endloop
  endfacet
  facet normal 0 0 1
    outer loop
      vertex 30 13.55 13
      vertex 30 11 13
      vertex 30.5221 11.0342 13
    endloop
  endfacet
  facet normal 0 0 1
    outer loop
      vertex 29.8107 13.5624 13
      vertex 30 11 13
      vertex 30 13.55 13
    endloop
  endfacet
  facet normal 0 0 1
    outer loop
      vertex 29.4779 11.0342 13
      vertex 29.8107 13.5624 13
      vertex 29.6247 13.5994 13
    endloop
  endfacet
  facet normal 0 0 1
    outer loop
      vertex 29.8107 13.5624 13
      vertex 29.4779 11.0342 13
      vertex 30 11 13
    endloop
  endfacet
  facet normal 0 0 1
    outer loop
      vertex 28.9647 11.1363 13
      vertex 29.6247 13.5994 13
      vertex 29.4451 13.6604 13
    endloop
  endfacet
  facet normal 0 0 1
    outer loop
      vertex 28.4693 11.3045 13
      vertex 29.4451 13.6604 13
      vertex 29.275 13.7443 13
    endloop
  endfacet
  facet normal 0 0 1
    outer loop
      vertex 28 11.5359 13
      vertex 29.275 13.7443 13
      vertex 29.1173 13.8496 13
    endloop
  endfacet
  facet normal 0 0 1
    outer loop
      vertex 27.565 11.8266 13
      vertex 29.1173 13.8496 13
      vertex 28.9747 13.9747 13
    endloop
  endfacet
  facet normal 0 0 1
    outer loop
      vertex 29.6247 13.5994 13
      vertex 28.9647 11.1363 13
      vertex 29.4779 11.0342 13
    endloop
  endfacet
  facet normal 0 0 1
    outer loop
      vertex 27.1716 12.1716 13
      vertex 28.9747 13.9747 13
      vertex 28.8496 14.1173 13
    endloop
  endfacet
  facet normal 0 0 1
    outer loop
      vertex 26.8266 12.565 13
      vertex 28.8496 14.1173 13
      vertex 28.7443 14.275 13
    endloop
  endfacet
  facet normal 0 0 1
    outer loop
      vertex 26.5359 13 13
      vertex 28.7443 14.275 13
      vertex 28.6604 14.4451 13
    endloop
  endfacet
  facet normal 0 0 1
    outer loop
      vertex 26.3045 13.4693 13
      vertex 28.6604 14.4451 13
      vertex 28.5994 14.6247 13
    endloop
  endfacet
  facet normal 0 0 1
    outer loop
      vertex 26.1363 13.9647 13
      vertex 28.5994 14.6247 13
      vertex 28.5624 14.8107 13
    endloop
  endfacet
  facet normal 0 0 1
    outer loop
      vertex 29.4451 13.6604 13
      vertex 28.4693 11.3045 13
      vertex 28.9647 11.1363 13
    endloop
  endfacet
  facet normal 0 0 1
    outer loop
      vertex 26.0342 14.4779 13
      vertex 28.5624 14.8107 13
      vertex 28.55 15 13
    endloop
  endfacet
  facet normal -0 0 1
    outer loop
      vertex 26.5359 17 13
      vertex 28.7443 15.725 13
      vertex 26.8266 17.435 13
    endloop
  endfacet
  facet normal 0 0 1
    outer loop
      vertex 28.7443 15.725 13
      vertex 26.5359 17 13
      vertex 28.6604 15.5549 13
    endloop
  endfacet
  facet normal 0 0 1
    outer loop
      vertex 29.275 13.7443 13
      vertex 28 11.5359 13
      vertex 28.4693 11.3045 13
    endloop
  endfacet
  facet normal -0 0 1
    outer loop
      vertex 26.3045 16.5307 13
      vertex 28.6604 15.5549 13
      vertex 26.5359 17 13
    endloop
  endfacet
  facet normal 0 0 1
    outer loop
      vertex 29.1173 13.8496 13
      vertex 27.565 11.8266 13
      vertex 28 11.5359 13
    endloop
  endfacet
  facet normal 0 0 1
    outer loop
      vertex 28.6604 15.5549 13
      vertex 26.3045 16.5307 13
      vertex 28.5994 15.3753 13
    endloop
  endfacet
  facet normal 0 0 1
    outer loop
      vertex 28.9747 13.9747 13
      vertex 27.1716 12.1716 13
      vertex 27.565 11.8266 13
    endloop
  endfacet
  facet normal -0 0 1
    outer loop
      vertex 26.1363 16.0353 13
      vertex 28.5994 15.3753 13
      vertex 26.3045 16.5307 13
    endloop
  endfacet
  facet normal 0 0 1
    outer loop
      vertex 28.8496 14.1173 13
      vertex 26.8266 12.565 13
      vertex 27.1716 12.1716 13
    endloop
  endfacet
  facet normal 0 0 1
    outer loop
      vertex 28.5994 15.3753 13
      vertex 26.1363 16.0353 13
      vertex 28.5624 15.1893 13
    endloop
  endfacet
  facet normal 0 0 1
    outer loop
      vertex 28.7443 14.275 13
      vertex 26.5359 13 13
      vertex 26.8266 12.565 13
    endloop
  endfacet
  facet normal -0 0 1
    outer loop
      vertex 26.0342 15.5221 13
      vertex 28.5624 15.1893 13
      vertex 26.1363 16.0353 13
    endloop
  endfacet
  facet normal 0 0 1
    outer loop
      vertex 28.6604 14.4451 13
      vertex 26.3045 13.4693 13
      vertex 26.5359 13 13
    endloop
  endfacet
  facet normal 0 0 1
    outer loop
      vertex 28.5624 15.1893 13
      vertex 26.0342 15.5221 13
      vertex 28.55 15 13
    endloop
  endfacet
  facet normal 0 0 1
    outer loop
      vertex 28.5994 14.6247 13
      vertex 26.1363 13.9647 13
      vertex 26.3045 13.4693 13
    endloop
  endfacet
  facet normal 0 0 1
    outer loop
      vertex 26 15 13
      vertex 28.55 15 13
      vertex 26.0342 15.5221 13
    endloop
  endfacet
  facet normal 0 0 1
    outer loop
      vertex 28.5624 14.8107 13
      vertex 26.0342 14.4779 13
      vertex 26.1363 13.9647 13
    endloop
  endfacet
  facet normal 0 0 1
    outer loop
      vertex 28.55 15 13
      vertex 26 15 13
      vertex 26.0342 14.4779 13
    endloop
  endfacet
  facet normal -0.94691 0.321498 0
    outer loop
      vertex 26.1363 16.0353 3
      vertex 26.3045 16.5307 13
      vertex 26.3045 16.5307 3
    endloop
  endfacet
  facet normal -0.94691 0.321498 0
    outer loop
      vertex 26.3045 16.5307 13
      vertex 26.1363 16.0353 3
      vertex 26.1363 16.0353 13
    endloop
  endfacet
  facet normal -0.980779 0.195124 0
    outer loop
      vertex 26.0342 15.5221 3
      vertex 26.1363 16.0353 13
      vertex 26.1363 16.0353 3
    endloop
  endfacet
  facet normal -0.980779 0.195124 0
    outer loop
      vertex 26.1363 16.0353 13
      vertex 26.0342 15.5221 3
      vertex 26.0342 15.5221 13
    endloop
  endfacet
  facet normal -0.831432 0.555626 0
    outer loop
      vertex 26.5359 17 3
      vertex 26.8266 17.435 13
      vertex 26.8266 17.435 3
    endloop
  endfacet
  facet normal -0.831432 0.555626 0
    outer loop
      vertex 26.8266 17.435 13
      vertex 26.5359 17 3
      vertex 26.5359 17 13
    endloop
  endfacet
  facet normal -0.195124 0.980779 0
    outer loop
      vertex 29.4779 18.9658 3
      vertex 28.9647 18.8637 13
      vertex 29.4779 18.9658 13
    endloop
  endfacet
  facet normal -0.195124 0.980779 0
    outer loop
      vertex 28.9647 18.8637 13
      vertex 29.4779 18.9658 3
      vertex 28.9647 18.8637 3
    endloop
  endfacet
  facet normal -0.555626 0.831432 0
    outer loop
      vertex 28 18.4641 3
      vertex 27.565 18.1734 13
      vertex 28 18.4641 13
    endloop
  endfacet
  facet normal -0.555626 0.831432 0
    outer loop
      vertex 27.565 18.1734 13
      vertex 28 18.4641 3
      vertex 27.565 18.1734 3
    endloop
  endfacet
  facet normal -0.442238 0.896898 0
    outer loop
      vertex 28.4693 18.6955 3
      vertex 28 18.4641 13
      vertex 28.4693 18.6955 13
    endloop
  endfacet
  facet normal -0.442238 0.896898 0
    outer loop
      vertex 28 18.4641 13
      vertex 28.4693 18.6955 3
      vertex 28 18.4641 3
    endloop
  endfacet
  facet normal 0.997861 -0.0653646 0
    outer loop
      vertex 33.9658 14.4779 13
      vertex 34 15 3
      vertex 34 15 13
    endloop
  endfacet
  facet normal 0.997861 -0.0653646 0
    outer loop
      vertex 34 15 3
      vertex 33.9658 14.4779 13
      vertex 33.9658 14.4779 3
    endloop
  endfacet
  facet normal 0.0653646 -0.997861 0
    outer loop
      vertex 30 11 3
      vertex 30.5221 11.0342 13
      vertex 30 11 13
    endloop
  endfacet
  facet normal 0.0653646 -0.997861 0
    outer loop
      vertex 30.5221 11.0342 13
      vertex 30 11 3
      vertex 30.5221 11.0342 3
    endloop
  endfacet
  facet normal 0.321498 -0.94691 0
    outer loop
      vertex 31.0353 11.1363 3
      vertex 31.5307 11.3045 13
      vertex 31.0353 11.1363 13
    endloop
  endfacet
  facet normal 0.321498 -0.94691 0
    outer loop
      vertex 31.5307 11.3045 13
      vertex 31.0353 11.1363 3
      vertex 31.5307 11.3045 3
    endloop
  endfacet
  facet normal 0.751842 -0.659343 0
    outer loop
      vertex 32.8284 12.1716 13
      vertex 33.1734 12.565 3
      vertex 33.1734 12.565 13
    endloop
  endfacet
  facet normal 0.751842 -0.659343 0
    outer loop
      vertex 33.1734 12.565 3
      vertex 32.8284 12.1716 13
      vertex 32.8284 12.1716 3
    endloop
  endfacet
  facet normal 0.659343 -0.751842 0
    outer loop
      vertex 32.435 11.8266 3
      vertex 32.8284 12.1716 13
      vertex 32.435 11.8266 13
    endloop
  endfacet
  facet normal 0.659343 -0.751842 0
    outer loop
      vertex 32.8284 12.1716 13
      vertex 32.435 11.8266 3
      vertex 32.8284 12.1716 3
    endloop
  endfacet
  facet normal -0.321498 -0.94691 0
    outer loop
      vertex 28.4693 11.3045 3
      vertex 28.9647 11.1363 13
      vertex 28.4693 11.3045 13
    endloop
  endfacet
  facet normal -0.321498 -0.94691 -0
    outer loop
      vertex 28.9647 11.1363 13
      vertex 28.4693 11.3045 3
      vertex 28.9647 11.1363 3
    endloop
  endfacet
  facet normal -0.555626 -0.831432 0
    outer loop
      vertex 27.565 11.8266 3
      vertex 28 11.5359 13
      vertex 27.565 11.8266 13
    endloop
  endfacet
  facet normal -0.555626 -0.831432 -0
    outer loop
      vertex 28 11.5359 13
      vertex 27.565 11.8266 3
      vertex 28 11.5359 3
    endloop
  endfacet
  facet normal -0.980779 -0.195124 0
    outer loop
      vertex 26.1363 13.9647 3
      vertex 26.0342 14.4779 13
      vertex 26.0342 14.4779 3
    endloop
  endfacet
  facet normal -0.980779 -0.195124 0
    outer loop
      vertex 26.0342 14.4779 13
      vertex 26.1363 13.9647 3
      vertex 26.1363 13.9647 13
    endloop
  endfacet
  facet normal -0.751842 -0.659343 0
    outer loop
      vertex 27.1716 12.1716 3
      vertex 26.8266 12.565 13
      vertex 26.8266 12.565 3
    endloop
  endfacet
  facet normal -0.751842 -0.659343 0
    outer loop
      vertex 26.8266 12.565 13
      vertex 27.1716 12.1716 3
      vertex 27.1716 12.1716 13
    endloop
  endfacet
  facet normal -0.896898 -0.442238 0
    outer loop
      vertex 26.5359 13 3
      vertex 26.3045 13.4693 13
      vertex 26.3045 13.4693 3
    endloop
  endfacet
  facet normal -0.896898 -0.442238 0
    outer loop
      vertex 26.3045 13.4693 13
      vertex 26.5359 13 3
      vertex 26.5359 13 13
    endloop
  endfacet
  facet normal 0.980779 -0.195124 0
    outer loop
      vertex 33.8637 13.9647 13
      vertex 33.9658 14.4779 3
      vertex 33.9658 14.4779 13
    endloop
  endfacet
  facet normal 0.980779 -0.195124 0
    outer loop
      vertex 33.9658 14.4779 3
      vertex 33.8637 13.9647 13
      vertex 33.8637 13.9647 3
    endloop
  endfacet
  facet normal 0.896898 -0.442238 0
    outer loop
      vertex 33.4641 13 13
      vertex 33.6955 13.4693 3
      vertex 33.6955 13.4693 13
    endloop
  endfacet
  facet normal 0.896898 -0.442238 0
    outer loop
      vertex 33.6955 13.4693 3
      vertex 33.4641 13 13
      vertex 33.4641 13 3
    endloop
  endfacet
  facet normal 0.831432 -0.555626 0
    outer loop
      vertex 33.1734 12.565 13
      vertex 33.4641 13 3
      vertex 33.4641 13 13
    endloop
  endfacet
  facet normal 0.831432 -0.555626 0
    outer loop
      vertex 33.4641 13 3
      vertex 33.1734 12.565 13
      vertex 33.1734 12.565 3
    endloop
  endfacet
  facet normal 0.195124 -0.980779 0
    outer loop
      vertex 30.5221 11.0342 3
      vertex 31.0353 11.1363 13
      vertex 30.5221 11.0342 13
    endloop
  endfacet
  facet normal 0.195124 -0.980779 0
    outer loop
      vertex 31.0353 11.1363 13
      vertex 30.5221 11.0342 3
      vertex 31.0353 11.1363 3
    endloop
  endfacet
  facet normal -0.195124 -0.980779 0
    outer loop
      vertex 28.9647 11.1363 3
      vertex 29.4779 11.0342 13
      vertex 28.9647 11.1363 13
    endloop
  endfacet
  facet normal -0.195124 -0.980779 -0
    outer loop
      vertex 29.4779 11.0342 13
      vertex 28.9647 11.1363 3
      vertex 29.4779 11.0342 3
    endloop
  endfacet
  facet normal -0.94691 -0.321498 0
    outer loop
      vertex 26.3045 13.4693 3
      vertex 26.1363 13.9647 13
      vertex 26.1363 13.9647 3
    endloop
  endfacet
  facet normal -0.94691 -0.321498 0
    outer loop
      vertex 26.1363 13.9647 13
      vertex 26.3045 13.4693 3
      vertex 26.3045 13.4693 13
    endloop
  endfacet
  facet normal -0.831432 -0.555626 0
    outer loop
      vertex 26.8266 12.565 3
      vertex 26.5359 13 13
      vertex 26.5359 13 3
    endloop
  endfacet
  facet normal -0.831432 -0.555626 0
    outer loop
      vertex 26.5359 13 13
      vertex 26.8266 12.565 3
      vertex 26.8266 12.565 13
    endloop
  endfacet
  facet normal -0.997861 -0.0653644 0
    outer loop
      vertex 31.45 15 3
      vertex 31.4376 15.1893 13
      vertex 31.4376 15.1893 3
    endloop
  endfacet
  facet normal -0.997861 -0.0653644 0
    outer loop
      vertex 31.4376 15.1893 13
      vertex 31.45 15 3
      vertex 31.45 15 13
    endloop
  endfacet
  facet normal 0.997861 -0.0653644 0
    outer loop
      vertex 28.55 15 13
      vertex 28.5624 15.1893 3
      vertex 28.5624 15.1893 13
    endloop
  endfacet
  facet normal 0.997861 -0.0653644 0
    outer loop
      vertex 28.5624 15.1893 3
      vertex 28.55 15 13
      vertex 28.55 15 3
    endloop
  endfacet
  facet normal -0.0653644 -0.997861 0
    outer loop
      vertex 30 16.45 3
      vertex 30.1893 16.4376 13
      vertex 30 16.45 13
    endloop
  endfacet
  facet normal -0.0653644 -0.997861 -0
    outer loop
      vertex 30.1893 16.4376 13
      vertex 30 16.45 3
      vertex 30.1893 16.4376 3
    endloop
  endfacet
  facet normal 0.0653644 0.997861 -0
    outer loop
      vertex 30 13.55 3
      vertex 29.8107 13.5624 13
      vertex 30 13.55 13
    endloop
  endfacet
  facet normal 0.0653644 0.997861 0
    outer loop
      vertex 29.8107 13.5624 13
      vertex 30 13.55 3
      vertex 29.8107 13.5624 3
    endloop
  endfacet
  facet normal -0.751727 -0.659474 0
    outer loop
      vertex 31.1504 15.8827 3
      vertex 31.0253 16.0253 13
      vertex 31.0253 16.0253 3
    endloop
  endfacet
  facet normal -0.751727 -0.659474 0
    outer loop
      vertex 31.0253 16.0253 13
      vertex 31.1504 15.8827 3
      vertex 31.1504 15.8827 13
    endloop
  endfacet
  facet normal 0.659474 -0.751727 0
    outer loop
      vertex 28.9747 16.0253 3
      vertex 29.1173 16.1504 13
      vertex 28.9747 16.0253 13
    endloop
  endfacet
  facet normal 0.659474 -0.751727 0
    outer loop
      vertex 29.1173 16.1504 13
      vertex 28.9747 16.0253 3
      vertex 29.1173 16.1504 3
    endloop
  endfacet
  facet normal 0.3216 -0.946876 0
    outer loop
      vertex 29.4451 16.3396 3
      vertex 29.6247 16.4006 13
      vertex 29.4451 16.3396 13
    endloop
  endfacet
  facet normal 0.3216 -0.946876 0
    outer loop
      vertex 29.6247 16.4006 13
      vertex 29.4451 16.3396 3
      vertex 29.6247 16.4006 3
    endloop
  endfacet
  facet normal -0.896839 -0.442356 0
    outer loop
      vertex 31.3396 15.5549 3
      vertex 31.2557 15.725 13
      vertex 31.2557 15.725 3
    endloop
  endfacet
  facet normal -0.896839 -0.442356 0
    outer loop
      vertex 31.2557 15.725 13
      vertex 31.3396 15.5549 3
      vertex 31.3396 15.5549 13
    endloop
  endfacet
  facet normal -0.980783 -0.195102 0
    outer loop
      vertex 31.4376 15.1893 3
      vertex 31.4006 15.3753 13
      vertex 31.4006 15.3753 3
    endloop
  endfacet
  facet normal -0.980783 -0.195102 0
    outer loop
      vertex 31.4006 15.3753 13
      vertex 31.4376 15.1893 3
      vertex 31.4376 15.1893 13
    endloop
  endfacet
  facet normal -0.831644 -0.555309 0
    outer loop
      vertex 31.2557 15.725 3
      vertex 31.1504 15.8827 13
      vertex 31.1504 15.8827 3
    endloop
  endfacet
  facet normal -0.831644 -0.555309 0
    outer loop
      vertex 31.1504 15.8827 13
      vertex 31.2557 15.725 3
      vertex 31.2557 15.725 13
    endloop
  endfacet
  facet normal -0.442356 -0.896839 0
    outer loop
      vertex 30.5549 16.3396 3
      vertex 30.725 16.2557 13
      vertex 30.5549 16.3396 13
    endloop
  endfacet
  facet normal -0.442356 -0.896839 -0
    outer loop
      vertex 30.725 16.2557 13
      vertex 30.5549 16.3396 3
      vertex 30.725 16.2557 3
    endloop
  endfacet
  facet normal -0.3216 -0.946876 0
    outer loop
      vertex 30.3753 16.4006 3
      vertex 30.5549 16.3396 13
      vertex 30.3753 16.4006 13
    endloop
  endfacet
  facet normal -0.3216 -0.946876 -0
    outer loop
      vertex 30.5549 16.3396 13
      vertex 30.3753 16.4006 3
      vertex 30.5549 16.3396 3
    endloop
  endfacet
  facet normal -0.555309 -0.831644 0
    outer loop
      vertex 30.725 16.2557 3
      vertex 30.8827 16.1504 13
      vertex 30.725 16.2557 13
    endloop
  endfacet
  facet normal -0.555309 -0.831644 -0
    outer loop
      vertex 30.8827 16.1504 13
      vertex 30.725 16.2557 3
      vertex 30.8827 16.1504 3
    endloop
  endfacet
  facet normal 0.896839 -0.442356 0
    outer loop
      vertex 28.6604 15.5549 13
      vertex 28.7443 15.725 3
      vertex 28.7443 15.725 13
    endloop
  endfacet
  facet normal 0.896839 -0.442356 0
    outer loop
      vertex 28.7443 15.725 3
      vertex 28.6604 15.5549 13
      vertex 28.6604 15.5549 3
    endloop
  endfacet
  facet normal 0.831644 -0.555309 0
    outer loop
      vertex 28.7443 15.725 13
      vertex 28.8496 15.8827 3
      vertex 28.8496 15.8827 13
    endloop
  endfacet
  facet normal 0.831644 -0.555309 0
    outer loop
      vertex 28.8496 15.8827 3
      vertex 28.7443 15.725 13
      vertex 28.7443 15.725 3
    endloop
  endfacet
  facet normal 0.946876 -0.3216 0
    outer loop
      vertex 28.5994 15.3753 13
      vertex 28.6604 15.5549 3
      vertex 28.6604 15.5549 13
    endloop
  endfacet
  facet normal 0.946876 -0.3216 0
    outer loop
      vertex 28.6604 15.5549 3
      vertex 28.5994 15.3753 13
      vertex 28.5994 15.3753 3
    endloop
  endfacet
  facet normal 0.442356 -0.896839 0
    outer loop
      vertex 29.275 16.2557 3
      vertex 29.4451 16.3396 13
      vertex 29.275 16.2557 13
    endloop
  endfacet
  facet normal 0.442356 -0.896839 0
    outer loop
      vertex 29.4451 16.3396 13
      vertex 29.275 16.2557 3
      vertex 29.4451 16.3396 3
    endloop
  endfacet
  facet normal 0.195102 -0.980783 0
    outer loop
      vertex 29.6247 16.4006 3
      vertex 29.8107 16.4376 13
      vertex 29.6247 16.4006 13
    endloop
  endfacet
  facet normal 0.195102 -0.980783 0
    outer loop
      vertex 29.8107 16.4376 13
      vertex 29.6247 16.4006 3
      vertex 29.8107 16.4376 3
    endloop
  endfacet
  facet normal -0.659474 0.751727 0
    outer loop
      vertex 31.0253 13.9747 3
      vertex 30.8827 13.8496 13
      vertex 31.0253 13.9747 13
    endloop
  endfacet
  facet normal -0.659474 0.751727 0
    outer loop
      vertex 30.8827 13.8496 13
      vertex 31.0253 13.9747 3
      vertex 30.8827 13.8496 3
    endloop
  endfacet
  facet normal -0.442356 0.896839 0
    outer loop
      vertex 30.725 13.7443 3
      vertex 30.5549 13.6604 13
      vertex 30.725 13.7443 13
    endloop
  endfacet
  facet normal -0.442356 0.896839 0
    outer loop
      vertex 30.5549 13.6604 13
      vertex 30.725 13.7443 3
      vertex 30.5549 13.6604 3
    endloop
  endfacet
  facet normal 0.3216 0.946876 -0
    outer loop
      vertex 29.6247 13.5994 3
      vertex 29.4451 13.6604 13
      vertex 29.6247 13.5994 13
    endloop
  endfacet
  facet normal 0.3216 0.946876 0
    outer loop
      vertex 29.4451 13.6604 13
      vertex 29.6247 13.5994 3
      vertex 29.4451 13.6604 3
    endloop
  endfacet
  facet normal 0.896839 0.442356 0
    outer loop
      vertex 28.7443 14.275 13
      vertex 28.6604 14.4451 3
      vertex 28.6604 14.4451 13
    endloop
  endfacet
  facet normal 0.896839 0.442356 0
    outer loop
      vertex 28.6604 14.4451 3
      vertex 28.7443 14.275 13
      vertex 28.7443 14.275 3
    endloop
  endfacet
  facet normal 0.831644 0.555309 0
    outer loop
      vertex 28.8496 14.1173 13
      vertex 28.7443 14.275 3
      vertex 28.7443 14.275 13
    endloop
  endfacet
  facet normal 0.831644 0.555309 0
    outer loop
      vertex 28.7443 14.275 3
      vertex 28.8496 14.1173 13
      vertex 28.8496 14.1173 3
    endloop
  endfacet
  facet normal -0.946876 -0.3216 0
    outer loop
      vertex 31.4006 15.3753 3
      vertex 31.3396 15.5549 13
      vertex 31.3396 15.5549 3
    endloop
  endfacet
  facet normal -0.946876 -0.3216 0
    outer loop
      vertex 31.3396 15.5549 13
      vertex 31.4006 15.3753 3
      vertex 31.4006 15.3753 13
    endloop
  endfacet
  facet normal -0.195102 -0.980783 0
    outer loop
      vertex 30.1893 16.4376 3
      vertex 30.3753 16.4006 13
      vertex 30.1893 16.4376 13
    endloop
  endfacet
  facet normal -0.195102 -0.980783 -0
    outer loop
      vertex 30.3753 16.4006 13
      vertex 30.1893 16.4376 3
      vertex 30.3753 16.4006 3
    endloop
  endfacet
  facet normal -0.659474 -0.751727 0
    outer loop
      vertex 30.8827 16.1504 3
      vertex 31.0253 16.0253 13
      vertex 30.8827 16.1504 13
    endloop
  endfacet
  facet normal -0.659474 -0.751727 -0
    outer loop
      vertex 31.0253 16.0253 13
      vertex 30.8827 16.1504 3
      vertex 31.0253 16.0253 3
    endloop
  endfacet
  facet normal 0.980783 -0.195102 0
    outer loop
      vertex 28.5624 15.1893 13
      vertex 28.5994 15.3753 3
      vertex 28.5994 15.3753 13
    endloop
  endfacet
  facet normal 0.980783 -0.195102 0
    outer loop
      vertex 28.5994 15.3753 3
      vertex 28.5624 15.1893 13
      vertex 28.5624 15.1893 3
    endloop
  endfacet
  facet normal 0.555309 -0.831644 0
    outer loop
      vertex 29.1173 16.1504 3
      vertex 29.275 16.2557 13
      vertex 29.1173 16.1504 13
    endloop
  endfacet
  facet normal 0.555309 -0.831644 0
    outer loop
      vertex 29.275 16.2557 13
      vertex 29.1173 16.1504 3
      vertex 29.275 16.2557 3
    endloop
  endfacet
  facet normal 0.0653644 -0.997861 0
    outer loop
      vertex 29.8107 16.4376 3
      vertex 30 16.45 13
      vertex 29.8107 16.4376 13
    endloop
  endfacet
  facet normal 0.0653644 -0.997861 0
    outer loop
      vertex 30 16.45 13
      vertex 29.8107 16.4376 3
      vertex 30 16.45 3
    endloop
  endfacet
  facet normal -0.997861 0.0653644 0
    outer loop
      vertex 31.4376 14.8107 3
      vertex 31.45 15 13
      vertex 31.45 15 3
    endloop
  endfacet
  facet normal -0.997861 0.0653644 0
    outer loop
      vertex 31.45 15 13
      vertex 31.4376 14.8107 3
      vertex 31.4376 14.8107 13
    endloop
  endfacet
  facet normal -0.0653644 0.997861 0
    outer loop
      vertex 30.1893 13.5624 3
      vertex 30 13.55 13
      vertex 30.1893 13.5624 13
    endloop
  endfacet
  facet normal -0.0653644 0.997861 0
    outer loop
      vertex 30 13.55 13
      vertex 30.1893 13.5624 3
      vertex 30 13.55 3
    endloop
  endfacet
  facet normal -0.3216 0.946876 0
    outer loop
      vertex 30.5549 13.6604 3
      vertex 30.3753 13.5994 13
      vertex 30.5549 13.6604 13
    endloop
  endfacet
  facet normal -0.3216 0.946876 0
    outer loop
      vertex 30.3753 13.5994 13
      vertex 30.5549 13.6604 3
      vertex 30.3753 13.5994 3
    endloop
  endfacet
  facet normal -0.555309 0.831644 0
    outer loop
      vertex 30.8827 13.8496 3
      vertex 30.725 13.7443 13
      vertex 30.8827 13.8496 13
    endloop
  endfacet
  facet normal -0.555309 0.831644 0
    outer loop
      vertex 30.725 13.7443 13
      vertex 30.8827 13.8496 3
      vertex 30.725 13.7443 3
    endloop
  endfacet
  facet normal -0.831644 0.555309 0
    outer loop
      vertex 31.1504 14.1173 3
      vertex 31.2557 14.275 13
      vertex 31.2557 14.275 3
    endloop
  endfacet
  facet normal -0.831644 0.555309 0
    outer loop
      vertex 31.2557 14.275 13
      vertex 31.1504 14.1173 3
      vertex 31.1504 14.1173 13
    endloop
  endfacet
  facet normal -0.751727 0.659474 0
    outer loop
      vertex 31.0253 13.9747 3
      vertex 31.1504 14.1173 13
      vertex 31.1504 14.1173 3
    endloop
  endfacet
  facet normal -0.751727 0.659474 0
    outer loop
      vertex 31.1504 14.1173 13
      vertex 31.0253 13.9747 3
      vertex 31.0253 13.9747 13
    endloop
  endfacet
  facet normal 0.555309 0.831644 -0
    outer loop
      vertex 29.275 13.7443 3
      vertex 29.1173 13.8496 13
      vertex 29.275 13.7443 13
    endloop
  endfacet
  facet normal 0.555309 0.831644 0
    outer loop
      vertex 29.1173 13.8496 13
      vertex 29.275 13.7443 3
      vertex 29.1173 13.8496 3
    endloop
  endfacet
  facet normal 0.659474 0.751727 -0
    outer loop
      vertex 29.1173 13.8496 3
      vertex 28.9747 13.9747 13
      vertex 29.1173 13.8496 13
    endloop
  endfacet
  facet normal 0.659474 0.751727 0
    outer loop
      vertex 28.9747 13.9747 13
      vertex 29.1173 13.8496 3
      vertex 28.9747 13.9747 3
    endloop
  endfacet
  facet normal 0.442356 0.896839 -0
    outer loop
      vertex 29.4451 13.6604 3
      vertex 29.275 13.7443 13
      vertex 29.4451 13.6604 13
    endloop
  endfacet
  facet normal 0.442356 0.896839 0
    outer loop
      vertex 29.275 13.7443 13
      vertex 29.4451 13.6604 3
      vertex 29.275 13.7443 3
    endloop
  endfacet
  facet normal 0.195102 0.980783 -0
    outer loop
      vertex 29.8107 13.5624 3
      vertex 29.6247 13.5994 13
      vertex 29.8107 13.5624 13
    endloop
  endfacet
  facet normal 0.195102 0.980783 0
    outer loop
      vertex 29.6247 13.5994 13
      vertex 29.8107 13.5624 3
      vertex 29.6247 13.5994 3
    endloop
  endfacet
  facet normal 0.751727 0.659474 0
    outer loop
      vertex 28.9747 13.9747 13
      vertex 28.8496 14.1173 3
      vertex 28.8496 14.1173 13
    endloop
  endfacet
  facet normal 0.751727 0.659474 0
    outer loop
      vertex 28.8496 14.1173 3
      vertex 28.9747 13.9747 13
      vertex 28.9747 13.9747 3
    endloop
  endfacet
  facet normal 0.946876 0.3216 0
    outer loop
      vertex 28.6604 14.4451 13
      vertex 28.5994 14.6247 3
      vertex 28.5994 14.6247 13
    endloop
  endfacet
  facet normal 0.946876 0.3216 0
    outer loop
      vertex 28.5994 14.6247 3
      vertex 28.6604 14.4451 13
      vertex 28.6604 14.4451 3
    endloop
  endfacet
  facet normal 0.997861 0.0653644 0
    outer loop
      vertex 28.5624 14.8107 13
      vertex 28.55 15 3
      vertex 28.55 15 13
    endloop
  endfacet
  facet normal 0.997861 0.0653644 0
    outer loop
      vertex 28.55 15 3
      vertex 28.5624 14.8107 13
      vertex 28.5624 14.8107 3
    endloop
  endfacet
  facet normal 0.751727 -0.659474 0
    outer loop
      vertex 28.8496 15.8827 13
      vertex 28.9747 16.0253 3
      vertex 28.9747 16.0253 13
    endloop
  endfacet
  facet normal 0.751727 -0.659474 0
    outer loop
      vertex 28.9747 16.0253 3
      vertex 28.8496 15.8827 13
      vertex 28.8496 15.8827 3
    endloop
  endfacet
  facet normal -0.195102 0.980783 0
    outer loop
      vertex 30.3753 13.5994 3
      vertex 30.1893 13.5624 13
      vertex 30.3753 13.5994 13
    endloop
  endfacet
  facet normal -0.195102 0.980783 0
    outer loop
      vertex 30.1893 13.5624 13
      vertex 30.3753 13.5994 3
      vertex 30.1893 13.5624 3
    endloop
  endfacet
  facet normal -0.896839 0.442356 0
    outer loop
      vertex 31.2557 14.275 3
      vertex 31.3396 14.4451 13
      vertex 31.3396 14.4451 3
    endloop
  endfacet
  facet normal -0.896839 0.442356 0
    outer loop
      vertex 31.3396 14.4451 13
      vertex 31.2557 14.275 3
      vertex 31.2557 14.275 13
    endloop
  endfacet
  facet normal -0.946876 0.3216 0
    outer loop
      vertex 31.3396 14.4451 3
      vertex 31.4006 14.6247 13
      vertex 31.4006 14.6247 3
    endloop
  endfacet
  facet normal -0.946876 0.3216 0
    outer loop
      vertex 31.4006 14.6247 13
      vertex 31.3396 14.4451 3
      vertex 31.3396 14.4451 13
    endloop
  endfacet
  facet normal -0.980783 0.195102 0
    outer loop
      vertex 31.4006 14.6247 3
      vertex 31.4376 14.8107 13
      vertex 31.4376 14.8107 3
    endloop
  endfacet
  facet normal -0.980783 0.195102 0
    outer loop
      vertex 31.4376 14.8107 13
      vertex 31.4006 14.6247 3
      vertex 31.4006 14.6247 13
    endloop
  endfacet
  facet normal 0.980783 0.195102 0
    outer loop
      vertex 28.5994 14.6247 13
      vertex 28.5624 14.8107 3
      vertex 28.5624 14.8107 13
    endloop
  endfacet
  facet normal 0.980783 0.195102 0
    outer loop
      vertex 28.5624 14.8107 3
      vertex 28.5994 14.6247 13
      vertex 28.5994 14.6247 3
    endloop
  endfacet
  facet normal -1 0 0
    outer loop
      vertex -14 -42 3
      vertex -14 -34 9
      vertex -14 -34 3
    endloop
  endfacet
  facet normal -1 -0 0
    outer loop
      vertex -14 -34 9
      vertex -14 -42 3
      vertex -14 -42 9
    endloop
  endfacet
  facet normal -0 0 1
    outer loop
      vertex -14 -34 9
      vertex 14 -42 9
      vertex 14 -34 9
    endloop
  endfacet
  facet normal 0 0 1
    outer loop
      vertex 14 -42 9
      vertex -14 -34 9
      vertex -14 -42 9
    endloop
  endfacet
  facet normal 1 -0 0
    outer loop
      vertex 14 -42 9
      vertex 14 -34 3
      vertex 14 -34 9
    endloop
  endfacet
  facet normal 1 0 0
    outer loop
      vertex 14 -34 3
      vertex 14 -42 9
      vertex 14 -42 3
    endloop
  endfacet
  facet normal 0 1 0
    outer loop
      vertex 14 -34 9
      vertex 11 -34 7.5
      vertex -14 -34 9
    endloop
  endfacet
  facet normal 0 1 0
    outer loop
      vertex 14 -34 9
      vertex 11 -34 5
      vertex 11 -34 7.5
    endloop
  endfacet
  facet normal 0 1 0
    outer loop
      vertex 11 -34 5
      vertex 14 -34 3
      vertex -11 -34 5
    endloop
  endfacet
  facet normal 0 1 -0
    outer loop
      vertex 14 -34 3
      vertex 11 -34 5
      vertex 14 -34 9
    endloop
  endfacet
  facet normal 0 1 -0
    outer loop
      vertex -11 -34 7.5
      vertex -14 -34 9
      vertex 11 -34 7.5
    endloop
  endfacet
  facet normal 0 1 -0
    outer loop
      vertex -11 -34 5
      vertex -14 -34 9
      vertex -11 -34 7.5
    endloop
  endfacet
  facet normal 0 1 0
    outer loop
      vertex -11 -34 5
      vertex -14 -34 3
      vertex -14 -34 9
    endloop
  endfacet
  facet normal 0 1 0
    outer loop
      vertex -14 -34 3
      vertex -11 -34 5
      vertex 14 -34 3
    endloop
  endfacet
  facet normal 0 -1 0
    outer loop
      vertex -14 -42 9
      vertex -11 -42 7.5
      vertex 14 -42 9
    endloop
  endfacet
  facet normal 0 -1 0
    outer loop
      vertex -14 -42 9
      vertex -11 -42 5
      vertex -11 -42 7.5
    endloop
  endfacet
  facet normal 0 -1 -0
    outer loop
      vertex -11 -42 5
      vertex -14 -42 3
      vertex 11 -42 5
    endloop
  endfacet
  facet normal 0 -1 0
    outer loop
      vertex -14 -42 3
      vertex -11 -42 5
      vertex -14 -42 9
    endloop
  endfacet
  facet normal 0 -1 0
    outer loop
      vertex 11 -42 7.5
      vertex 14 -42 9
      vertex -11 -42 7.5
    endloop
  endfacet
  facet normal 0 -1 0
    outer loop
      vertex 11 -42 5
      vertex 14 -42 9
      vertex 11 -42 7.5
    endloop
  endfacet
  facet normal 0 -1 0
    outer loop
      vertex 11 -42 5
      vertex 14 -42 3
      vertex 14 -42 9
    endloop
  endfacet
  facet normal 0 -1 0
    outer loop
      vertex 14 -42 3
      vertex 11 -42 5
      vertex -14 -42 3
    endloop
  endfacet
  facet normal 1 -0 0
    outer loop
      vertex -11 -42 7.5
      vertex -11 -34 5
      vertex -11 -34 7.5
    endloop
  endfacet
  facet normal 1 0 0
    outer loop
      vertex -11 -34 5
      vertex -11 -42 7.5
      vertex -11 -42 5
    endloop
  endfacet
  facet normal 0 0 -1
    outer loop
      vertex -11 -42 7.5
      vertex 11 -34 7.5
      vertex 11 -42 7.5
    endloop
  endfacet
  facet normal -0 0 -1
    outer loop
      vertex 11 -34 7.5
      vertex -11 -42 7.5
      vertex -11 -34 7.5
    endloop
  endfacet
  facet normal -1 0 0
    outer loop
      vertex 11 -42 5
      vertex 11 -34 7.5
      vertex 11 -34 5
    endloop
  endfacet
  facet normal -1 -0 0
    outer loop
      vertex 11 -34 7.5
      vertex 11 -42 5
      vertex 11 -42 7.5
    endloop
  endfacet
  facet normal -0 0 1
    outer loop
      vertex -11 -34 5
      vertex 11 -42 5
      vertex 11 -34 5
    endloop
  endfacet
  facet normal 0 0 1
    outer loop
      vertex 11 -42 5
      vertex -11 -34 5
      vertex -11 -42 5
    endloop
  endfacet
endsolid OpenSCAD_Model
