solid OpenSCAD_Model
  facet normal -0.997872 -0.0652057 0
    outer loop
      vertex -75.3 -43 0
      vertex -75.3145 -42.7781 2.5
      vertex -75.3145 -42.7781 0
    endloop
  endfacet
  facet normal -0.997872 -0.0652057 0
    outer loop
      vertex -75.3145 -42.7781 2.5
      vertex -75.3 -43 0
      vertex -75.3 -43 2.5
    endloop
  endfacet
  facet normal 0.997872 -0.0652057 0
    outer loop
      vertex -78.7 -43 2.5
      vertex -78.6855 -42.7781 0
      vertex -78.6855 -42.7781 2.5
    endloop
  endfacet
  facet normal 0.997872 -0.0652057 0
    outer loop
      vertex -78.6855 -42.7781 0
      vertex -78.7 -43 2.5
      vertex -78.7 -43 0
    endloop
  endfacet
  facet normal -0.0652057 -0.997872 0
    outer loop
      vertex -77 -41.3 0
      vertex -76.7781 -41.3145 2.5
      vertex -77 -41.3 2.5
    endloop
  endfacet
  facet normal -0.0652057 -0.997872 -0
    outer loop
      vertex -76.7781 -41.3145 2.5
      vertex -77 -41.3 0
      vertex -76.7781 -41.3145 0
    endloop
  endfacet
  facet normal -0.659268 -0.751908 0
    outer loop
      vertex -75.9651 -41.6513 0
      vertex -75.7979 -41.7979 2.5
      vertex -75.9651 -41.6513 2.5
    endloop
  endfacet
  facet normal -0.659268 -0.751908 -0
    outer loop
      vertex -75.7979 -41.7979 2.5
      vertex -75.9651 -41.6513 0
      vertex -75.7979 -41.7979 0
    endloop
  endfacet
  facet normal 0.659268 -0.751908 0
    outer loop
      vertex -78.2021 -41.7979 0
      vertex -78.0349 -41.6513 2.5
      vertex -78.2021 -41.7979 2.5
    endloop
  endfacet
  facet normal 0.659268 -0.751908 0
    outer loop
      vertex -78.0349 -41.6513 2.5
      vertex -78.2021 -41.7979 0
      vertex -78.0349 -41.6513 0
    endloop
  endfacet
  facet normal 0.321484 -0.946915 0
    outer loop
      vertex -77.6506 -41.4294 0
      vertex -77.44 -41.3579 2.5
      vertex -77.6506 -41.4294 2.5
    endloop
  endfacet
  facet normal 0.321484 -0.946915 0
    outer loop
      vertex -77.44 -41.3579 2.5
      vertex -77.6506 -41.4294 0
      vertex -77.44 -41.3579 0
    endloop
  endfacet
  facet normal -0.896754 -0.44253 0
    outer loop
      vertex -75.4294 -42.3494 0
      vertex -75.5278 -42.15 2.5
      vertex -75.5278 -42.15 0
    endloop
  endfacet
  facet normal -0.896754 -0.44253 0
    outer loop
      vertex -75.5278 -42.15 2.5
      vertex -75.4294 -42.3494 0
      vertex -75.4294 -42.3494 2.5
    endloop
  endfacet
  facet normal -0.98077 -0.195165 0
    outer loop
      vertex -75.3145 -42.7781 0
      vertex -75.3579 -42.56 2.5
      vertex -75.3579 -42.56 0
    endloop
  endfacet
  facet normal -0.98077 -0.195165 0
    outer loop
      vertex -75.3579 -42.56 2.5
      vertex -75.3145 -42.7781 0
      vertex -75.3145 -42.7781 2.5
    endloop
  endfacet
  facet normal -0.831566 -0.555426 0
    outer loop
      vertex -75.5278 -42.15 0
      vertex -75.6513 -41.9651 2.5
      vertex -75.6513 -41.9651 0
    endloop
  endfacet
  facet normal -0.831566 -0.555426 0
    outer loop
      vertex -75.6513 -41.9651 2.5
      vertex -75.5278 -42.15 0
      vertex -75.5278 -42.15 2.5
    endloop
  endfacet
  facet normal -0.321484 -0.946915 0
    outer loop
      vertex -76.56 -41.3579 0
      vertex -76.3494 -41.4294 2.5
      vertex -76.56 -41.3579 2.5
    endloop
  endfacet
  facet normal -0.321484 -0.946915 -0
    outer loop
      vertex -76.3494 -41.4294 2.5
      vertex -76.56 -41.3579 0
      vertex -76.3494 -41.4294 0
    endloop
  endfacet
  facet normal -0.195165 -0.98077 0
    outer loop
      vertex -76.7781 -41.3145 0
      vertex -76.56 -41.3579 2.5
      vertex -76.7781 -41.3145 2.5
    endloop
  endfacet
  facet normal -0.195165 -0.98077 -0
    outer loop
      vertex -76.56 -41.3579 2.5
      vertex -76.7781 -41.3145 0
      vertex -76.56 -41.3579 0
    endloop
  endfacet
  facet normal -0.44253 -0.896754 0
    outer loop
      vertex -76.3494 -41.4294 0
      vertex -76.15 -41.5278 2.5
      vertex -76.3494 -41.4294 2.5
    endloop
  endfacet
  facet normal -0.44253 -0.896754 -0
    outer loop
      vertex -76.15 -41.5278 2.5
      vertex -76.3494 -41.4294 0
      vertex -76.15 -41.5278 0
    endloop
  endfacet
  facet normal 0.896754 -0.44253 0
    outer loop
      vertex -78.5706 -42.3494 2.5
      vertex -78.4722 -42.15 0
      vertex -78.4722 -42.15 2.5
    endloop
  endfacet
  facet normal 0.896754 -0.44253 0
    outer loop
      vertex -78.4722 -42.15 0
      vertex -78.5706 -42.3494 2.5
      vertex -78.5706 -42.3494 0
    endloop
  endfacet
  facet normal 0.751908 -0.659268 0
    outer loop
      vertex -78.3487 -41.9651 2.5
      vertex -78.2021 -41.7979 0
      vertex -78.2021 -41.7979 2.5
    endloop
  endfacet
  facet normal 0.751908 -0.659268 0
    outer loop
      vertex -78.2021 -41.7979 0
      vertex -78.3487 -41.9651 2.5
      vertex -78.3487 -41.9651 0
    endloop
  endfacet
  facet normal 0.946915 -0.321484 0
    outer loop
      vertex -78.6421 -42.56 2.5
      vertex -78.5706 -42.3494 0
      vertex -78.5706 -42.3494 2.5
    endloop
  endfacet
  facet normal 0.946915 -0.321484 0
    outer loop
      vertex -78.5706 -42.3494 0
      vertex -78.6421 -42.56 2.5
      vertex -78.6421 -42.56 0
    endloop
  endfacet
  facet normal 0.195165 -0.98077 0
    outer loop
      vertex -77.44 -41.3579 0
      vertex -77.2219 -41.3145 2.5
      vertex -77.44 -41.3579 2.5
    endloop
  endfacet
  facet normal 0.195165 -0.98077 0
    outer loop
      vertex -77.2219 -41.3145 2.5
      vertex -77.44 -41.3579 0
      vertex -77.2219 -41.3145 0
    endloop
  endfacet
  facet normal -0.98077 0.195165 0
    outer loop
      vertex -75.3579 -43.44 0
      vertex -75.3145 -43.2219 2.5
      vertex -75.3145 -43.2219 0
    endloop
  endfacet
  facet normal -0.98077 0.195165 0
    outer loop
      vertex -75.3145 -43.2219 2.5
      vertex -75.3579 -43.44 0
      vertex -75.3579 -43.44 2.5
    endloop
  endfacet
  facet normal 0.659268 0.751908 -0
    outer loop
      vertex -78.0349 -44.3487 0
      vertex -78.2021 -44.2021 2.5
      vertex -78.0349 -44.3487 2.5
    endloop
  endfacet
  facet normal 0.659268 0.751908 0
    outer loop
      vertex -78.2021 -44.2021 2.5
      vertex -78.0349 -44.3487 0
      vertex -78.2021 -44.2021 0
    endloop
  endfacet
  facet normal 0.321484 0.946915 -0
    outer loop
      vertex -77.44 -44.6421 0
      vertex -77.6506 -44.5706 2.5
      vertex -77.44 -44.6421 2.5
    endloop
  endfacet
  facet normal 0.321484 0.946915 0
    outer loop
      vertex -77.6506 -44.5706 2.5
      vertex -77.44 -44.6421 0
      vertex -77.6506 -44.5706 0
    endloop
  endfacet
  facet normal -0.946915 -0.321484 0
    outer loop
      vertex -75.3579 -42.56 0
      vertex -75.4294 -42.3494 2.5
      vertex -75.4294 -42.3494 0
    endloop
  endfacet
  facet normal -0.946915 -0.321484 0
    outer loop
      vertex -75.4294 -42.3494 2.5
      vertex -75.3579 -42.56 0
      vertex -75.3579 -42.56 2.5
    endloop
  endfacet
  facet normal -0.751908 -0.659268 0
    outer loop
      vertex -75.6513 -41.9651 0
      vertex -75.7979 -41.7979 2.5
      vertex -75.7979 -41.7979 0
    endloop
  endfacet
  facet normal -0.751908 -0.659268 0
    outer loop
      vertex -75.7979 -41.7979 2.5
      vertex -75.6513 -41.9651 0
      vertex -75.6513 -41.9651 2.5
    endloop
  endfacet
  facet normal -0.555426 -0.831566 0
    outer loop
      vertex -76.15 -41.5278 0
      vertex -75.9651 -41.6513 2.5
      vertex -76.15 -41.5278 2.5
    endloop
  endfacet
  facet normal -0.555426 -0.831566 -0
    outer loop
      vertex -75.9651 -41.6513 2.5
      vertex -76.15 -41.5278 0
      vertex -75.9651 -41.6513 0
    endloop
  endfacet
  facet normal 0.831566 -0.555426 0
    outer loop
      vertex -78.4722 -42.15 2.5
      vertex -78.3487 -41.9651 0
      vertex -78.3487 -41.9651 2.5
    endloop
  endfacet
  facet normal 0.831566 -0.555426 0
    outer loop
      vertex -78.3487 -41.9651 0
      vertex -78.4722 -42.15 2.5
      vertex -78.4722 -42.15 0
    endloop
  endfacet
  facet normal 0.98077 -0.195165 0
    outer loop
      vertex -78.6855 -42.7781 2.5
      vertex -78.6421 -42.56 0
      vertex -78.6421 -42.56 2.5
    endloop
  endfacet
  facet normal 0.98077 -0.195165 0
    outer loop
      vertex -78.6421 -42.56 0
      vertex -78.6855 -42.7781 2.5
      vertex -78.6855 -42.7781 0
    endloop
  endfacet
  facet normal 0.44253 -0.896754 0
    outer loop
      vertex -77.85 -41.5278 0
      vertex -77.6506 -41.4294 2.5
      vertex -77.85 -41.5278 2.5
    endloop
  endfacet
  facet normal 0.44253 -0.896754 0
    outer loop
      vertex -77.6506 -41.4294 2.5
      vertex -77.85 -41.5278 0
      vertex -77.6506 -41.4294 0
    endloop
  endfacet
  facet normal 0.555426 -0.831566 0
    outer loop
      vertex -78.0349 -41.6513 0
      vertex -77.85 -41.5278 2.5
      vertex -78.0349 -41.6513 2.5
    endloop
  endfacet
  facet normal 0.555426 -0.831566 0
    outer loop
      vertex -77.85 -41.5278 2.5
      vertex -78.0349 -41.6513 0
      vertex -77.85 -41.5278 0
    endloop
  endfacet
  facet normal 0.0652057 -0.997872 0
    outer loop
      vertex -77.2219 -41.3145 0
      vertex -77 -41.3 2.5
      vertex -77.2219 -41.3145 2.5
    endloop
  endfacet
  facet normal 0.0652057 -0.997872 0
    outer loop
      vertex -77 -41.3 2.5
      vertex -77.2219 -41.3145 0
      vertex -77 -41.3 0
    endloop
  endfacet
  facet normal -0.997872 0.0652057 0
    outer loop
      vertex -75.3145 -43.2219 0
      vertex -75.3 -43 2.5
      vertex -75.3 -43 0
    endloop
  endfacet
  facet normal -0.997872 0.0652057 0
    outer loop
      vertex -75.3 -43 2.5
      vertex -75.3145 -43.2219 0
      vertex -75.3145 -43.2219 2.5
    endloop
  endfacet
  facet normal -0.0652057 0.997872 0
    outer loop
      vertex -76.7781 -44.6855 0
      vertex -77 -44.7 2.5
      vertex -76.7781 -44.6855 2.5
    endloop
  endfacet
  facet normal -0.0652057 0.997872 0
    outer loop
      vertex -77 -44.7 2.5
      vertex -76.7781 -44.6855 0
      vertex -77 -44.7 0
    endloop
  endfacet
  facet normal -0.321484 0.946915 0
    outer loop
      vertex -76.3494 -44.5706 0
      vertex -76.56 -44.6421 2.5
      vertex -76.3494 -44.5706 2.5
    endloop
  endfacet
  facet normal -0.321484 0.946915 0
    outer loop
      vertex -76.56 -44.6421 2.5
      vertex -76.3494 -44.5706 0
      vertex -76.56 -44.6421 0
    endloop
  endfacet
  facet normal -0.659268 0.751908 0
    outer loop
      vertex -75.7979 -44.2021 0
      vertex -75.9651 -44.3487 2.5
      vertex -75.7979 -44.2021 2.5
    endloop
  endfacet
  facet normal -0.659268 0.751908 0
    outer loop
      vertex -75.9651 -44.3487 2.5
      vertex -75.7979 -44.2021 0
      vertex -75.9651 -44.3487 0
    endloop
  endfacet
  facet normal -0.44253 0.896754 0
    outer loop
      vertex -76.15 -44.4722 0
      vertex -76.3494 -44.5706 2.5
      vertex -76.15 -44.4722 2.5
    endloop
  endfacet
  facet normal -0.44253 0.896754 0
    outer loop
      vertex -76.3494 -44.5706 2.5
      vertex -76.15 -44.4722 0
      vertex -76.3494 -44.5706 0
    endloop
  endfacet
  facet normal -0.831566 0.555426 0
    outer loop
      vertex -75.6513 -44.0349 0
      vertex -75.5278 -43.85 2.5
      vertex -75.5278 -43.85 0
    endloop
  endfacet
  facet normal -0.831566 0.555426 0
    outer loop
      vertex -75.5278 -43.85 2.5
      vertex -75.6513 -44.0349 0
      vertex -75.6513 -44.0349 2.5
    endloop
  endfacet
  facet normal -0.946915 0.321484 0
    outer loop
      vertex -75.4294 -43.6506 0
      vertex -75.3579 -43.44 2.5
      vertex -75.3579 -43.44 0
    endloop
  endfacet
  facet normal -0.946915 0.321484 0
    outer loop
      vertex -75.3579 -43.44 2.5
      vertex -75.4294 -43.6506 0
      vertex -75.4294 -43.6506 2.5
    endloop
  endfacet
  facet normal 0.555426 0.831566 -0
    outer loop
      vertex -77.85 -44.4722 0
      vertex -78.0349 -44.3487 2.5
      vertex -77.85 -44.4722 2.5
    endloop
  endfacet
  facet normal 0.555426 0.831566 0
    outer loop
      vertex -78.0349 -44.3487 2.5
      vertex -77.85 -44.4722 0
      vertex -78.0349 -44.3487 0
    endloop
  endfacet
  facet normal 0.195165 0.98077 -0
    outer loop
      vertex -77.2219 -44.6855 0
      vertex -77.44 -44.6421 2.5
      vertex -77.2219 -44.6855 2.5
    endloop
  endfacet
  facet normal 0.195165 0.98077 0
    outer loop
      vertex -77.44 -44.6421 2.5
      vertex -77.2219 -44.6855 0
      vertex -77.44 -44.6421 0
    endloop
  endfacet
  facet normal 0.896754 0.44253 0
    outer loop
      vertex -78.4722 -43.85 2.5
      vertex -78.5706 -43.6506 0
      vertex -78.5706 -43.6506 2.5
    endloop
  endfacet
  facet normal 0.896754 0.44253 0
    outer loop
      vertex -78.5706 -43.6506 0
      vertex -78.4722 -43.85 2.5
      vertex -78.4722 -43.85 0
    endloop
  endfacet
  facet normal 0.751908 0.659268 0
    outer loop
      vertex -78.2021 -44.2021 2.5
      vertex -78.3487 -44.0349 0
      vertex -78.3487 -44.0349 2.5
    endloop
  endfacet
  facet normal 0.751908 0.659268 0
    outer loop
      vertex -78.3487 -44.0349 0
      vertex -78.2021 -44.2021 2.5
      vertex -78.2021 -44.2021 0
    endloop
  endfacet
  facet normal 0.946915 0.321484 0
    outer loop
      vertex -78.5706 -43.6506 2.5
      vertex -78.6421 -43.44 0
      vertex -78.6421 -43.44 2.5
    endloop
  endfacet
  facet normal 0.946915 0.321484 0
    outer loop
      vertex -78.6421 -43.44 0
      vertex -78.5706 -43.6506 2.5
      vertex -78.5706 -43.6506 0
    endloop
  endfacet
  facet normal 0.997872 0.0652057 0
    outer loop
      vertex -78.6855 -43.2219 2.5
      vertex -78.7 -43 0
      vertex -78.7 -43 2.5
    endloop
  endfacet
  facet normal 0.997872 0.0652057 0
    outer loop
      vertex -78.7 -43 0
      vertex -78.6855 -43.2219 2.5
      vertex -78.6855 -43.2219 0
    endloop
  endfacet
  facet normal -0.195165 0.98077 0
    outer loop
      vertex -76.56 -44.6421 0
      vertex -76.7781 -44.6855 2.5
      vertex -76.56 -44.6421 2.5
    endloop
  endfacet
  facet normal -0.195165 0.98077 0
    outer loop
      vertex -76.7781 -44.6855 2.5
      vertex -76.56 -44.6421 0
      vertex -76.7781 -44.6855 0
    endloop
  endfacet
  facet normal -0.751908 0.659268 0
    outer loop
      vertex -75.7979 -44.2021 0
      vertex -75.6513 -44.0349 2.5
      vertex -75.6513 -44.0349 0
    endloop
  endfacet
  facet normal -0.751908 0.659268 0
    outer loop
      vertex -75.6513 -44.0349 2.5
      vertex -75.7979 -44.2021 0
      vertex -75.7979 -44.2021 2.5
    endloop
  endfacet
  facet normal -0.555426 0.831566 0
    outer loop
      vertex -75.9651 -44.3487 0
      vertex -76.15 -44.4722 2.5
      vertex -75.9651 -44.3487 2.5
    endloop
  endfacet
  facet normal -0.555426 0.831566 0
    outer loop
      vertex -76.15 -44.4722 2.5
      vertex -75.9651 -44.3487 0
      vertex -76.15 -44.4722 0
    endloop
  endfacet
  facet normal -0.896754 0.44253 0
    outer loop
      vertex -75.5278 -43.85 0
      vertex -75.4294 -43.6506 2.5
      vertex -75.4294 -43.6506 0
    endloop
  endfacet
  facet normal -0.896754 0.44253 0
    outer loop
      vertex -75.4294 -43.6506 2.5
      vertex -75.5278 -43.85 0
      vertex -75.5278 -43.85 2.5
    endloop
  endfacet
  facet normal 0.44253 0.896754 -0
    outer loop
      vertex -77.6506 -44.5706 0
      vertex -77.85 -44.4722 2.5
      vertex -77.6506 -44.5706 2.5
    endloop
  endfacet
  facet normal 0.44253 0.896754 0
    outer loop
      vertex -77.85 -44.4722 2.5
      vertex -77.6506 -44.5706 0
      vertex -77.85 -44.4722 0
    endloop
  endfacet
  facet normal 0.0652057 0.997872 -0
    outer loop
      vertex -77 -44.7 0
      vertex -77.2219 -44.6855 2.5
      vertex -77 -44.7 2.5
    endloop
  endfacet
  facet normal 0.0652057 0.997872 0
    outer loop
      vertex -77.2219 -44.6855 2.5
      vertex -77 -44.7 0
      vertex -77.2219 -44.6855 0
    endloop
  endfacet
  facet normal 0.831566 0.555426 0
    outer loop
      vertex -78.3487 -44.0349 2.5
      vertex -78.4722 -43.85 0
      vertex -78.4722 -43.85 2.5
    endloop
  endfacet
  facet normal 0.831566 0.555426 0
    outer loop
      vertex -78.4722 -43.85 0
      vertex -78.3487 -44.0349 2.5
      vertex -78.3487 -44.0349 0
    endloop
  endfacet
  facet normal 0.98077 0.195165 0
    outer loop
      vertex -78.6421 -43.44 2.5
      vertex -78.6855 -43.2219 0
      vertex -78.6855 -43.2219 2.5
    endloop
  endfacet
  facet normal 0.98077 0.195165 0
    outer loop
      vertex -78.6855 -43.2219 0
      vertex -78.6421 -43.44 2.5
      vertex -78.6421 -43.44 0
    endloop
  endfacet
  facet normal -0.997872 -0.0652057 0
    outer loop
      vertex -75.3 43 0
      vertex -75.3145 43.2219 2.5
      vertex -75.3145 43.2219 0
    endloop
  endfacet
  facet normal -0.997872 -0.0652057 0
    outer loop
      vertex -75.3145 43.2219 2.5
      vertex -75.3 43 0
      vertex -75.3 43 2.5
    endloop
  endfacet
  facet normal 0.0652057 -0.997872 0
    outer loop
      vertex -77.2219 44.6855 0
      vertex -77 44.7 2.5
      vertex -77.2219 44.6855 2.5
    endloop
  endfacet
  facet normal 0.0652057 -0.997872 0
    outer loop
      vertex -77 44.7 2.5
      vertex -77.2219 44.6855 0
      vertex -77 44.7 0
    endloop
  endfacet
  facet normal -0.0652057 0.997872 0
    outer loop
      vertex -76.7781 41.3145 0
      vertex -77 41.3 2.5
      vertex -76.7781 41.3145 2.5
    endloop
  endfacet
  facet normal -0.0652057 0.997872 0
    outer loop
      vertex -77 41.3 2.5
      vertex -76.7781 41.3145 0
      vertex -77 41.3 0
    endloop
  endfacet
  facet normal -0.751908 0.659268 0
    outer loop
      vertex -75.7979 41.7979 0
      vertex -75.6513 41.9651 2.5
      vertex -75.6513 41.9651 0
    endloop
  endfacet
  facet normal -0.751908 0.659268 0
    outer loop
      vertex -75.6513 41.9651 2.5
      vertex -75.7979 41.7979 0
      vertex -75.7979 41.7979 2.5
    endloop
  endfacet
  facet normal -0.659268 -0.751908 0
    outer loop
      vertex -75.9651 44.3487 0
      vertex -75.7979 44.2021 2.5
      vertex -75.9651 44.3487 2.5
    endloop
  endfacet
  facet normal -0.659268 -0.751908 -0
    outer loop
      vertex -75.7979 44.2021 2.5
      vertex -75.9651 44.3487 0
      vertex -75.7979 44.2021 0
    endloop
  endfacet
  facet normal 0.751908 -0.659268 0
    outer loop
      vertex -78.3487 44.0349 2.5
      vertex -78.2021 44.2021 0
      vertex -78.2021 44.2021 2.5
    endloop
  endfacet
  facet normal 0.751908 -0.659268 0
    outer loop
      vertex -78.2021 44.2021 0
      vertex -78.3487 44.0349 2.5
      vertex -78.3487 44.0349 0
    endloop
  endfacet
  facet normal 0.44253 -0.896754 0
    outer loop
      vertex -77.85 44.4722 0
      vertex -77.6506 44.5706 2.5
      vertex -77.85 44.4722 2.5
    endloop
  endfacet
  facet normal 0.44253 -0.896754 0
    outer loop
      vertex -77.6506 44.5706 2.5
      vertex -77.85 44.4722 0
      vertex -77.6506 44.5706 0
    endloop
  endfacet
  facet normal -0.896754 -0.44253 0
    outer loop
      vertex -75.4294 43.6506 0
      vertex -75.5278 43.85 2.5
      vertex -75.5278 43.85 0
    endloop
  endfacet
  facet normal -0.896754 -0.44253 0
    outer loop
      vertex -75.5278 43.85 2.5
      vertex -75.4294 43.6506 0
      vertex -75.4294 43.6506 2.5
    endloop
  endfacet
  facet normal -0.98077 -0.195165 0
    outer loop
      vertex -75.3145 43.2219 0
      vertex -75.3579 43.44 2.5
      vertex -75.3579 43.44 0
    endloop
  endfacet
  facet normal -0.98077 -0.195165 0
    outer loop
      vertex -75.3579 43.44 2.5
      vertex -75.3145 43.2219 0
      vertex -75.3145 43.2219 2.5
    endloop
  endfacet
  facet normal -0.831566 -0.555426 0
    outer loop
      vertex -75.5278 43.85 0
      vertex -75.6513 44.0349 2.5
      vertex -75.6513 44.0349 0
    endloop
  endfacet
  facet normal -0.831566 -0.555426 0
    outer loop
      vertex -75.6513 44.0349 2.5
      vertex -75.5278 43.85 0
      vertex -75.5278 43.85 2.5
    endloop
  endfacet
  facet normal -0.321484 -0.946915 0
    outer loop
      vertex -76.56 44.6421 0
      vertex -76.3494 44.5706 2.5
      vertex -76.56 44.6421 2.5
    endloop
  endfacet
  facet normal -0.321484 -0.946915 -0
    outer loop
      vertex -76.3494 44.5706 2.5
      vertex -76.56 44.6421 0
      vertex -76.3494 44.5706 0
    endloop
  endfacet
  facet normal -0.44253 -0.896754 0
    outer loop
      vertex -76.3494 44.5706 0
      vertex -76.15 44.4722 2.5
      vertex -76.3494 44.5706 2.5
    endloop
  endfacet
  facet normal -0.44253 -0.896754 -0
    outer loop
      vertex -76.15 44.4722 2.5
      vertex -76.3494 44.5706 0
      vertex -76.15 44.4722 0
    endloop
  endfacet
  facet normal 0.946915 -0.321484 0
    outer loop
      vertex -78.6421 43.44 2.5
      vertex -78.5706 43.6506 0
      vertex -78.5706 43.6506 2.5
    endloop
  endfacet
  facet normal 0.946915 -0.321484 0
    outer loop
      vertex -78.5706 43.6506 0
      vertex -78.6421 43.44 2.5
      vertex -78.6421 43.44 0
    endloop
  endfacet
  facet normal 0.896754 -0.44253 0
    outer loop
      vertex -78.5706 43.6506 2.5
      vertex -78.4722 43.85 0
      vertex -78.4722 43.85 2.5
    endloop
  endfacet
  facet normal 0.896754 -0.44253 0
    outer loop
      vertex -78.4722 43.85 0
      vertex -78.5706 43.6506 2.5
      vertex -78.5706 43.6506 0
    endloop
  endfacet
  facet normal 0.555426 -0.831566 0
    outer loop
      vertex -78.0349 44.3487 0
      vertex -77.85 44.4722 2.5
      vertex -78.0349 44.3487 2.5
    endloop
  endfacet
  facet normal 0.555426 -0.831566 0
    outer loop
      vertex -77.85 44.4722 2.5
      vertex -78.0349 44.3487 0
      vertex -77.85 44.4722 0
    endloop
  endfacet
  facet normal 0.195165 -0.98077 0
    outer loop
      vertex -77.44 44.6421 0
      vertex -77.2219 44.6855 2.5
      vertex -77.44 44.6421 2.5
    endloop
  endfacet
  facet normal 0.195165 -0.98077 0
    outer loop
      vertex -77.2219 44.6855 2.5
      vertex -77.44 44.6421 0
      vertex -77.2219 44.6855 0
    endloop
  endfacet
  facet normal -0.195165 0.98077 0
    outer loop
      vertex -76.56 41.3579 0
      vertex -76.7781 41.3145 2.5
      vertex -76.56 41.3579 2.5
    endloop
  endfacet
  facet normal -0.195165 0.98077 0
    outer loop
      vertex -76.7781 41.3145 2.5
      vertex -76.56 41.3579 0
      vertex -76.7781 41.3145 0
    endloop
  endfacet
  facet normal -0.946915 -0.321484 0
    outer loop
      vertex -75.3579 43.44 0
      vertex -75.4294 43.6506 2.5
      vertex -75.4294 43.6506 0
    endloop
  endfacet
  facet normal -0.946915 -0.321484 0
    outer loop
      vertex -75.4294 43.6506 2.5
      vertex -75.3579 43.44 0
      vertex -75.3579 43.44 2.5
    endloop
  endfacet
  facet normal -0.751908 -0.659268 0
    outer loop
      vertex -75.6513 44.0349 0
      vertex -75.7979 44.2021 2.5
      vertex -75.7979 44.2021 0
    endloop
  endfacet
  facet normal -0.751908 -0.659268 0
    outer loop
      vertex -75.7979 44.2021 2.5
      vertex -75.6513 44.0349 0
      vertex -75.6513 44.0349 2.5
    endloop
  endfacet
  facet normal -0.195165 -0.98077 0
    outer loop
      vertex -76.7781 44.6855 0
      vertex -76.56 44.6421 2.5
      vertex -76.7781 44.6855 2.5
    endloop
  endfacet
  facet normal -0.195165 -0.98077 -0
    outer loop
      vertex -76.56 44.6421 2.5
      vertex -76.7781 44.6855 0
      vertex -76.56 44.6421 0
    endloop
  endfacet
  facet normal -0.0652057 -0.997872 0
    outer loop
      vertex -77 44.7 0
      vertex -76.7781 44.6855 2.5
      vertex -77 44.7 2.5
    endloop
  endfacet
  facet normal -0.0652057 -0.997872 -0
    outer loop
      vertex -76.7781 44.6855 2.5
      vertex -77 44.7 0
      vertex -76.7781 44.6855 0
    endloop
  endfacet
  facet normal -0.555426 -0.831566 0
    outer loop
      vertex -76.15 44.4722 0
      vertex -75.9651 44.3487 2.5
      vertex -76.15 44.4722 2.5
    endloop
  endfacet
  facet normal -0.555426 -0.831566 -0
    outer loop
      vertex -75.9651 44.3487 2.5
      vertex -76.15 44.4722 0
      vertex -75.9651 44.3487 0
    endloop
  endfacet
  facet normal 0.997872 -0.0652057 0
    outer loop
      vertex -78.7 43 2.5
      vertex -78.6855 43.2219 0
      vertex -78.6855 43.2219 2.5
    endloop
  endfacet
  facet normal 0.997872 -0.0652057 0
    outer loop
      vertex -78.6855 43.2219 0
      vertex -78.7 43 2.5
      vertex -78.7 43 0
    endloop
  endfacet
  facet normal 0.997872 0.0652057 0
    outer loop
      vertex -78.6855 42.7781 2.5
      vertex -78.7 43 0
      vertex -78.7 43 2.5
    endloop
  endfacet
  facet normal 0.997872 0.0652057 0
    outer loop
      vertex -78.7 43 0
      vertex -78.6855 42.7781 2.5
      vertex -78.6855 42.7781 0
    endloop
  endfacet
  facet normal 0.321484 -0.946915 0
    outer loop
      vertex -77.6506 44.5706 0
      vertex -77.44 44.6421 2.5
      vertex -77.6506 44.5706 2.5
    endloop
  endfacet
  facet normal 0.321484 -0.946915 0
    outer loop
      vertex -77.44 44.6421 2.5
      vertex -77.6506 44.5706 0
      vertex -77.44 44.6421 0
    endloop
  endfacet
  facet normal -0.997872 0.0652057 0
    outer loop
      vertex -75.3145 42.7781 0
      vertex -75.3 43 2.5
      vertex -75.3 43 0
    endloop
  endfacet
  facet normal -0.997872 0.0652057 0
    outer loop
      vertex -75.3 43 2.5
      vertex -75.3145 42.7781 0
      vertex -75.3145 42.7781 2.5
    endloop
  endfacet
  facet normal -0.946915 0.321484 0
    outer loop
      vertex -75.4294 42.3494 0
      vertex -75.3579 42.56 2.5
      vertex -75.3579 42.56 0
    endloop
  endfacet
  facet normal -0.946915 0.321484 0
    outer loop
      vertex -75.3579 42.56 2.5
      vertex -75.4294 42.3494 0
      vertex -75.4294 42.3494 2.5
    endloop
  endfacet
  facet normal -0.98077 0.195165 0
    outer loop
      vertex -75.3579 42.56 0
      vertex -75.3145 42.7781 2.5
      vertex -75.3145 42.7781 0
    endloop
  endfacet
  facet normal -0.98077 0.195165 0
    outer loop
      vertex -75.3145 42.7781 2.5
      vertex -75.3579 42.56 0
      vertex -75.3579 42.56 2.5
    endloop
  endfacet
  facet normal 0.831566 0.555426 0
    outer loop
      vertex -78.3487 41.9651 2.5
      vertex -78.4722 42.15 0
      vertex -78.4722 42.15 2.5
    endloop
  endfacet
  facet normal 0.831566 0.555426 0
    outer loop
      vertex -78.4722 42.15 0
      vertex -78.3487 41.9651 2.5
      vertex -78.3487 41.9651 0
    endloop
  endfacet
  facet normal 0.98077 0.195165 0
    outer loop
      vertex -78.6421 42.56 2.5
      vertex -78.6855 42.7781 0
      vertex -78.6855 42.7781 2.5
    endloop
  endfacet
  facet normal 0.98077 0.195165 0
    outer loop
      vertex -78.6855 42.7781 0
      vertex -78.6421 42.56 2.5
      vertex -78.6421 42.56 0
    endloop
  endfacet
  facet normal -0.555426 0.831566 0
    outer loop
      vertex -75.9651 41.6513 0
      vertex -76.15 41.5278 2.5
      vertex -75.9651 41.6513 2.5
    endloop
  endfacet
  facet normal -0.555426 0.831566 0
    outer loop
      vertex -76.15 41.5278 2.5
      vertex -75.9651 41.6513 0
      vertex -76.15 41.5278 0
    endloop
  endfacet
  facet normal -0.44253 0.896754 0
    outer loop
      vertex -76.15 41.5278 0
      vertex -76.3494 41.4294 2.5
      vertex -76.15 41.5278 2.5
    endloop
  endfacet
  facet normal -0.44253 0.896754 0
    outer loop
      vertex -76.3494 41.4294 2.5
      vertex -76.15 41.5278 0
      vertex -76.3494 41.4294 0
    endloop
  endfacet
  facet normal 0.831566 -0.555426 0
    outer loop
      vertex -78.4722 43.85 2.5
      vertex -78.3487 44.0349 0
      vertex -78.3487 44.0349 2.5
    endloop
  endfacet
  facet normal 0.831566 -0.555426 0
    outer loop
      vertex -78.3487 44.0349 0
      vertex -78.4722 43.85 2.5
      vertex -78.4722 43.85 0
    endloop
  endfacet
  facet normal 0.98077 -0.195165 0
    outer loop
      vertex -78.6855 43.2219 2.5
      vertex -78.6421 43.44 0
      vertex -78.6421 43.44 2.5
    endloop
  endfacet
  facet normal 0.98077 -0.195165 0
    outer loop
      vertex -78.6421 43.44 0
      vertex -78.6855 43.2219 2.5
      vertex -78.6855 43.2219 0
    endloop
  endfacet
  facet normal 0.659268 -0.751908 0
    outer loop
      vertex -78.2021 44.2021 0
      vertex -78.0349 44.3487 2.5
      vertex -78.2021 44.2021 2.5
    endloop
  endfacet
  facet normal 0.659268 -0.751908 0
    outer loop
      vertex -78.0349 44.3487 2.5
      vertex -78.2021 44.2021 0
      vertex -78.0349 44.3487 0
    endloop
  endfacet
  facet normal -0.831566 0.555426 0
    outer loop
      vertex -75.6513 41.9651 0
      vertex -75.5278 42.15 2.5
      vertex -75.5278 42.15 0
    endloop
  endfacet
  facet normal -0.831566 0.555426 0
    outer loop
      vertex -75.5278 42.15 2.5
      vertex -75.6513 41.9651 0
      vertex -75.6513 41.9651 2.5
    endloop
  endfacet
  facet normal 0.195165 0.98077 -0
    outer loop
      vertex -77.2219 41.3145 0
      vertex -77.44 41.3579 2.5
      vertex -77.2219 41.3145 2.5
    endloop
  endfacet
  facet normal 0.195165 0.98077 0
    outer loop
      vertex -77.44 41.3579 2.5
      vertex -77.2219 41.3145 0
      vertex -77.44 41.3579 0
    endloop
  endfacet
  facet normal 0.946915 0.321484 0
    outer loop
      vertex -78.5706 42.3494 2.5
      vertex -78.6421 42.56 0
      vertex -78.6421 42.56 2.5
    endloop
  endfacet
  facet normal 0.946915 0.321484 0
    outer loop
      vertex -78.6421 42.56 0
      vertex -78.5706 42.3494 2.5
      vertex -78.5706 42.3494 0
    endloop
  endfacet
  facet normal 0.896754 0.44253 0
    outer loop
      vertex -78.4722 42.15 2.5
      vertex -78.5706 42.3494 0
      vertex -78.5706 42.3494 2.5
    endloop
  endfacet
  facet normal 0.896754 0.44253 0
    outer loop
      vertex -78.5706 42.3494 0
      vertex -78.4722 42.15 2.5
      vertex -78.4722 42.15 0
    endloop
  endfacet
  facet normal -0.659268 0.751908 0
    outer loop
      vertex -75.7979 41.7979 0
      vertex -75.9651 41.6513 2.5
      vertex -75.7979 41.7979 2.5
    endloop
  endfacet
  facet normal -0.659268 0.751908 0
    outer loop
      vertex -75.9651 41.6513 2.5
      vertex -75.7979 41.7979 0
      vertex -75.9651 41.6513 0
    endloop
  endfacet
  facet normal -0.321484 0.946915 0
    outer loop
      vertex -76.3494 41.4294 0
      vertex -76.56 41.3579 2.5
      vertex -76.3494 41.4294 2.5
    endloop
  endfacet
  facet normal -0.321484 0.946915 0
    outer loop
      vertex -76.56 41.3579 2.5
      vertex -76.3494 41.4294 0
      vertex -76.56 41.3579 0
    endloop
  endfacet
  facet normal -0.896754 0.44253 0
    outer loop
      vertex -75.5278 42.15 0
      vertex -75.4294 42.3494 2.5
      vertex -75.4294 42.3494 0
    endloop
  endfacet
  facet normal -0.896754 0.44253 0
    outer loop
      vertex -75.4294 42.3494 2.5
      vertex -75.5278 42.15 0
      vertex -75.5278 42.15 2.5
    endloop
  endfacet
  facet normal 0.0652057 0.997872 -0
    outer loop
      vertex -77 41.3 0
      vertex -77.2219 41.3145 2.5
      vertex -77 41.3 2.5
    endloop
  endfacet
  facet normal 0.0652057 0.997872 0
    outer loop
      vertex -77.2219 41.3145 2.5
      vertex -77 41.3 0
      vertex -77.2219 41.3145 0
    endloop
  endfacet
  facet normal 0.321484 0.946915 -0
    outer loop
      vertex -77.44 41.3579 0
      vertex -77.6506 41.4294 2.5
      vertex -77.44 41.3579 2.5
    endloop
  endfacet
  facet normal 0.321484 0.946915 0
    outer loop
      vertex -77.6506 41.4294 2.5
      vertex -77.44 41.3579 0
      vertex -77.6506 41.4294 0
    endloop
  endfacet
  facet normal 0.555426 0.831566 -0
    outer loop
      vertex -77.85 41.5278 0
      vertex -78.0349 41.6513 2.5
      vertex -77.85 41.5278 2.5
    endloop
  endfacet
  facet normal 0.555426 0.831566 0
    outer loop
      vertex -78.0349 41.6513 2.5
      vertex -77.85 41.5278 0
      vertex -78.0349 41.6513 0
    endloop
  endfacet
  facet normal 0.659268 0.751908 -0
    outer loop
      vertex -78.0349 41.6513 0
      vertex -78.2021 41.7979 2.5
      vertex -78.0349 41.6513 2.5
    endloop
  endfacet
  facet normal 0.659268 0.751908 0
    outer loop
      vertex -78.2021 41.7979 2.5
      vertex -78.0349 41.6513 0
      vertex -78.2021 41.7979 0
    endloop
  endfacet
  facet normal 0.751908 0.659268 0
    outer loop
      vertex -78.2021 41.7979 2.5
      vertex -78.3487 41.9651 0
      vertex -78.3487 41.9651 2.5
    endloop
  endfacet
  facet normal 0.751908 0.659268 0
    outer loop
      vertex -78.3487 41.9651 0
      vertex -78.2021 41.7979 2.5
      vertex -78.2021 41.7979 0
    endloop
  endfacet
  facet normal 0.44253 0.896754 -0
    outer loop
      vertex -77.6506 41.4294 0
      vertex -77.85 41.5278 2.5
      vertex -77.6506 41.4294 2.5
    endloop
  endfacet
  facet normal 0.44253 0.896754 0
    outer loop
      vertex -77.85 41.5278 2.5
      vertex -77.6506 41.4294 0
      vertex -77.85 41.5278 0
    endloop
  endfacet
  facet normal -0.997872 -0.0652057 0
    outer loop
      vertex 78.7 -43 0
      vertex 78.6855 -42.7781 2.5
      vertex 78.6855 -42.7781 0
    endloop
  endfacet
  facet normal -0.997872 -0.0652057 0
    outer loop
      vertex 78.6855 -42.7781 2.5
      vertex 78.7 -43 0
      vertex 78.7 -43 2.5
    endloop
  endfacet
  facet normal 0.997872 -0.0652057 0
    outer loop
      vertex 75.3 -43 2.5
      vertex 75.3145 -42.7781 0
      vertex 75.3145 -42.7781 2.5
    endloop
  endfacet
  facet normal 0.997872 -0.0652057 0
    outer loop
      vertex 75.3145 -42.7781 0
      vertex 75.3 -43 2.5
      vertex 75.3 -43 0
    endloop
  endfacet
  facet normal -0.0652057 -0.997872 0
    outer loop
      vertex 77 -41.3 0
      vertex 77.2219 -41.3145 2.5
      vertex 77 -41.3 2.5
    endloop
  endfacet
  facet normal -0.0652057 -0.997872 -0
    outer loop
      vertex 77.2219 -41.3145 2.5
      vertex 77 -41.3 0
      vertex 77.2219 -41.3145 0
    endloop
  endfacet
  facet normal 0.751908 0.659268 0
    outer loop
      vertex 75.7979 -44.2021 2.5
      vertex 75.6513 -44.0349 0
      vertex 75.6513 -44.0349 2.5
    endloop
  endfacet
  facet normal 0.751908 0.659268 0
    outer loop
      vertex 75.6513 -44.0349 0
      vertex 75.7979 -44.2021 2.5
      vertex 75.7979 -44.2021 0
    endloop
  endfacet
  facet normal -0.659268 -0.751908 0
    outer loop
      vertex 78.0349 -41.6513 0
      vertex 78.2021 -41.7979 2.5
      vertex 78.0349 -41.6513 2.5
    endloop
  endfacet
  facet normal -0.659268 -0.751908 -0
    outer loop
      vertex 78.2021 -41.7979 2.5
      vertex 78.0349 -41.6513 0
      vertex 78.2021 -41.7979 0
    endloop
  endfacet
  facet normal 0.659268 -0.751908 0
    outer loop
      vertex 75.7979 -41.7979 0
      vertex 75.9651 -41.6513 2.5
      vertex 75.7979 -41.7979 2.5
    endloop
  endfacet
  facet normal 0.659268 -0.751908 0
    outer loop
      vertex 75.9651 -41.6513 2.5
      vertex 75.7979 -41.7979 0
      vertex 75.9651 -41.6513 0
    endloop
  endfacet
  facet normal 0.321484 -0.946915 0
    outer loop
      vertex 76.3494 -41.4294 0
      vertex 76.56 -41.3579 2.5
      vertex 76.3494 -41.4294 2.5
    endloop
  endfacet
  facet normal 0.321484 -0.946915 0
    outer loop
      vertex 76.56 -41.3579 2.5
      vertex 76.3494 -41.4294 0
      vertex 76.56 -41.3579 0
    endloop
  endfacet
  facet normal -0.896754 -0.44253 0
    outer loop
      vertex 78.5706 -42.3494 0
      vertex 78.4722 -42.15 2.5
      vertex 78.4722 -42.15 0
    endloop
  endfacet
  facet normal -0.896754 -0.44253 0
    outer loop
      vertex 78.4722 -42.15 2.5
      vertex 78.5706 -42.3494 0
      vertex 78.5706 -42.3494 2.5
    endloop
  endfacet
  facet normal -0.98077 -0.195165 0
    outer loop
      vertex 78.6855 -42.7781 0
      vertex 78.6421 -42.56 2.5
      vertex 78.6421 -42.56 0
    endloop
  endfacet
  facet normal -0.98077 -0.195165 0
    outer loop
      vertex 78.6421 -42.56 2.5
      vertex 78.6855 -42.7781 0
      vertex 78.6855 -42.7781 2.5
    endloop
  endfacet
  facet normal -0.831566 -0.555426 0
    outer loop
      vertex 78.4722 -42.15 0
      vertex 78.3487 -41.9651 2.5
      vertex 78.3487 -41.9651 0
    endloop
  endfacet
  facet normal -0.831566 -0.555426 0
    outer loop
      vertex 78.3487 -41.9651 2.5
      vertex 78.4722 -42.15 0
      vertex 78.4722 -42.15 2.5
    endloop
  endfacet
  facet normal -0.321484 -0.946915 0
    outer loop
      vertex 77.44 -41.3579 0
      vertex 77.6506 -41.4294 2.5
      vertex 77.44 -41.3579 2.5
    endloop
  endfacet
  facet normal -0.321484 -0.946915 -0
    outer loop
      vertex 77.6506 -41.4294 2.5
      vertex 77.44 -41.3579 0
      vertex 77.6506 -41.4294 0
    endloop
  endfacet
  facet normal -0.195165 -0.98077 0
    outer loop
      vertex 77.2219 -41.3145 0
      vertex 77.44 -41.3579 2.5
      vertex 77.2219 -41.3145 2.5
    endloop
  endfacet
  facet normal -0.195165 -0.98077 -0
    outer loop
      vertex 77.44 -41.3579 2.5
      vertex 77.2219 -41.3145 0
      vertex 77.44 -41.3579 0
    endloop
  endfacet
  facet normal -0.44253 -0.896754 0
    outer loop
      vertex 77.6506 -41.4294 0
      vertex 77.85 -41.5278 2.5
      vertex 77.6506 -41.4294 2.5
    endloop
  endfacet
  facet normal -0.44253 -0.896754 -0
    outer loop
      vertex 77.85 -41.5278 2.5
      vertex 77.6506 -41.4294 0
      vertex 77.85 -41.5278 0
    endloop
  endfacet
  facet normal 0.896754 -0.44253 0
    outer loop
      vertex 75.4294 -42.3494 2.5
      vertex 75.5278 -42.15 0
      vertex 75.5278 -42.15 2.5
    endloop
  endfacet
  facet normal 0.896754 -0.44253 0
    outer loop
      vertex 75.5278 -42.15 0
      vertex 75.4294 -42.3494 2.5
      vertex 75.4294 -42.3494 0
    endloop
  endfacet
  facet normal 0.751908 -0.659268 0
    outer loop
      vertex 75.6513 -41.9651 2.5
      vertex 75.7979 -41.7979 0
      vertex 75.7979 -41.7979 2.5
    endloop
  endfacet
  facet normal 0.751908 -0.659268 0
    outer loop
      vertex 75.7979 -41.7979 0
      vertex 75.6513 -41.9651 2.5
      vertex 75.6513 -41.9651 0
    endloop
  endfacet
  facet normal 0.946915 -0.321484 0
    outer loop
      vertex 75.3579 -42.56 2.5
      vertex 75.4294 -42.3494 0
      vertex 75.4294 -42.3494 2.5
    endloop
  endfacet
  facet normal 0.946915 -0.321484 0
    outer loop
      vertex 75.4294 -42.3494 0
      vertex 75.3579 -42.56 2.5
      vertex 75.3579 -42.56 0
    endloop
  endfacet
  facet normal 0.195165 -0.98077 0
    outer loop
      vertex 76.56 -41.3579 0
      vertex 76.7781 -41.3145 2.5
      vertex 76.56 -41.3579 2.5
    endloop
  endfacet
  facet normal 0.195165 -0.98077 0
    outer loop
      vertex 76.7781 -41.3145 2.5
      vertex 76.56 -41.3579 0
      vertex 76.7781 -41.3145 0
    endloop
  endfacet
  facet normal -0.98077 0.195165 0
    outer loop
      vertex 78.6421 -43.44 0
      vertex 78.6855 -43.2219 2.5
      vertex 78.6855 -43.2219 0
    endloop
  endfacet
  facet normal -0.98077 0.195165 0
    outer loop
      vertex 78.6855 -43.2219 2.5
      vertex 78.6421 -43.44 0
      vertex 78.6421 -43.44 2.5
    endloop
  endfacet
  facet normal 0.659268 0.751908 -0
    outer loop
      vertex 75.9651 -44.3487 0
      vertex 75.7979 -44.2021 2.5
      vertex 75.9651 -44.3487 2.5
    endloop
  endfacet
  facet normal 0.659268 0.751908 0
    outer loop
      vertex 75.7979 -44.2021 2.5
      vertex 75.9651 -44.3487 0
      vertex 75.7979 -44.2021 0
    endloop
  endfacet
  facet normal 0.321484 0.946915 -0
    outer loop
      vertex 76.56 -44.6421 0
      vertex 76.3494 -44.5706 2.5
      vertex 76.56 -44.6421 2.5
    endloop
  endfacet
  facet normal 0.321484 0.946915 0
    outer loop
      vertex 76.3494 -44.5706 2.5
      vertex 76.56 -44.6421 0
      vertex 76.3494 -44.5706 0
    endloop
  endfacet
  facet normal -0.946915 -0.321484 0
    outer loop
      vertex 78.6421 -42.56 0
      vertex 78.5706 -42.3494 2.5
      vertex 78.5706 -42.3494 0
    endloop
  endfacet
  facet normal -0.946915 -0.321484 0
    outer loop
      vertex 78.5706 -42.3494 2.5
      vertex 78.6421 -42.56 0
      vertex 78.6421 -42.56 2.5
    endloop
  endfacet
  facet normal -0.751908 -0.659268 0
    outer loop
      vertex 78.3487 -41.9651 0
      vertex 78.2021 -41.7979 2.5
      vertex 78.2021 -41.7979 0
    endloop
  endfacet
  facet normal -0.751908 -0.659268 0
    outer loop
      vertex 78.2021 -41.7979 2.5
      vertex 78.3487 -41.9651 0
      vertex 78.3487 -41.9651 2.5
    endloop
  endfacet
  facet normal -0.555426 -0.831566 0
    outer loop
      vertex 77.85 -41.5278 0
      vertex 78.0349 -41.6513 2.5
      vertex 77.85 -41.5278 2.5
    endloop
  endfacet
  facet normal -0.555426 -0.831566 -0
    outer loop
      vertex 78.0349 -41.6513 2.5
      vertex 77.85 -41.5278 0
      vertex 78.0349 -41.6513 0
    endloop
  endfacet
  facet normal 0.831566 -0.555426 0
    outer loop
      vertex 75.5278 -42.15 2.5
      vertex 75.6513 -41.9651 0
      vertex 75.6513 -41.9651 2.5
    endloop
  endfacet
  facet normal 0.831566 -0.555426 0
    outer loop
      vertex 75.6513 -41.9651 0
      vertex 75.5278 -42.15 2.5
      vertex 75.5278 -42.15 0
    endloop
  endfacet
  facet normal 0.98077 -0.195165 0
    outer loop
      vertex 75.3145 -42.7781 2.5
      vertex 75.3579 -42.56 0
      vertex 75.3579 -42.56 2.5
    endloop
  endfacet
  facet normal 0.98077 -0.195165 0
    outer loop
      vertex 75.3579 -42.56 0
      vertex 75.3145 -42.7781 2.5
      vertex 75.3145 -42.7781 0
    endloop
  endfacet
  facet normal 0.44253 -0.896754 0
    outer loop
      vertex 76.15 -41.5278 0
      vertex 76.3494 -41.4294 2.5
      vertex 76.15 -41.5278 2.5
    endloop
  endfacet
  facet normal 0.44253 -0.896754 0
    outer loop
      vertex 76.3494 -41.4294 2.5
      vertex 76.15 -41.5278 0
      vertex 76.3494 -41.4294 0
    endloop
  endfacet
  facet normal 0.555426 -0.831566 0
    outer loop
      vertex 75.9651 -41.6513 0
      vertex 76.15 -41.5278 2.5
      vertex 75.9651 -41.6513 2.5
    endloop
  endfacet
  facet normal 0.555426 -0.831566 0
    outer loop
      vertex 76.15 -41.5278 2.5
      vertex 75.9651 -41.6513 0
      vertex 76.15 -41.5278 0
    endloop
  endfacet
  facet normal 0.0652057 -0.997872 0
    outer loop
      vertex 76.7781 -41.3145 0
      vertex 77 -41.3 2.5
      vertex 76.7781 -41.3145 2.5
    endloop
  endfacet
  facet normal 0.0652057 -0.997872 0
    outer loop
      vertex 77 -41.3 2.5
      vertex 76.7781 -41.3145 0
      vertex 77 -41.3 0
    endloop
  endfacet
  facet normal -0.997872 0.0652057 0
    outer loop
      vertex 78.6855 -43.2219 0
      vertex 78.7 -43 2.5
      vertex 78.7 -43 0
    endloop
  endfacet
  facet normal -0.997872 0.0652057 0
    outer loop
      vertex 78.7 -43 2.5
      vertex 78.6855 -43.2219 0
      vertex 78.6855 -43.2219 2.5
    endloop
  endfacet
  facet normal -0.0652057 0.997872 0
    outer loop
      vertex 77.2219 -44.6855 0
      vertex 77 -44.7 2.5
      vertex 77.2219 -44.6855 2.5
    endloop
  endfacet
  facet normal -0.0652057 0.997872 0
    outer loop
      vertex 77 -44.7 2.5
      vertex 77.2219 -44.6855 0
      vertex 77 -44.7 0
    endloop
  endfacet
  facet normal -0.321484 0.946915 0
    outer loop
      vertex 77.6506 -44.5706 0
      vertex 77.44 -44.6421 2.5
      vertex 77.6506 -44.5706 2.5
    endloop
  endfacet
  facet normal -0.321484 0.946915 0
    outer loop
      vertex 77.44 -44.6421 2.5
      vertex 77.6506 -44.5706 0
      vertex 77.44 -44.6421 0
    endloop
  endfacet
  facet normal -0.659268 0.751908 0
    outer loop
      vertex 78.2021 -44.2021 0
      vertex 78.0349 -44.3487 2.5
      vertex 78.2021 -44.2021 2.5
    endloop
  endfacet
  facet normal -0.659268 0.751908 0
    outer loop
      vertex 78.0349 -44.3487 2.5
      vertex 78.2021 -44.2021 0
      vertex 78.0349 -44.3487 0
    endloop
  endfacet
  facet normal -0.44253 0.896754 0
    outer loop
      vertex 77.85 -44.4722 0
      vertex 77.6506 -44.5706 2.5
      vertex 77.85 -44.4722 2.5
    endloop
  endfacet
  facet normal -0.44253 0.896754 0
    outer loop
      vertex 77.6506 -44.5706 2.5
      vertex 77.85 -44.4722 0
      vertex 77.6506 -44.5706 0
    endloop
  endfacet
  facet normal -0.831566 0.555426 0
    outer loop
      vertex 78.3487 -44.0349 0
      vertex 78.4722 -43.85 2.5
      vertex 78.4722 -43.85 0
    endloop
  endfacet
  facet normal -0.831566 0.555426 0
    outer loop
      vertex 78.4722 -43.85 2.5
      vertex 78.3487 -44.0349 0
      vertex 78.3487 -44.0349 2.5
    endloop
  endfacet
  facet normal -0.946915 0.321484 0
    outer loop
      vertex 78.5706 -43.6506 0
      vertex 78.6421 -43.44 2.5
      vertex 78.6421 -43.44 0
    endloop
  endfacet
  facet normal -0.946915 0.321484 0
    outer loop
      vertex 78.6421 -43.44 2.5
      vertex 78.5706 -43.6506 0
      vertex 78.5706 -43.6506 2.5
    endloop
  endfacet
  facet normal 0.555426 0.831566 -0
    outer loop
      vertex 76.15 -44.4722 0
      vertex 75.9651 -44.3487 2.5
      vertex 76.15 -44.4722 2.5
    endloop
  endfacet
  facet normal 0.555426 0.831566 0
    outer loop
      vertex 75.9651 -44.3487 2.5
      vertex 76.15 -44.4722 0
      vertex 75.9651 -44.3487 0
    endloop
  endfacet
  facet normal 0.195165 0.98077 -0
    outer loop
      vertex 76.7781 -44.6855 0
      vertex 76.56 -44.6421 2.5
      vertex 76.7781 -44.6855 2.5
    endloop
  endfacet
  facet normal 0.195165 0.98077 0
    outer loop
      vertex 76.56 -44.6421 2.5
      vertex 76.7781 -44.6855 0
      vertex 76.56 -44.6421 0
    endloop
  endfacet
  facet normal 0.896754 0.44253 0
    outer loop
      vertex 75.5278 -43.85 2.5
      vertex 75.4294 -43.6506 0
      vertex 75.4294 -43.6506 2.5
    endloop
  endfacet
  facet normal 0.896754 0.44253 0
    outer loop
      vertex 75.4294 -43.6506 0
      vertex 75.5278 -43.85 2.5
      vertex 75.5278 -43.85 0
    endloop
  endfacet
  facet normal 0.946915 0.321484 0
    outer loop
      vertex 75.4294 -43.6506 2.5
      vertex 75.3579 -43.44 0
      vertex 75.3579 -43.44 2.5
    endloop
  endfacet
  facet normal 0.946915 0.321484 0
    outer loop
      vertex 75.3579 -43.44 0
      vertex 75.4294 -43.6506 2.5
      vertex 75.4294 -43.6506 0
    endloop
  endfacet
  facet normal 0.997872 0.0652057 0
    outer loop
      vertex 75.3145 -43.2219 2.5
      vertex 75.3 -43 0
      vertex 75.3 -43 2.5
    endloop
  endfacet
  facet normal 0.997872 0.0652057 0
    outer loop
      vertex 75.3 -43 0
      vertex 75.3145 -43.2219 2.5
      vertex 75.3145 -43.2219 0
    endloop
  endfacet
  facet normal -0.195165 0.98077 0
    outer loop
      vertex 77.44 -44.6421 0
      vertex 77.2219 -44.6855 2.5
      vertex 77.44 -44.6421 2.5
    endloop
  endfacet
  facet normal -0.195165 0.98077 0
    outer loop
      vertex 77.2219 -44.6855 2.5
      vertex 77.44 -44.6421 0
      vertex 77.2219 -44.6855 0
    endloop
  endfacet
  facet normal -0.751908 0.659268 0
    outer loop
      vertex 78.2021 -44.2021 0
      vertex 78.3487 -44.0349 2.5
      vertex 78.3487 -44.0349 0
    endloop
  endfacet
  facet normal -0.751908 0.659268 0
    outer loop
      vertex 78.3487 -44.0349 2.5
      vertex 78.2021 -44.2021 0
      vertex 78.2021 -44.2021 2.5
    endloop
  endfacet
  facet normal -0.555426 0.831566 0
    outer loop
      vertex 78.0349 -44.3487 0
      vertex 77.85 -44.4722 2.5
      vertex 78.0349 -44.3487 2.5
    endloop
  endfacet
  facet normal -0.555426 0.831566 0
    outer loop
      vertex 77.85 -44.4722 2.5
      vertex 78.0349 -44.3487 0
      vertex 77.85 -44.4722 0
    endloop
  endfacet
  facet normal -0.896754 0.44253 0
    outer loop
      vertex 78.4722 -43.85 0
      vertex 78.5706 -43.6506 2.5
      vertex 78.5706 -43.6506 0
    endloop
  endfacet
  facet normal -0.896754 0.44253 0
    outer loop
      vertex 78.5706 -43.6506 2.5
      vertex 78.4722 -43.85 0
      vertex 78.4722 -43.85 2.5
    endloop
  endfacet
  facet normal 0.44253 0.896754 -0
    outer loop
      vertex 76.3494 -44.5706 0
      vertex 76.15 -44.4722 2.5
      vertex 76.3494 -44.5706 2.5
    endloop
  endfacet
  facet normal 0.44253 0.896754 0
    outer loop
      vertex 76.15 -44.4722 2.5
      vertex 76.3494 -44.5706 0
      vertex 76.15 -44.4722 0
    endloop
  endfacet
  facet normal 0.0652057 0.997872 -0
    outer loop
      vertex 77 -44.7 0
      vertex 76.7781 -44.6855 2.5
      vertex 77 -44.7 2.5
    endloop
  endfacet
  facet normal 0.0652057 0.997872 0
    outer loop
      vertex 76.7781 -44.6855 2.5
      vertex 77 -44.7 0
      vertex 76.7781 -44.6855 0
    endloop
  endfacet
  facet normal 0.831566 0.555426 0
    outer loop
      vertex 75.6513 -44.0349 2.5
      vertex 75.5278 -43.85 0
      vertex 75.5278 -43.85 2.5
    endloop
  endfacet
  facet normal 0.831566 0.555426 0
    outer loop
      vertex 75.5278 -43.85 0
      vertex 75.6513 -44.0349 2.5
      vertex 75.6513 -44.0349 0
    endloop
  endfacet
  facet normal 0.98077 0.195165 0
    outer loop
      vertex 75.3579 -43.44 2.5
      vertex 75.3145 -43.2219 0
      vertex 75.3145 -43.2219 2.5
    endloop
  endfacet
  facet normal 0.98077 0.195165 0
    outer loop
      vertex 75.3145 -43.2219 0
      vertex 75.3579 -43.44 2.5
      vertex 75.3579 -43.44 0
    endloop
  endfacet
  facet normal -0.997872 -0.0652057 0
    outer loop
      vertex 78.7 43 0
      vertex 78.6855 43.2219 2.5
      vertex 78.6855 43.2219 0
    endloop
  endfacet
  facet normal -0.997872 -0.0652057 0
    outer loop
      vertex 78.6855 43.2219 2.5
      vertex 78.7 43 0
      vertex 78.7 43 2.5
    endloop
  endfacet
  facet normal 0.0652057 -0.997872 0
    outer loop
      vertex 76.7781 44.6855 0
      vertex 77 44.7 2.5
      vertex 76.7781 44.6855 2.5
    endloop
  endfacet
  facet normal 0.0652057 -0.997872 0
    outer loop
      vertex 77 44.7 2.5
      vertex 76.7781 44.6855 0
      vertex 77 44.7 0
    endloop
  endfacet
  facet normal -0.0652057 0.997872 0
    outer loop
      vertex 77.2219 41.3145 0
      vertex 77 41.3 2.5
      vertex 77.2219 41.3145 2.5
    endloop
  endfacet
  facet normal -0.0652057 0.997872 0
    outer loop
      vertex 77 41.3 2.5
      vertex 77.2219 41.3145 0
      vertex 77 41.3 0
    endloop
  endfacet
  facet normal -0.659268 -0.751908 0
    outer loop
      vertex 78.0349 44.3487 0
      vertex 78.2021 44.2021 2.5
      vertex 78.0349 44.3487 2.5
    endloop
  endfacet
  facet normal -0.659268 -0.751908 -0
    outer loop
      vertex 78.2021 44.2021 2.5
      vertex 78.0349 44.3487 0
      vertex 78.2021 44.2021 0
    endloop
  endfacet
  facet normal 0.751908 -0.659268 0
    outer loop
      vertex 75.6513 44.0349 2.5
      vertex 75.7979 44.2021 0
      vertex 75.7979 44.2021 2.5
    endloop
  endfacet
  facet normal 0.751908 -0.659268 0
    outer loop
      vertex 75.7979 44.2021 0
      vertex 75.6513 44.0349 2.5
      vertex 75.6513 44.0349 0
    endloop
  endfacet
  facet normal 0.44253 -0.896754 0
    outer loop
      vertex 76.15 44.4722 0
      vertex 76.3494 44.5706 2.5
      vertex 76.15 44.4722 2.5
    endloop
  endfacet
  facet normal 0.44253 -0.896754 0
    outer loop
      vertex 76.3494 44.5706 2.5
      vertex 76.15 44.4722 0
      vertex 76.3494 44.5706 0
    endloop
  endfacet
  facet normal -0.896754 -0.44253 0
    outer loop
      vertex 78.5706 43.6506 0
      vertex 78.4722 43.85 2.5
      vertex 78.4722 43.85 0
    endloop
  endfacet
  facet normal -0.896754 -0.44253 0
    outer loop
      vertex 78.4722 43.85 2.5
      vertex 78.5706 43.6506 0
      vertex 78.5706 43.6506 2.5
    endloop
  endfacet
  facet normal -0.98077 -0.195165 0
    outer loop
      vertex 78.6855 43.2219 0
      vertex 78.6421 43.44 2.5
      vertex 78.6421 43.44 0
    endloop
  endfacet
  facet normal -0.98077 -0.195165 0
    outer loop
      vertex 78.6421 43.44 2.5
      vertex 78.6855 43.2219 0
      vertex 78.6855 43.2219 2.5
    endloop
  endfacet
  facet normal -0.831566 -0.555426 0
    outer loop
      vertex 78.4722 43.85 0
      vertex 78.3487 44.0349 2.5
      vertex 78.3487 44.0349 0
    endloop
  endfacet
  facet normal -0.831566 -0.555426 0
    outer loop
      vertex 78.3487 44.0349 2.5
      vertex 78.4722 43.85 0
      vertex 78.4722 43.85 2.5
    endloop
  endfacet
  facet normal -0.321484 -0.946915 0
    outer loop
      vertex 77.44 44.6421 0
      vertex 77.6506 44.5706 2.5
      vertex 77.44 44.6421 2.5
    endloop
  endfacet
  facet normal -0.321484 -0.946915 -0
    outer loop
      vertex 77.6506 44.5706 2.5
      vertex 77.44 44.6421 0
      vertex 77.6506 44.5706 0
    endloop
  endfacet
  facet normal -0.44253 -0.896754 0
    outer loop
      vertex 77.6506 44.5706 0
      vertex 77.85 44.4722 2.5
      vertex 77.6506 44.5706 2.5
    endloop
  endfacet
  facet normal -0.44253 -0.896754 -0
    outer loop
      vertex 77.85 44.4722 2.5
      vertex 77.6506 44.5706 0
      vertex 77.85 44.4722 0
    endloop
  endfacet
  facet normal 0.946915 -0.321484 0
    outer loop
      vertex 75.3579 43.44 2.5
      vertex 75.4294 43.6506 0
      vertex 75.4294 43.6506 2.5
    endloop
  endfacet
  facet normal 0.946915 -0.321484 0
    outer loop
      vertex 75.4294 43.6506 0
      vertex 75.3579 43.44 2.5
      vertex 75.3579 43.44 0
    endloop
  endfacet
  facet normal 0.555426 -0.831566 0
    outer loop
      vertex 75.9651 44.3487 0
      vertex 76.15 44.4722 2.5
      vertex 75.9651 44.3487 2.5
    endloop
  endfacet
  facet normal 0.555426 -0.831566 0
    outer loop
      vertex 76.15 44.4722 2.5
      vertex 75.9651 44.3487 0
      vertex 76.15 44.4722 0
    endloop
  endfacet
  facet normal 0.195165 -0.98077 0
    outer loop
      vertex 76.56 44.6421 0
      vertex 76.7781 44.6855 2.5
      vertex 76.56 44.6421 2.5
    endloop
  endfacet
  facet normal 0.195165 -0.98077 0
    outer loop
      vertex 76.7781 44.6855 2.5
      vertex 76.56 44.6421 0
      vertex 76.7781 44.6855 0
    endloop
  endfacet
  facet normal -0.946915 -0.321484 0
    outer loop
      vertex 78.6421 43.44 0
      vertex 78.5706 43.6506 2.5
      vertex 78.5706 43.6506 0
    endloop
  endfacet
  facet normal -0.946915 -0.321484 0
    outer loop
      vertex 78.5706 43.6506 2.5
      vertex 78.6421 43.44 0
      vertex 78.6421 43.44 2.5
    endloop
  endfacet
  facet normal -0.751908 -0.659268 0
    outer loop
      vertex 78.3487 44.0349 0
      vertex 78.2021 44.2021 2.5
      vertex 78.2021 44.2021 0
    endloop
  endfacet
  facet normal -0.751908 -0.659268 0
    outer loop
      vertex 78.2021 44.2021 2.5
      vertex 78.3487 44.0349 0
      vertex 78.3487 44.0349 2.5
    endloop
  endfacet
  facet normal -0.195165 -0.98077 0
    outer loop
      vertex 77.2219 44.6855 0
      vertex 77.44 44.6421 2.5
      vertex 77.2219 44.6855 2.5
    endloop
  endfacet
  facet normal -0.195165 -0.98077 -0
    outer loop
      vertex 77.44 44.6421 2.5
      vertex 77.2219 44.6855 0
      vertex 77.44 44.6421 0
    endloop
  endfacet
  facet normal -0.0652057 -0.997872 0
    outer loop
      vertex 77 44.7 0
      vertex 77.2219 44.6855 2.5
      vertex 77 44.7 2.5
    endloop
  endfacet
  facet normal -0.0652057 -0.997872 -0
    outer loop
      vertex 77.2219 44.6855 2.5
      vertex 77 44.7 0
      vertex 77.2219 44.6855 0
    endloop
  endfacet
  facet normal -0.555426 -0.831566 0
    outer loop
      vertex 77.85 44.4722 0
      vertex 78.0349 44.3487 2.5
      vertex 77.85 44.4722 2.5
    endloop
  endfacet
  facet normal -0.555426 -0.831566 -0
    outer loop
      vertex 78.0349 44.3487 2.5
      vertex 77.85 44.4722 0
      vertex 78.0349 44.3487 0
    endloop
  endfacet
  facet normal 0.896754 -0.44253 0
    outer loop
      vertex 75.4294 43.6506 2.5
      vertex 75.5278 43.85 0
      vertex 75.5278 43.85 2.5
    endloop
  endfacet
  facet normal 0.896754 -0.44253 0
    outer loop
      vertex 75.5278 43.85 0
      vertex 75.4294 43.6506 2.5
      vertex 75.4294 43.6506 0
    endloop
  endfacet
  facet normal 0.831566 -0.555426 0
    outer loop
      vertex 75.5278 43.85 2.5
      vertex 75.6513 44.0349 0
      vertex 75.6513 44.0349 2.5
    endloop
  endfacet
  facet normal 0.831566 -0.555426 0
    outer loop
      vertex 75.6513 44.0349 0
      vertex 75.5278 43.85 2.5
      vertex 75.5278 43.85 0
    endloop
  endfacet
  facet normal 0.98077 -0.195165 0
    outer loop
      vertex 75.3145 43.2219 2.5
      vertex 75.3579 43.44 0
      vertex 75.3579 43.44 2.5
    endloop
  endfacet
  facet normal 0.98077 -0.195165 0
    outer loop
      vertex 75.3579 43.44 0
      vertex 75.3145 43.2219 2.5
      vertex 75.3145 43.2219 0
    endloop
  endfacet
  facet normal 0.997872 -0.0652057 0
    outer loop
      vertex 75.3 43 2.5
      vertex 75.3145 43.2219 0
      vertex 75.3145 43.2219 2.5
    endloop
  endfacet
  facet normal 0.997872 -0.0652057 0
    outer loop
      vertex 75.3145 43.2219 0
      vertex 75.3 43 2.5
      vertex 75.3 43 0
    endloop
  endfacet
  facet normal 0.997872 0.0652057 0
    outer loop
      vertex 75.3145 42.7781 2.5
      vertex 75.3 43 0
      vertex 75.3 43 2.5
    endloop
  endfacet
  facet normal 0.997872 0.0652057 0
    outer loop
      vertex 75.3 43 0
      vertex 75.3145 42.7781 2.5
      vertex 75.3145 42.7781 0
    endloop
  endfacet
  facet normal 0.659268 -0.751908 0
    outer loop
      vertex 75.7979 44.2021 0
      vertex 75.9651 44.3487 2.5
      vertex 75.7979 44.2021 2.5
    endloop
  endfacet
  facet normal 0.659268 -0.751908 0
    outer loop
      vertex 75.9651 44.3487 2.5
      vertex 75.7979 44.2021 0
      vertex 75.9651 44.3487 0
    endloop
  endfacet
  facet normal 0.321484 -0.946915 0
    outer loop
      vertex 76.3494 44.5706 0
      vertex 76.56 44.6421 2.5
      vertex 76.3494 44.5706 2.5
    endloop
  endfacet
  facet normal 0.321484 -0.946915 0
    outer loop
      vertex 76.56 44.6421 2.5
      vertex 76.3494 44.5706 0
      vertex 76.56 44.6421 0
    endloop
  endfacet
  facet normal -0.946915 0.321484 0
    outer loop
      vertex 78.5706 42.3494 0
      vertex 78.6421 42.56 2.5
      vertex 78.6421 42.56 0
    endloop
  endfacet
  facet normal -0.946915 0.321484 0
    outer loop
      vertex 78.6421 42.56 2.5
      vertex 78.5706 42.3494 0
      vertex 78.5706 42.3494 2.5
    endloop
  endfacet
  facet normal -0.98077 0.195165 0
    outer loop
      vertex 78.6421 42.56 0
      vertex 78.6855 42.7781 2.5
      vertex 78.6855 42.7781 0
    endloop
  endfacet
  facet normal -0.98077 0.195165 0
    outer loop
      vertex 78.6855 42.7781 2.5
      vertex 78.6421 42.56 0
      vertex 78.6421 42.56 2.5
    endloop
  endfacet
  facet normal 0.555426 0.831566 -0
    outer loop
      vertex 76.15 41.5278 0
      vertex 75.9651 41.6513 2.5
      vertex 76.15 41.5278 2.5
    endloop
  endfacet
  facet normal 0.555426 0.831566 0
    outer loop
      vertex 75.9651 41.6513 2.5
      vertex 76.15 41.5278 0
      vertex 75.9651 41.6513 0
    endloop
  endfacet
  facet normal 0.831566 0.555426 0
    outer loop
      vertex 75.6513 41.9651 2.5
      vertex 75.5278 42.15 0
      vertex 75.5278 42.15 2.5
    endloop
  endfacet
  facet normal 0.831566 0.555426 0
    outer loop
      vertex 75.5278 42.15 0
      vertex 75.6513 41.9651 2.5
      vertex 75.6513 41.9651 0
    endloop
  endfacet
  facet normal 0.751908 0.659268 0
    outer loop
      vertex 75.7979 41.7979 2.5
      vertex 75.6513 41.9651 0
      vertex 75.6513 41.9651 2.5
    endloop
  endfacet
  facet normal 0.751908 0.659268 0
    outer loop
      vertex 75.6513 41.9651 0
      vertex 75.7979 41.7979 2.5
      vertex 75.7979 41.7979 0
    endloop
  endfacet
  facet normal 0.98077 0.195165 0
    outer loop
      vertex 75.3579 42.56 2.5
      vertex 75.3145 42.7781 0
      vertex 75.3145 42.7781 2.5
    endloop
  endfacet
  facet normal 0.98077 0.195165 0
    outer loop
      vertex 75.3145 42.7781 0
      vertex 75.3579 42.56 2.5
      vertex 75.3579 42.56 0
    endloop
  endfacet
  facet normal -0.555426 0.831566 0
    outer loop
      vertex 78.0349 41.6513 0
      vertex 77.85 41.5278 2.5
      vertex 78.0349 41.6513 2.5
    endloop
  endfacet
  facet normal -0.555426 0.831566 0
    outer loop
      vertex 77.85 41.5278 2.5
      vertex 78.0349 41.6513 0
      vertex 77.85 41.5278 0
    endloop
  endfacet
  facet normal -0.831566 0.555426 0
    outer loop
      vertex 78.3487 41.9651 0
      vertex 78.4722 42.15 2.5
      vertex 78.4722 42.15 0
    endloop
  endfacet
  facet normal -0.831566 0.555426 0
    outer loop
      vertex 78.4722 42.15 2.5
      vertex 78.3487 41.9651 0
      vertex 78.3487 41.9651 2.5
    endloop
  endfacet
  facet normal -0.997872 0.0652057 0
    outer loop
      vertex 78.6855 42.7781 0
      vertex 78.7 43 2.5
      vertex 78.7 43 0
    endloop
  endfacet
  facet normal -0.997872 0.0652057 0
    outer loop
      vertex 78.7 43 2.5
      vertex 78.6855 42.7781 0
      vertex 78.6855 42.7781 2.5
    endloop
  endfacet
  facet normal 0.195165 0.98077 -0
    outer loop
      vertex 76.7781 41.3145 0
      vertex 76.56 41.3579 2.5
      vertex 76.7781 41.3145 2.5
    endloop
  endfacet
  facet normal 0.195165 0.98077 0
    outer loop
      vertex 76.56 41.3579 2.5
      vertex 76.7781 41.3145 0
      vertex 76.56 41.3579 0
    endloop
  endfacet
  facet normal 0.659268 0.751908 -0
    outer loop
      vertex 75.9651 41.6513 0
      vertex 75.7979 41.7979 2.5
      vertex 75.9651 41.6513 2.5
    endloop
  endfacet
  facet normal 0.659268 0.751908 0
    outer loop
      vertex 75.7979 41.7979 2.5
      vertex 75.9651 41.6513 0
      vertex 75.7979 41.7979 0
    endloop
  endfacet
  facet normal 0.946915 0.321484 0
    outer loop
      vertex 75.4294 42.3494 2.5
      vertex 75.3579 42.56 0
      vertex 75.3579 42.56 2.5
    endloop
  endfacet
  facet normal 0.946915 0.321484 0
    outer loop
      vertex 75.3579 42.56 0
      vertex 75.4294 42.3494 2.5
      vertex 75.4294 42.3494 0
    endloop
  endfacet
  facet normal 0.896754 0.44253 0
    outer loop
      vertex 75.5278 42.15 2.5
      vertex 75.4294 42.3494 0
      vertex 75.4294 42.3494 2.5
    endloop
  endfacet
  facet normal 0.896754 0.44253 0
    outer loop
      vertex 75.4294 42.3494 0
      vertex 75.5278 42.15 2.5
      vertex 75.5278 42.15 0
    endloop
  endfacet
  facet normal -0.659268 0.751908 0
    outer loop
      vertex 78.2021 41.7979 0
      vertex 78.0349 41.6513 2.5
      vertex 78.2021 41.7979 2.5
    endloop
  endfacet
  facet normal -0.659268 0.751908 0
    outer loop
      vertex 78.0349 41.6513 2.5
      vertex 78.2021 41.7979 0
      vertex 78.0349 41.6513 0
    endloop
  endfacet
  facet normal -0.44253 0.896754 0
    outer loop
      vertex 77.85 41.5278 0
      vertex 77.6506 41.4294 2.5
      vertex 77.85 41.5278 2.5
    endloop
  endfacet
  facet normal -0.44253 0.896754 0
    outer loop
      vertex 77.6506 41.4294 2.5
      vertex 77.85 41.5278 0
      vertex 77.6506 41.4294 0
    endloop
  endfacet
  facet normal -0.321484 0.946915 0
    outer loop
      vertex 77.6506 41.4294 0
      vertex 77.44 41.3579 2.5
      vertex 77.6506 41.4294 2.5
    endloop
  endfacet
  facet normal -0.321484 0.946915 0
    outer loop
      vertex 77.44 41.3579 2.5
      vertex 77.6506 41.4294 0
      vertex 77.44 41.3579 0
    endloop
  endfacet
  facet normal -0.195165 0.98077 0
    outer loop
      vertex 77.44 41.3579 0
      vertex 77.2219 41.3145 2.5
      vertex 77.44 41.3579 2.5
    endloop
  endfacet
  facet normal -0.195165 0.98077 0
    outer loop
      vertex 77.2219 41.3145 2.5
      vertex 77.44 41.3579 0
      vertex 77.2219 41.3145 0
    endloop
  endfacet
  facet normal -0.896754 0.44253 0
    outer loop
      vertex 78.4722 42.15 0
      vertex 78.5706 42.3494 2.5
      vertex 78.5706 42.3494 0
    endloop
  endfacet
  facet normal -0.896754 0.44253 0
    outer loop
      vertex 78.5706 42.3494 2.5
      vertex 78.4722 42.15 0
      vertex 78.4722 42.15 2.5
    endloop
  endfacet
  facet normal 0.321484 0.946915 -0
    outer loop
      vertex 76.56 41.3579 0
      vertex 76.3494 41.4294 2.5
      vertex 76.56 41.3579 2.5
    endloop
  endfacet
  facet normal 0.321484 0.946915 0
    outer loop
      vertex 76.3494 41.4294 2.5
      vertex 76.56 41.3579 0
      vertex 76.3494 41.4294 0
    endloop
  endfacet
  facet normal -0.751908 0.659268 0
    outer loop
      vertex 78.2021 41.7979 0
      vertex 78.3487 41.9651 2.5
      vertex 78.3487 41.9651 0
    endloop
  endfacet
  facet normal -0.751908 0.659268 0
    outer loop
      vertex 78.3487 41.9651 2.5
      vertex 78.2021 41.7979 0
      vertex 78.2021 41.7979 2.5
    endloop
  endfacet
  facet normal 0.0652057 0.997872 -0
    outer loop
      vertex 77 41.3 0
      vertex 76.7781 41.3145 2.5
      vertex 77 41.3 2.5
    endloop
  endfacet
  facet normal 0.0652057 0.997872 0
    outer loop
      vertex 76.7781 41.3145 2.5
      vertex 77 41.3 0
      vertex 76.7781 41.3145 0
    endloop
  endfacet
  facet normal 0.44253 0.896754 -0
    outer loop
      vertex 76.3494 41.4294 0
      vertex 76.15 41.5278 2.5
      vertex 76.3494 41.4294 2.5
    endloop
  endfacet
  facet normal 0.44253 0.896754 0
    outer loop
      vertex 76.15 41.5278 2.5
      vertex 76.3494 41.4294 0
      vertex 76.15 41.5278 0
    endloop
  endfacet
  facet normal 0 -1 0
    outer loop
      vertex -80.1 -49.6 2.5
      vertex -4 -49.6 1.25
      vertex 80.1 -49.6 2.5
    endloop
  endfacet
  facet normal 0 -1 0
    outer loop
      vertex -80.1 -49.6 0
      vertex -4 -49.6 1.25
      vertex -80.1 -49.6 2.5
    endloop
  endfacet
  facet normal 0 -1 -0
    outer loop
      vertex -4 -49.6 1.25
      vertex -80.1 -49.6 0
      vertex -4 -49.6 0
    endloop
  endfacet
  facet normal 0 -1 0
    outer loop
      vertex 4 -49.6 1.25
      vertex 80.1 -49.6 2.5
      vertex -4 -49.6 1.25
    endloop
  endfacet
  facet normal 0 -1 0
    outer loop
      vertex 80.1 -49.6 0
      vertex 4 -49.6 1.25
      vertex 4 -49.6 0
    endloop
  endfacet
  facet normal 0 -1 0
    outer loop
      vertex 4 -49.6 1.25
      vertex 80.1 -49.6 0
      vertex 80.1 -49.6 2.5
    endloop
  endfacet
  facet normal 0.0653156 -0.997865 0
    outer loop
      vertex 80.1 -49.6 0
      vertex 80.5568 -49.5701 2.5
      vertex 80.1 -49.6 2.5
    endloop
  endfacet
  facet normal 0.0653156 -0.997865 0
    outer loop
      vertex 80.5568 -49.5701 2.5
      vertex 80.1 -49.6 0
      vertex 80.5568 -49.5701 0
    endloop
  endfacet
  facet normal 0.195234 -0.980757 0
    outer loop
      vertex 80.5568 -49.5701 0
      vertex 81.0059 -49.4807 2.5
      vertex 80.5568 -49.5701 2.5
    endloop
  endfacet
  facet normal 0.195234 -0.980757 0
    outer loop
      vertex 81.0059 -49.4807 2.5
      vertex 80.5568 -49.5701 0
      vertex 81.0059 -49.4807 0
    endloop
  endfacet
  facet normal -0 0 1
    outer loop
      vertex -76.15 41.5278 2.5
      vertex -49 15.1 2.5
      vertex -75.9651 41.6513 2.5
    endloop
  endfacet
  facet normal 0 0 1
    outer loop
      vertex -49 0.0999994 2.5
      vertex -75.3145 -42.7781 2.5
      vertex -75.3 -43 2.5
    endloop
  endfacet
  facet normal -0 0 1
    outer loop
      vertex -76.3494 41.4294 2.5
      vertex -49 15.1 2.5
      vertex -76.15 41.5278 2.5
    endloop
  endfacet
  facet normal 0 0 1
    outer loop
      vertex -49 0.0999994 2.5
      vertex -75.3579 -42.56 2.5
      vertex -75.3145 -42.7781 2.5
    endloop
  endfacet
  facet normal -0 0 1
    outer loop
      vertex -76.56 41.3579 2.5
      vertex -49 15.1 2.5
      vertex -76.3494 41.4294 2.5
    endloop
  endfacet
  facet normal 0 0 1
    outer loop
      vertex -49 0.0999994 2.5
      vertex -75.4294 -42.3494 2.5
      vertex -75.3579 -42.56 2.5
    endloop
  endfacet
  facet normal -0 0 1
    outer loop
      vertex -76.7781 41.3145 2.5
      vertex -49 15.1 2.5
      vertex -76.56 41.3579 2.5
    endloop
  endfacet
  facet normal 0 0 1
    outer loop
      vertex -49 0.0999994 2.5
      vertex -75.5278 -42.15 2.5
      vertex -75.4294 -42.3494 2.5
    endloop
  endfacet
  facet normal -0 0 1
    outer loop
      vertex -77 41.3 2.5
      vertex -49 15.1 2.5
      vertex -76.7781 41.3145 2.5
    endloop
  endfacet
  facet normal 0 0 1
    outer loop
      vertex -49 0.0999994 2.5
      vertex -75.6513 -41.9651 2.5
      vertex -75.5278 -42.15 2.5
    endloop
  endfacet
  facet normal 0 0 1
    outer loop
      vertex -49 15.1 2.5
      vertex -77 41.3 2.5
      vertex -49 13.9 2.5
    endloop
  endfacet
  facet normal 0 0 1
    outer loop
      vertex -49 0.0999994 2.5
      vertex -75.7979 -41.7979 2.5
      vertex -75.6513 -41.9651 2.5
    endloop
  endfacet
  facet normal 0 0 1
    outer loop
      vertex -49 13.9 2.5
      vertex -77 41.3 2.5
      vertex -49 10.1 2.5
    endloop
  endfacet
  facet normal 0 0 1
    outer loop
      vertex -49 0.0999994 2.5
      vertex -75.9651 -41.6513 2.5
      vertex -75.7979 -41.7979 2.5
    endloop
  endfacet
  facet normal 0 0 1
    outer loop
      vertex -77.2219 41.3145 2.5
      vertex -49 10.1 2.5
      vertex -77 41.3 2.5
    endloop
  endfacet
  facet normal 0 0 1
    outer loop
      vertex -49 0.0999994 2.5
      vertex -76.15 -41.5278 2.5
      vertex -75.9651 -41.6513 2.5
    endloop
  endfacet
  facet normal 0 0 1
    outer loop
      vertex -49 10.1 2.5
      vertex -77.2219 41.3145 2.5
      vertex -49 8.9 2.5
    endloop
  endfacet
  facet normal 0 0 1
    outer loop
      vertex -49 0.0999994 2.5
      vertex -76.3494 -41.4294 2.5
      vertex -76.15 -41.5278 2.5
    endloop
  endfacet
  facet normal 0 0 1
    outer loop
      vertex -49 8.9 2.5
      vertex -77.2219 41.3145 2.5
      vertex -49 5.1 2.5
    endloop
  endfacet
  facet normal 0 0 1
    outer loop
      vertex -49 0.0999994 2.5
      vertex -76.56 -41.3579 2.5
      vertex -76.3494 -41.4294 2.5
    endloop
  endfacet
  facet normal 0 0 1
    outer loop
      vertex -77.44 41.3579 2.5
      vertex -49 5.1 2.5
      vertex -77.2219 41.3145 2.5
    endloop
  endfacet
  facet normal 0 0 1
    outer loop
      vertex -49 0.0999994 2.5
      vertex -76.7781 -41.3145 2.5
      vertex -76.56 -41.3579 2.5
    endloop
  endfacet
  facet normal 0 0 1
    outer loop
      vertex -49 5.1 2.5
      vertex -77.44 41.3579 2.5
      vertex -49 3.9 2.5
    endloop
  endfacet
  facet normal 0 0 1
    outer loop
      vertex -49 0.0999994 2.5
      vertex -77 -41.3 2.5
      vertex -76.7781 -41.3145 2.5
    endloop
  endfacet
  facet normal 0 0 1
    outer loop
      vertex -49 3.9 2.5
      vertex -77.44 41.3579 2.5
      vertex -49 0.0999994 2.5
    endloop
  endfacet
  facet normal 0 0 1
    outer loop
      vertex -49 0.0999994 2.5
      vertex -77.2219 -41.3145 2.5
      vertex -77 -41.3 2.5
    endloop
  endfacet
  facet normal 0 0 1
    outer loop
      vertex -77.6506 41.4294 2.5
      vertex -49 0.0999994 2.5
      vertex -77.44 41.3579 2.5
    endloop
  endfacet
  facet normal 0 0 1
    outer loop
      vertex -49 0.0999994 2.5
      vertex -77.44 -41.3579 2.5
      vertex -77.2219 -41.3145 2.5
    endloop
  endfacet
  facet normal 0 0 1
    outer loop
      vertex -77.6506 -41.4294 2.5
      vertex -49 0.0999994 2.5
      vertex -77.6506 41.4294 2.5
    endloop
  endfacet
  facet normal 0 0 1
    outer loop
      vertex -49 0.0999994 2.5
      vertex -77.6506 -41.4294 2.5
      vertex -77.44 -41.3579 2.5
    endloop
  endfacet
  facet normal 0 0 1
    outer loop
      vertex -77.85 41.5278 2.5
      vertex -77.6506 -41.4294 2.5
      vertex -77.6506 41.4294 2.5
    endloop
  endfacet
  facet normal 0 0 1
    outer loop
      vertex -77.85 41.5278 2.5
      vertex -77.85 -41.5278 2.5
      vertex -77.6506 -41.4294 2.5
    endloop
  endfacet
  facet normal 0 0 1
    outer loop
      vertex -78.0349 41.6513 2.5
      vertex -77.85 -41.5278 2.5
      vertex -77.85 41.5278 2.5
    endloop
  endfacet
  facet normal 0 0 1
    outer loop
      vertex -78.0349 41.6513 2.5
      vertex -78.0349 -41.6513 2.5
      vertex -77.85 -41.5278 2.5
    endloop
  endfacet
  facet normal 0 0 1
    outer loop
      vertex -78.2021 41.7979 2.5
      vertex -78.0349 -41.6513 2.5
      vertex -78.0349 41.6513 2.5
    endloop
  endfacet
  facet normal 0 0 1
    outer loop
      vertex -78.2021 41.7979 2.5
      vertex -78.2021 -41.7979 2.5
      vertex -78.0349 -41.6513 2.5
    endloop
  endfacet
  facet normal 0 0 1
    outer loop
      vertex -83.6 46.1 2.5
      vertex -78.2021 41.7979 2.5
      vertex -78.3487 41.9651 2.5
    endloop
  endfacet
  facet normal 0 0 1
    outer loop
      vertex -78.2021 41.7979 2.5
      vertex -83.6 46.1 2.5
      vertex -78.2021 -41.7979 2.5
    endloop
  endfacet
  facet normal 0 0 1
    outer loop
      vertex -83.6 46.1 2.5
      vertex -78.3487 41.9651 2.5
      vertex -78.4722 42.15 2.5
    endloop
  endfacet
  facet normal 0 0 1
    outer loop
      vertex -83.6 -46.1 2.5
      vertex -78.2021 -41.7979 2.5
      vertex -83.6 46.1 2.5
    endloop
  endfacet
  facet normal 0 0 1
    outer loop
      vertex -83.6 46.1 2.5
      vertex -78.4722 42.15 2.5
      vertex -78.5706 42.3494 2.5
    endloop
  endfacet
  facet normal 0 0 1
    outer loop
      vertex -78.2021 -41.7979 2.5
      vertex -83.6 -46.1 2.5
      vertex -78.3487 -41.9651 2.5
    endloop
  endfacet
  facet normal 0 0 1
    outer loop
      vertex -83.6 46.1 2.5
      vertex -78.5706 42.3494 2.5
      vertex -78.6421 42.56 2.5
    endloop
  endfacet
  facet normal 0 0 1
    outer loop
      vertex -78.3487 -41.9651 2.5
      vertex -83.6 -46.1 2.5
      vertex -78.4722 -42.15 2.5
    endloop
  endfacet
  facet normal 0 0 1
    outer loop
      vertex -83.6 46.1 2.5
      vertex -78.6421 42.56 2.5
      vertex -78.6855 42.7781 2.5
    endloop
  endfacet
  facet normal 0 0 1
    outer loop
      vertex -78.4722 -42.15 2.5
      vertex -83.6 -46.1 2.5
      vertex -78.5706 -42.3494 2.5
    endloop
  endfacet
  facet normal 0 0 1
    outer loop
      vertex -83.6 46.1 2.5
      vertex -78.6855 42.7781 2.5
      vertex -78.7 43 2.5
    endloop
  endfacet
  facet normal 0 0 1
    outer loop
      vertex -78.5706 -42.3494 2.5
      vertex -83.6 -46.1 2.5
      vertex -78.6421 -42.56 2.5
    endloop
  endfacet
  facet normal -0 0 1
    outer loop
      vertex -49 -6.1 2.5
      vertex -27 -9.9 2.5
      vertex -27 -6.1 2.5
    endloop
  endfacet
  facet normal 0 0 1
    outer loop
      vertex -27 -9.9 2.5
      vertex -49 -6.1 2.5
      vertex -49 -9.9 2.5
    endloop
  endfacet
  facet normal -0 0 1
    outer loop
      vertex -49 -1.1 2.5
      vertex -27 -4.9 2.5
      vertex -27 -1.1 2.5
    endloop
  endfacet
  facet normal 0 0 1
    outer loop
      vertex -27 -4.9 2.5
      vertex -49 -1.1 2.5
      vertex -49 -4.9 2.5
    endloop
  endfacet
  facet normal -0 0 1
    outer loop
      vertex -49 3.9 2.5
      vertex -27 0.0999994 2.5
      vertex -27 3.9 2.5
    endloop
  endfacet
  facet normal 0 0 1
    outer loop
      vertex -27 0.0999994 2.5
      vertex -49 3.9 2.5
      vertex -49 0.0999994 2.5
    endloop
  endfacet
  facet normal -0 0 1
    outer loop
      vertex -49 8.9 2.5
      vertex -27 5.1 2.5
      vertex -27 8.9 2.5
    endloop
  endfacet
  facet normal 0 0 1
    outer loop
      vertex -27 5.1 2.5
      vertex -49 8.9 2.5
      vertex -49 5.1 2.5
    endloop
  endfacet
  facet normal -0 0 1
    outer loop
      vertex -49 13.9 2.5
      vertex -27 10.1 2.5
      vertex -27 13.9 2.5
    endloop
  endfacet
  facet normal 0 0 1
    outer loop
      vertex -27 10.1 2.5
      vertex -49 13.9 2.5
      vertex -49 10.1 2.5
    endloop
  endfacet
  facet normal -0 0 1
    outer loop
      vertex 27 -6.1 2.5
      vertex 49 -9.9 2.5
      vertex 49 -6.1 2.5
    endloop
  endfacet
  facet normal 0 0 1
    outer loop
      vertex 49 -9.9 2.5
      vertex 27 -6.1 2.5
      vertex 27 -9.9 2.5
    endloop
  endfacet
  facet normal -0 0 1
    outer loop
      vertex 27 -1.1 2.5
      vertex 49 -4.9 2.5
      vertex 49 -1.1 2.5
    endloop
  endfacet
  facet normal 0 0 1
    outer loop
      vertex 49 -4.9 2.5
      vertex 27 -1.1 2.5
      vertex 27 -4.9 2.5
    endloop
  endfacet
  facet normal -0 0 1
    outer loop
      vertex 27 3.9 2.5
      vertex 49 0.0999994 2.5
      vertex 49 3.9 2.5
    endloop
  endfacet
  facet normal 0 0 1
    outer loop
      vertex 49 0.0999994 2.5
      vertex 27 3.9 2.5
      vertex 27 0.0999994 2.5
    endloop
  endfacet
  facet normal -0 0 1
    outer loop
      vertex 27 8.9 2.5
      vertex 49 5.1 2.5
      vertex 49 8.9 2.5
    endloop
  endfacet
  facet normal 0 0 1
    outer loop
      vertex 49 5.1 2.5
      vertex 27 8.9 2.5
      vertex 27 5.1 2.5
    endloop
  endfacet
  facet normal -0 0 1
    outer loop
      vertex 27 13.9 2.5
      vertex 49 10.1 2.5
      vertex 49 13.9 2.5
    endloop
  endfacet
  facet normal 0 0 1
    outer loop
      vertex 49 10.1 2.5
      vertex 27 13.9 2.5
      vertex 27 10.1 2.5
    endloop
  endfacet
  facet normal 0 0 1
    outer loop
      vertex 78.5706 42.3494 2.5
      vertex 83.6 46.1 2.5
      vertex 78.6421 42.56 2.5
    endloop
  endfacet
  facet normal 0 0 1
    outer loop
      vertex 83.6 -46.1 2.5
      vertex 78.6855 -42.7781 2.5
      vertex 78.7 -43 2.5
    endloop
  endfacet
  facet normal 0 0 1
    outer loop
      vertex 78.4722 42.15 2.5
      vertex 83.6 46.1 2.5
      vertex 78.5706 42.3494 2.5
    endloop
  endfacet
  facet normal 0 0 1
    outer loop
      vertex 83.6 -46.1 2.5
      vertex 78.6421 -42.56 2.5
      vertex 78.6855 -42.7781 2.5
    endloop
  endfacet
  facet normal 0 0 1
    outer loop
      vertex 78.3487 41.9651 2.5
      vertex 83.6 46.1 2.5
      vertex 78.4722 42.15 2.5
    endloop
  endfacet
  facet normal 0 0 1
    outer loop
      vertex 83.6 -46.1 2.5
      vertex 78.5706 -42.3494 2.5
      vertex 78.6421 -42.56 2.5
    endloop
  endfacet
  facet normal 0 0 1
    outer loop
      vertex 78.2021 41.7979 2.5
      vertex 83.6 46.1 2.5
      vertex 78.3487 41.9651 2.5
    endloop
  endfacet
  facet normal 0 0 1
    outer loop
      vertex 83.6 -46.1 2.5
      vertex 78.4722 -42.15 2.5
      vertex 78.5706 -42.3494 2.5
    endloop
  endfacet
  facet normal 0 0 1
    outer loop
      vertex 83.6 46.1 2.5
      vertex 78.2021 41.7979 2.5
      vertex 83.6 -46.1 2.5
    endloop
  endfacet
  facet normal 0 0 1
    outer loop
      vertex 83.6 -46.1 2.5
      vertex 78.3487 -41.9651 2.5
      vertex 78.4722 -42.15 2.5
    endloop
  endfacet
  facet normal -0 0 1
    outer loop
      vertex 78.2021 -41.7979 2.5
      vertex 83.6 -46.1 2.5
      vertex 78.2021 41.7979 2.5
    endloop
  endfacet
  facet normal 0 0 1
    outer loop
      vertex 83.6 -46.1 2.5
      vertex 78.2021 -41.7979 2.5
      vertex 78.3487 -41.9651 2.5
    endloop
  endfacet
  facet normal -0 0 1
    outer loop
      vertex 78.0349 41.6513 2.5
      vertex 78.2021 -41.7979 2.5
      vertex 78.2021 41.7979 2.5
    endloop
  endfacet
  facet normal 0 0 1
    outer loop
      vertex 78.0349 41.6513 2.5
      vertex 78.0349 -41.6513 2.5
      vertex 78.2021 -41.7979 2.5
    endloop
  endfacet
  facet normal -0 0 1
    outer loop
      vertex 77.85 41.5278 2.5
      vertex 78.0349 -41.6513 2.5
      vertex 78.0349 41.6513 2.5
    endloop
  endfacet
  facet normal 0 0 1
    outer loop
      vertex 77.85 41.5278 2.5
      vertex 77.85 -41.5278 2.5
      vertex 78.0349 -41.6513 2.5
    endloop
  endfacet
  facet normal -0 0 1
    outer loop
      vertex 77.6506 41.4294 2.5
      vertex 77.85 -41.5278 2.5
      vertex 77.85 41.5278 2.5
    endloop
  endfacet
  facet normal 0 0 1
    outer loop
      vertex 77.6506 41.4294 2.5
      vertex 77.6506 -41.4294 2.5
      vertex 77.85 -41.5278 2.5
    endloop
  endfacet
  facet normal 0 0 1
    outer loop
      vertex 49 0.0999994 2.5
      vertex 77.6506 41.4294 2.5
      vertex 77.44 41.3579 2.5
    endloop
  endfacet
  facet normal 0 0 1
    outer loop
      vertex 77.6506 41.4294 2.5
      vertex 49 0.0999994 2.5
      vertex 77.6506 -41.4294 2.5
    endloop
  endfacet
  facet normal 0 0 1
    outer loop
      vertex 49 5.1 2.5
      vertex 77.44 41.3579 2.5
      vertex 77.2219 41.3145 2.5
    endloop
  endfacet
  facet normal -0 0 1
    outer loop
      vertex 49 -1.1 2.5
      vertex 77.6506 -41.4294 2.5
      vertex 49 0.0999994 2.5
    endloop
  endfacet
  facet normal 0 0 1
    outer loop
      vertex 49 10.1 2.5
      vertex 77.2219 41.3145 2.5
      vertex 77 41.3 2.5
    endloop
  endfacet
  facet normal 0 0 1
    outer loop
      vertex 77.6506 -41.4294 2.5
      vertex 49 -1.1 2.5
      vertex 77.44 -41.3579 2.5
    endloop
  endfacet
  facet normal 0 0 1
    outer loop
      vertex 49 15.1 2.5
      vertex 77 41.3 2.5
      vertex 76.7781 41.3145 2.5
    endloop
  endfacet
  facet normal -0 0 1
    outer loop
      vertex 49 -4.9 2.5
      vertex 77.44 -41.3579 2.5
      vertex 49 -1.1 2.5
    endloop
  endfacet
  facet normal 0 0 1
    outer loop
      vertex 49 15.1 2.5
      vertex 76.7781 41.3145 2.5
      vertex 76.56 41.3579 2.5
    endloop
  endfacet
  facet normal -0 0 1
    outer loop
      vertex 49 -6.1 2.5
      vertex 77.44 -41.3579 2.5
      vertex 49 -4.9 2.5
    endloop
  endfacet
  facet normal 0 0 1
    outer loop
      vertex 49 15.1 2.5
      vertex 76.56 41.3579 2.5
      vertex 76.3494 41.4294 2.5
    endloop
  endfacet
  facet normal 0 0 1
    outer loop
      vertex 77.44 -41.3579 2.5
      vertex 49 -6.1 2.5
      vertex 77.2219 -41.3145 2.5
    endloop
  endfacet
  facet normal 0 0 1
    outer loop
      vertex 49 15.1 2.5
      vertex 76.3494 41.4294 2.5
      vertex 76.15 41.5278 2.5
    endloop
  endfacet
  facet normal -0 0 1
    outer loop
      vertex 49 -9.9 2.5
      vertex 77.2219 -41.3145 2.5
      vertex 49 -6.1 2.5
    endloop
  endfacet
  facet normal 0 0 1
    outer loop
      vertex 49 15.1 2.5
      vertex 76.15 41.5278 2.5
      vertex 75.9651 41.6513 2.5
    endloop
  endfacet
  facet normal -0 0 1
    outer loop
      vertex 49 -11.1 2.5
      vertex 77.2219 -41.3145 2.5
      vertex 49 -9.9 2.5
    endloop
  endfacet
  facet normal 0 0 1
    outer loop
      vertex 49 15.1 2.5
      vertex 75.9651 41.6513 2.5
      vertex 75.7979 41.7979 2.5
    endloop
  endfacet
  facet normal 0 0 1
    outer loop
      vertex 77.2219 -41.3145 2.5
      vertex 49 -11.1 2.5
      vertex 77 -41.3 2.5
    endloop
  endfacet
  facet normal 0 0 1
    outer loop
      vertex 49 15.1 2.5
      vertex 75.7979 41.7979 2.5
      vertex 75.6513 41.9651 2.5
    endloop
  endfacet
  facet normal 0 0 1
    outer loop
      vertex 77 -41.3 2.5
      vertex 49 -11.1 2.5
      vertex 76.7781 -41.3145 2.5
    endloop
  endfacet
  facet normal 0 0 1
    outer loop
      vertex 49 15.1 2.5
      vertex 75.6513 41.9651 2.5
      vertex 75.5278 42.15 2.5
    endloop
  endfacet
  facet normal 0 0 1
    outer loop
      vertex 76.7781 -41.3145 2.5
      vertex 49 -11.1 2.5
      vertex 76.56 -41.3579 2.5
    endloop
  endfacet
  facet normal 0 0 1
    outer loop
      vertex 49 15.1 2.5
      vertex 75.5278 42.15 2.5
      vertex 75.4294 42.3494 2.5
    endloop
  endfacet
  facet normal 0 0 1
    outer loop
      vertex 76.56 -41.3579 2.5
      vertex 49 -11.1 2.5
      vertex 76.3494 -41.4294 2.5
    endloop
  endfacet
  facet normal 0 0 1
    outer loop
      vertex 49 15.1 2.5
      vertex 75.4294 42.3494 2.5
      vertex 75.3579 42.56 2.5
    endloop
  endfacet
  facet normal 0 0 1
    outer loop
      vertex 76.3494 -41.4294 2.5
      vertex 49 -11.1 2.5
      vertex 76.15 -41.5278 2.5
    endloop
  endfacet
  facet normal 0 0 1
    outer loop
      vertex 49 15.1 2.5
      vertex 75.3579 42.56 2.5
      vertex 75.3145 42.7781 2.5
    endloop
  endfacet
  facet normal 0 0 1
    outer loop
      vertex 76.15 -41.5278 2.5
      vertex 49 -11.1 2.5
      vertex 75.9651 -41.6513 2.5
    endloop
  endfacet
  facet normal 0 0 1
    outer loop
      vertex 49 15.1 2.5
      vertex 75.3145 42.7781 2.5
      vertex 75.3 43 2.5
    endloop
  endfacet
  facet normal 0 0 1
    outer loop
      vertex 75.9651 -41.6513 2.5
      vertex 49 -11.1 2.5
      vertex 75.7979 -41.7979 2.5
    endloop
  endfacet
  facet normal 0 0 1
    outer loop
      vertex 78.3487 44.0349 2.5
      vertex 83.6 46.1 2.5
      vertex 83.5701 46.5568 2.5
    endloop
  endfacet
  facet normal 0 0 1
    outer loop
      vertex 78.6855 42.7781 2.5
      vertex 83.6 46.1 2.5
      vertex 78.7 43 2.5
    endloop
  endfacet
  facet normal 0 0 1
    outer loop
      vertex 78.2021 44.2021 2.5
      vertex 83.5701 46.5568 2.5
      vertex 83.4807 47.0059 2.5
    endloop
  endfacet
  facet normal 0 0 1
    outer loop
      vertex 78.6421 42.56 2.5
      vertex 83.6 46.1 2.5
      vertex 78.6855 42.7781 2.5
    endloop
  endfacet
  facet normal 0 0 1
    outer loop
      vertex 78.2021 44.2021 2.5
      vertex 83.4807 47.0059 2.5
      vertex 83.3336 47.4394 2.5
    endloop
  endfacet
  facet normal -0 0 1
    outer loop
      vertex 78.6855 -43.2219 2.5
      vertex 83.6 -46.1 2.5
      vertex 78.7 -43 2.5
    endloop
  endfacet
  facet normal 0 0 1
    outer loop
      vertex 78.2021 44.2021 2.5
      vertex 83.3336 47.4394 2.5
      vertex 83.1311 47.85 2.5
    endloop
  endfacet
  facet normal -0 0 1
    outer loop
      vertex 78.6421 -43.44 2.5
      vertex 83.6 -46.1 2.5
      vertex 78.6855 -43.2219 2.5
    endloop
  endfacet
  facet normal 0 0 1
    outer loop
      vertex 78.2021 44.2021 2.5
      vertex 83.1311 47.85 2.5
      vertex 82.8767 48.2307 2.5
    endloop
  endfacet
  facet normal -0 0 1
    outer loop
      vertex 78.5706 -43.6506 2.5
      vertex 83.6 -46.1 2.5
      vertex 78.6421 -43.44 2.5
    endloop
  endfacet
  facet normal 0 0 1
    outer loop
      vertex 78.2021 44.2021 2.5
      vertex 82.8767 48.2307 2.5
      vertex 82.5749 48.5749 2.5
    endloop
  endfacet
  facet normal -0 0 1
    outer loop
      vertex 78.4722 -43.85 2.5
      vertex 83.6 -46.1 2.5
      vertex 78.5706 -43.6506 2.5
    endloop
  endfacet
  facet normal 0 0 1
    outer loop
      vertex 78.2021 44.2021 2.5
      vertex 82.5749 48.5749 2.5
      vertex 82.2307 48.8767 2.5
    endloop
  endfacet
  facet normal -0 0 1
    outer loop
      vertex 78.3487 -44.0349 2.5
      vertex 83.6 -46.1 2.5
      vertex 78.4722 -43.85 2.5
    endloop
  endfacet
  facet normal 0 0 1
    outer loop
      vertex 78.2021 44.2021 2.5
      vertex 82.2307 48.8767 2.5
      vertex 81.85 49.1311 2.5
    endloop
  endfacet
  facet normal 0 0 1
    outer loop
      vertex 83.6 -46.1 2.5
      vertex 78.3487 -44.0349 2.5
      vertex 83.5701 -46.5568 2.5
    endloop
  endfacet
  facet normal 0 0 1
    outer loop
      vertex 78.2021 44.2021 2.5
      vertex 81.85 49.1311 2.5
      vertex 81.4394 49.3336 2.5
    endloop
  endfacet
  facet normal -0 0 1
    outer loop
      vertex 78.2021 -44.2021 2.5
      vertex 83.5701 -46.5568 2.5
      vertex 78.3487 -44.0349 2.5
    endloop
  endfacet
  facet normal 0 0 1
    outer loop
      vertex 78.2021 44.2021 2.5
      vertex 81.4394 49.3336 2.5
      vertex 81.0059 49.4807 2.5
    endloop
  endfacet
  facet normal 0 0 1
    outer loop
      vertex 83.5701 -46.5568 2.5
      vertex 78.2021 -44.2021 2.5
      vertex 83.4807 -47.0059 2.5
    endloop
  endfacet
  facet normal 0 0 1
    outer loop
      vertex 78.2021 44.2021 2.5
      vertex 81.0059 49.4807 2.5
      vertex 80.5568 49.5701 2.5
    endloop
  endfacet
  facet normal 0 0 1
    outer loop
      vertex 83.4807 -47.0059 2.5
      vertex 78.2021 -44.2021 2.5
      vertex 83.3336 -47.4394 2.5
    endloop
  endfacet
  facet normal 0 0 1
    outer loop
      vertex 78.2021 44.2021 2.5
      vertex 80.5568 49.5701 2.5
      vertex 80.1 49.6 2.5
    endloop
  endfacet
  facet normal 0 0 1
    outer loop
      vertex 83.3336 -47.4394 2.5
      vertex 78.2021 -44.2021 2.5
      vertex 83.1311 -47.85 2.5
    endloop
  endfacet
  facet normal 0 0 1
    outer loop
      vertex 83.1311 -47.85 2.5
      vertex 78.2021 -44.2021 2.5
      vertex 82.8767 -48.2307 2.5
    endloop
  endfacet
  facet normal 0 0 1
    outer loop
      vertex 83.6 46.1 2.5
      vertex 78.6855 43.2219 2.5
      vertex 78.7 43 2.5
    endloop
  endfacet
  facet normal 0 0 1
    outer loop
      vertex 83.6 46.1 2.5
      vertex 78.6421 43.44 2.5
      vertex 78.6855 43.2219 2.5
    endloop
  endfacet
  facet normal 0 0 1
    outer loop
      vertex 83.6 46.1 2.5
      vertex 78.5706 43.6506 2.5
      vertex 78.6421 43.44 2.5
    endloop
  endfacet
  facet normal 0 0 1
    outer loop
      vertex 83.6 46.1 2.5
      vertex 78.4722 43.85 2.5
      vertex 78.5706 43.6506 2.5
    endloop
  endfacet
  facet normal 0 0 1
    outer loop
      vertex 83.6 46.1 2.5
      vertex 78.3487 44.0349 2.5
      vertex 78.4722 43.85 2.5
    endloop
  endfacet
  facet normal 0 0 1
    outer loop
      vertex 83.5701 46.5568 2.5
      vertex 78.2021 44.2021 2.5
      vertex 78.3487 44.0349 2.5
    endloop
  endfacet
  facet normal 0 0 1
    outer loop
      vertex 80.1 49.6 2.5
      vertex 78.0349 44.3487 2.5
      vertex 78.2021 44.2021 2.5
    endloop
  endfacet
  facet normal 0 0 1
    outer loop
      vertex 80.1 49.6 2.5
      vertex 77.85 44.4722 2.5
      vertex 78.0349 44.3487 2.5
    endloop
  endfacet
  facet normal 0 0 1
    outer loop
      vertex 80.1 49.6 2.5
      vertex 77.6506 44.5706 2.5
      vertex 77.85 44.4722 2.5
    endloop
  endfacet
  facet normal 0 0 1
    outer loop
      vertex 80.1 49.6 2.5
      vertex 77.44 44.6421 2.5
      vertex 77.6506 44.5706 2.5
    endloop
  endfacet
  facet normal 0 0 1
    outer loop
      vertex 80.1 49.6 2.5
      vertex 77.2219 44.6855 2.5
      vertex 77.44 44.6421 2.5
    endloop
  endfacet
  facet normal 0 0 1
    outer loop
      vertex 80.1 49.6 2.5
      vertex 77 44.7 2.5
      vertex 77.2219 44.6855 2.5
    endloop
  endfacet
  facet normal 0 0 1
    outer loop
      vertex 80.1 49.6 2.5
      vertex 76.7781 44.6855 2.5
      vertex 77 44.7 2.5
    endloop
  endfacet
  facet normal 0 0 1
    outer loop
      vertex 80.1 49.6 2.5
      vertex 76.56 44.6421 2.5
      vertex 76.7781 44.6855 2.5
    endloop
  endfacet
  facet normal 0 0 1
    outer loop
      vertex 80.1 49.6 2.5
      vertex 76.3494 44.5706 2.5
      vertex 76.56 44.6421 2.5
    endloop
  endfacet
  facet normal 0 0 1
    outer loop
      vertex 80.1 49.6 2.5
      vertex 76.15 44.4722 2.5
      vertex 76.3494 44.5706 2.5
    endloop
  endfacet
  facet normal 0 0 1
    outer loop
      vertex 80.1 49.6 2.5
      vertex 75.9651 44.3487 2.5
      vertex 76.15 44.4722 2.5
    endloop
  endfacet
  facet normal 0 0 1
    outer loop
      vertex 80.1 49.6 2.5
      vertex 75.7979 44.2021 2.5
      vertex 75.9651 44.3487 2.5
    endloop
  endfacet
  facet normal 0 0 1
    outer loop
      vertex 80.1 49.6 2.5
      vertex 75.6513 44.0349 2.5
      vertex 75.7979 44.2021 2.5
    endloop
  endfacet
  facet normal 0 0 1
    outer loop
      vertex 77 41.3 2.5
      vertex 49 15.1 2.5
      vertex 49 13.9 2.5
    endloop
  endfacet
  facet normal 0 0 1
    outer loop
      vertex 75.3145 43.2219 2.5
      vertex 49 15.1 2.5
      vertex 75.3 43 2.5
    endloop
  endfacet
  facet normal 0 0 1
    outer loop
      vertex 75.3579 43.44 2.5
      vertex 49 15.1 2.5
      vertex 75.3145 43.2219 2.5
    endloop
  endfacet
  facet normal 0 0 1
    outer loop
      vertex 27 15.1 2.5
      vertex 75.3579 43.44 2.5
      vertex 75.4294 43.6506 2.5
    endloop
  endfacet
  facet normal 0 0 1
    outer loop
      vertex 27 15.1 2.5
      vertex 75.4294 43.6506 2.5
      vertex 75.5278 43.85 2.5
    endloop
  endfacet
  facet normal 0 0 1
    outer loop
      vertex 27 15.1 2.5
      vertex 75.5278 43.85 2.5
      vertex 75.6513 44.0349 2.5
    endloop
  endfacet
  facet normal 0 0 1
    outer loop
      vertex 27 15.1 2.5
      vertex 75.6513 44.0349 2.5
      vertex 80.1 49.6 2.5
    endloop
  endfacet
  facet normal 0 0 1
    outer loop
      vertex 75.3579 43.44 2.5
      vertex 27 15.1 2.5
      vertex 49 15.1 2.5
    endloop
  endfacet
  facet normal 0 0 1
    outer loop
      vertex -27 13.9 2.5
      vertex 27 13.9 2.5
      vertex 27 15.1 2.5
    endloop
  endfacet
  facet normal 0 0 1
    outer loop
      vertex 27 13.9 2.5
      vertex -27 13.9 2.5
      vertex 27 10.1 2.5
    endloop
  endfacet
  facet normal 0 0 1
    outer loop
      vertex 27 10.1 2.5
      vertex -27 10.1 2.5
      vertex 27 8.9 2.5
    endloop
  endfacet
  facet normal 0 0 1
    outer loop
      vertex -27 8.9 2.5
      vertex 27 8.9 2.5
      vertex -27 10.1 2.5
    endloop
  endfacet
  facet normal 0 0 1
    outer loop
      vertex -27 5.1 2.5
      vertex 27 5.1 2.5
      vertex -27 8.9 2.5
    endloop
  endfacet
  facet normal 0 0 1
    outer loop
      vertex 27 5.1 2.5
      vertex -27 5.1 2.5
      vertex 27 3.9 2.5
    endloop
  endfacet
  facet normal 0 0 1
    outer loop
      vertex 27 3.9 2.5
      vertex -27 3.9 2.5
      vertex 27 0.0999994 2.5
    endloop
  endfacet
  facet normal 0 0 1
    outer loop
      vertex -27 0.0999994 2.5
      vertex 27 0.0999994 2.5
      vertex -27 3.9 2.5
    endloop
  endfacet
  facet normal 0 0 1
    outer loop
      vertex -27 -1.1 2.5
      vertex 27 -1.1 2.5
      vertex -27 0.0999994 2.5
    endloop
  endfacet
  facet normal 0 0 1
    outer loop
      vertex 27 -1.1 2.5
      vertex -27 -1.1 2.5
      vertex 27 -4.9 2.5
    endloop
  endfacet
  facet normal 0 0 1
    outer loop
      vertex -27 13.9 2.5
      vertex 27 15.1 2.5
      vertex -27 15.1 2.5
    endloop
  endfacet
  facet normal 0 0 1
    outer loop
      vertex 80.1 49.6 2.5
      vertex -27 15.1 2.5
      vertex 27 15.1 2.5
    endloop
  endfacet
  facet normal -0 0 1
    outer loop
      vertex -80.1 49.6 2.5
      vertex -27 15.1 2.5
      vertex 80.1 49.6 2.5
    endloop
  endfacet
  facet normal -0 0 1
    outer loop
      vertex -75.3145 42.7781 2.5
      vertex -49 15.1 2.5
      vertex -75.3 43 2.5
    endloop
  endfacet
  facet normal -0 0 1
    outer loop
      vertex -75.3579 42.56 2.5
      vertex -49 15.1 2.5
      vertex -75.3145 42.7781 2.5
    endloop
  endfacet
  facet normal -0 0 1
    outer loop
      vertex -75.4294 42.3494 2.5
      vertex -49 15.1 2.5
      vertex -75.3579 42.56 2.5
    endloop
  endfacet
  facet normal -0 0 1
    outer loop
      vertex -75.5278 42.15 2.5
      vertex -49 15.1 2.5
      vertex -75.4294 42.3494 2.5
    endloop
  endfacet
  facet normal -0 0 1
    outer loop
      vertex -75.6513 41.9651 2.5
      vertex -49 15.1 2.5
      vertex -75.5278 42.15 2.5
    endloop
  endfacet
  facet normal -0 0 1
    outer loop
      vertex -75.7979 41.7979 2.5
      vertex -49 15.1 2.5
      vertex -75.6513 41.9651 2.5
    endloop
  endfacet
  facet normal -0 0 1
    outer loop
      vertex -75.9651 41.6513 2.5
      vertex -49 15.1 2.5
      vertex -75.7979 41.7979 2.5
    endloop
  endfacet
  facet normal 0 0 1
    outer loop
      vertex -49 0.0999994 2.5
      vertex -75.3 -43 2.5
      vertex -49 -1.1 2.5
    endloop
  endfacet
  facet normal 0 0 1
    outer loop
      vertex -49 -1.1 2.5
      vertex -75.3 -43 2.5
      vertex -49 -4.9 2.5
    endloop
  endfacet
  facet normal 0 0 1
    outer loop
      vertex -49 -4.9 2.5
      vertex -75.3 -43 2.5
      vertex -49 -6.1 2.5
    endloop
  endfacet
  facet normal 0 0 1
    outer loop
      vertex -49 -6.1 2.5
      vertex -75.3 -43 2.5
      vertex -49 -9.9 2.5
    endloop
  endfacet
  facet normal -0 -0 1
    outer loop
      vertex -75.4294 43.6506 2.5
      vertex -27 15.1 2.5
      vertex -75.5278 43.85 2.5
    endloop
  endfacet
  facet normal 0 0 1
    outer loop
      vertex -49 15.1 2.5
      vertex -75.3145 43.2219 2.5
      vertex -75.3 43 2.5
    endloop
  endfacet
  facet normal 0 0 1
    outer loop
      vertex -49 15.1 2.5
      vertex -75.3579 43.44 2.5
      vertex -75.3145 43.2219 2.5
    endloop
  endfacet
  facet normal 0 0 1
    outer loop
      vertex -27 15.1 2.5
      vertex -75.3579 43.44 2.5
      vertex -49 15.1 2.5
    endloop
  endfacet
  facet normal -0 -0 1
    outer loop
      vertex -75.3579 43.44 2.5
      vertex -27 15.1 2.5
      vertex -75.4294 43.6506 2.5
    endloop
  endfacet
  facet normal 0 0 1
    outer loop
      vertex -27 15.1 2.5
      vertex -75.6513 44.0349 2.5
      vertex -75.5278 43.85 2.5
    endloop
  endfacet
  facet normal 0 0 1
    outer loop
      vertex -27 15.1 2.5
      vertex -80.1 49.6 2.5
      vertex -75.6513 44.0349 2.5
    endloop
  endfacet
  facet normal 0 0 1
    outer loop
      vertex -75.6513 44.0349 2.5
      vertex -80.1 49.6 2.5
      vertex -75.7979 44.2021 2.5
    endloop
  endfacet
  facet normal 0 0 1
    outer loop
      vertex -75.7979 44.2021 2.5
      vertex -80.1 49.6 2.5
      vertex -75.9651 44.3487 2.5
    endloop
  endfacet
  facet normal 0 0 1
    outer loop
      vertex -75.9651 44.3487 2.5
      vertex -80.1 49.6 2.5
      vertex -76.15 44.4722 2.5
    endloop
  endfacet
  facet normal 0 0 1
    outer loop
      vertex -76.15 44.4722 2.5
      vertex -80.1 49.6 2.5
      vertex -76.3494 44.5706 2.5
    endloop
  endfacet
  facet normal 0 0 1
    outer loop
      vertex -76.3494 44.5706 2.5
      vertex -80.1 49.6 2.5
      vertex -76.56 44.6421 2.5
    endloop
  endfacet
  facet normal 0 0 1
    outer loop
      vertex -76.56 44.6421 2.5
      vertex -80.1 49.6 2.5
      vertex -76.7781 44.6855 2.5
    endloop
  endfacet
  facet normal -0 0 1
    outer loop
      vertex -82.8767 48.2307 2.5
      vertex -78.2021 44.2021 2.5
      vertex -82.5749 48.5749 2.5
    endloop
  endfacet
  facet normal -0 0 1
    outer loop
      vertex -82.5749 48.5749 2.5
      vertex -78.2021 44.2021 2.5
      vertex -82.2307 48.8767 2.5
    endloop
  endfacet
  facet normal -0 0 1
    outer loop
      vertex -82.2307 48.8767 2.5
      vertex -78.2021 44.2021 2.5
      vertex -81.85 49.1311 2.5
    endloop
  endfacet
  facet normal -0 0 1
    outer loop
      vertex -81.85 49.1311 2.5
      vertex -78.2021 44.2021 2.5
      vertex -81.4394 49.3336 2.5
    endloop
  endfacet
  facet normal -0 0 1
    outer loop
      vertex -81.4394 49.3336 2.5
      vertex -78.2021 44.2021 2.5
      vertex -81.0059 49.4807 2.5
    endloop
  endfacet
  facet normal -0 0 1
    outer loop
      vertex -81.0059 49.4807 2.5
      vertex -78.2021 44.2021 2.5
      vertex -80.5568 49.5701 2.5
    endloop
  endfacet
  facet normal -0 0 1
    outer loop
      vertex -80.5568 49.5701 2.5
      vertex -78.2021 44.2021 2.5
      vertex -80.1 49.6 2.5
    endloop
  endfacet
  facet normal 0 0 1
    outer loop
      vertex -78.0349 44.3487 2.5
      vertex -80.1 49.6 2.5
      vertex -78.2021 44.2021 2.5
    endloop
  endfacet
  facet normal 0 0 1
    outer loop
      vertex -77.85 44.4722 2.5
      vertex -80.1 49.6 2.5
      vertex -78.0349 44.3487 2.5
    endloop
  endfacet
  facet normal 0 0 1
    outer loop
      vertex -77.6506 44.5706 2.5
      vertex -80.1 49.6 2.5
      vertex -77.85 44.4722 2.5
    endloop
  endfacet
  facet normal 0 0 1
    outer loop
      vertex -77.44 44.6421 2.5
      vertex -80.1 49.6 2.5
      vertex -77.6506 44.5706 2.5
    endloop
  endfacet
  facet normal 0 0 1
    outer loop
      vertex -77.2219 44.6855 2.5
      vertex -80.1 49.6 2.5
      vertex -77.44 44.6421 2.5
    endloop
  endfacet
  facet normal 0 0 1
    outer loop
      vertex -77 44.7 2.5
      vertex -80.1 49.6 2.5
      vertex -77.2219 44.6855 2.5
    endloop
  endfacet
  facet normal 0 0 1
    outer loop
      vertex -76.7781 44.6855 2.5
      vertex -80.1 49.6 2.5
      vertex -77 44.7 2.5
    endloop
  endfacet
  facet normal 0 0 1
    outer loop
      vertex 82.8767 -48.2307 2.5
      vertex 78.2021 -44.2021 2.5
      vertex 82.5749 -48.5749 2.5
    endloop
  endfacet
  facet normal 0 0 1
    outer loop
      vertex 82.5749 -48.5749 2.5
      vertex 78.2021 -44.2021 2.5
      vertex 82.2307 -48.8767 2.5
    endloop
  endfacet
  facet normal 0 0 1
    outer loop
      vertex 82.2307 -48.8767 2.5
      vertex 78.2021 -44.2021 2.5
      vertex 81.85 -49.1311 2.5
    endloop
  endfacet
  facet normal 0 0 1
    outer loop
      vertex 81.85 -49.1311 2.5
      vertex 78.2021 -44.2021 2.5
      vertex 81.4394 -49.3336 2.5
    endloop
  endfacet
  facet normal 0 0 1
    outer loop
      vertex 81.4394 -49.3336 2.5
      vertex 78.2021 -44.2021 2.5
      vertex 81.0059 -49.4807 2.5
    endloop
  endfacet
  facet normal 0 0 1
    outer loop
      vertex 81.0059 -49.4807 2.5
      vertex 78.2021 -44.2021 2.5
      vertex 80.5568 -49.5701 2.5
    endloop
  endfacet
  facet normal 0 0 1
    outer loop
      vertex 80.5568 -49.5701 2.5
      vertex 78.2021 -44.2021 2.5
      vertex 80.1 -49.6 2.5
    endloop
  endfacet
  facet normal -0 0 1
    outer loop
      vertex 78.0349 -44.3487 2.5
      vertex 80.1 -49.6 2.5
      vertex 78.2021 -44.2021 2.5
    endloop
  endfacet
  facet normal -0 0 1
    outer loop
      vertex 77.85 -44.4722 2.5
      vertex 80.1 -49.6 2.5
      vertex 78.0349 -44.3487 2.5
    endloop
  endfacet
  facet normal -0 0 1
    outer loop
      vertex 77.6506 -44.5706 2.5
      vertex 80.1 -49.6 2.5
      vertex 77.85 -44.4722 2.5
    endloop
  endfacet
  facet normal -0 0 1
    outer loop
      vertex 77.44 -44.6421 2.5
      vertex 80.1 -49.6 2.5
      vertex 77.6506 -44.5706 2.5
    endloop
  endfacet
  facet normal -0 0 1
    outer loop
      vertex 77.2219 -44.6855 2.5
      vertex 80.1 -49.6 2.5
      vertex 77.44 -44.6421 2.5
    endloop
  endfacet
  facet normal -0 0 1
    outer loop
      vertex 77 -44.7 2.5
      vertex 80.1 -49.6 2.5
      vertex 77.2219 -44.6855 2.5
    endloop
  endfacet
  facet normal 0 0 1
    outer loop
      vertex 76.7781 -44.6855 2.5
      vertex 80.1 -49.6 2.5
      vertex 77 -44.7 2.5
    endloop
  endfacet
  facet normal 0 0 1
    outer loop
      vertex 76.56 -44.6421 2.5
      vertex 80.1 -49.6 2.5
      vertex 76.7781 -44.6855 2.5
    endloop
  endfacet
  facet normal 0 0 1
    outer loop
      vertex 76.3494 -44.5706 2.5
      vertex 80.1 -49.6 2.5
      vertex 76.56 -44.6421 2.5
    endloop
  endfacet
  facet normal 0 0 1
    outer loop
      vertex 76.15 -44.4722 2.5
      vertex 80.1 -49.6 2.5
      vertex 76.3494 -44.5706 2.5
    endloop
  endfacet
  facet normal 0 0 1
    outer loop
      vertex 75.9651 -44.3487 2.5
      vertex 80.1 -49.6 2.5
      vertex 76.15 -44.4722 2.5
    endloop
  endfacet
  facet normal 0 0 1
    outer loop
      vertex 75.7979 -44.2021 2.5
      vertex 80.1 -49.6 2.5
      vertex 75.9651 -44.3487 2.5
    endloop
  endfacet
  facet normal 0 0 1
    outer loop
      vertex 75.6513 -44.0349 2.5
      vertex 80.1 -49.6 2.5
      vertex 75.7979 -44.2021 2.5
    endloop
  endfacet
  facet normal 0 0 1
    outer loop
      vertex 77 41.3 2.5
      vertex 49 13.9 2.5
      vertex 49 10.1 2.5
    endloop
  endfacet
  facet normal 0 0 1
    outer loop
      vertex 77.2219 41.3145 2.5
      vertex 49 10.1 2.5
      vertex 49 8.9 2.5
    endloop
  endfacet
  facet normal 0 0 1
    outer loop
      vertex 77.2219 41.3145 2.5
      vertex 49 8.9 2.5
      vertex 49 5.1 2.5
    endloop
  endfacet
  facet normal 0 0 1
    outer loop
      vertex 77.44 41.3579 2.5
      vertex 49 5.1 2.5
      vertex 49 3.9 2.5
    endloop
  endfacet
  facet normal 0 0 1
    outer loop
      vertex 77.44 41.3579 2.5
      vertex 49 3.9 2.5
      vertex 49 0.0999994 2.5
    endloop
  endfacet
  facet normal 0 0 1
    outer loop
      vertex 75.7979 -41.7979 2.5
      vertex 49 -11.1 2.5
      vertex 75.6513 -41.9651 2.5
    endloop
  endfacet
  facet normal 0 0 1
    outer loop
      vertex 75.6513 -41.9651 2.5
      vertex 49 -11.1 2.5
      vertex 75.5278 -42.15 2.5
    endloop
  endfacet
  facet normal 0 0 1
    outer loop
      vertex 75.5278 -42.15 2.5
      vertex 49 -11.1 2.5
      vertex 75.4294 -42.3494 2.5
    endloop
  endfacet
  facet normal 0 0 1
    outer loop
      vertex 75.4294 -42.3494 2.5
      vertex 49 -11.1 2.5
      vertex 75.3579 -42.56 2.5
    endloop
  endfacet
  facet normal 0 0 1
    outer loop
      vertex 75.3579 -42.56 2.5
      vertex 49 -11.1 2.5
      vertex 75.3145 -42.7781 2.5
    endloop
  endfacet
  facet normal 0 0 1
    outer loop
      vertex 75.3145 -42.7781 2.5
      vertex 49 -11.1 2.5
      vertex 75.3 -43 2.5
    endloop
  endfacet
  facet normal 0 0 1
    outer loop
      vertex 75.3 -43 2.5
      vertex 49 -11.1 2.5
      vertex 75.3145 -43.2219 2.5
    endloop
  endfacet
  facet normal -0 0 1
    outer loop
      vertex 27 -11.1 2.5
      vertex 75.3145 -43.2219 2.5
      vertex 49 -11.1 2.5
    endloop
  endfacet
  facet normal 0 0 1
    outer loop
      vertex 75.3145 -43.2219 2.5
      vertex 27 -11.1 2.5
      vertex 75.3579 -43.44 2.5
    endloop
  endfacet
  facet normal 0 0 1
    outer loop
      vertex 75.3579 -43.44 2.5
      vertex 27 -11.1 2.5
      vertex 75.4294 -43.6506 2.5
    endloop
  endfacet
  facet normal 0 0 1
    outer loop
      vertex 75.4294 -43.6506 2.5
      vertex 27 -11.1 2.5
      vertex 75.5278 -43.85 2.5
    endloop
  endfacet
  facet normal 0 0 1
    outer loop
      vertex 75.5278 -43.85 2.5
      vertex 27 -11.1 2.5
      vertex 75.6513 -44.0349 2.5
    endloop
  endfacet
  facet normal -0 0 1
    outer loop
      vertex -27 -11.1 2.5
      vertex 75.6513 -44.0349 2.5
      vertex 27 -11.1 2.5
    endloop
  endfacet
  facet normal 0 0 1
    outer loop
      vertex 27 10.1 2.5
      vertex -27 13.9 2.5
      vertex -27 10.1 2.5
    endloop
  endfacet
  facet normal 0 0 1
    outer loop
      vertex 27 8.9 2.5
      vertex -27 8.9 2.5
      vertex 27 5.1 2.5
    endloop
  endfacet
  facet normal 0 0 1
    outer loop
      vertex -27 3.9 2.5
      vertex 27 3.9 2.5
      vertex -27 5.1 2.5
    endloop
  endfacet
  facet normal 0 0 1
    outer loop
      vertex 27 0.0999994 2.5
      vertex -27 0.0999994 2.5
      vertex 27 -1.1 2.5
    endloop
  endfacet
  facet normal 0 0 1
    outer loop
      vertex -27 -4.9 2.5
      vertex 27 -4.9 2.5
      vertex -27 -1.1 2.5
    endloop
  endfacet
  facet normal 0 0 1
    outer loop
      vertex 27 -4.9 2.5
      vertex -27 -4.9 2.5
      vertex 27 -6.1 2.5
    endloop
  endfacet
  facet normal 0 0 1
    outer loop
      vertex -27 -6.1 2.5
      vertex 27 -6.1 2.5
      vertex -27 -4.9 2.5
    endloop
  endfacet
  facet normal 0 0 1
    outer loop
      vertex 27 -6.1 2.5
      vertex -27 -6.1 2.5
      vertex 27 -9.9 2.5
    endloop
  endfacet
  facet normal 0 0 1
    outer loop
      vertex -27 -9.9 2.5
      vertex 27 -9.9 2.5
      vertex -27 -6.1 2.5
    endloop
  endfacet
  facet normal 0 0 1
    outer loop
      vertex 27 -9.9 2.5
      vertex -27 -9.9 2.5
      vertex 27 -11.1 2.5
    endloop
  endfacet
  facet normal 0 0 1
    outer loop
      vertex -27 -11.1 2.5
      vertex 27 -11.1 2.5
      vertex -27 -9.9 2.5
    endloop
  endfacet
  facet normal 0 0 1
    outer loop
      vertex -75.6513 -44.0349 2.5
      vertex 75.6513 -44.0349 2.5
      vertex -27 -11.1 2.5
    endloop
  endfacet
  facet normal 0 0 1
    outer loop
      vertex -75.3145 -43.2219 2.5
      vertex -27 -11.1 2.5
      vertex -49 -11.1 2.5
    endloop
  endfacet
  facet normal 0 0 1
    outer loop
      vertex -49 -9.9 2.5
      vertex -75.3 -43 2.5
      vertex -49 -11.1 2.5
    endloop
  endfacet
  facet normal 0 0 1
    outer loop
      vertex -75.3145 -43.2219 2.5
      vertex -49 -11.1 2.5
      vertex -75.3 -43 2.5
    endloop
  endfacet
  facet normal 0 0 1
    outer loop
      vertex -27 -11.1 2.5
      vertex -75.3145 -43.2219 2.5
      vertex -75.3579 -43.44 2.5
    endloop
  endfacet
  facet normal 0 0 1
    outer loop
      vertex -27 -11.1 2.5
      vertex -75.3579 -43.44 2.5
      vertex -75.4294 -43.6506 2.5
    endloop
  endfacet
  facet normal 0 0 1
    outer loop
      vertex -75.5278 -43.85 2.5
      vertex -27 -11.1 2.5
      vertex -75.4294 -43.6506 2.5
    endloop
  endfacet
  facet normal 0 0 1
    outer loop
      vertex -75.6513 -44.0349 2.5
      vertex -27 -11.1 2.5
      vertex -75.5278 -43.85 2.5
    endloop
  endfacet
  facet normal 0 0 1
    outer loop
      vertex 75.6513 -44.0349 2.5
      vertex -75.6513 -44.0349 2.5
      vertex 80.1 -49.6 2.5
    endloop
  endfacet
  facet normal 0 0 1
    outer loop
      vertex -80.1 -49.6 2.5
      vertex -75.6513 -44.0349 2.5
      vertex -75.7979 -44.2021 2.5
    endloop
  endfacet
  facet normal 0 0 1
    outer loop
      vertex -80.1 -49.6 2.5
      vertex -75.7979 -44.2021 2.5
      vertex -75.9651 -44.3487 2.5
    endloop
  endfacet
  facet normal 0 0 1
    outer loop
      vertex -80.1 -49.6 2.5
      vertex -75.9651 -44.3487 2.5
      vertex -76.15 -44.4722 2.5
    endloop
  endfacet
  facet normal 0 0 1
    outer loop
      vertex -80.1 -49.6 2.5
      vertex -76.15 -44.4722 2.5
      vertex -76.3494 -44.5706 2.5
    endloop
  endfacet
  facet normal 0 0 1
    outer loop
      vertex -80.1 -49.6 2.5
      vertex -76.3494 -44.5706 2.5
      vertex -76.56 -44.6421 2.5
    endloop
  endfacet
  facet normal 0 0 1
    outer loop
      vertex -80.1 -49.6 2.5
      vertex -76.56 -44.6421 2.5
      vertex -76.7781 -44.6855 2.5
    endloop
  endfacet
  facet normal 0 0 1
    outer loop
      vertex -80.1 -49.6 2.5
      vertex -76.7781 -44.6855 2.5
      vertex -77 -44.7 2.5
    endloop
  endfacet
  facet normal 0 0 1
    outer loop
      vertex -75.6513 -44.0349 2.5
      vertex -80.1 -49.6 2.5
      vertex 80.1 -49.6 2.5
    endloop
  endfacet
  facet normal 0 0 1
    outer loop
      vertex -77.2219 -44.6855 2.5
      vertex -80.1 -49.6 2.5
      vertex -77 -44.7 2.5
    endloop
  endfacet
  facet normal 0 0 1
    outer loop
      vertex -77.44 -44.6421 2.5
      vertex -80.1 -49.6 2.5
      vertex -77.2219 -44.6855 2.5
    endloop
  endfacet
  facet normal 0 0 1
    outer loop
      vertex -77.6506 -44.5706 2.5
      vertex -80.1 -49.6 2.5
      vertex -77.44 -44.6421 2.5
    endloop
  endfacet
  facet normal 0 0 1
    outer loop
      vertex -77.85 -44.4722 2.5
      vertex -80.1 -49.6 2.5
      vertex -77.6506 -44.5706 2.5
    endloop
  endfacet
  facet normal 0 0 1
    outer loop
      vertex -78.0349 -44.3487 2.5
      vertex -80.1 -49.6 2.5
      vertex -77.85 -44.4722 2.5
    endloop
  endfacet
  facet normal 0 0 1
    outer loop
      vertex -78.2021 -44.2021 2.5
      vertex -80.1 -49.6 2.5
      vertex -78.0349 -44.3487 2.5
    endloop
  endfacet
  facet normal 0 0 1
    outer loop
      vertex -83.5701 -46.5568 2.5
      vertex -78.2021 -44.2021 2.5
      vertex -78.3487 -44.0349 2.5
    endloop
  endfacet
  facet normal 0 0 1
    outer loop
      vertex -83.6 -46.1 2.5
      vertex -78.3487 -44.0349 2.5
      vertex -78.4722 -43.85 2.5
    endloop
  endfacet
  facet normal 0 0 1
    outer loop
      vertex -83.6 -46.1 2.5
      vertex -78.4722 -43.85 2.5
      vertex -78.5706 -43.6506 2.5
    endloop
  endfacet
  facet normal 0 0 1
    outer loop
      vertex -83.6 -46.1 2.5
      vertex -78.5706 -43.6506 2.5
      vertex -78.6421 -43.44 2.5
    endloop
  endfacet
  facet normal 0 0 1
    outer loop
      vertex -83.6 -46.1 2.5
      vertex -78.6421 -43.44 2.5
      vertex -78.6855 -43.2219 2.5
    endloop
  endfacet
  facet normal 0 0 1
    outer loop
      vertex -83.6 -46.1 2.5
      vertex -78.6855 -43.2219 2.5
      vertex -78.7 -43 2.5
    endloop
  endfacet
  facet normal 0 0 1
    outer loop
      vertex -78.6421 -42.56 2.5
      vertex -83.6 -46.1 2.5
      vertex -78.6855 -42.7781 2.5
    endloop
  endfacet
  facet normal -0 0 1
    outer loop
      vertex -83.1311 47.85 2.5
      vertex -78.2021 44.2021 2.5
      vertex -82.8767 48.2307 2.5
    endloop
  endfacet
  facet normal 0 0 1
    outer loop
      vertex -78.6855 -42.7781 2.5
      vertex -83.6 -46.1 2.5
      vertex -78.7 -43 2.5
    endloop
  endfacet
  facet normal -0 0 1
    outer loop
      vertex -83.3336 47.4394 2.5
      vertex -78.2021 44.2021 2.5
      vertex -83.1311 47.85 2.5
    endloop
  endfacet
  facet normal 0 0 1
    outer loop
      vertex -78.3487 -44.0349 2.5
      vertex -83.6 -46.1 2.5
      vertex -83.5701 -46.5568 2.5
    endloop
  endfacet
  facet normal 0 0 1
    outer loop
      vertex -78.6855 43.2219 2.5
      vertex -83.6 46.1 2.5
      vertex -78.7 43 2.5
    endloop
  endfacet
  facet normal 0 0 1
    outer loop
      vertex -78.2021 -44.2021 2.5
      vertex -80.5568 -49.5701 2.5
      vertex -80.1 -49.6 2.5
    endloop
  endfacet
  facet normal -0 0 1
    outer loop
      vertex -83.4807 47.0059 2.5
      vertex -78.2021 44.2021 2.5
      vertex -83.3336 47.4394 2.5
    endloop
  endfacet
  facet normal 0 0 1
    outer loop
      vertex -78.2021 -44.2021 2.5
      vertex -81.0059 -49.4807 2.5
      vertex -80.5568 -49.5701 2.5
    endloop
  endfacet
  facet normal -0 0 1
    outer loop
      vertex -83.5701 46.5568 2.5
      vertex -78.2021 44.2021 2.5
      vertex -83.4807 47.0059 2.5
    endloop
  endfacet
  facet normal 0 0 1
    outer loop
      vertex -78.2021 -44.2021 2.5
      vertex -81.4394 -49.3336 2.5
      vertex -81.0059 -49.4807 2.5
    endloop
  endfacet
  facet normal 0 0 1
    outer loop
      vertex -78.2021 44.2021 2.5
      vertex -83.5701 46.5568 2.5
      vertex -78.3487 44.0349 2.5
    endloop
  endfacet
  facet normal 0 0 1
    outer loop
      vertex -78.2021 -44.2021 2.5
      vertex -81.85 -49.1311 2.5
      vertex -81.4394 -49.3336 2.5
    endloop
  endfacet
  facet normal -0 0 1
    outer loop
      vertex -83.6 46.1 2.5
      vertex -78.3487 44.0349 2.5
      vertex -83.5701 46.5568 2.5
    endloop
  endfacet
  facet normal 0 0 1
    outer loop
      vertex -78.2021 -44.2021 2.5
      vertex -82.2307 -48.8767 2.5
      vertex -81.85 -49.1311 2.5
    endloop
  endfacet
  facet normal 0 0 1
    outer loop
      vertex -78.3487 44.0349 2.5
      vertex -83.6 46.1 2.5
      vertex -78.4722 43.85 2.5
    endloop
  endfacet
  facet normal 0 0 1
    outer loop
      vertex -78.2021 -44.2021 2.5
      vertex -82.5749 -48.5749 2.5
      vertex -82.2307 -48.8767 2.5
    endloop
  endfacet
  facet normal 0 0 1
    outer loop
      vertex -78.4722 43.85 2.5
      vertex -83.6 46.1 2.5
      vertex -78.5706 43.6506 2.5
    endloop
  endfacet
  facet normal 0 0 1
    outer loop
      vertex -78.2021 -44.2021 2.5
      vertex -82.8767 -48.2307 2.5
      vertex -82.5749 -48.5749 2.5
    endloop
  endfacet
  facet normal 0 0 1
    outer loop
      vertex -78.6421 43.44 2.5
      vertex -83.6 46.1 2.5
      vertex -78.6855 43.2219 2.5
    endloop
  endfacet
  facet normal 0 0 1
    outer loop
      vertex -78.2021 -44.2021 2.5
      vertex -83.1311 -47.85 2.5
      vertex -82.8767 -48.2307 2.5
    endloop
  endfacet
  facet normal 0 0 1
    outer loop
      vertex -78.5706 43.6506 2.5
      vertex -83.6 46.1 2.5
      vertex -78.6421 43.44 2.5
    endloop
  endfacet
  facet normal 0 0 1
    outer loop
      vertex -78.2021 -44.2021 2.5
      vertex -83.3336 -47.4394 2.5
      vertex -83.1311 -47.85 2.5
    endloop
  endfacet
  facet normal 0 0 1
    outer loop
      vertex -78.2021 -44.2021 2.5
      vertex -83.4807 -47.0059 2.5
      vertex -83.3336 -47.4394 2.5
    endloop
  endfacet
  facet normal 0 0 1
    outer loop
      vertex -78.2021 -44.2021 2.5
      vertex -83.5701 -46.5568 2.5
      vertex -83.4807 -47.0059 2.5
    endloop
  endfacet
  facet normal -0.0653156 0.997865 0
    outer loop
      vertex -80.1 49.6 0
      vertex -80.5568 49.5701 2.5
      vertex -80.1 49.6 2.5
    endloop
  endfacet
  facet normal -0.0653156 0.997865 0
    outer loop
      vertex -80.5568 49.5701 2.5
      vertex -80.1 49.6 0
      vertex -80.5568 49.5701 0
    endloop
  endfacet
  facet normal 0.0653156 0.997865 -0
    outer loop
      vertex 80.5568 49.5701 0
      vertex 80.1 49.6 2.5
      vertex 80.5568 49.5701 2.5
    endloop
  endfacet
  facet normal 0.0653156 0.997865 0
    outer loop
      vertex 80.1 49.6 2.5
      vertex 80.5568 49.5701 0
      vertex 80.1 49.6 0
    endloop
  endfacet
  facet normal -0.659278 0.7519 0
    outer loop
      vertex -82.2307 48.8767 0
      vertex -82.5749 48.5749 2.5
      vertex -82.2307 48.8767 2.5
    endloop
  endfacet
  facet normal -0.659278 0.7519 0
    outer loop
      vertex -82.5749 48.5749 2.5
      vertex -82.2307 48.8767 0
      vertex -82.5749 48.5749 0
    endloop
  endfacet
  facet normal 0 1 -0
    outer loop
      vertex 80.1 49.6 0
      vertex -80.1 49.6 2.5
      vertex 80.1 49.6 2.5
    endloop
  endfacet
  facet normal 0 1 0
    outer loop
      vertex -80.1 49.6 2.5
      vertex 80.1 49.6 0
      vertex -80.1 49.6 0
    endloop
  endfacet
  facet normal -0.442314 0.89686 0
    outer loop
      vertex -81.4394 49.3336 0
      vertex -81.85 49.1311 2.5
      vertex -81.4394 49.3336 2.5
    endloop
  endfacet
  facet normal -0.442314 0.89686 0
    outer loop
      vertex -81.85 49.1311 2.5
      vertex -81.4394 49.3336 0
      vertex -81.85 49.1311 0
    endloop
  endfacet
  facet normal -0.997865 -0.0653156 0
    outer loop
      vertex -83.5701 -46.5568 0
      vertex -83.6 -46.1 2.5
      vertex -83.6 -46.1 0
    endloop
  endfacet
  facet normal -0.997865 -0.0653156 0
    outer loop
      vertex -83.6 -46.1 2.5
      vertex -83.5701 -46.5568 0
      vertex -83.5701 -46.5568 2.5
    endloop
  endfacet
  facet normal -1 0 0
    outer loop
      vertex -83.6 -46.1 0
      vertex -83.6 46.1 2.5
      vertex -83.6 46.1 0
    endloop
  endfacet
  facet normal -1 -0 0
    outer loop
      vertex -83.6 46.1 2.5
      vertex -83.6 -46.1 0
      vertex -83.6 -46.1 2.5
    endloop
  endfacet
  facet normal -0.195234 -0.980757 0
    outer loop
      vertex -81.0059 -49.4807 0
      vertex -80.5568 -49.5701 2.5
      vertex -81.0059 -49.4807 2.5
    endloop
  endfacet
  facet normal -0.195234 -0.980757 -0
    outer loop
      vertex -80.5568 -49.5701 2.5
      vertex -81.0059 -49.4807 0
      vertex -80.5568 -49.5701 0
    endloop
  endfacet
  facet normal -0.321335 -0.946966 0
    outer loop
      vertex -81.4394 -49.3336 0
      vertex -81.0059 -49.4807 2.5
      vertex -81.4394 -49.3336 2.5
    endloop
  endfacet
  facet normal -0.321335 -0.946966 -0
    outer loop
      vertex -81.0059 -49.4807 2.5
      vertex -81.4394 -49.3336 0
      vertex -81.0059 -49.4807 0
    endloop
  endfacet
  facet normal 1 -0 0
    outer loop
      vertex 83.6 -46.1 2.5
      vertex 83.6 46.1 0
      vertex 83.6 46.1 2.5
    endloop
  endfacet
  facet normal 1 0 0
    outer loop
      vertex 83.6 46.1 0
      vertex 83.6 -46.1 2.5
      vertex 83.6 -46.1 0
    endloop
  endfacet
  facet normal 0.555607 0.831445 -0
    outer loop
      vertex 82.2307 48.8767 0
      vertex 81.85 49.1311 2.5
      vertex 82.2307 48.8767 2.5
    endloop
  endfacet
  facet normal 0.555607 0.831445 0
    outer loop
      vertex 81.85 49.1311 2.5
      vertex 82.2307 48.8767 0
      vertex 81.85 49.1311 0
    endloop
  endfacet
  facet normal -0.997865 0.0653156 0
    outer loop
      vertex -83.6 46.1 0
      vertex -83.5701 46.5568 2.5
      vertex -83.5701 46.5568 0
    endloop
  endfacet
  facet normal -0.997865 0.0653156 0
    outer loop
      vertex -83.5701 46.5568 2.5
      vertex -83.6 46.1 0
      vertex -83.6 46.1 2.5
    endloop
  endfacet
  facet normal -0.555607 -0.831445 0
    outer loop
      vertex -82.2307 -48.8767 0
      vertex -81.85 -49.1311 2.5
      vertex -82.2307 -48.8767 2.5
    endloop
  endfacet
  facet normal -0.555607 -0.831445 -0
    outer loop
      vertex -81.85 -49.1311 2.5
      vertex -82.2307 -48.8767 0
      vertex -81.85 -49.1311 0
    endloop
  endfacet
  facet normal 0 0 -1
    outer loop
      vertex -75.3579 -42.56 0
      vertex -4 -47.1 0
      vertex -75.3145 -42.7781 0
    endloop
  endfacet
  facet normal 0 0 -1
    outer loop
      vertex -4 -47.1 0
      vertex -75.3145 42.7781 0
      vertex -75.3 43 0
    endloop
  endfacet
  facet normal 0 0 -1
    outer loop
      vertex -75.4294 -42.3494 0
      vertex -4 -47.1 0
      vertex -75.3579 -42.56 0
    endloop
  endfacet
  facet normal 0 0 -1
    outer loop
      vertex -4 -47.1 0
      vertex -75.3579 42.56 0
      vertex -75.3145 42.7781 0
    endloop
  endfacet
  facet normal 0 0 -1
    outer loop
      vertex -75.5278 -42.15 0
      vertex -4 -47.1 0
      vertex -75.4294 -42.3494 0
    endloop
  endfacet
  facet normal 0 0 -1
    outer loop
      vertex -4 -47.1 0
      vertex -75.4294 42.3494 0
      vertex -75.3579 42.56 0
    endloop
  endfacet
  facet normal 0 0 -1
    outer loop
      vertex -75.6513 -41.9651 0
      vertex -4 -47.1 0
      vertex -75.5278 -42.15 0
    endloop
  endfacet
  facet normal 0 0 -1
    outer loop
      vertex -4 -47.1 0
      vertex -75.5278 42.15 0
      vertex -75.4294 42.3494 0
    endloop
  endfacet
  facet normal 0 0 -1
    outer loop
      vertex -75.7979 -41.7979 0
      vertex -4 -47.1 0
      vertex -75.6513 -41.9651 0
    endloop
  endfacet
  facet normal 0 0 -1
    outer loop
      vertex -4 -47.1 0
      vertex -75.6513 41.9651 0
      vertex -75.5278 42.15 0
    endloop
  endfacet
  facet normal 0 0 -1
    outer loop
      vertex -75.7979 41.7979 0
      vertex -4 -47.1 0
      vertex -75.7979 -41.7979 0
    endloop
  endfacet
  facet normal 0 0 -1
    outer loop
      vertex -4 -47.1 0
      vertex -75.7979 41.7979 0
      vertex -75.6513 41.9651 0
    endloop
  endfacet
  facet normal 0 0 -1
    outer loop
      vertex -75.9651 -41.6513 0
      vertex -75.7979 41.7979 0
      vertex -75.7979 -41.7979 0
    endloop
  endfacet
  facet normal 0 0 -1
    outer loop
      vertex -75.9651 -41.6513 0
      vertex -75.9651 41.6513 0
      vertex -75.7979 41.7979 0
    endloop
  endfacet
  facet normal 0 0 -1
    outer loop
      vertex -76.15 -41.5278 0
      vertex -75.9651 41.6513 0
      vertex -75.9651 -41.6513 0
    endloop
  endfacet
  facet normal 0 0 -1
    outer loop
      vertex -76.15 -41.5278 0
      vertex -76.15 41.5278 0
      vertex -75.9651 41.6513 0
    endloop
  endfacet
  facet normal 0 0 -1
    outer loop
      vertex -76.3494 -41.4294 0
      vertex -76.15 41.5278 0
      vertex -76.15 -41.5278 0
    endloop
  endfacet
  facet normal 0 0 -1
    outer loop
      vertex -76.3494 -41.4294 0
      vertex -76.3494 41.4294 0
      vertex -76.15 41.5278 0
    endloop
  endfacet
  facet normal 0 0 -1
    outer loop
      vertex -76.56 -41.3579 0
      vertex -76.3494 41.4294 0
      vertex -76.3494 -41.4294 0
    endloop
  endfacet
  facet normal 0 0 -1
    outer loop
      vertex -76.56 -41.3579 0
      vertex -76.56 41.3579 0
      vertex -76.3494 41.4294 0
    endloop
  endfacet
  facet normal 0 0 -1
    outer loop
      vertex -76.7781 -41.3145 0
      vertex -76.56 41.3579 0
      vertex -76.56 -41.3579 0
    endloop
  endfacet
  facet normal 0 0 -1
    outer loop
      vertex -76.7781 -41.3145 0
      vertex -76.7781 41.3145 0
      vertex -76.56 41.3579 0
    endloop
  endfacet
  facet normal 0 0 -1
    outer loop
      vertex -77 -41.3 0
      vertex -76.7781 41.3145 0
      vertex -76.7781 -41.3145 0
    endloop
  endfacet
  facet normal 0 0 -1
    outer loop
      vertex -77 -41.3 0
      vertex -77 41.3 0
      vertex -76.7781 41.3145 0
    endloop
  endfacet
  facet normal 0 0 -1
    outer loop
      vertex -77.2219 -41.3145 0
      vertex -77 41.3 0
      vertex -77 -41.3 0
    endloop
  endfacet
  facet normal 0 0 -1
    outer loop
      vertex -77.2219 -41.3145 0
      vertex -77.2219 41.3145 0
      vertex -77 41.3 0
    endloop
  endfacet
  facet normal 0 0 -1
    outer loop
      vertex -77.44 -41.3579 0
      vertex -77.2219 41.3145 0
      vertex -77.2219 -41.3145 0
    endloop
  endfacet
  facet normal 0 0 -1
    outer loop
      vertex -77.44 -41.3579 0
      vertex -77.44 41.3579 0
      vertex -77.2219 41.3145 0
    endloop
  endfacet
  facet normal 0 0 -1
    outer loop
      vertex -77.6506 -41.4294 0
      vertex -77.44 41.3579 0
      vertex -77.44 -41.3579 0
    endloop
  endfacet
  facet normal 0 0 -1
    outer loop
      vertex -77.6506 -41.4294 0
      vertex -77.6506 41.4294 0
      vertex -77.44 41.3579 0
    endloop
  endfacet
  facet normal 0 0 -1
    outer loop
      vertex -77.85 -41.5278 0
      vertex -77.6506 41.4294 0
      vertex -77.6506 -41.4294 0
    endloop
  endfacet
  facet normal 0 0 -1
    outer loop
      vertex -77.85 -41.5278 0
      vertex -77.85 41.5278 0
      vertex -77.6506 41.4294 0
    endloop
  endfacet
  facet normal 0 0 -1
    outer loop
      vertex -78.0349 -41.6513 0
      vertex -77.85 41.5278 0
      vertex -77.85 -41.5278 0
    endloop
  endfacet
  facet normal 0 0 -1
    outer loop
      vertex -78.0349 -41.6513 0
      vertex -78.0349 41.6513 0
      vertex -77.85 41.5278 0
    endloop
  endfacet
  facet normal 0 0 -1
    outer loop
      vertex -78.2021 -41.7979 0
      vertex -78.0349 41.6513 0
      vertex -78.0349 -41.6513 0
    endloop
  endfacet
  facet normal 0 0 -1
    outer loop
      vertex -78.2021 -41.7979 0
      vertex -78.2021 41.7979 0
      vertex -78.0349 41.6513 0
    endloop
  endfacet
  facet normal 0 0 -1
    outer loop
      vertex -83.6 -46.1 0
      vertex -78.2021 -41.7979 0
      vertex -78.3487 -41.9651 0
    endloop
  endfacet
  facet normal -0 0 -1
    outer loop
      vertex -78.2021 -41.7979 0
      vertex -83.6 -46.1 0
      vertex -78.2021 41.7979 0
    endloop
  endfacet
  facet normal 0 0 -1
    outer loop
      vertex -83.6 -46.1 0
      vertex -78.3487 -41.9651 0
      vertex -78.4722 -42.15 0
    endloop
  endfacet
  facet normal 0 0 -1
    outer loop
      vertex -83.6 46.1 0
      vertex -78.2021 41.7979 0
      vertex -83.6 -46.1 0
    endloop
  endfacet
  facet normal 0 0 -1
    outer loop
      vertex -83.6 -46.1 0
      vertex -78.4722 -42.15 0
      vertex -78.5706 -42.3494 0
    endloop
  endfacet
  facet normal 0 0 -1
    outer loop
      vertex -78.2021 41.7979 0
      vertex -83.6 46.1 0
      vertex -78.3487 41.9651 0
    endloop
  endfacet
  facet normal 0 0 -1
    outer loop
      vertex -83.6 -46.1 0
      vertex -78.5706 -42.3494 0
      vertex -78.6421 -42.56 0
    endloop
  endfacet
  facet normal 0 0 -1
    outer loop
      vertex -78.3487 41.9651 0
      vertex -83.6 46.1 0
      vertex -78.4722 42.15 0
    endloop
  endfacet
  facet normal 0 0 -1
    outer loop
      vertex -83.6 -46.1 0
      vertex -78.6421 -42.56 0
      vertex -78.6855 -42.7781 0
    endloop
  endfacet
  facet normal 0 0 -1
    outer loop
      vertex -78.4722 42.15 0
      vertex -83.6 46.1 0
      vertex -78.5706 42.3494 0
    endloop
  endfacet
  facet normal 0 0 -1
    outer loop
      vertex -83.6 -46.1 0
      vertex -78.6855 -42.7781 0
      vertex -78.7 -43 0
    endloop
  endfacet
  facet normal 0 0 -1
    outer loop
      vertex -78.5706 42.3494 0
      vertex -83.6 46.1 0
      vertex -78.6421 42.56 0
    endloop
  endfacet
  facet normal 0 0 -1
    outer loop
      vertex -75.3145 -43.2219 0
      vertex -4 -47.1 0
      vertex -4 -49.6 0
    endloop
  endfacet
  facet normal 0 0 -1
    outer loop
      vertex -4 -47.1 0
      vertex -75.3145 -43.2219 0
      vertex -75.3 -43 0
    endloop
  endfacet
  facet normal 0 0 -1
    outer loop
      vertex -4 -49.6 0
      vertex -75.3579 -43.44 0
      vertex -75.3145 -43.2219 0
    endloop
  endfacet
  facet normal 0 0 -1
    outer loop
      vertex -4 -49.6 0
      vertex -75.4294 -43.6506 0
      vertex -75.3579 -43.44 0
    endloop
  endfacet
  facet normal 0 0 -1
    outer loop
      vertex -4 -49.6 0
      vertex -75.5278 -43.85 0
      vertex -75.4294 -43.6506 0
    endloop
  endfacet
  facet normal 0 0 -1
    outer loop
      vertex -4 -49.6 0
      vertex -75.6513 -44.0349 0
      vertex -75.5278 -43.85 0
    endloop
  endfacet
  facet normal 0 0 -1
    outer loop
      vertex -4 -49.6 0
      vertex -75.7979 -44.2021 0
      vertex -75.6513 -44.0349 0
    endloop
  endfacet
  facet normal 0 0 -1
    outer loop
      vertex -80.1 -49.6 0
      vertex -75.7979 -44.2021 0
      vertex -4 -49.6 0
    endloop
  endfacet
  facet normal 0 0 -1
    outer loop
      vertex -75.7979 -44.2021 0
      vertex -80.1 -49.6 0
      vertex -75.9651 -44.3487 0
    endloop
  endfacet
  facet normal 0 0 -1
    outer loop
      vertex -75.9651 -44.3487 0
      vertex -80.1 -49.6 0
      vertex -76.15 -44.4722 0
    endloop
  endfacet
  facet normal 0 0 -1
    outer loop
      vertex -76.15 -44.4722 0
      vertex -80.1 -49.6 0
      vertex -76.3494 -44.5706 0
    endloop
  endfacet
  facet normal 0 0 -1
    outer loop
      vertex -76.3494 -44.5706 0
      vertex -80.1 -49.6 0
      vertex -76.56 -44.6421 0
    endloop
  endfacet
  facet normal 0 0 -1
    outer loop
      vertex -76.56 -44.6421 0
      vertex -80.1 -49.6 0
      vertex -76.7781 -44.6855 0
    endloop
  endfacet
  facet normal 0 0 -1
    outer loop
      vertex -76.7781 -44.6855 0
      vertex -80.1 -49.6 0
      vertex -77 -44.7 0
    endloop
  endfacet
  facet normal 0 0 -1
    outer loop
      vertex -82.8767 -48.2307 0
      vertex -78.2021 -44.2021 0
      vertex -82.5749 -48.5749 0
    endloop
  endfacet
  facet normal 0 0 -1
    outer loop
      vertex -82.5749 -48.5749 0
      vertex -78.2021 -44.2021 0
      vertex -82.2307 -48.8767 0
    endloop
  endfacet
  facet normal 0 0 -1
    outer loop
      vertex -82.2307 -48.8767 0
      vertex -78.2021 -44.2021 0
      vertex -81.85 -49.1311 0
    endloop
  endfacet
  facet normal 0 0 -1
    outer loop
      vertex -81.85 -49.1311 0
      vertex -78.2021 -44.2021 0
      vertex -81.4394 -49.3336 0
    endloop
  endfacet
  facet normal 0 0 -1
    outer loop
      vertex -81.4394 -49.3336 0
      vertex -78.2021 -44.2021 0
      vertex -81.0059 -49.4807 0
    endloop
  endfacet
  facet normal 0 0 -1
    outer loop
      vertex -81.0059 -49.4807 0
      vertex -78.2021 -44.2021 0
      vertex -80.5568 -49.5701 0
    endloop
  endfacet
  facet normal 0 0 -1
    outer loop
      vertex -80.5568 -49.5701 0
      vertex -78.2021 -44.2021 0
      vertex -80.1 -49.6 0
    endloop
  endfacet
  facet normal -0 0 -1
    outer loop
      vertex -78.0349 -44.3487 0
      vertex -80.1 -49.6 0
      vertex -78.2021 -44.2021 0
    endloop
  endfacet
  facet normal -0 0 -1
    outer loop
      vertex -77.85 -44.4722 0
      vertex -80.1 -49.6 0
      vertex -78.0349 -44.3487 0
    endloop
  endfacet
  facet normal -0 0 -1
    outer loop
      vertex -77.6506 -44.5706 0
      vertex -80.1 -49.6 0
      vertex -77.85 -44.4722 0
    endloop
  endfacet
  facet normal -0 0 -1
    outer loop
      vertex -77.44 -44.6421 0
      vertex -80.1 -49.6 0
      vertex -77.6506 -44.5706 0
    endloop
  endfacet
  facet normal -0 0 -1
    outer loop
      vertex -77.2219 -44.6855 0
      vertex -80.1 -49.6 0
      vertex -77.44 -44.6421 0
    endloop
  endfacet
  facet normal -0 0 -1
    outer loop
      vertex -77 -44.7 0
      vertex -80.1 -49.6 0
      vertex -77.2219 -44.6855 0
    endloop
  endfacet
  facet normal 0 0 -1
    outer loop
      vertex 78.5706 -42.3494 0
      vertex 83.6 -46.1 0
      vertex 78.6421 -42.56 0
    endloop
  endfacet
  facet normal 0 0 -1
    outer loop
      vertex 83.6 46.1 0
      vertex 78.6855 42.7781 0
      vertex 78.7 43 0
    endloop
  endfacet
  facet normal 0 0 -1
    outer loop
      vertex 78.4722 -42.15 0
      vertex 83.6 -46.1 0
      vertex 78.5706 -42.3494 0
    endloop
  endfacet
  facet normal 0 0 -1
    outer loop
      vertex 83.6 46.1 0
      vertex 78.6421 42.56 0
      vertex 78.6855 42.7781 0
    endloop
  endfacet
  facet normal 0 0 -1
    outer loop
      vertex 78.3487 -41.9651 0
      vertex 83.6 -46.1 0
      vertex 78.4722 -42.15 0
    endloop
  endfacet
  facet normal 0 0 -1
    outer loop
      vertex 83.6 46.1 0
      vertex 78.5706 42.3494 0
      vertex 78.6421 42.56 0
    endloop
  endfacet
  facet normal 0 0 -1
    outer loop
      vertex 78.2021 -41.7979 0
      vertex 83.6 -46.1 0
      vertex 78.3487 -41.9651 0
    endloop
  endfacet
  facet normal 0 0 -1
    outer loop
      vertex 83.6 46.1 0
      vertex 78.4722 42.15 0
      vertex 78.5706 42.3494 0
    endloop
  endfacet
  facet normal 0 0 -1
    outer loop
      vertex 83.6 -46.1 0
      vertex 78.2021 -41.7979 0
      vertex 83.6 46.1 0
    endloop
  endfacet
  facet normal 0 0 -1
    outer loop
      vertex 83.6 46.1 0
      vertex 78.3487 41.9651 0
      vertex 78.4722 42.15 0
    endloop
  endfacet
  facet normal 0 0 -1
    outer loop
      vertex 78.2021 41.7979 0
      vertex 83.6 46.1 0
      vertex 78.2021 -41.7979 0
    endloop
  endfacet
  facet normal 0 0 -1
    outer loop
      vertex 83.6 46.1 0
      vertex 78.2021 41.7979 0
      vertex 78.3487 41.9651 0
    endloop
  endfacet
  facet normal 0 0 -1
    outer loop
      vertex 78.0349 -41.6513 0
      vertex 78.2021 41.7979 0
      vertex 78.2021 -41.7979 0
    endloop
  endfacet
  facet normal 0 0 -1
    outer loop
      vertex 78.0349 -41.6513 0
      vertex 78.0349 41.6513 0
      vertex 78.2021 41.7979 0
    endloop
  endfacet
  facet normal 0 0 -1
    outer loop
      vertex 77.85 -41.5278 0
      vertex 78.0349 41.6513 0
      vertex 78.0349 -41.6513 0
    endloop
  endfacet
  facet normal 0 0 -1
    outer loop
      vertex 77.85 -41.5278 0
      vertex 77.85 41.5278 0
      vertex 78.0349 41.6513 0
    endloop
  endfacet
  facet normal 0 0 -1
    outer loop
      vertex 77.6506 -41.4294 0
      vertex 77.85 41.5278 0
      vertex 77.85 -41.5278 0
    endloop
  endfacet
  facet normal 0 0 -1
    outer loop
      vertex 77.6506 -41.4294 0
      vertex 77.6506 41.4294 0
      vertex 77.85 41.5278 0
    endloop
  endfacet
  facet normal 0 0 -1
    outer loop
      vertex 77.44 -41.3579 0
      vertex 77.6506 41.4294 0
      vertex 77.6506 -41.4294 0
    endloop
  endfacet
  facet normal 0 0 -1
    outer loop
      vertex 77.44 -41.3579 0
      vertex 77.44 41.3579 0
      vertex 77.6506 41.4294 0
    endloop
  endfacet
  facet normal 0 0 -1
    outer loop
      vertex 77.2219 -41.3145 0
      vertex 77.44 41.3579 0
      vertex 77.44 -41.3579 0
    endloop
  endfacet
  facet normal 0 0 -1
    outer loop
      vertex 77.2219 -41.3145 0
      vertex 77.2219 41.3145 0
      vertex 77.44 41.3579 0
    endloop
  endfacet
  facet normal 0 0 -1
    outer loop
      vertex 77 -41.3 0
      vertex 77.2219 41.3145 0
      vertex 77.2219 -41.3145 0
    endloop
  endfacet
  facet normal 0 0 -1
    outer loop
      vertex 77 -41.3 0
      vertex 77 41.3 0
      vertex 77.2219 41.3145 0
    endloop
  endfacet
  facet normal 0 0 -1
    outer loop
      vertex 76.7781 -41.3145 0
      vertex 77 41.3 0
      vertex 77 -41.3 0
    endloop
  endfacet
  facet normal 0 0 -1
    outer loop
      vertex 76.7781 -41.3145 0
      vertex 76.7781 41.3145 0
      vertex 77 41.3 0
    endloop
  endfacet
  facet normal 0 0 -1
    outer loop
      vertex 76.56 -41.3579 0
      vertex 76.7781 41.3145 0
      vertex 76.7781 -41.3145 0
    endloop
  endfacet
  facet normal 0 0 -1
    outer loop
      vertex 76.56 -41.3579 0
      vertex 76.56 41.3579 0
      vertex 76.7781 41.3145 0
    endloop
  endfacet
  facet normal 0 0 -1
    outer loop
      vertex 76.3494 -41.4294 0
      vertex 76.56 41.3579 0
      vertex 76.56 -41.3579 0
    endloop
  endfacet
  facet normal 0 0 -1
    outer loop
      vertex 76.3494 -41.4294 0
      vertex 76.3494 41.4294 0
      vertex 76.56 41.3579 0
    endloop
  endfacet
  facet normal 0 0 -1
    outer loop
      vertex 76.15 -41.5278 0
      vertex 76.3494 41.4294 0
      vertex 76.3494 -41.4294 0
    endloop
  endfacet
  facet normal 0 0 -1
    outer loop
      vertex 76.15 -41.5278 0
      vertex 76.15 41.5278 0
      vertex 76.3494 41.4294 0
    endloop
  endfacet
  facet normal 0 0 -1
    outer loop
      vertex 75.9651 -41.6513 0
      vertex 76.15 41.5278 0
      vertex 76.15 -41.5278 0
    endloop
  endfacet
  facet normal 0 0 -1
    outer loop
      vertex 75.9651 -41.6513 0
      vertex 75.9651 41.6513 0
      vertex 76.15 41.5278 0
    endloop
  endfacet
  facet normal 0 0 -1
    outer loop
      vertex 75.7979 -41.7979 0
      vertex 75.9651 41.6513 0
      vertex 75.9651 -41.6513 0
    endloop
  endfacet
  facet normal 0 0 -1
    outer loop
      vertex 75.7979 -41.7979 0
      vertex 75.7979 41.7979 0
      vertex 75.9651 41.6513 0
    endloop
  endfacet
  facet normal 0 0 -1
    outer loop
      vertex 4 -47.1 0
      vertex 75.7979 -41.7979 0
      vertex 75.6513 -41.9651 0
    endloop
  endfacet
  facet normal -0 0 -1
    outer loop
      vertex 75.7979 -41.7979 0
      vertex 4 -47.1 0
      vertex 75.7979 41.7979 0
    endloop
  endfacet
  facet normal 0 0 -1
    outer loop
      vertex 4 -47.1 0
      vertex 75.6513 -41.9651 0
      vertex 75.5278 -42.15 0
    endloop
  endfacet
  facet normal -0 0 -1
    outer loop
      vertex 75.7979 41.7979 0
      vertex 4 -47.1 0
      vertex 75.6513 41.9651 0
    endloop
  endfacet
  facet normal 0 0 -1
    outer loop
      vertex 4 -47.1 0
      vertex 75.5278 -42.15 0
      vertex 75.4294 -42.3494 0
    endloop
  endfacet
  facet normal -0 0 -1
    outer loop
      vertex 75.6513 41.9651 0
      vertex 4 -47.1 0
      vertex 75.5278 42.15 0
    endloop
  endfacet
  facet normal 0 0 -1
    outer loop
      vertex 4 -47.1 0
      vertex 75.4294 -42.3494 0
      vertex 75.3579 -42.56 0
    endloop
  endfacet
  facet normal -0 0 -1
    outer loop
      vertex 75.5278 42.15 0
      vertex 4 -47.1 0
      vertex 75.4294 42.3494 0
    endloop
  endfacet
  facet normal 0 0 -1
    outer loop
      vertex 4 -47.1 0
      vertex 75.3579 -42.56 0
      vertex 75.3145 -42.7781 0
    endloop
  endfacet
  facet normal -0 0 -1
    outer loop
      vertex 75.4294 42.3494 0
      vertex 4 -47.1 0
      vertex 75.3579 42.56 0
    endloop
  endfacet
  facet normal 0 0 -1
    outer loop
      vertex 4 -47.1 0
      vertex 75.3145 -42.7781 0
      vertex 75.3 -43 0
    endloop
  endfacet
  facet normal -0 0 -1
    outer loop
      vertex 75.3579 42.56 0
      vertex 4 -47.1 0
      vertex 75.3145 42.7781 0
    endloop
  endfacet
  facet normal 0 0 -1
    outer loop
      vertex 78.3487 -44.0349 0
      vertex 83.6 -46.1 0
      vertex 83.5701 -46.5568 0
    endloop
  endfacet
  facet normal 0 0 -1
    outer loop
      vertex 78.6855 -42.7781 0
      vertex 83.6 -46.1 0
      vertex 78.7 -43 0
    endloop
  endfacet
  facet normal 0 0 -1
    outer loop
      vertex 78.2021 -44.2021 0
      vertex 83.5701 -46.5568 0
      vertex 83.4807 -47.0059 0
    endloop
  endfacet
  facet normal 0 0 -1
    outer loop
      vertex 78.6421 -42.56 0
      vertex 83.6 -46.1 0
      vertex 78.6855 -42.7781 0
    endloop
  endfacet
  facet normal 0 0 -1
    outer loop
      vertex 78.2021 -44.2021 0
      vertex 83.4807 -47.0059 0
      vertex 83.3336 -47.4394 0
    endloop
  endfacet
  facet normal 0 0 -1
    outer loop
      vertex 78.6855 43.2219 0
      vertex 83.6 46.1 0
      vertex 78.7 43 0
    endloop
  endfacet
  facet normal 0 0 -1
    outer loop
      vertex 78.2021 -44.2021 0
      vertex 83.3336 -47.4394 0
      vertex 83.1311 -47.85 0
    endloop
  endfacet
  facet normal 0 0 -1
    outer loop
      vertex 78.6421 43.44 0
      vertex 83.6 46.1 0
      vertex 78.6855 43.2219 0
    endloop
  endfacet
  facet normal 0 0 -1
    outer loop
      vertex 78.2021 -44.2021 0
      vertex 83.1311 -47.85 0
      vertex 82.8767 -48.2307 0
    endloop
  endfacet
  facet normal 0 0 -1
    outer loop
      vertex 78.5706 43.6506 0
      vertex 83.6 46.1 0
      vertex 78.6421 43.44 0
    endloop
  endfacet
  facet normal 0 0 -1
    outer loop
      vertex 78.2021 -44.2021 0
      vertex 82.8767 -48.2307 0
      vertex 82.5749 -48.5749 0
    endloop
  endfacet
  facet normal 0 0 -1
    outer loop
      vertex 78.4722 43.85 0
      vertex 83.6 46.1 0
      vertex 78.5706 43.6506 0
    endloop
  endfacet
  facet normal 0 0 -1
    outer loop
      vertex 78.2021 -44.2021 0
      vertex 82.5749 -48.5749 0
      vertex 82.2307 -48.8767 0
    endloop
  endfacet
  facet normal 0 0 -1
    outer loop
      vertex 78.3487 44.0349 0
      vertex 83.6 46.1 0
      vertex 78.4722 43.85 0
    endloop
  endfacet
  facet normal 0 0 -1
    outer loop
      vertex 78.2021 -44.2021 0
      vertex 82.2307 -48.8767 0
      vertex 81.85 -49.1311 0
    endloop
  endfacet
  facet normal -0 0 -1
    outer loop
      vertex 83.6 46.1 0
      vertex 78.3487 44.0349 0
      vertex 83.5701 46.5568 0
    endloop
  endfacet
  facet normal 0 0 -1
    outer loop
      vertex 78.2021 -44.2021 0
      vertex 81.85 -49.1311 0
      vertex 81.4394 -49.3336 0
    endloop
  endfacet
  facet normal 0 0 -1
    outer loop
      vertex 78.2021 44.2021 0
      vertex 83.5701 46.5568 0
      vertex 78.3487 44.0349 0
    endloop
  endfacet
  facet normal 0 0 -1
    outer loop
      vertex 78.2021 -44.2021 0
      vertex 81.4394 -49.3336 0
      vertex 81.0059 -49.4807 0
    endloop
  endfacet
  facet normal -0 0 -1
    outer loop
      vertex 83.5701 46.5568 0
      vertex 78.2021 44.2021 0
      vertex 83.4807 47.0059 0
    endloop
  endfacet
  facet normal 0 0 -1
    outer loop
      vertex 78.2021 -44.2021 0
      vertex 81.0059 -49.4807 0
      vertex 80.5568 -49.5701 0
    endloop
  endfacet
  facet normal -0 0 -1
    outer loop
      vertex 83.4807 47.0059 0
      vertex 78.2021 44.2021 0
      vertex 83.3336 47.4394 0
    endloop
  endfacet
  facet normal 0 0 -1
    outer loop
      vertex 78.2021 -44.2021 0
      vertex 80.5568 -49.5701 0
      vertex 80.1 -49.6 0
    endloop
  endfacet
  facet normal -0 0 -1
    outer loop
      vertex 83.3336 47.4394 0
      vertex 78.2021 44.2021 0
      vertex 83.1311 47.85 0
    endloop
  endfacet
  facet normal -0 0 -1
    outer loop
      vertex 83.1311 47.85 0
      vertex 78.2021 44.2021 0
      vertex 82.8767 48.2307 0
    endloop
  endfacet
  facet normal 0 0 -1
    outer loop
      vertex 83.6 -46.1 0
      vertex 78.6855 -43.2219 0
      vertex 78.7 -43 0
    endloop
  endfacet
  facet normal 0 0 -1
    outer loop
      vertex 83.6 -46.1 0
      vertex 78.6421 -43.44 0
      vertex 78.6855 -43.2219 0
    endloop
  endfacet
  facet normal 0 0 -1
    outer loop
      vertex 83.6 -46.1 0
      vertex 78.5706 -43.6506 0
      vertex 78.6421 -43.44 0
    endloop
  endfacet
  facet normal 0 0 -1
    outer loop
      vertex 83.6 -46.1 0
      vertex 78.4722 -43.85 0
      vertex 78.5706 -43.6506 0
    endloop
  endfacet
  facet normal 0 0 -1
    outer loop
      vertex 83.6 -46.1 0
      vertex 78.3487 -44.0349 0
      vertex 78.4722 -43.85 0
    endloop
  endfacet
  facet normal 0 0 -1
    outer loop
      vertex 83.5701 -46.5568 0
      vertex 78.2021 -44.2021 0
      vertex 78.3487 -44.0349 0
    endloop
  endfacet
  facet normal 0 0 -1
    outer loop
      vertex 80.1 -49.6 0
      vertex 78.0349 -44.3487 0
      vertex 78.2021 -44.2021 0
    endloop
  endfacet
  facet normal 0 0 -1
    outer loop
      vertex 80.1 -49.6 0
      vertex 77.85 -44.4722 0
      vertex 78.0349 -44.3487 0
    endloop
  endfacet
  facet normal 0 0 -1
    outer loop
      vertex 80.1 -49.6 0
      vertex 77.6506 -44.5706 0
      vertex 77.85 -44.4722 0
    endloop
  endfacet
  facet normal 0 0 -1
    outer loop
      vertex 80.1 -49.6 0
      vertex 77.44 -44.6421 0
      vertex 77.6506 -44.5706 0
    endloop
  endfacet
  facet normal 0 0 -1
    outer loop
      vertex 80.1 -49.6 0
      vertex 77.2219 -44.6855 0
      vertex 77.44 -44.6421 0
    endloop
  endfacet
  facet normal 0 0 -1
    outer loop
      vertex 80.1 -49.6 0
      vertex 77 -44.7 0
      vertex 77.2219 -44.6855 0
    endloop
  endfacet
  facet normal 0 0 -1
    outer loop
      vertex 80.1 -49.6 0
      vertex 76.7781 -44.6855 0
      vertex 77 -44.7 0
    endloop
  endfacet
  facet normal 0 0 -1
    outer loop
      vertex 80.1 -49.6 0
      vertex 76.56 -44.6421 0
      vertex 76.7781 -44.6855 0
    endloop
  endfacet
  facet normal 0 0 -1
    outer loop
      vertex 80.1 -49.6 0
      vertex 76.3494 -44.5706 0
      vertex 76.56 -44.6421 0
    endloop
  endfacet
  facet normal 0 0 -1
    outer loop
      vertex 80.1 -49.6 0
      vertex 76.15 -44.4722 0
      vertex 76.3494 -44.5706 0
    endloop
  endfacet
  facet normal 0 0 -1
    outer loop
      vertex 80.1 -49.6 0
      vertex 75.9651 -44.3487 0
      vertex 76.15 -44.4722 0
    endloop
  endfacet
  facet normal 0 0 -1
    outer loop
      vertex 80.1 -49.6 0
      vertex 75.7979 -44.2021 0
      vertex 75.9651 -44.3487 0
    endloop
  endfacet
  facet normal 0 0 -1
    outer loop
      vertex 4 -49.6 0
      vertex 75.7979 -44.2021 0
      vertex 80.1 -49.6 0
    endloop
  endfacet
  facet normal -0 0 -1
    outer loop
      vertex 75.3145 -43.2219 0
      vertex 4 -47.1 0
      vertex 75.3 -43 0
    endloop
  endfacet
  facet normal 0 0 -1
    outer loop
      vertex 4 -47.1 0
      vertex 75.3145 -43.2219 0
      vertex 4 -49.6 0
    endloop
  endfacet
  facet normal -0 0 -1
    outer loop
      vertex 75.3579 -43.44 0
      vertex 4 -49.6 0
      vertex 75.3145 -43.2219 0
    endloop
  endfacet
  facet normal -0 0 -1
    outer loop
      vertex 75.4294 -43.6506 0
      vertex 4 -49.6 0
      vertex 75.3579 -43.44 0
    endloop
  endfacet
  facet normal -0 0 -1
    outer loop
      vertex 75.5278 -43.85 0
      vertex 4 -49.6 0
      vertex 75.4294 -43.6506 0
    endloop
  endfacet
  facet normal -0 0 -1
    outer loop
      vertex 75.6513 -44.0349 0
      vertex 4 -49.6 0
      vertex 75.5278 -43.85 0
    endloop
  endfacet
  facet normal -0 0 -1
    outer loop
      vertex 75.7979 -44.2021 0
      vertex 4 -49.6 0
      vertex 75.6513 -44.0349 0
    endloop
  endfacet
  facet normal -0 0 -1
    outer loop
      vertex 82.8767 48.2307 0
      vertex 78.2021 44.2021 0
      vertex 82.5749 48.5749 0
    endloop
  endfacet
  facet normal -0 0 -1
    outer loop
      vertex 82.5749 48.5749 0
      vertex 78.2021 44.2021 0
      vertex 82.2307 48.8767 0
    endloop
  endfacet
  facet normal -0 0 -1
    outer loop
      vertex 82.2307 48.8767 0
      vertex 78.2021 44.2021 0
      vertex 81.85 49.1311 0
    endloop
  endfacet
  facet normal -0 0 -1
    outer loop
      vertex 81.85 49.1311 0
      vertex 78.2021 44.2021 0
      vertex 81.4394 49.3336 0
    endloop
  endfacet
  facet normal -0 0 -1
    outer loop
      vertex 81.4394 49.3336 0
      vertex 78.2021 44.2021 0
      vertex 81.0059 49.4807 0
    endloop
  endfacet
  facet normal -0 0 -1
    outer loop
      vertex 81.0059 49.4807 0
      vertex 78.2021 44.2021 0
      vertex 80.5568 49.5701 0
    endloop
  endfacet
  facet normal -0 0 -1
    outer loop
      vertex 80.5568 49.5701 0
      vertex 78.2021 44.2021 0
      vertex 80.1 49.6 0
    endloop
  endfacet
  facet normal 0 0 -1
    outer loop
      vertex 78.0349 44.3487 0
      vertex 80.1 49.6 0
      vertex 78.2021 44.2021 0
    endloop
  endfacet
  facet normal 0 0 -1
    outer loop
      vertex 77.85 44.4722 0
      vertex 80.1 49.6 0
      vertex 78.0349 44.3487 0
    endloop
  endfacet
  facet normal 0 0 -1
    outer loop
      vertex 77.6506 44.5706 0
      vertex 80.1 49.6 0
      vertex 77.85 44.4722 0
    endloop
  endfacet
  facet normal 0 0 -1
    outer loop
      vertex 77.44 44.6421 0
      vertex 80.1 49.6 0
      vertex 77.6506 44.5706 0
    endloop
  endfacet
  facet normal 0 0 -1
    outer loop
      vertex 77.2219 44.6855 0
      vertex 80.1 49.6 0
      vertex 77.44 44.6421 0
    endloop
  endfacet
  facet normal 0 0 -1
    outer loop
      vertex 77 44.7 0
      vertex 80.1 49.6 0
      vertex 77.2219 44.6855 0
    endloop
  endfacet
  facet normal 0 0 -1
    outer loop
      vertex 76.7781 44.6855 0
      vertex 80.1 49.6 0
      vertex 77 44.7 0
    endloop
  endfacet
  facet normal 0 0 -1
    outer loop
      vertex 76.56 44.6421 0
      vertex 80.1 49.6 0
      vertex 76.7781 44.6855 0
    endloop
  endfacet
  facet normal 0 0 -1
    outer loop
      vertex 76.3494 44.5706 0
      vertex 80.1 49.6 0
      vertex 76.56 44.6421 0
    endloop
  endfacet
  facet normal 0 0 -1
    outer loop
      vertex 76.15 44.4722 0
      vertex 80.1 49.6 0
      vertex 76.3494 44.5706 0
    endloop
  endfacet
  facet normal 0 0 -1
    outer loop
      vertex 75.9651 44.3487 0
      vertex 80.1 49.6 0
      vertex 76.15 44.4722 0
    endloop
  endfacet
  facet normal 0 0 -1
    outer loop
      vertex 75.7979 44.2021 0
      vertex 80.1 49.6 0
      vertex 75.9651 44.3487 0
    endloop
  endfacet
  facet normal 0 0 -1
    outer loop
      vertex 75.6513 44.0349 0
      vertex 80.1 49.6 0
      vertex 75.7979 44.2021 0
    endloop
  endfacet
  facet normal 0 0 -1
    outer loop
      vertex -4 -47.1 0
      vertex 75.3145 42.7781 0
      vertex 4 -47.1 0
    endloop
  endfacet
  facet normal 0 0 -1
    outer loop
      vertex -75.3 43 0
      vertex 75.3145 42.7781 0
      vertex -4 -47.1 0
    endloop
  endfacet
  facet normal 0 0 -1
    outer loop
      vertex 75.3145 42.7781 0
      vertex -75.3 43 0
      vertex 75.3 43 0
    endloop
  endfacet
  facet normal 0 0 -1
    outer loop
      vertex 75.3 43 0
      vertex -75.3 43 0
      vertex 75.3145 43.2219 0
    endloop
  endfacet
  facet normal 0 0 -1
    outer loop
      vertex -75.3145 43.2219 0
      vertex 75.3145 43.2219 0
      vertex -75.3 43 0
    endloop
  endfacet
  facet normal 0 0 -1
    outer loop
      vertex 75.3145 43.2219 0
      vertex -75.3145 43.2219 0
      vertex 75.3579 43.44 0
    endloop
  endfacet
  facet normal 0 0 -1
    outer loop
      vertex -75.3579 43.44 0
      vertex 75.3579 43.44 0
      vertex -75.3145 43.2219 0
    endloop
  endfacet
  facet normal 0 0 -1
    outer loop
      vertex 75.3579 43.44 0
      vertex -75.3579 43.44 0
      vertex 75.4294 43.6506 0
    endloop
  endfacet
  facet normal 0 0 -1
    outer loop
      vertex -75.3145 -42.7781 0
      vertex -4 -47.1 0
      vertex -75.3 -43 0
    endloop
  endfacet
  facet normal 0 0 -1
    outer loop
      vertex -75.4294 43.6506 0
      vertex 75.4294 43.6506 0
      vertex -75.3579 43.44 0
    endloop
  endfacet
  facet normal 0 0 -1
    outer loop
      vertex 75.4294 43.6506 0
      vertex -75.4294 43.6506 0
      vertex 75.5278 43.85 0
    endloop
  endfacet
  facet normal 0 0 -1
    outer loop
      vertex -75.5278 43.85 0
      vertex 75.5278 43.85 0
      vertex -75.4294 43.6506 0
    endloop
  endfacet
  facet normal 0 0 -1
    outer loop
      vertex 75.5278 43.85 0
      vertex -75.5278 43.85 0
      vertex 75.6513 44.0349 0
    endloop
  endfacet
  facet normal 0 0 -1
    outer loop
      vertex -75.6513 44.0349 0
      vertex 75.6513 44.0349 0
      vertex -75.5278 43.85 0
    endloop
  endfacet
  facet normal 0 0 -1
    outer loop
      vertex 75.6513 44.0349 0
      vertex -75.6513 44.0349 0
      vertex 80.1 49.6 0
    endloop
  endfacet
  facet normal 0 0 -1
    outer loop
      vertex -80.1 49.6 0
      vertex -75.6513 44.0349 0
      vertex -75.7979 44.2021 0
    endloop
  endfacet
  facet normal 0 0 -1
    outer loop
      vertex -80.1 49.6 0
      vertex -75.7979 44.2021 0
      vertex -75.9651 44.3487 0
    endloop
  endfacet
  facet normal 0 0 -1
    outer loop
      vertex -80.1 49.6 0
      vertex -75.9651 44.3487 0
      vertex -76.15 44.4722 0
    endloop
  endfacet
  facet normal 0 0 -1
    outer loop
      vertex -80.1 49.6 0
      vertex -76.15 44.4722 0
      vertex -76.3494 44.5706 0
    endloop
  endfacet
  facet normal 0 0 -1
    outer loop
      vertex -80.1 49.6 0
      vertex -76.3494 44.5706 0
      vertex -76.56 44.6421 0
    endloop
  endfacet
  facet normal 0 0 -1
    outer loop
      vertex -80.1 49.6 0
      vertex -76.56 44.6421 0
      vertex -76.7781 44.6855 0
    endloop
  endfacet
  facet normal 0 0 -1
    outer loop
      vertex -80.1 49.6 0
      vertex -76.7781 44.6855 0
      vertex -77 44.7 0
    endloop
  endfacet
  facet normal 0 0 -1
    outer loop
      vertex -75.6513 44.0349 0
      vertex -80.1 49.6 0
      vertex 80.1 49.6 0
    endloop
  endfacet
  facet normal 0 0 -1
    outer loop
      vertex -77.2219 44.6855 0
      vertex -80.1 49.6 0
      vertex -77 44.7 0
    endloop
  endfacet
  facet normal 0 0 -1
    outer loop
      vertex -77.44 44.6421 0
      vertex -80.1 49.6 0
      vertex -77.2219 44.6855 0
    endloop
  endfacet
  facet normal 0 0 -1
    outer loop
      vertex -77.6506 44.5706 0
      vertex -80.1 49.6 0
      vertex -77.44 44.6421 0
    endloop
  endfacet
  facet normal 0 0 -1
    outer loop
      vertex -77.85 44.4722 0
      vertex -80.1 49.6 0
      vertex -77.6506 44.5706 0
    endloop
  endfacet
  facet normal 0 0 -1
    outer loop
      vertex -78.0349 44.3487 0
      vertex -80.1 49.6 0
      vertex -77.85 44.4722 0
    endloop
  endfacet
  facet normal 0 0 -1
    outer loop
      vertex -78.2021 44.2021 0
      vertex -80.1 49.6 0
      vertex -78.0349 44.3487 0
    endloop
  endfacet
  facet normal 0 0 -1
    outer loop
      vertex -83.5701 46.5568 0
      vertex -78.2021 44.2021 0
      vertex -78.3487 44.0349 0
    endloop
  endfacet
  facet normal 0 0 -1
    outer loop
      vertex -83.6 46.1 0
      vertex -78.3487 44.0349 0
      vertex -78.4722 43.85 0
    endloop
  endfacet
  facet normal 0 0 -1
    outer loop
      vertex -83.6 46.1 0
      vertex -78.4722 43.85 0
      vertex -78.5706 43.6506 0
    endloop
  endfacet
  facet normal 0 0 -1
    outer loop
      vertex -83.6 46.1 0
      vertex -78.5706 43.6506 0
      vertex -78.6421 43.44 0
    endloop
  endfacet
  facet normal 0 0 -1
    outer loop
      vertex -83.6 46.1 0
      vertex -78.6421 43.44 0
      vertex -78.6855 43.2219 0
    endloop
  endfacet
  facet normal 0 0 -1
    outer loop
      vertex -83.6 46.1 0
      vertex -78.6855 43.2219 0
      vertex -78.7 43 0
    endloop
  endfacet
  facet normal 0 0 -1
    outer loop
      vertex -78.6421 42.56 0
      vertex -83.6 46.1 0
      vertex -78.6855 42.7781 0
    endloop
  endfacet
  facet normal 0 0 -1
    outer loop
      vertex -83.1311 -47.85 0
      vertex -78.2021 -44.2021 0
      vertex -82.8767 -48.2307 0
    endloop
  endfacet
  facet normal 0 0 -1
    outer loop
      vertex -78.6855 42.7781 0
      vertex -83.6 46.1 0
      vertex -78.7 43 0
    endloop
  endfacet
  facet normal 0 0 -1
    outer loop
      vertex -83.3336 -47.4394 0
      vertex -78.2021 -44.2021 0
      vertex -83.1311 -47.85 0
    endloop
  endfacet
  facet normal 0 0 -1
    outer loop
      vertex -78.3487 44.0349 0
      vertex -83.6 46.1 0
      vertex -83.5701 46.5568 0
    endloop
  endfacet
  facet normal -0 0 -1
    outer loop
      vertex -78.6855 -43.2219 0
      vertex -83.6 -46.1 0
      vertex -78.7 -43 0
    endloop
  endfacet
  facet normal 0 0 -1
    outer loop
      vertex -78.2021 44.2021 0
      vertex -80.5568 49.5701 0
      vertex -80.1 49.6 0
    endloop
  endfacet
  facet normal 0 0 -1
    outer loop
      vertex -83.4807 -47.0059 0
      vertex -78.2021 -44.2021 0
      vertex -83.3336 -47.4394 0
    endloop
  endfacet
  facet normal 0 0 -1
    outer loop
      vertex -78.2021 44.2021 0
      vertex -81.0059 49.4807 0
      vertex -80.5568 49.5701 0
    endloop
  endfacet
  facet normal 0 0 -1
    outer loop
      vertex -83.5701 -46.5568 0
      vertex -78.2021 -44.2021 0
      vertex -83.4807 -47.0059 0
    endloop
  endfacet
  facet normal 0 0 -1
    outer loop
      vertex -78.2021 44.2021 0
      vertex -81.4394 49.3336 0
      vertex -81.0059 49.4807 0
    endloop
  endfacet
  facet normal -0 0 -1
    outer loop
      vertex -78.2021 -44.2021 0
      vertex -83.5701 -46.5568 0
      vertex -78.3487 -44.0349 0
    endloop
  endfacet
  facet normal 0 0 -1
    outer loop
      vertex -78.2021 44.2021 0
      vertex -81.85 49.1311 0
      vertex -81.4394 49.3336 0
    endloop
  endfacet
  facet normal 0 0 -1
    outer loop
      vertex -83.6 -46.1 0
      vertex -78.3487 -44.0349 0
      vertex -83.5701 -46.5568 0
    endloop
  endfacet
  facet normal 0 0 -1
    outer loop
      vertex -78.2021 44.2021 0
      vertex -82.2307 48.8767 0
      vertex -81.85 49.1311 0
    endloop
  endfacet
  facet normal -0 0 -1
    outer loop
      vertex -78.3487 -44.0349 0
      vertex -83.6 -46.1 0
      vertex -78.4722 -43.85 0
    endloop
  endfacet
  facet normal 0 0 -1
    outer loop
      vertex -78.2021 44.2021 0
      vertex -82.5749 48.5749 0
      vertex -82.2307 48.8767 0
    endloop
  endfacet
  facet normal -0 0 -1
    outer loop
      vertex -78.4722 -43.85 0
      vertex -83.6 -46.1 0
      vertex -78.5706 -43.6506 0
    endloop
  endfacet
  facet normal 0 0 -1
    outer loop
      vertex -78.2021 44.2021 0
      vertex -82.8767 48.2307 0
      vertex -82.5749 48.5749 0
    endloop
  endfacet
  facet normal -0 0 -1
    outer loop
      vertex -78.6421 -43.44 0
      vertex -83.6 -46.1 0
      vertex -78.6855 -43.2219 0
    endloop
  endfacet
  facet normal 0 0 -1
    outer loop
      vertex -78.2021 44.2021 0
      vertex -83.1311 47.85 0
      vertex -82.8767 48.2307 0
    endloop
  endfacet
  facet normal -0 0 -1
    outer loop
      vertex -78.5706 -43.6506 0
      vertex -83.6 -46.1 0
      vertex -78.6421 -43.44 0
    endloop
  endfacet
  facet normal 0 0 -1
    outer loop
      vertex -78.2021 44.2021 0
      vertex -83.3336 47.4394 0
      vertex -83.1311 47.85 0
    endloop
  endfacet
  facet normal 0 0 -1
    outer loop
      vertex -78.2021 44.2021 0
      vertex -83.4807 47.0059 0
      vertex -83.3336 47.4394 0
    endloop
  endfacet
  facet normal 0 0 -1
    outer loop
      vertex -78.2021 44.2021 0
      vertex -83.5701 46.5568 0
      vertex -83.4807 47.0059 0
    endloop
  endfacet
  facet normal -0.0653156 -0.997865 0
    outer loop
      vertex -80.5568 -49.5701 0
      vertex -80.1 -49.6 2.5
      vertex -80.5568 -49.5701 2.5
    endloop
  endfacet
  facet normal -0.0653156 -0.997865 -0
    outer loop
      vertex -80.1 -49.6 2.5
      vertex -80.5568 -49.5701 0
      vertex -80.1 -49.6 0
    endloop
  endfacet
  facet normal 0.831445 -0.555607 0
    outer loop
      vertex 82.8767 -48.2307 2.5
      vertex 83.1311 -47.85 0
      vertex 83.1311 -47.85 2.5
    endloop
  endfacet
  facet normal 0.831445 -0.555607 0
    outer loop
      vertex 83.1311 -47.85 0
      vertex 82.8767 -48.2307 2.5
      vertex 82.8767 -48.2307 0
    endloop
  endfacet
  facet normal 0.946966 -0.321335 0
    outer loop
      vertex 83.3336 -47.4394 2.5
      vertex 83.4807 -47.0059 0
      vertex 83.4807 -47.0059 2.5
    endloop
  endfacet
  facet normal 0.946966 -0.321335 0
    outer loop
      vertex 83.4807 -47.0059 0
      vertex 83.3336 -47.4394 2.5
      vertex 83.3336 -47.4394 0
    endloop
  endfacet
  facet normal 0.195234 0.980757 -0
    outer loop
      vertex 81.0059 49.4807 0
      vertex 80.5568 49.5701 2.5
      vertex 81.0059 49.4807 2.5
    endloop
  endfacet
  facet normal 0.195234 0.980757 0
    outer loop
      vertex 80.5568 49.5701 2.5
      vertex 81.0059 49.4807 0
      vertex 80.5568 49.5701 0
    endloop
  endfacet
  facet normal 0.321335 0.946966 -0
    outer loop
      vertex 81.4394 49.3336 0
      vertex 81.0059 49.4807 2.5
      vertex 81.4394 49.3336 2.5
    endloop
  endfacet
  facet normal 0.321335 0.946966 0
    outer loop
      vertex 81.0059 49.4807 2.5
      vertex 81.4394 49.3336 0
      vertex 81.0059 49.4807 0
    endloop
  endfacet
  facet normal 0.442314 0.89686 -0
    outer loop
      vertex 81.85 49.1311 0
      vertex 81.4394 49.3336 2.5
      vertex 81.85 49.1311 2.5
    endloop
  endfacet
  facet normal 0.442314 0.89686 0
    outer loop
      vertex 81.4394 49.3336 2.5
      vertex 81.85 49.1311 0
      vertex 81.4394 49.3336 0
    endloop
  endfacet
  facet normal -0.555607 0.831445 0
    outer loop
      vertex -81.85 49.1311 0
      vertex -82.2307 48.8767 2.5
      vertex -81.85 49.1311 2.5
    endloop
  endfacet
  facet normal -0.555607 0.831445 0
    outer loop
      vertex -82.2307 48.8767 2.5
      vertex -81.85 49.1311 0
      vertex -82.2307 48.8767 0
    endloop
  endfacet
  facet normal -0.946966 0.321335 0
    outer loop
      vertex -83.4807 47.0059 0
      vertex -83.3336 47.4394 2.5
      vertex -83.3336 47.4394 0
    endloop
  endfacet
  facet normal -0.946966 0.321335 0
    outer loop
      vertex -83.3336 47.4394 2.5
      vertex -83.4807 47.0059 0
      vertex -83.4807 47.0059 2.5
    endloop
  endfacet
  facet normal -0.980757 0.195234 0
    outer loop
      vertex -83.5701 46.5568 0
      vertex -83.4807 47.0059 2.5
      vertex -83.4807 47.0059 0
    endloop
  endfacet
  facet normal -0.980757 0.195234 0
    outer loop
      vertex -83.4807 47.0059 2.5
      vertex -83.5701 46.5568 0
      vertex -83.5701 46.5568 2.5
    endloop
  endfacet
  facet normal -0.442314 -0.89686 0
    outer loop
      vertex -81.85 -49.1311 0
      vertex -81.4394 -49.3336 2.5
      vertex -81.85 -49.1311 2.5
    endloop
  endfacet
  facet normal -0.442314 -0.89686 -0
    outer loop
      vertex -81.4394 -49.3336 2.5
      vertex -81.85 -49.1311 0
      vertex -81.4394 -49.3336 0
    endloop
  endfacet
  facet normal -0.831445 -0.555607 0
    outer loop
      vertex -82.8767 -48.2307 0
      vertex -83.1311 -47.85 2.5
      vertex -83.1311 -47.85 0
    endloop
  endfacet
  facet normal -0.831445 -0.555607 0
    outer loop
      vertex -83.1311 -47.85 2.5
      vertex -82.8767 -48.2307 0
      vertex -82.8767 -48.2307 2.5
    endloop
  endfacet
  facet normal 0.997865 -0.0653156 0
    outer loop
      vertex 83.5701 -46.5568 2.5
      vertex 83.6 -46.1 0
      vertex 83.6 -46.1 2.5
    endloop
  endfacet
  facet normal 0.997865 -0.0653156 0
    outer loop
      vertex 83.6 -46.1 0
      vertex 83.5701 -46.5568 2.5
      vertex 83.5701 -46.5568 0
    endloop
  endfacet
  facet normal 0.321335 -0.946966 0
    outer loop
      vertex 81.0059 -49.4807 0
      vertex 81.4394 -49.3336 2.5
      vertex 81.0059 -49.4807 2.5
    endloop
  endfacet
  facet normal 0.321335 -0.946966 0
    outer loop
      vertex 81.4394 -49.3336 2.5
      vertex 81.0059 -49.4807 0
      vertex 81.4394 -49.3336 0
    endloop
  endfacet
  facet normal -0.89686 0.442314 0
    outer loop
      vertex -83.3336 47.4394 0
      vertex -83.1311 47.85 2.5
      vertex -83.1311 47.85 0
    endloop
  endfacet
  facet normal -0.89686 0.442314 0
    outer loop
      vertex -83.1311 47.85 2.5
      vertex -83.3336 47.4394 0
      vertex -83.3336 47.4394 2.5
    endloop
  endfacet
  facet normal -0.659278 -0.7519 0
    outer loop
      vertex -82.5749 -48.5749 0
      vertex -82.2307 -48.8767 2.5
      vertex -82.5749 -48.5749 2.5
    endloop
  endfacet
  facet normal -0.659278 -0.7519 -0
    outer loop
      vertex -82.2307 -48.8767 2.5
      vertex -82.5749 -48.5749 0
      vertex -82.2307 -48.8767 0
    endloop
  endfacet
  facet normal -0.7519 -0.659278 0
    outer loop
      vertex -82.5749 -48.5749 0
      vertex -82.8767 -48.2307 2.5
      vertex -82.8767 -48.2307 0
    endloop
  endfacet
  facet normal -0.7519 -0.659278 0
    outer loop
      vertex -82.8767 -48.2307 2.5
      vertex -82.5749 -48.5749 0
      vertex -82.5749 -48.5749 2.5
    endloop
  endfacet
  facet normal -0.89686 -0.442314 0
    outer loop
      vertex -83.1311 -47.85 0
      vertex -83.3336 -47.4394 2.5
      vertex -83.3336 -47.4394 0
    endloop
  endfacet
  facet normal -0.89686 -0.442314 0
    outer loop
      vertex -83.3336 -47.4394 2.5
      vertex -83.1311 -47.85 0
      vertex -83.1311 -47.85 2.5
    endloop
  endfacet
  facet normal 0.89686 0.442314 0
    outer loop
      vertex 83.3336 47.4394 2.5
      vertex 83.1311 47.85 0
      vertex 83.1311 47.85 2.5
    endloop
  endfacet
  facet normal 0.89686 0.442314 0
    outer loop
      vertex 83.1311 47.85 0
      vertex 83.3336 47.4394 2.5
      vertex 83.3336 47.4394 0
    endloop
  endfacet
  facet normal 0.89686 -0.442314 0
    outer loop
      vertex 83.1311 -47.85 2.5
      vertex 83.3336 -47.4394 0
      vertex 83.3336 -47.4394 2.5
    endloop
  endfacet
  facet normal 0.89686 -0.442314 0
    outer loop
      vertex 83.3336 -47.4394 0
      vertex 83.1311 -47.85 2.5
      vertex 83.1311 -47.85 0
    endloop
  endfacet
  facet normal 0.659278 -0.7519 0
    outer loop
      vertex 82.2307 -48.8767 0
      vertex 82.5749 -48.5749 2.5
      vertex 82.2307 -48.8767 2.5
    endloop
  endfacet
  facet normal 0.659278 -0.7519 0
    outer loop
      vertex 82.5749 -48.5749 2.5
      vertex 82.2307 -48.8767 0
      vertex 82.5749 -48.5749 0
    endloop
  endfacet
  facet normal 0.442314 -0.89686 0
    outer loop
      vertex 81.4394 -49.3336 0
      vertex 81.85 -49.1311 2.5
      vertex 81.4394 -49.3336 2.5
    endloop
  endfacet
  facet normal 0.442314 -0.89686 0
    outer loop
      vertex 81.85 -49.1311 2.5
      vertex 81.4394 -49.3336 0
      vertex 81.85 -49.1311 0
    endloop
  endfacet
  facet normal -0.7519 0.659278 0
    outer loop
      vertex -82.8767 48.2307 0
      vertex -82.5749 48.5749 2.5
      vertex -82.5749 48.5749 0
    endloop
  endfacet
  facet normal -0.7519 0.659278 0
    outer loop
      vertex -82.5749 48.5749 2.5
      vertex -82.8767 48.2307 0
      vertex -82.8767 48.2307 2.5
    endloop
  endfacet
  facet normal -0.831445 0.555607 0
    outer loop
      vertex -83.1311 47.85 0
      vertex -82.8767 48.2307 2.5
      vertex -82.8767 48.2307 0
    endloop
  endfacet
  facet normal -0.831445 0.555607 0
    outer loop
      vertex -82.8767 48.2307 2.5
      vertex -83.1311 47.85 0
      vertex -83.1311 47.85 2.5
    endloop
  endfacet
  facet normal -0.980757 -0.195234 0
    outer loop
      vertex -83.4807 -47.0059 0
      vertex -83.5701 -46.5568 2.5
      vertex -83.5701 -46.5568 0
    endloop
  endfacet
  facet normal -0.980757 -0.195234 0
    outer loop
      vertex -83.5701 -46.5568 2.5
      vertex -83.4807 -47.0059 0
      vertex -83.4807 -47.0059 2.5
    endloop
  endfacet
  facet normal 0.659278 0.7519 -0
    outer loop
      vertex 82.5749 48.5749 0
      vertex 82.2307 48.8767 2.5
      vertex 82.5749 48.5749 2.5
    endloop
  endfacet
  facet normal 0.659278 0.7519 0
    outer loop
      vertex 82.2307 48.8767 2.5
      vertex 82.5749 48.5749 0
      vertex 82.2307 48.8767 0
    endloop
  endfacet
  facet normal 0.7519 0.659278 0
    outer loop
      vertex 82.8767 48.2307 2.5
      vertex 82.5749 48.5749 0
      vertex 82.5749 48.5749 2.5
    endloop
  endfacet
  facet normal 0.7519 0.659278 0
    outer loop
      vertex 82.5749 48.5749 0
      vertex 82.8767 48.2307 2.5
      vertex 82.8767 48.2307 0
    endloop
  endfacet
  facet normal 0.831445 0.555607 0
    outer loop
      vertex 83.1311 47.85 2.5
      vertex 82.8767 48.2307 0
      vertex 82.8767 48.2307 2.5
    endloop
  endfacet
  facet normal 0.831445 0.555607 0
    outer loop
      vertex 82.8767 48.2307 0
      vertex 83.1311 47.85 2.5
      vertex 83.1311 47.85 0
    endloop
  endfacet
  facet normal 0.980757 0.195234 0
    outer loop
      vertex 83.5701 46.5568 2.5
      vertex 83.4807 47.0059 0
      vertex 83.4807 47.0059 2.5
    endloop
  endfacet
  facet normal 0.980757 0.195234 0
    outer loop
      vertex 83.4807 47.0059 0
      vertex 83.5701 46.5568 2.5
      vertex 83.5701 46.5568 0
    endloop
  endfacet
  facet normal 0.997865 0.0653156 0
    outer loop
      vertex 83.6 46.1 2.5
      vertex 83.5701 46.5568 0
      vertex 83.5701 46.5568 2.5
    endloop
  endfacet
  facet normal 0.997865 0.0653156 0
    outer loop
      vertex 83.5701 46.5568 0
      vertex 83.6 46.1 2.5
      vertex 83.6 46.1 0
    endloop
  endfacet
  facet normal 0.946966 0.321335 0
    outer loop
      vertex 83.4807 47.0059 2.5
      vertex 83.3336 47.4394 0
      vertex 83.3336 47.4394 2.5
    endloop
  endfacet
  facet normal 0.946966 0.321335 0
    outer loop
      vertex 83.3336 47.4394 0
      vertex 83.4807 47.0059 2.5
      vertex 83.4807 47.0059 0
    endloop
  endfacet
  facet normal 0.980757 -0.195234 0
    outer loop
      vertex 83.4807 -47.0059 2.5
      vertex 83.5701 -46.5568 0
      vertex 83.5701 -46.5568 2.5
    endloop
  endfacet
  facet normal 0.980757 -0.195234 0
    outer loop
      vertex 83.5701 -46.5568 0
      vertex 83.4807 -47.0059 2.5
      vertex 83.4807 -47.0059 0
    endloop
  endfacet
  facet normal 0.7519 -0.659278 0
    outer loop
      vertex 82.5749 -48.5749 2.5
      vertex 82.8767 -48.2307 0
      vertex 82.8767 -48.2307 2.5
    endloop
  endfacet
  facet normal 0.7519 -0.659278 0
    outer loop
      vertex 82.8767 -48.2307 0
      vertex 82.5749 -48.5749 2.5
      vertex 82.5749 -48.5749 0
    endloop
  endfacet
  facet normal 0.555607 -0.831445 0
    outer loop
      vertex 81.85 -49.1311 0
      vertex 82.2307 -48.8767 2.5
      vertex 81.85 -49.1311 2.5
    endloop
  endfacet
  facet normal 0.555607 -0.831445 0
    outer loop
      vertex 82.2307 -48.8767 2.5
      vertex 81.85 -49.1311 0
      vertex 82.2307 -48.8767 0
    endloop
  endfacet
  facet normal -0.321335 0.946966 0
    outer loop
      vertex -81.0059 49.4807 0
      vertex -81.4394 49.3336 2.5
      vertex -81.0059 49.4807 2.5
    endloop
  endfacet
  facet normal -0.321335 0.946966 0
    outer loop
      vertex -81.4394 49.3336 2.5
      vertex -81.0059 49.4807 0
      vertex -81.4394 49.3336 0
    endloop
  endfacet
  facet normal -0.195234 0.980757 0
    outer loop
      vertex -80.5568 49.5701 0
      vertex -81.0059 49.4807 2.5
      vertex -80.5568 49.5701 2.5
    endloop
  endfacet
  facet normal -0.195234 0.980757 0
    outer loop
      vertex -81.0059 49.4807 2.5
      vertex -80.5568 49.5701 0
      vertex -81.0059 49.4807 0
    endloop
  endfacet
  facet normal -0.946966 -0.321335 0
    outer loop
      vertex -83.3336 -47.4394 0
      vertex -83.4807 -47.0059 2.5
      vertex -83.4807 -47.0059 0
    endloop
  endfacet
  facet normal -0.946966 -0.321335 0
    outer loop
      vertex -83.4807 -47.0059 2.5
      vertex -83.3336 -47.4394 0
      vertex -83.3336 -47.4394 2.5
    endloop
  endfacet
  facet normal 1 -0 0
    outer loop
      vertex -4 -49.6 1.25
      vertex -4 -47.1 0
      vertex -4 -47.1 1.25
    endloop
  endfacet
  facet normal 1 0 0
    outer loop
      vertex -4 -47.1 0
      vertex -4 -49.6 1.25
      vertex -4 -49.6 0
    endloop
  endfacet
  facet normal 0 0 -1
    outer loop
      vertex -4 -49.6 1.25
      vertex 4 -47.1 1.25
      vertex 4 -49.6 1.25
    endloop
  endfacet
  facet normal -0 0 -1
    outer loop
      vertex 4 -47.1 1.25
      vertex -4 -49.6 1.25
      vertex -4 -47.1 1.25
    endloop
  endfacet
  facet normal -1 0 0
    outer loop
      vertex 4 -49.6 0
      vertex 4 -47.1 1.25
      vertex 4 -47.1 0
    endloop
  endfacet
  facet normal -1 -0 0
    outer loop
      vertex 4 -47.1 1.25
      vertex 4 -49.6 0
      vertex 4 -49.6 1.25
    endloop
  endfacet
  facet normal 0 -1 0
    outer loop
      vertex -4 -47.1 0
      vertex 4 -47.1 1.25
      vertex -4 -47.1 1.25
    endloop
  endfacet
  facet normal 0 -1 -0
    outer loop
      vertex 4 -47.1 1.25
      vertex -4 -47.1 0
      vertex 4 -47.1 0
    endloop
  endfacet
  facet normal -1 0 0
    outer loop
      vertex -49 -11.1 2.5
      vertex -49 -9.9 3.1
      vertex -49 -9.9 2.5
    endloop
  endfacet
  facet normal -1 -0 0
    outer loop
      vertex -49 -9.9 3.1
      vertex -49 -11.1 2.5
      vertex -49 -11.1 3.1
    endloop
  endfacet
  facet normal -0 0 1
    outer loop
      vertex -49 -9.9 3.1
      vertex -27 -11.1 3.1
      vertex -27 -9.9 3.1
    endloop
  endfacet
  facet normal 0 0 1
    outer loop
      vertex -27 -11.1 3.1
      vertex -49 -9.9 3.1
      vertex -49 -11.1 3.1
    endloop
  endfacet
  facet normal 1 -0 0
    outer loop
      vertex -27 -11.1 3.1
      vertex -27 -9.9 2.5
      vertex -27 -9.9 3.1
    endloop
  endfacet
  facet normal 1 0 0
    outer loop
      vertex -27 -9.9 2.5
      vertex -27 -11.1 3.1
      vertex -27 -11.1 2.5
    endloop
  endfacet
  facet normal 0 -1 0
    outer loop
      vertex -49 -11.1 2.5
      vertex -27 -11.1 3.1
      vertex -49 -11.1 3.1
    endloop
  endfacet
  facet normal 0 -1 -0
    outer loop
      vertex -27 -11.1 3.1
      vertex -49 -11.1 2.5
      vertex -27 -11.1 2.5
    endloop
  endfacet
  facet normal 0 1 -0
    outer loop
      vertex -27 -9.9 2.5
      vertex -49 -9.9 3.1
      vertex -27 -9.9 3.1
    endloop
  endfacet
  facet normal 0 1 0
    outer loop
      vertex -49 -9.9 3.1
      vertex -27 -9.9 2.5
      vertex -49 -9.9 2.5
    endloop
  endfacet
  facet normal -1 0 0
    outer loop
      vertex -49 -6.1 2.5
      vertex -49 -4.9 3.1
      vertex -49 -4.9 2.5
    endloop
  endfacet
  facet normal -1 -0 0
    outer loop
      vertex -49 -4.9 3.1
      vertex -49 -6.1 2.5
      vertex -49 -6.1 3.1
    endloop
  endfacet
  facet normal -0 0 1
    outer loop
      vertex -49 -4.9 3.1
      vertex -27 -6.1 3.1
      vertex -27 -4.9 3.1
    endloop
  endfacet
  facet normal 0 0 1
    outer loop
      vertex -27 -6.1 3.1
      vertex -49 -4.9 3.1
      vertex -49 -6.1 3.1
    endloop
  endfacet
  facet normal 1 -0 0
    outer loop
      vertex -27 -6.1 3.1
      vertex -27 -4.9 2.5
      vertex -27 -4.9 3.1
    endloop
  endfacet
  facet normal 1 0 0
    outer loop
      vertex -27 -4.9 2.5
      vertex -27 -6.1 3.1
      vertex -27 -6.1 2.5
    endloop
  endfacet
  facet normal 0 1 -0
    outer loop
      vertex -27 -4.9 2.5
      vertex -49 -4.9 3.1
      vertex -27 -4.9 3.1
    endloop
  endfacet
  facet normal 0 1 0
    outer loop
      vertex -49 -4.9 3.1
      vertex -27 -4.9 2.5
      vertex -49 -4.9 2.5
    endloop
  endfacet
  facet normal 0 -1 0
    outer loop
      vertex -49 -6.1 2.5
      vertex -27 -6.1 3.1
      vertex -49 -6.1 3.1
    endloop
  endfacet
  facet normal 0 -1 -0
    outer loop
      vertex -27 -6.1 3.1
      vertex -49 -6.1 2.5
      vertex -27 -6.1 2.5
    endloop
  endfacet
  facet normal -1 0 0
    outer loop
      vertex -49 -1.1 2.5
      vertex -49 0.0999994 3.1
      vertex -49 0.0999994 2.5
    endloop
  endfacet
  facet normal -1 -0 0
    outer loop
      vertex -49 0.0999994 3.1
      vertex -49 -1.1 2.5
      vertex -49 -1.1 3.1
    endloop
  endfacet
  facet normal -0 0 1
    outer loop
      vertex -49 0.0999994 3.1
      vertex -27 -1.1 3.1
      vertex -27 0.0999994 3.1
    endloop
  endfacet
  facet normal 0 0 1
    outer loop
      vertex -27 -1.1 3.1
      vertex -49 0.0999994 3.1
      vertex -49 -1.1 3.1
    endloop
  endfacet
  facet normal 1 -0 0
    outer loop
      vertex -27 -1.1 3.1
      vertex -27 0.0999994 2.5
      vertex -27 0.0999994 3.1
    endloop
  endfacet
  facet normal 1 0 0
    outer loop
      vertex -27 0.0999994 2.5
      vertex -27 -1.1 3.1
      vertex -27 -1.1 2.5
    endloop
  endfacet
  facet normal 0 -1 0
    outer loop
      vertex -49 -1.1 2.5
      vertex -27 -1.1 3.1
      vertex -49 -1.1 3.1
    endloop
  endfacet
  facet normal 0 -1 -0
    outer loop
      vertex -27 -1.1 3.1
      vertex -49 -1.1 2.5
      vertex -27 -1.1 2.5
    endloop
  endfacet
  facet normal 0 1 -0
    outer loop
      vertex -27 0.0999994 2.5
      vertex -49 0.0999994 3.1
      vertex -27 0.0999994 3.1
    endloop
  endfacet
  facet normal 0 1 0
    outer loop
      vertex -49 0.0999994 3.1
      vertex -27 0.0999994 2.5
      vertex -49 0.0999994 2.5
    endloop
  endfacet
  facet normal -1 0 0
    outer loop
      vertex -49 3.9 2.5
      vertex -49 5.1 3.1
      vertex -49 5.1 2.5
    endloop
  endfacet
  facet normal -1 -0 0
    outer loop
      vertex -49 5.1 3.1
      vertex -49 3.9 2.5
      vertex -49 3.9 3.1
    endloop
  endfacet
  facet normal -0 0 1
    outer loop
      vertex -49 5.1 3.1
      vertex -27 3.9 3.1
      vertex -27 5.1 3.1
    endloop
  endfacet
  facet normal 0 0 1
    outer loop
      vertex -27 3.9 3.1
      vertex -49 5.1 3.1
      vertex -49 3.9 3.1
    endloop
  endfacet
  facet normal 1 -0 0
    outer loop
      vertex -27 3.9 3.1
      vertex -27 5.1 2.5
      vertex -27 5.1 3.1
    endloop
  endfacet
  facet normal 1 0 0
    outer loop
      vertex -27 5.1 2.5
      vertex -27 3.9 3.1
      vertex -27 3.9 2.5
    endloop
  endfacet
  facet normal 0 -1 0
    outer loop
      vertex -49 3.9 2.5
      vertex -27 3.9 3.1
      vertex -49 3.9 3.1
    endloop
  endfacet
  facet normal 0 -1 -0
    outer loop
      vertex -27 3.9 3.1
      vertex -49 3.9 2.5
      vertex -27 3.9 2.5
    endloop
  endfacet
  facet normal 0 1 -0
    outer loop
      vertex -27 5.1 2.5
      vertex -49 5.1 3.1
      vertex -27 5.1 3.1
    endloop
  endfacet
  facet normal 0 1 0
    outer loop
      vertex -49 5.1 3.1
      vertex -27 5.1 2.5
      vertex -49 5.1 2.5
    endloop
  endfacet
  facet normal -1 0 0
    outer loop
      vertex -49 8.9 2.5
      vertex -49 10.1 3.1
      vertex -49 10.1 2.5
    endloop
  endfacet
  facet normal -1 -0 0
    outer loop
      vertex -49 10.1 3.1
      vertex -49 8.9 2.5
      vertex -49 8.9 3.1
    endloop
  endfacet
  facet normal -0 0 1
    outer loop
      vertex -49 10.1 3.1
      vertex -27 8.9 3.1
      vertex -27 10.1 3.1
    endloop
  endfacet
  facet normal 0 0 1
    outer loop
      vertex -27 8.9 3.1
      vertex -49 10.1 3.1
      vertex -49 8.9 3.1
    endloop
  endfacet
  facet normal 1 -0 0
    outer loop
      vertex -27 8.9 3.1
      vertex -27 10.1 2.5
      vertex -27 10.1 3.1
    endloop
  endfacet
  facet normal 1 0 0
    outer loop
      vertex -27 10.1 2.5
      vertex -27 8.9 3.1
      vertex -27 8.9 2.5
    endloop
  endfacet
  facet normal 0 -1 0
    outer loop
      vertex -49 8.9 2.5
      vertex -27 8.9 3.1
      vertex -49 8.9 3.1
    endloop
  endfacet
  facet normal 0 -1 -0
    outer loop
      vertex -27 8.9 3.1
      vertex -49 8.9 2.5
      vertex -27 8.9 2.5
    endloop
  endfacet
  facet normal 0 1 -0
    outer loop
      vertex -27 10.1 2.5
      vertex -49 10.1 3.1
      vertex -27 10.1 3.1
    endloop
  endfacet
  facet normal 0 1 0
    outer loop
      vertex -49 10.1 3.1
      vertex -27 10.1 2.5
      vertex -49 10.1 2.5
    endloop
  endfacet
  facet normal -1 0 0
    outer loop
      vertex -49 13.9 2.5
      vertex -49 15.1 3.1
      vertex -49 15.1 2.5
    endloop
  endfacet
  facet normal -1 -0 0
    outer loop
      vertex -49 15.1 3.1
      vertex -49 13.9 2.5
      vertex -49 13.9 3.1
    endloop
  endfacet
  facet normal -0 0 1
    outer loop
      vertex -49 15.1 3.1
      vertex -27 13.9 3.1
      vertex -27 15.1 3.1
    endloop
  endfacet
  facet normal 0 0 1
    outer loop
      vertex -27 13.9 3.1
      vertex -49 15.1 3.1
      vertex -49 13.9 3.1
    endloop
  endfacet
  facet normal 1 -0 0
    outer loop
      vertex -27 13.9 3.1
      vertex -27 15.1 2.5
      vertex -27 15.1 3.1
    endloop
  endfacet
  facet normal 1 0 0
    outer loop
      vertex -27 15.1 2.5
      vertex -27 13.9 3.1
      vertex -27 13.9 2.5
    endloop
  endfacet
  facet normal 0 1 -0
    outer loop
      vertex -27 15.1 2.5
      vertex -49 15.1 3.1
      vertex -27 15.1 3.1
    endloop
  endfacet
  facet normal 0 1 0
    outer loop
      vertex -49 15.1 3.1
      vertex -27 15.1 2.5
      vertex -49 15.1 2.5
    endloop
  endfacet
  facet normal 0 -1 0
    outer loop
      vertex -49 13.9 2.5
      vertex -27 13.9 3.1
      vertex -49 13.9 3.1
    endloop
  endfacet
  facet normal 0 -1 -0
    outer loop
      vertex -27 13.9 3.1
      vertex -49 13.9 2.5
      vertex -27 13.9 2.5
    endloop
  endfacet
  facet normal -1 0 0
    outer loop
      vertex 27 -11.1 2.5
      vertex 27 -9.9 3.1
      vertex 27 -9.9 2.5
    endloop
  endfacet
  facet normal -1 -0 0
    outer loop
      vertex 27 -9.9 3.1
      vertex 27 -11.1 2.5
      vertex 27 -11.1 3.1
    endloop
  endfacet
  facet normal -0 0 1
    outer loop
      vertex 27 -9.9 3.1
      vertex 49 -11.1 3.1
      vertex 49 -9.9 3.1
    endloop
  endfacet
  facet normal 0 0 1
    outer loop
      vertex 49 -11.1 3.1
      vertex 27 -9.9 3.1
      vertex 27 -11.1 3.1
    endloop
  endfacet
  facet normal 1 -0 0
    outer loop
      vertex 49 -11.1 3.1
      vertex 49 -9.9 2.5
      vertex 49 -9.9 3.1
    endloop
  endfacet
  facet normal 1 0 0
    outer loop
      vertex 49 -9.9 2.5
      vertex 49 -11.1 3.1
      vertex 49 -11.1 2.5
    endloop
  endfacet
  facet normal 0 -1 0
    outer loop
      vertex 27 -11.1 2.5
      vertex 49 -11.1 3.1
      vertex 27 -11.1 3.1
    endloop
  endfacet
  facet normal 0 -1 -0
    outer loop
      vertex 49 -11.1 3.1
      vertex 27 -11.1 2.5
      vertex 49 -11.1 2.5
    endloop
  endfacet
  facet normal 0 1 -0
    outer loop
      vertex 49 -9.9 2.5
      vertex 27 -9.9 3.1
      vertex 49 -9.9 3.1
    endloop
  endfacet
  facet normal 0 1 0
    outer loop
      vertex 27 -9.9 3.1
      vertex 49 -9.9 2.5
      vertex 27 -9.9 2.5
    endloop
  endfacet
  facet normal -1 0 0
    outer loop
      vertex 27 -6.1 2.5
      vertex 27 -4.9 3.1
      vertex 27 -4.9 2.5
    endloop
  endfacet
  facet normal -1 -0 0
    outer loop
      vertex 27 -4.9 3.1
      vertex 27 -6.1 2.5
      vertex 27 -6.1 3.1
    endloop
  endfacet
  facet normal -0 0 1
    outer loop
      vertex 27 -4.9 3.1
      vertex 49 -6.1 3.1
      vertex 49 -4.9 3.1
    endloop
  endfacet
  facet normal 0 0 1
    outer loop
      vertex 49 -6.1 3.1
      vertex 27 -4.9 3.1
      vertex 27 -6.1 3.1
    endloop
  endfacet
  facet normal 1 -0 0
    outer loop
      vertex 49 -6.1 3.1
      vertex 49 -4.9 2.5
      vertex 49 -4.9 3.1
    endloop
  endfacet
  facet normal 1 0 0
    outer loop
      vertex 49 -4.9 2.5
      vertex 49 -6.1 3.1
      vertex 49 -6.1 2.5
    endloop
  endfacet
  facet normal 0 -1 0
    outer loop
      vertex 27 -6.1 2.5
      vertex 49 -6.1 3.1
      vertex 27 -6.1 3.1
    endloop
  endfacet
  facet normal 0 -1 -0
    outer loop
      vertex 49 -6.1 3.1
      vertex 27 -6.1 2.5
      vertex 49 -6.1 2.5
    endloop
  endfacet
  facet normal 0 1 -0
    outer loop
      vertex 49 -4.9 2.5
      vertex 27 -4.9 3.1
      vertex 49 -4.9 3.1
    endloop
  endfacet
  facet normal 0 1 0
    outer loop
      vertex 27 -4.9 3.1
      vertex 49 -4.9 2.5
      vertex 27 -4.9 2.5
    endloop
  endfacet
  facet normal -1 0 0
    outer loop
      vertex 27 -1.1 2.5
      vertex 27 0.0999994 3.1
      vertex 27 0.0999994 2.5
    endloop
  endfacet
  facet normal -1 -0 0
    outer loop
      vertex 27 0.0999994 3.1
      vertex 27 -1.1 2.5
      vertex 27 -1.1 3.1
    endloop
  endfacet
  facet normal -0 0 1
    outer loop
      vertex 27 0.0999994 3.1
      vertex 49 -1.1 3.1
      vertex 49 0.0999994 3.1
    endloop
  endfacet
  facet normal 0 0 1
    outer loop
      vertex 49 -1.1 3.1
      vertex 27 0.0999994 3.1
      vertex 27 -1.1 3.1
    endloop
  endfacet
  facet normal 1 -0 0
    outer loop
      vertex 49 -1.1 3.1
      vertex 49 0.0999994 2.5
      vertex 49 0.0999994 3.1
    endloop
  endfacet
  facet normal 1 0 0
    outer loop
      vertex 49 0.0999994 2.5
      vertex 49 -1.1 3.1
      vertex 49 -1.1 2.5
    endloop
  endfacet
  facet normal 0 -1 0
    outer loop
      vertex 27 -1.1 2.5
      vertex 49 -1.1 3.1
      vertex 27 -1.1 3.1
    endloop
  endfacet
  facet normal 0 -1 -0
    outer loop
      vertex 49 -1.1 3.1
      vertex 27 -1.1 2.5
      vertex 49 -1.1 2.5
    endloop
  endfacet
  facet normal 0 1 -0
    outer loop
      vertex 49 0.0999994 2.5
      vertex 27 0.0999994 3.1
      vertex 49 0.0999994 3.1
    endloop
  endfacet
  facet normal 0 1 0
    outer loop
      vertex 27 0.0999994 3.1
      vertex 49 0.0999994 2.5
      vertex 27 0.0999994 2.5
    endloop
  endfacet
  facet normal -1 0 0
    outer loop
      vertex 27 3.9 2.5
      vertex 27 5.1 3.1
      vertex 27 5.1 2.5
    endloop
  endfacet
  facet normal -1 -0 0
    outer loop
      vertex 27 5.1 3.1
      vertex 27 3.9 2.5
      vertex 27 3.9 3.1
    endloop
  endfacet
  facet normal -0 0 1
    outer loop
      vertex 27 5.1 3.1
      vertex 49 3.9 3.1
      vertex 49 5.1 3.1
    endloop
  endfacet
  facet normal 0 0 1
    outer loop
      vertex 49 3.9 3.1
      vertex 27 5.1 3.1
      vertex 27 3.9 3.1
    endloop
  endfacet
  facet normal 1 -0 0
    outer loop
      vertex 49 3.9 3.1
      vertex 49 5.1 2.5
      vertex 49 5.1 3.1
    endloop
  endfacet
  facet normal 1 0 0
    outer loop
      vertex 49 5.1 2.5
      vertex 49 3.9 3.1
      vertex 49 3.9 2.5
    endloop
  endfacet
  facet normal 0 -1 0
    outer loop
      vertex 27 3.9 2.5
      vertex 49 3.9 3.1
      vertex 27 3.9 3.1
    endloop
  endfacet
  facet normal 0 -1 -0
    outer loop
      vertex 49 3.9 3.1
      vertex 27 3.9 2.5
      vertex 49 3.9 2.5
    endloop
  endfacet
  facet normal 0 1 -0
    outer loop
      vertex 49 5.1 2.5
      vertex 27 5.1 3.1
      vertex 49 5.1 3.1
    endloop
  endfacet
  facet normal 0 1 0
    outer loop
      vertex 27 5.1 3.1
      vertex 49 5.1 2.5
      vertex 27 5.1 2.5
    endloop
  endfacet
  facet normal -1 0 0
    outer loop
      vertex 27 8.9 2.5
      vertex 27 10.1 3.1
      vertex 27 10.1 2.5
    endloop
  endfacet
  facet normal -1 -0 0
    outer loop
      vertex 27 10.1 3.1
      vertex 27 8.9 2.5
      vertex 27 8.9 3.1
    endloop
  endfacet
  facet normal -0 0 1
    outer loop
      vertex 27 10.1 3.1
      vertex 49 8.9 3.1
      vertex 49 10.1 3.1
    endloop
  endfacet
  facet normal 0 0 1
    outer loop
      vertex 49 8.9 3.1
      vertex 27 10.1 3.1
      vertex 27 8.9 3.1
    endloop
  endfacet
  facet normal 1 -0 0
    outer loop
      vertex 49 8.9 3.1
      vertex 49 10.1 2.5
      vertex 49 10.1 3.1
    endloop
  endfacet
  facet normal 1 0 0
    outer loop
      vertex 49 10.1 2.5
      vertex 49 8.9 3.1
      vertex 49 8.9 2.5
    endloop
  endfacet
  facet normal 0 1 -0
    outer loop
      vertex 49 10.1 2.5
      vertex 27 10.1 3.1
      vertex 49 10.1 3.1
    endloop
  endfacet
  facet normal 0 1 0
    outer loop
      vertex 27 10.1 3.1
      vertex 49 10.1 2.5
      vertex 27 10.1 2.5
    endloop
  endfacet
  facet normal 0 -1 0
    outer loop
      vertex 27 8.9 2.5
      vertex 49 8.9 3.1
      vertex 27 8.9 3.1
    endloop
  endfacet
  facet normal 0 -1 -0
    outer loop
      vertex 49 8.9 3.1
      vertex 27 8.9 2.5
      vertex 49 8.9 2.5
    endloop
  endfacet
  facet normal -1 0 0
    outer loop
      vertex 27 13.9 2.5
      vertex 27 15.1 3.1
      vertex 27 15.1 2.5
    endloop
  endfacet
  facet normal -1 -0 0
    outer loop
      vertex 27 15.1 3.1
      vertex 27 13.9 2.5
      vertex 27 13.9 3.1
    endloop
  endfacet
  facet normal -0 0 1
    outer loop
      vertex 27 15.1 3.1
      vertex 49 13.9 3.1
      vertex 49 15.1 3.1
    endloop
  endfacet
  facet normal 0 0 1
    outer loop
      vertex 49 13.9 3.1
      vertex 27 15.1 3.1
      vertex 27 13.9 3.1
    endloop
  endfacet
  facet normal 1 -0 0
    outer loop
      vertex 49 13.9 3.1
      vertex 49 15.1 2.5
      vertex 49 15.1 3.1
    endloop
  endfacet
  facet normal 1 0 0
    outer loop
      vertex 49 15.1 2.5
      vertex 49 13.9 3.1
      vertex 49 13.9 2.5
    endloop
  endfacet
  facet normal 0 -1 0
    outer loop
      vertex 27 13.9 2.5
      vertex 49 13.9 3.1
      vertex 27 13.9 3.1
    endloop
  endfacet
  facet normal 0 -1 -0
    outer loop
      vertex 49 13.9 3.1
      vertex 27 13.9 2.5
      vertex 49 13.9 2.5
    endloop
  endfacet
  facet normal 0 1 -0
    outer loop
      vertex 49 15.1 2.5
      vertex 27 15.1 3.1
      vertex 49 15.1 3.1
    endloop
  endfacet
  facet normal 0 1 0
    outer loop
      vertex 27 15.1 3.1
      vertex 49 15.1 2.5
      vertex 27 15.1 2.5
    endloop
  endfacet
endsolid OpenSCAD_Model
